# Blender 4.5.3 LTS
# www.blender.org
mtllib ButtonLed.mtl
o Cube
v -0.689341 1.464610 0.342700
v -0.689341 1.476975 0.355064
v -0.701705 1.476967 0.342701
v -0.689350 1.608184 0.355046
v -0.689351 1.620548 0.342682
v -0.701713 1.608228 0.342701
v -0.689350 1.464582 0.211417
v -0.701713 1.476946 0.211417
v -0.689351 1.476944 0.199053
v -0.689351 1.620592 0.211417
v -0.689351 1.608228 0.199053
v -0.701714 1.608228 0.211417
v -0.558066 1.464673 0.342690
v -0.545706 1.477044 0.342671
v -0.558069 1.477045 0.355035
v -0.558103 1.620122 0.342477
v -0.558103 1.607714 0.354859
v -0.545736 1.607714 0.342476
v -0.558066 1.464589 0.211417
v -0.558066 1.476944 0.199053
v -0.545703 1.476953 0.211417
v -0.558069 1.620548 0.211417
v -0.545706 1.608184 0.211417
v -0.558066 1.608228 0.199053
v -0.560372 1.479346 0.355036
v -0.560404 1.605421 0.354862
v -0.687048 1.605874 0.355045
v -0.687039 1.479278 0.355060
v -0.560418 1.479303 0.298117
v -0.560451 1.605378 0.297944
v -0.687095 1.605832 0.298127
v -0.687086 1.479236 0.298142
vn -0.5771 -0.5775 0.5775
vn -0.5754 0.5783 0.5784
vn -0.5774 -0.5774 -0.5773
vn -0.5774 0.5774 -0.5774
vn 0.5778 -0.5764 0.5778
vn 0.5783 0.5763 0.5775
vn 0.5775 -0.5775 -0.5771
vn 0.5781 0.5781 -0.5759
vn -0.7070 -0.7072 0.0002
vn -0.7068 -0.0000 0.7074
vn -0.7065 0.7077 0.0001
vn -0.7071 -0.0000 -0.7071
vn -0.0000 -0.7073 -0.7070
vn 0.0001 0.7077 -0.7065
vn 0.7072 -0.0000 -0.7071
vn 0.7072 -0.7070 0.0005
vn 0.7077 0.7065 0.0026
vn 0.7074 0.0012 0.7069
vn 0.0005 -0.7067 0.7075
vn 0.0035 0.7067 0.7075
vn 0.0003 -1.0000 0.0004
vn -1.0000 -0.0000 -0.0000
vn 1.0000 0.0001 -0.0008
vn 0.0018 1.0000 0.0018
vn -0.0000 -0.0000 -1.0000
vn 1.0000 0.0001 0.0001
vn 0.0008 0.0014 1.0000
vn 0.0014 0.0007 1.0000
vn 0.0008 0.0001 1.0000
vn 0.0002 0.0007 1.0000
vn 0.0008 0.0007 1.0000
vn -0.0005 1.0000 -0.0007
vn -0.0036 -1.0000 0.0007
vn -1.0000 -0.0003 0.0008
vt 0.144813 0.730188
vt 0.144823 0.750000
vt 0.125000 0.730191
vt 0.605113 0.000002
vt 0.624996 0.019843
vt 0.605186 0.019812
vt 0.144812 0.519812
vt 0.125000 0.519815
vt 0.144812 0.500000
vt 0.625000 0.249445
vt 0.605188 0.269693
vt 0.605187 0.230188
vt 0.355187 0.730187
vt 0.394760 0.730181
vt 0.390482 0.767618
vt 0.642621 0.734312
vt 0.605120 0.769696
vt 0.605120 0.730163
vt 0.355188 0.519813
vt 0.390432 0.482378
vt 0.394709 0.519819
vt 0.642622 0.515452
vt 0.605171 0.519717
vt 0.605188 0.480188
vt 0.394824 0.000000
vt 0.394814 0.019812
vt 0.394812 0.269812
vt 0.394813 0.230188
vt 0.625000 0.980152
vt 0.605168 0.980184
vt 0.601462 0.976486
vt 0.398461 0.976465
vt 0.855187 0.519818
vt 0.855184 0.730182
vt 0.601356 0.773357
vt 0.394323 0.771375
vt 0.394832 0.980186
s 0
usemtl Material.580
f 1/1/1 2/2/1 3/3/1
f 4/4/2 5/5/2 6/6/2
f 7/7/3 8/8/3 9/9/3
f 10/10/4 11/11/4 12/12/4
f 13/13/5 14/14/5 15/15/5
f 16/16/6 17/17/6 18/18/6
f 19/19/7 20/20/7 21/21/7
f 22/22/8 23/23/8 24/24/8
f 7/7/9 1/1/9 3/3/9 8/8/9
f 2/25/10 4/4/10 6/6/10 3/26/10
f 5/5/11 10/10/11 12/12/11 6/6/11
f 11/11/12 9/27/12 8/28/12 12/12/12
f 19/19/13 7/7/13 9/9/13 20/20/13
f 10/10/14 22/22/14 24/24/14 11/11/14
f 23/23/15 21/21/15 20/20/15 24/24/15
f 13/13/16 19/19/16 21/21/16 14/14/16
f 22/22/17 16/16/17 18/18/17 23/23/17
f 17/17/18 15/15/18 14/14/18 18/18/18
f 1/1/19 13/13/19 15/15/19 2/2/19
f 16/16/20 5/29/20 4/30/20 17/17/20
f 7/7/21 19/19/21 13/13/21 1/1/21
f 3/26/22 6/6/22 12/12/22 8/28/22
f 27/31/23 28/32/23 32/32/23 31/31/23
f 22/22/24 10/33/24 5/34/24 16/16/24
f 9/27/25 11/11/25 24/24/25 20/20/25
f 21/21/26 23/23/26 18/18/26 14/14/26
f 15/15/27 17/17/27 26/35/27 25/36/27
f 17/17/28 4/30/28 27/31/28 26/35/28
f 4/30/29 2/37/29 28/32/29 27/31/29
f 2/37/30 15/15/30 25/36/30 28/32/30
f 29/36/31 30/35/31 31/31/31 32/32/31
f 28/32/32 25/36/32 29/36/32 32/32/32
f 26/35/33 27/31/33 31/31/33 30/35/33
f 25/36/34 26/35/34 30/35/34 29/36/34
o Cube.002
v -0.689881 1.258698 0.343231
v -0.689881 1.270532 0.355065
v -0.701714 1.270532 0.343231
v -0.689881 1.402876 0.355065
v -0.689881 1.414710 0.343231
v -0.701714 1.402876 0.343231
v -0.689881 1.258698 0.210887
v -0.701714 1.270532 0.210887
v -0.689881 1.270532 0.199053
v -0.689881 1.414710 0.210887
v -0.689881 1.402876 0.199053
v -0.701714 1.402876 0.210887
v -0.557536 1.258698 0.343231
v -0.545703 1.270532 0.343231
v -0.557536 1.270532 0.355065
v -0.557536 1.414710 0.343231
v -0.557536 1.402876 0.355065
v -0.545703 1.402876 0.343231
v -0.557536 1.258698 0.210887
v -0.557536 1.270532 0.199053
v -0.545703 1.270532 0.210887
v -0.557536 1.414710 0.210887
v -0.545703 1.402876 0.210887
v -0.557536 1.402876 0.199053
v -0.559716 1.272712 0.355065
v -0.559716 1.400696 0.355065
v -0.687700 1.400696 0.355065
v -0.687700 1.272712 0.355065
v -0.559716 1.272712 0.303759
v -0.559716 1.400696 0.303759
v -0.687700 1.400696 0.303759
v -0.687700 1.272712 0.303759
vn -0.5774 -0.5774 0.5774
vn -0.5774 0.5774 0.5774
vn -0.5774 -0.5774 -0.5774
vn -0.5774 0.5774 -0.5774
vn 0.5774 -0.5774 0.5774
vn 0.5774 0.5774 0.5774
vn 0.5774 -0.5774 -0.5774
vn 0.5774 0.5774 -0.5774
vn -0.7071 -0.7071 -0.0000
vn -0.7071 -0.0000 0.7071
vn -0.7071 0.7071 -0.0000
vn -0.7071 -0.0000 -0.7071
vn -0.0000 -0.7071 -0.7071
vn -0.0000 0.7071 -0.7071
vn 0.7071 -0.0000 -0.7071
vn 0.7071 -0.7071 -0.0000
vn 0.7071 0.7071 -0.0000
vn 0.7071 -0.0000 0.7071
vn -0.0000 -0.7071 0.7071
vn -0.0000 0.7071 0.7071
vn -0.0000 -1.0000 -0.0000
vn -1.0000 -0.0000 -0.0000
vn -0.0000 1.0000 -0.0000
vn -0.0000 -0.0000 -1.0000
vn 1.0000 -0.0000 -0.0000
vn -0.0000 -0.0000 1.0000
vt 0.143963 0.731037
vt 0.143963 0.750000
vt 0.125000 0.731037
vt 0.606037 0.000000
vt 0.625000 0.018963
vt 0.606037 0.018963
vt 0.143963 0.518963
vt 0.125000 0.518963
vt 0.143963 0.500000
vt 0.625000 0.249495
vt 0.606037 0.268858
vt 0.606037 0.231037
vt 0.356037 0.731037
vt 0.393858 0.731037
vt 0.389948 0.766955
vt 0.641955 0.735052
vt 0.606037 0.768963
vt 0.606037 0.731142
vt 0.356037 0.518963
vt 0.389948 0.483045
vt 0.393858 0.518963
vt 0.641955 0.514947
vt 0.606037 0.518858
vt 0.606037 0.481037
vt 0.393963 0.000000
vt 0.393963 0.018963
vt 0.393963 0.268963
vt 0.393963 0.231037
vt 0.625000 0.981037
vt 0.606037 0.981037
vt 0.397402 0.977516
vt 0.393562 0.770509
vt 0.856037 0.518963
vt 0.856037 0.731037
vt 0.602489 0.772429
vt 0.602532 0.977538
vt 0.393963 0.981037
s 0
usemtl Material.580
f 33/38/35 34/39/35 35/40/35
f 36/41/36 37/42/36 38/43/36
f 39/44/37 40/45/37 41/46/37
f 42/47/38 43/48/38 44/49/38
f 45/50/39 46/51/39 47/52/39
f 48/53/40 49/54/40 50/55/40
f 51/56/41 52/57/41 53/58/41
f 54/59/42 55/60/42 56/61/42
f 39/44/43 33/38/43 35/40/43 40/45/43
f 34/62/44 36/41/44 38/43/44 35/63/44
f 37/42/45 42/47/45 44/49/45 38/43/45
f 43/48/46 41/64/46 40/65/46 44/49/46
f 51/56/47 39/44/47 41/46/47 52/57/47
f 42/47/48 54/59/48 56/61/48 43/48/48
f 55/60/49 53/58/49 52/57/49 56/61/49
f 45/50/50 51/56/50 53/58/50 46/51/50
f 54/59/51 48/53/51 50/55/51 55/60/51
f 49/54/52 47/52/52 46/51/52 50/55/52
f 33/38/53 45/50/53 47/52/53 34/39/53
f 48/53/54 37/66/54 36/67/54 49/54/54
f 39/44/55 51/56/55 45/50/55 33/38/55
f 35/63/56 38/43/56 44/49/56 40/65/56
f 60/68/57 57/69/57 61/69/57 64/68/57
f 54/59/57 42/70/57 37/71/57 48/53/57
f 41/64/58 43/48/58 56/61/58 52/57/58
f 53/58/59 55/60/59 50/55/59 46/51/59
f 47/52/60 49/54/60 58/72/60 57/69/60
f 49/54/60 36/67/60 59/73/60 58/72/60
f 36/67/60 34/74/60 60/68/60 59/73/60
f 34/74/60 47/52/60 57/69/60 60/68/60
f 61/69/60 62/72/60 63/73/60 64/68/60
f 58/72/55 59/73/55 63/73/55 62/72/55
f 57/69/56 58/72/56 62/72/56 61/69/56
f 59/73/59 60/68/59 64/68/59 63/73/59
o Cube.003
v -0.689881 1.043210 0.343231
v -0.689881 1.055043 0.355065
v -0.701714 1.055043 0.343231
v -0.689881 1.187388 0.355065
v -0.689881 1.199221 0.343231
v -0.701714 1.187388 0.343231
v -0.689881 1.043210 0.210887
v -0.701714 1.055043 0.210887
v -0.689881 1.055043 0.199053
v -0.689881 1.199221 0.210887
v -0.689881 1.187388 0.199053
v -0.701714 1.187388 0.210887
v -0.557536 1.043210 0.343231
v -0.545703 1.055043 0.343231
v -0.557536 1.055043 0.355065
v -0.557536 1.199221 0.343231
v -0.557536 1.187388 0.355065
v -0.545703 1.187388 0.343231
v -0.557536 1.043210 0.210887
v -0.557536 1.055043 0.199053
v -0.545703 1.055043 0.210887
v -0.557536 1.199221 0.210887
v -0.545703 1.187388 0.210887
v -0.557536 1.187388 0.199053
v -0.559525 1.057032 0.355065
v -0.559525 1.185399 0.355065
v -0.687892 1.185399 0.355065
v -0.687892 1.057032 0.355065
v -0.559525 1.057032 0.312464
v -0.559525 1.185399 0.312464
v -0.687892 1.185399 0.312464
v -0.687892 1.057032 0.312464
v -0.651367 1.078941 0.311229
v -0.651367 1.079844 0.311235
v -0.648874 1.082865 0.311253
v -0.646259 1.086038 0.311273
v -0.643556 1.089336 0.311293
v -0.640797 1.092733 0.311314
v -0.638016 1.096204 0.311336
v -0.635248 1.099722 0.311357
v -0.632526 1.103262 0.311379
v -0.629882 1.106798 0.311401
v -0.627352 1.110303 0.311423
v -0.624968 1.113751 0.311444
v -0.622765 1.117117 0.311465
v -0.620775 1.120375 0.311485
v -0.619785 1.122096 0.311496
v -0.618882 1.123725 0.311506
v -0.618064 1.125280 0.311515
v -0.617333 1.126781 0.311525
v -0.616688 1.128248 0.311534
v -0.616128 1.129701 0.311543
v -0.615655 1.131159 0.311552
v -0.615268 1.132642 0.311561
v -0.614967 1.134170 0.311570
v -0.614751 1.135762 0.311580
v -0.614622 1.137439 0.311590
v -0.614579 1.139220 0.311601
v -0.614711 1.141579 0.311616
v -0.615097 1.143805 0.311630
v -0.615723 1.145886 0.311643
v -0.616573 1.147806 0.311655
v -0.617633 1.149553 0.311665
v -0.618887 1.151111 0.311675
v -0.620322 1.152468 0.311683
v -0.621922 1.153610 0.311690
v -0.623673 1.154522 0.311696
v -0.625560 1.155190 0.311700
v -0.627568 1.155602 0.311703
v -0.629682 1.155742 0.311704
v -0.631266 1.155681 0.311703
v -0.632857 1.155490 0.311702
v -0.634458 1.155157 0.311700
v -0.636069 1.154671 0.311697
v -0.637692 1.154020 0.311693
v -0.639330 1.153193 0.311688
v -0.640985 1.152177 0.311682
v -0.642657 1.150961 0.311674
v -0.644348 1.149534 0.311665
v -0.646062 1.147884 0.311655
v -0.647798 1.145999 0.311643
v -0.649560 1.143867 0.311630
v -0.649560 1.159743 0.311728
v -0.647795 1.161102 0.311737
v -0.646048 1.162337 0.311744
v -0.644316 1.163450 0.311751
v -0.642594 1.164443 0.311757
v -0.640880 1.165315 0.311763
v -0.639169 1.166068 0.311767
v -0.637458 1.166703 0.311771
v -0.635744 1.167220 0.311774
v -0.634022 1.167621 0.311777
v -0.632290 1.167906 0.311779
v -0.630543 1.168077 0.311780
v -0.628778 1.168133 0.311780
v -0.624915 1.167903 0.311779
v -0.621276 1.167226 0.311774
v -0.617885 1.166125 0.311768
v -0.614761 1.164620 0.311758
v -0.611926 1.162733 0.311747
v -0.609400 1.160486 0.311733
v -0.607205 1.157900 0.311717
v -0.605362 1.154996 0.311699
v -0.603892 1.151797 0.311679
v -0.602816 1.148324 0.311658
v -0.602154 1.144597 0.311635
v -0.601929 1.140640 0.311610
v -0.602093 1.137099 0.311588
v -0.602594 1.133606 0.311567
v -0.603446 1.130116 0.311545
v -0.604664 1.126580 0.311523
v -0.606262 1.122951 0.311501
v -0.608254 1.119181 0.311478
v -0.610655 1.115223 0.311453
v -0.613480 1.111029 0.311427
v -0.616741 1.106551 0.311400
v -0.620455 1.101743 0.311370
v -0.624634 1.096557 0.311338
v -0.629294 1.090945 0.311303
v -0.595604 1.090945 0.311303
v -0.595604 1.078941 0.311229
v -0.649560 1.159739 0.312464
v -0.647798 1.145993 0.312464
v -0.647795 1.161097 0.312464
v -0.646062 1.147879 0.312464
v -0.644348 1.149529 0.312464
v -0.642657 1.150957 0.312464
v -0.646048 1.162333 0.312464
v -0.644316 1.163446 0.312464
v -0.639330 1.153188 0.312464
v -0.640985 1.152172 0.312464
v -0.636069 1.154666 0.312464
v -0.637692 1.154015 0.312464
v -0.642594 1.164438 0.312464
v -0.640880 1.165311 0.312464
v -0.639169 1.166064 0.312464
v -0.637458 1.166699 0.312464
v -0.632857 1.155485 0.312464
v -0.635744 1.167216 0.312464
v -0.627568 1.155597 0.312464
v -0.628778 1.168129 0.312464
v -0.629682 1.155737 0.312464
v -0.630543 1.168073 0.312464
v -0.631266 1.155676 0.312464
v -0.634022 1.167617 0.312464
v -0.632290 1.167902 0.312464
v -0.625560 1.155186 0.312464
v -0.621922 1.153605 0.312464
v -0.623673 1.154517 0.312464
v -0.624915 1.167899 0.312464
v -0.620322 1.152464 0.312464
v -0.621276 1.167222 0.312464
v -0.620775 1.120369 0.312464
v -0.619785 1.122090 0.312464
v -0.634458 1.155152 0.312464
v -0.616688 1.128242 0.312464
v -0.616573 1.147801 0.312464
v -0.617633 1.149548 0.312464
v -0.615268 1.132636 0.312464
v -0.615655 1.131153 0.312464
v -0.615097 1.143800 0.312464
v -0.614751 1.135757 0.312464
v -0.614967 1.134164 0.312464
v -0.614711 1.141574 0.312464
v -0.616128 1.129695 0.312464
v -0.615723 1.145881 0.312464
v -0.613480 1.111022 0.312464
v -0.601929 1.140635 0.312464
v -0.602594 1.133601 0.312464
v -0.602093 1.137093 0.312464
v -0.602154 1.144592 0.312464
v -0.604664 1.126574 0.312464
v -0.603446 1.130110 0.312464
v -0.602816 1.148319 0.312464
v -0.603892 1.151792 0.312464
v -0.605362 1.154992 0.312464
v -0.610655 1.115216 0.312464
v -0.608254 1.119175 0.312464
v -0.606262 1.122945 0.312464
v -0.614579 1.139215 0.312464
v -0.607205 1.157895 0.312464
v -0.609400 1.160481 0.312464
v -0.611926 1.162728 0.312464
v -0.618882 1.123719 0.312464
v -0.618064 1.125274 0.312464
v -0.617333 1.126775 0.312464
v -0.614622 1.137434 0.312464
v -0.618887 1.151106 0.312464
v -0.614761 1.164615 0.312464
v -0.617885 1.166120 0.312464
v -0.651367 1.078933 0.312464
v -0.651367 1.079837 0.312464
v -0.648874 1.082858 0.312464
v -0.649560 1.143862 0.312464
v -0.646259 1.086030 0.312464
v -0.643556 1.089328 0.312464
v -0.640797 1.092726 0.312464
v -0.638016 1.096197 0.312464
v -0.635248 1.099715 0.312464
v -0.632526 1.103256 0.312464
v -0.595604 1.090938 0.312464
v -0.595604 1.078933 0.312464
v -0.620455 1.101737 0.312464
v -0.616741 1.106545 0.312464
v -0.622765 1.117111 0.312464
v -0.624634 1.096550 0.312464
v -0.629882 1.106791 0.312464
v -0.627352 1.110296 0.312464
v -0.624968 1.113745 0.312464
v -0.629294 1.090938 0.312464
vn -0.5774 -0.5774 0.5774
vn -0.5774 0.5774 0.5774
vn -0.5774 -0.5774 -0.5774
vn -0.5774 0.5774 -0.5774
vn 0.5774 -0.5774 0.5774
vn 0.5774 0.5774 0.5774
vn 0.5774 -0.5774 -0.5774
vn 0.5774 0.5774 -0.5774
vn -0.7071 -0.7071 -0.0000
vn -0.7071 -0.0000 0.7071
vn -0.7071 0.7071 -0.0000
vn -0.7071 -0.0000 -0.7071
vn -0.0000 -0.7071 -0.7071
vn -0.0000 0.7071 -0.7071
vn 0.7071 -0.0000 -0.7071
vn 0.7071 -0.7071 -0.0000
vn 0.7071 0.7071 -0.0000
vn 0.7071 -0.0000 0.7071
vn -0.0000 -0.7071 0.7071
vn -0.0000 0.7071 0.7071
vn -0.0000 -1.0000 -0.0000
vn -1.0000 -0.0000 -0.0000
vn -0.0000 1.0000 -0.0000
vn -0.0000 -0.0000 -1.0000
vn 1.0000 -0.0000 -0.0000
vn -0.0000 -0.0000 1.0000
vn -0.0000 -0.0062 1.0000
vn -0.0000 -0.0061 1.0000
vn 0.7071 0.7071 0.0044
vn 0.9411 -0.3381 -0.0021
vn 0.9415 -0.3370 -0.0021
vn 0.7057 0.7085 0.0044
vn 0.7715 -0.6362 -0.0039
vn 0.7725 -0.6350 -0.0039
vn 0.7748 -0.6322 -0.0039
vn 0.7784 -0.6278 -0.0039
vn 0.7832 -0.6218 -0.0038
vn 0.7893 -0.6140 -0.0038
vn 0.7968 -0.6042 -0.0037
vn 0.8059 -0.5921 -0.0037
vn 0.8167 -0.5770 -0.0036
vn 0.8297 -0.5582 -0.0034
vn 0.8451 -0.5345 -0.0033
vn 0.8451 -0.5346 -0.0033
vn 0.8603 -0.5098 -0.0031
vn 0.8602 -0.5099 -0.0031
vn 0.8707 -0.4918 -0.0030
vn 0.8798 -0.4753 -0.0029
vn 0.8921 -0.4517 -0.0028
vn 0.8921 -0.4518 -0.0028
vn 0.9073 -0.4204 -0.0026
vn 0.9073 -0.4205 -0.0026
vn 0.9245 -0.3811 -0.0024
vn 0.9245 -0.3812 -0.0024
vn 0.9425 -0.3341 -0.0021
vn 0.9425 -0.3342 -0.0021
vn 0.9598 -0.2808 -0.0017
vn 0.9597 -0.2809 -0.0017
vn 0.9748 -0.2231 -0.0014
vn 0.9748 -0.2232 -0.0014
vn 0.9865 -0.1637 -0.0010
vn 0.9865 -0.1638 -0.0010
vn 0.9944 -0.1053 -0.0007
vn 0.9944 -0.1055 -0.0007
vn 0.9987 -0.0505 -0.0003
vn 0.9987 -0.0506 -0.0003
vn 0.9999 0.0159 0.0001
vn 0.9999 0.0157 0.0001
vn 0.9935 0.1136 0.0007
vn 0.9936 0.1133 0.0007
vn 0.9732 0.2298 0.0014
vn 0.9733 0.2296 0.0014
vn 0.9379 0.3470 0.0021
vn 0.9379 0.3468 0.0021
vn 0.8865 0.4627 0.0029
vn 0.8866 0.4625 0.0029
vn 0.8187 0.5741 0.0035
vn 0.8189 0.5740 0.0035
vn 0.7347 0.6783 0.0042
vn 0.7349 0.6782 0.0042
vn 0.6354 0.7721 0.0048
vn 0.6356 0.7720 0.0048
vn 0.5226 0.8526 0.0053
vn 0.5227 0.8525 0.0053
vn 0.3990 0.9169 0.0057
vn 0.3991 0.9169 0.0057
vn 0.2680 0.9634 0.0060
vn 0.2681 0.9634 0.0060
vn 0.1338 0.9910 0.0061
vn 0.0138 0.9999 0.0062
vn -0.0789 0.9969 0.0062
vn -0.0790 0.9969 0.0062
vn -0.1615 0.9868 0.0061
vn -0.1616 0.9868 0.0061
vn -0.2464 0.9691 0.0060
vn -0.3308 0.9437 0.0058
vn -0.4119 0.9112 0.0056
vn -0.4120 0.9112 0.0056
vn -0.4875 0.8731 0.0054
vn -0.4876 0.8731 0.0054
vn -0.5561 0.8311 0.0051
vn -0.5562 0.8311 0.0051
vn -0.6168 0.7871 0.0049
vn -0.6169 0.7870 0.0049
vn -0.6696 0.7427 0.0046
vn -0.6697 0.7426 0.0046
vn -0.7150 0.6992 0.0043
vn -0.7150 0.6991 0.0043
vn -0.7534 0.6575 0.0041
vn -0.7535 0.6574 0.0041
vn 0.3385 0.9409 0.0058
vn 0.3373 0.9414 0.0058
vn 0.8972 -0.4416 -0.0027
vn 0.8979 -0.4402 -0.0027
vn 0.5938 -0.8046 -0.0050
vn 0.5592 -0.8290 -0.0051
vn 0.5202 -0.8540 -0.0053
vn 0.4766 -0.8791 -0.0054
vn 0.4767 -0.8791 -0.0054
vn 0.4283 -0.9036 -0.0056
vn 0.4284 -0.9036 -0.0056
vn 0.3755 -0.9268 -0.0057
vn 0.3756 -0.9268 -0.0057
vn 0.3185 -0.9479 -0.0059
vn 0.3186 -0.9479 -0.0059
vn 0.2580 -0.9661 -0.0060
vn 0.1947 -0.9808 -0.0061
vn 0.1299 -0.9915 -0.0061
vn 0.0646 -0.9979 -0.0062
vn -0.0137 -0.9999 -0.0062
vn -0.1214 -0.9926 -0.0061
vn -0.1215 -0.9926 -0.0061
vn -0.2464 -0.9691 -0.0060
vn -0.2465 -0.9691 -0.0060
vn -0.3723 -0.9281 -0.0057
vn -0.3724 -0.9280 -0.0057
vn -0.4952 -0.8688 -0.0054
vn -0.4953 -0.8687 -0.0054
vn -0.6109 -0.7917 -0.0049
vn -0.6110 -0.7916 -0.0049
vn -0.7153 -0.6988 -0.0043
vn -0.7155 -0.6986 -0.0043
vn -0.8053 -0.5929 -0.0037
vn -0.8054 -0.5927 -0.0037
vn -0.8785 -0.4778 -0.0030
vn -0.8786 -0.4776 -0.0029
vn -0.9339 -0.3575 -0.0022
vn -0.9340 -0.3573 -0.0022
vn -0.9718 -0.2358 -0.0015
vn -0.9719 -0.2355 -0.0015
vn -0.9933 -0.1159 -0.0007
vn -0.9933 -0.1157 -0.0007
vn -1.0000 -0.0053 -0.0000
vn -1.0000 -0.0051 -0.0000
vn -0.9956 0.0942 0.0006
vn -0.9955 0.0944 0.0006
vn -0.9818 0.1898 0.0012
vn -0.9818 0.1900 0.0012
vn -0.9595 0.2817 0.0017
vn -0.9595 0.2819 0.0017
vn -0.9312 0.3646 0.0023
vn -0.9311 0.3648 0.0023
vn -0.9002 0.4354 0.0027
vn -0.9002 0.4355 0.0027
vn -0.8699 0.4931 0.0030
vn -0.8699 0.4932 0.0030
vn -0.8425 0.5387 0.0033
vn -0.8424 0.5388 0.0033
vn -0.8190 0.5738 0.0035
vn -0.7999 0.6001 0.0037
vn -0.7851 0.6194 0.0038
vn -0.7740 0.6332 0.0039
vn -0.9052 -0.4249 -0.0026
vn -0.9038 -0.4279 -0.0026
vn -0.7071 -0.7071 -0.0044
vn -0.7085 -0.7057 -0.0044
vn -0.7071 0.7071 0.0044
vn -0.7057 0.7085 0.0044
vt 0.143963 0.731037
vt 0.143963 0.750000
vt 0.125000 0.731037
vt 0.606037 0.000000
vt 0.625000 0.018963
vt 0.606037 0.018963
vt 0.143963 0.518963
vt 0.125000 0.518963
vt 0.143963 0.500000
vt 0.625000 0.249495
vt 0.606037 0.268858
vt 0.606037 0.231037
vt 0.356037 0.731037
vt 0.393858 0.731037
vt 0.389948 0.766955
vt 0.641955 0.735052
vt 0.606037 0.768963
vt 0.606037 0.731142
vt 0.356037 0.518963
vt 0.389948 0.483045
vt 0.393858 0.518963
vt 0.641955 0.514947
vt 0.606037 0.518858
vt 0.606037 0.481037
vt 0.393963 0.000000
vt 0.393963 0.018963
vt 0.393963 0.268963
vt 0.393963 0.231037
vt 0.625000 0.981037
vt 0.606037 0.981037
vt 0.393245 0.770197
vt 0.602800 0.772125
vt 0.856037 0.518963
vt 0.856037 0.731037
vt 0.602839 0.977845
vt 0.393963 0.981037
vt 0.397100 0.977825
vt 0.514972 0.861619
vt 0.517370 0.861009
vt 0.519842 0.860538
vt 0.522420 0.860206
vt 0.525136 0.860013
vt 0.528020 0.859960
vt 0.531843 0.860193
vt 0.535454 0.860833
vt 0.538829 0.861856
vt 0.541946 0.863238
vt 0.544783 0.864955
vt 0.547315 0.866983
vt 0.549522 0.869298
vt 0.551379 0.871876
vt 0.552865 0.874694
vt 0.553958 0.877728
vt 0.554634 0.880954
vt 0.554873 0.884349
vt 0.554783 0.886891
vt 0.554484 0.889445
vt 0.553956 0.892012
vt 0.553180 0.894595
vt 0.552140 0.897198
vt 0.550814 0.899823
vt 0.549186 0.902474
vt 0.547237 0.905153
vt 0.544948 0.907863
vt 0.542301 0.910607
vt 0.539277 0.913389
vt 0.535858 0.916210
vt 0.561437 0.916279
vt 0.563617 0.913453
vt 0.565601 0.910656
vt 0.567390 0.907882
vt 0.568984 0.905125
vt 0.570386 0.902379
vt 0.571596 0.899639
vt 0.572615 0.896898
vt 0.573445 0.894152
vt 0.574087 0.891393
vt 0.574543 0.888616
vt 0.574813 0.885815
vt 0.574899 0.882985
vt 0.574515 0.876787
vt 0.573409 0.870946
vt 0.571616 0.865497
vt 0.569168 0.860473
vt 0.566100 0.855908
vt 0.562447 0.851835
vt 0.558244 0.848288
vt 0.553524 0.845301
vt 0.548324 0.842909
vt 0.542679 0.841145
vt 0.536625 0.840043
vt 0.530197 0.839640
vt 0.524449 0.839866
vt 0.518785 0.840634
vt 0.513129 0.841968
vt 0.507405 0.843891
vt 0.501538 0.846426
vt 0.495451 0.849597
vt 0.489071 0.853426
vt 0.482322 0.857937
vt 0.475130 0.863155
vt 0.467419 0.869103
vt 0.459118 0.875805
vt 0.450150 0.883286
vt 0.449360 0.828904
vt 0.429859 0.828772
vt 0.431328 0.918863
vt 0.432784 0.918867
vt 0.437589 0.914855
vt 0.442638 0.910647
vt 0.447890 0.906298
vt 0.453306 0.901863
vt 0.458843 0.897395
vt 0.464463 0.892950
vt 0.470123 0.888581
vt 0.475782 0.884342
vt 0.481400 0.880288
vt 0.486933 0.876472
vt 0.492341 0.872947
vt 0.497581 0.869769
vt 0.500353 0.868189
vt 0.502976 0.866748
vt 0.505482 0.865445
vt 0.507903 0.864281
vt 0.510270 0.863255
vt 0.512616 0.862367
vt 0.693182 0.000000
vt 0.715909 0.000000
vt 0.704545 0.000000
vt 0.681818 0.000000
vt 0.670455 0.000000
vt 0.727273 0.000000
vt 0.659091 0.000000
vt 0.738636 0.000000
vt 0.647727 0.000000
vt 0.636364 0.000000
vt 0.750000 0.000000
vt 0.625000 0.000000
vt 0.613636 0.000000
vt 0.761364 0.000000
vt 0.602273 0.000000
vt 0.590909 0.000000
vt 0.772727 0.000000
vt 0.579545 0.000000
vt 0.568182 0.000000
vt 0.784091 0.000000
vt 0.556818 0.000000
vt 0.545455 0.000000
vt 0.534091 0.000000
vt 0.522727 0.000000
vt 0.511364 0.000000
vt 0.500000 0.000000
vt 0.488636 0.000000
vt 0.477273 0.000000
vt 0.465909 0.000000
vt 0.454545 0.000000
vt 0.443182 0.000000
vt 0.431818 0.000000
vt 0.420455 0.000000
vt 0.795455 0.000000
vt 0.409091 0.000000
vt 0.397727 0.000000
vt 0.386364 0.000000
vt 0.806818 0.000000
vt 0.375000 0.000000
vt 0.363636 0.000000
vt 0.352273 0.000000
vt 0.818182 0.000000
vt 0.340909 0.000000
vt 0.329545 0.000000
vt 0.829545 0.000000
vt 0.318182 0.000000
vt 0.306818 0.000000
vt 0.840909 0.000000
vt 0.295455 0.000000
vt 0.284091 0.000000
vt 0.852273 0.000000
vt 0.272727 0.000000
vt 0.261364 0.000000
vt 0.863636 0.000000
vt 0.250000 0.000000
vt 0.238636 0.000000
vt 0.875000 0.000000
vt 0.227273 0.000000
vt 0.215909 0.000000
vt 0.886364 0.000000
vt 0.204545 0.000000
vt 0.193182 0.000000
vt 0.181818 0.000000
vt 0.897727 0.000000
vt 0.170455 0.000000
vt 0.159091 0.000000
vt 0.909091 0.000000
vt 0.147727 0.000000
vt 0.136364 0.000000
vt 0.920455 0.000000
vt 0.125000 0.000000
vt 0.931818 0.000000
vt 0.113636 0.000000
vt 0.943182 0.000000
vt 0.102273 0.000000
vt 0.090909 0.000000
vt 0.954545 0.000000
vt 0.079545 0.000000
vt 0.965909 0.000000
vt 0.068182 0.000000
vt 0.977273 0.000000
vt 0.056818 0.000000
vt 0.045455 0.000000
vt 0.988636 0.000000
vt 1.000000 0.000000
vt 0.034091 0.000000
vt 0.022727 0.000000
vt 0.011364 0.000000
vt 0.000000 0.000000
vt 0.011236 0.000000
vt 0.011236 0.023802
vt 0.000000 0.023910
vt 0.022472 0.000000
vt 0.022472 0.023441
vt 0.011236 0.023802
vt 0.033708 0.000000
vt 0.033708 0.023061
vt 0.022472 0.023441
vt 0.044944 0.000000
vt 0.044944 0.022667
vt 0.033708 0.023061
vt 0.056180 0.000000
vt 0.056180 0.022260
vt 0.044944 0.022667
vt 0.067416 0.000000
vt 0.067416 0.021845
vt 0.056180 0.022260
vt 0.078652 0.000000
vt 0.078652 0.021424
vt 0.067416 0.021845
vt 0.089888 0.000000
vt 0.089888 0.021001
vt 0.078652 0.021424
vt 0.101124 0.000000
vt 0.101124 0.020578
vt 0.089888 0.021001
vt 0.112360 0.000000
vt 0.112360 0.020158
vt 0.101124 0.020578
vt 0.123596 0.000000
vt 0.123596 0.019746
vt 0.112360 0.020158
vt 0.134831 0.000000
vt 0.134831 0.019343
vt 0.123596 0.019746
vt 0.134831 0.019343
vt 0.146067 0.000000
vt 0.146067 0.018954
vt 0.157303 0.000000
vt 0.157303 0.018747
vt 0.146067 0.018953
vt 0.168539 0.000000
vt 0.168539 0.018553
vt 0.157303 0.018747
vt 0.179775 0.000000
vt 0.179775 0.018367
vt 0.168539 0.018553
vt 0.191011 0.000000
vt 0.191011 0.018187
vt 0.179775 0.018367
vt 0.202247 0.000000
vt 0.202247 0.018012
vt 0.191011 0.018187
vt 0.213483 0.000000
vt 0.213483 0.017838
vt 0.202247 0.018011
vt 0.224719 0.000000
vt 0.224719 0.017663
vt 0.213483 0.017838
vt 0.235955 0.000000
vt 0.235955 0.017486
vt 0.224719 0.017663
vt 0.247191 0.000000
vt 0.247191 0.017303
vt 0.235955 0.017486
vt 0.258427 0.000000
vt 0.258427 0.017112
vt 0.247191 0.017303
vt 0.269663 0.000000
vt 0.269663 0.016912
vt 0.258427 0.017112
vt 0.280899 0.000000
vt 0.280899 0.016699
vt 0.269663 0.016912
vt 0.292135 0.000000
vt 0.292135 0.016417
vt 0.280899 0.016699
vt 0.303371 0.000000
vt 0.303371 0.016150
vt 0.292135 0.016417
vt 0.314607 0.000000
vt 0.314607 0.015901
vt 0.303371 0.016150
vt 0.325843 0.000000
vt 0.325843 0.015672
vt 0.314607 0.015901
vt 0.337079 0.000000
vt 0.337079 0.015463
vt 0.325843 0.015672
vt 0.348315 0.000000
vt 0.348315 0.015276
vt 0.337079 0.015463
vt 0.348315 0.015276
vt 0.359551 0.000000
vt 0.359551 0.015114
vt 0.359551 0.015114
vt 0.370787 0.000000
vt 0.370787 0.014977
vt 0.370787 0.014977
vt 0.382022 0.000000
vt 0.382022 0.014868
vt 0.382022 0.014868
vt 0.393258 0.000000
vt 0.393258 0.014788
vt 0.393258 0.014788
vt 0.404494 0.000000
vt 0.404494 0.014739
vt 0.404494 0.014739
vt 0.415730 0.000000
vt 0.415730 0.014722
vt 0.415730 0.014722
vt 0.426966 0.000000
vt 0.426966 0.014730
vt 0.426966 0.014730
vt 0.438202 0.000000
vt 0.438202 0.014752
vt 0.438202 0.014753
vt 0.449438 0.000000
vt 0.449438 0.014792
vt 0.449438 0.014792
vt 0.460674 0.000000
vt 0.460674 0.014850
vt 0.460674 0.014850
vt 0.471910 0.000000
vt 0.471910 0.014928
vt 0.471910 0.014928
vt 0.483146 0.000000
vt 0.483146 0.015027
vt 0.483146 0.015027
vt 0.494382 0.000000
vt 0.494382 0.015149
vt 0.494382 0.015149
vt 0.505618 0.000000
vt 0.505618 0.015294
vt 0.505618 0.015294
vt 0.516854 0.000000
vt 0.516854 0.015465
vt 0.516854 0.015465
vt 0.528090 0.000000
vt 0.528090 0.015663
vt 0.539326 0.000000
vt 0.539326 0.015888
vt 0.528090 0.015662
vt 0.550562 0.000000
vt 0.550562 0.016143
vt 0.539326 0.015888
vt 0.550562 0.016143
vt 0.561798 0.000000
vt 0.561798 0.014244
vt 0.561798 0.014244
vt 0.573034 0.000000
vt 0.573034 0.014081
vt 0.573034 0.014081
vt 0.584270 0.000000
vt 0.584270 0.013933
vt 0.584270 0.013933
vt 0.595506 0.000000
vt 0.595506 0.013800
vt 0.595506 0.013800
vt 0.606742 0.000000
vt 0.606742 0.013681
vt 0.606742 0.013681
vt 0.617977 0.000000
vt 0.617977 0.013577
vt 0.617977 0.013577
vt 0.629214 0.000000
vt 0.629214 0.013487
vt 0.629214 0.013487
vt 0.640449 0.000000
vt 0.640449 0.013411
vt 0.640449 0.013411
vt 0.651685 0.000000
vt 0.651685 0.013349
vt 0.651685 0.013349
vt 0.662921 0.000000
vt 0.662921 0.013301
vt 0.662921 0.013301
vt 0.674157 0.000000
vt 0.674157 0.013267
vt 0.674157 0.013267
vt 0.685393 0.000000
vt 0.685393 0.013247
vt 0.685393 0.013247
vt 0.696629 0.000000
vt 0.696629 0.013240
vt 0.696629 0.013240
vt 0.707865 0.000000
vt 0.707865 0.013267
vt 0.707865 0.013267
vt 0.719101 0.000000
vt 0.719101 0.013348
vt 0.719101 0.013348
vt 0.730337 0.000000
vt 0.730337 0.013480
vt 0.730337 0.013480
vt 0.741573 0.000000
vt 0.741573 0.013660
vt 0.741573 0.013660
vt 0.752809 0.000000
vt 0.752809 0.013886
vt 0.752809 0.013886
vt 0.764045 0.000000
vt 0.764045 0.014155
vt 0.775281 0.000000
vt 0.775281 0.014464
vt 0.764045 0.014155
vt 0.786517 0.000000
vt 0.786517 0.014812
vt 0.775281 0.014464
vt 0.797753 0.000000
vt 0.797753 0.015194
vt 0.786517 0.014811
vt 0.808989 0.000000
vt 0.808989 0.015610
vt 0.797753 0.015194
vt 0.820225 0.000000
vt 0.820225 0.016056
vt 0.808989 0.015610
vt 0.831461 0.000000
vt 0.831461 0.016529
vt 0.820225 0.016056
vt 0.842697 0.000000
vt 0.842697 0.016953
vt 0.831461 0.016529
vt 0.853933 0.000000
vt 0.853933 0.017371
vt 0.842697 0.016953
vt 0.865169 0.000000
vt 0.865169 0.017788
vt 0.853933 0.017370
vt 0.876405 0.000000
vt 0.876405 0.018211
vt 0.865169 0.017788
vt 0.887640 0.000000
vt 0.887640 0.018645
vt 0.876405 0.018211
vt 0.898876 0.000000
vt 0.898876 0.019096
vt 0.887641 0.018645
vt 0.910112 0.000000
vt 0.910112 0.019570
vt 0.898876 0.019096
vt 0.921348 0.000000
vt 0.921348 0.020071
vt 0.910112 0.019570
vt 0.932584 0.000000
vt 0.932584 0.020607
vt 0.921348 0.020071
vt 0.943820 0.000000
vt 0.943820 0.021182
vt 0.932584 0.020607
vt 0.955056 0.000000
vt 0.955056 0.021803
vt 0.943820 0.021182
vt 0.966292 0.000000
vt 0.966292 0.022474
vt 0.955056 0.021803
vt 0.966292 0.022474
vt 0.977528 0.000000
vt 0.977528 0.022474
vt 0.988764 0.000000
vt 0.988764 0.023910
vt 0.977528 0.022474
vt 0.988764 0.023910
vt 1.000000 0.023910
s 0
usemtl Material.580
f 65/75/61 66/76/61 67/77/61
f 68/78/62 69/79/62 70/80/62
f 71/81/63 72/82/63 73/83/63
f 74/84/64 75/85/64 76/86/64
f 77/87/65 78/88/65 79/89/65
f 80/90/66 81/91/66 82/92/66
f 83/93/67 84/94/67 85/95/67
f 86/96/68 87/97/68 88/98/68
f 71/81/69 65/75/69 67/77/69 72/82/69
f 66/99/70 68/78/70 70/80/70 67/100/70
f 69/79/71 74/84/71 76/86/71 70/80/71
f 75/85/72 73/101/72 72/102/72 76/86/72
f 83/93/73 71/81/73 73/83/73 84/94/73
f 74/84/74 86/96/74 88/98/74 75/85/74
f 87/97/75 85/95/75 84/94/75 88/98/75
f 77/87/76 83/93/76 85/95/76 78/88/76
f 86/96/77 80/90/77 82/92/77 87/97/77
f 81/91/78 79/89/78 78/88/78 82/92/78
f 65/75/79 77/87/79 79/89/79 66/76/79
f 80/90/80 69/103/80 68/104/80 81/91/80
f 71/81/81 83/93/81 77/87/81 65/75/81
f 67/100/82 70/80/82 76/86/82 72/102/82
f 89/105/82 90/106/82 94/106/82 93/105/82
f 86/96/83 74/107/83 69/108/83 80/90/83
f 73/101/84 75/85/84 88/98/84 84/94/84
f 85/95/85 87/97/85 82/92/85 78/88/85
f 79/89/86 81/91/86 90/106/86 89/105/86
f 81/91/86 68/104/86 91/109/86 90/106/86
f 68/104/86 66/110/86 92/111/86 91/109/86
f 66/110/86 79/89/86 89/105/86 92/111/86
f 224/112/86 223/113/86 227/114/86 226/115/86 251/116/86 244/117/86 228/118/86 225/119/86 230/120/86 221/121/86 222/122/86 252/123/86 215/124/86 212/125/86 213/126/86 211/127/86 204/128/86 206/129/86 208/130/86 202/131/86 219/132/86 196/133/86 197/134/86 194/135/86 195/136/86 191/137/86 190/138/86 189/139/86 187/140/86 258/141/86 186/142/86 188/143/86 192/144/86 193/145/86 198/146/86 199/147/86 200/148/86 201/149/86 203/150/86 209/151/86 210/152/86 207/153/86 205/154/86 214/155/86 216/156/86 254/157/86 253/158/86 247/159/86 246/160/86 245/161/86 240/162/86 239/163/86 238/164/86 235/165/86 232/166/86 234/167/86 233/168/86 237/169/86 236/170/86 243/171/86 242/172/86 241/173/86 231/174/86 268/175/86 267/176/86 270/177/86 274/178/86 265/179/86 266/180/86 93/105/86 94/106/86 95/109/86 96/111/86 255/181/86 256/182/86 257/183/86 259/184/86 260/185/86 261/186/86 262/187/86 263/188/86 264/189/86 271/190/86 272/191/86 273/192/86 269/193/86 217/194/86 218/195/86 248/196/86 249/197/86 250/198/86 220/199/86 229/200/86
f 255/181/86 96/111/86 93/105/86 266/180/86
f 91/109/85 92/111/85 96/111/85 95/109/85
f 92/111/83 89/105/83 93/105/83 96/111/83
f 90/106/81 91/109/81 95/109/81 94/106/81
f 158/201/87 160/202/87 159/203/87
f 157/204/87 160/202/87 158/201/87
f 156/205/88 160/202/88 157/204/88
f 156/205/87 161/206/87 160/202/87
f 155/207/87 161/206/87 156/205/87
f 155/207/87 162/208/87 161/206/87
f 154/209/87 162/208/87 155/207/87
f 153/210/87 162/208/87 154/209/87
f 153/210/87 163/211/87 162/208/87
f 152/212/87 163/211/87 153/210/87
f 151/213/87 163/211/87 152/212/87
f 151/213/87 164/214/87 163/211/87
f 150/215/87 164/214/87 151/213/87
f 149/216/87 164/214/87 150/215/87
f 149/216/87 165/217/87 164/214/87
f 148/218/87 165/217/87 149/216/87
f 147/219/87 165/217/87 148/218/87
f 147/219/87 166/220/87 165/217/87
f 146/221/87 145/222/87 147/219/87
f 145/222/87 144/223/87 147/219/87
f 144/223/87 143/224/87 147/219/87
f 143/224/87 142/225/87 147/219/87
f 142/225/87 141/226/87 147/219/87
f 141/226/87 140/227/87 147/219/87
f 140/227/87 139/228/87 147/219/87
f 139/228/87 138/229/87 147/219/87
f 138/229/87 137/230/87 147/219/87
f 137/230/87 136/231/87 147/219/87
f 136/231/87 135/232/87 147/219/87
f 135/232/87 166/220/87 147/219/87
f 135/232/88 134/233/88 166/220/88
f 134/233/87 167/234/87 166/220/87
f 133/235/88 167/234/88 134/233/88
f 132/236/87 167/234/87 133/235/87
f 131/237/87 167/234/87 132/236/87
f 131/237/87 168/238/87 167/234/87
f 130/239/87 168/238/87 131/237/87
f 129/240/87 168/238/87 130/239/87
f 128/241/87 168/238/87 129/240/87
f 128/241/87 169/242/87 168/238/87
f 127/243/87 169/242/87 128/241/87
f 126/244/87 169/242/87 127/243/87
f 126/244/87 170/245/87 169/242/87
f 125/246/87 170/245/87 126/244/87
f 124/247/87 170/245/87 125/246/87
f 124/247/87 171/248/87 170/245/87
f 123/249/87 171/248/87 124/247/87
f 122/250/87 171/248/87 123/249/87
f 122/250/87 172/251/87 171/248/87
f 121/252/87 172/251/87 122/250/87
f 120/253/87 172/251/87 121/252/87
f 120/253/87 173/254/87 172/251/87
f 119/255/87 173/254/87 120/253/87
f 118/256/87 173/254/87 119/255/87
f 118/256/87 174/257/87 173/254/87
f 117/258/87 174/257/87 118/256/87
f 116/259/87 174/257/87 117/258/87
f 116/259/87 175/260/87 174/257/87
f 115/261/87 175/260/87 116/259/87
f 114/262/87 175/260/87 115/261/87
f 113/263/87 175/260/87 114/262/87
f 113/263/87 176/264/87 175/260/87
f 112/265/87 176/264/87 113/263/87
f 111/266/87 176/264/87 112/265/87
f 111/266/87 177/267/87 176/264/87
f 110/268/87 177/267/87 111/266/87
f 109/269/87 177/267/87 110/268/87
f 109/269/87 178/270/87 177/267/87
f 108/271/87 178/270/87 109/269/87
f 108/271/87 179/272/87 178/270/87
f 107/273/87 179/272/87 108/271/87
f 107/273/87 180/274/87 179/272/87
f 106/275/87 180/274/87 107/273/87
f 105/276/87 180/274/87 106/275/87
f 105/276/87 181/277/87 180/274/87
f 104/278/87 181/277/87 105/276/87
f 104/278/87 182/279/87 181/277/87
f 103/280/87 182/279/87 104/278/87
f 103/280/87 183/281/87 182/279/87
f 102/282/87 183/281/87 103/280/87
f 101/283/87 183/281/87 102/282/87
f 101/283/87 184/284/87 183/281/87
f 101/283/87 185/285/87 184/284/87
f 100/286/87 185/285/87 101/283/87
f 99/287/87 185/285/87 100/286/87
f 98/288/87 185/285/87 99/287/87
f 97/289/87 185/285/87 98/288/87
s 1
f 97/289/89 98/290/90 256/291/91 255/292/92
f 98/290/90 99/293/93 257/294/93 256/295/91
f 99/293/93 100/296/94 259/297/94 257/298/93
f 100/296/94 101/299/95 260/300/95 259/301/94
f 101/299/95 102/302/96 261/303/96 260/304/95
f 102/302/96 103/305/97 262/306/97 261/307/96
f 103/305/97 104/308/98 263/309/98 262/310/97
f 104/308/98 105/311/99 264/312/99 263/313/98
f 105/311/99 106/314/100 271/315/100 264/316/99
f 106/314/100 107/317/101 272/318/101 271/319/100
f 107/317/101 108/320/102 273/321/102 272/322/101
f 108/320/102 109/323/103 269/324/104 273/325/102
f 269/326/104 109/323/103 110/327/105 217/328/106
f 110/327/105 111/329/107 218/330/107 217/331/106
f 111/329/107 112/332/108 248/333/108 218/334/107
f 112/332/108 113/335/109 249/336/110 248/337/108
f 113/335/109 114/338/111 250/339/112 249/340/110
f 114/338/111 115/341/113 220/342/114 250/343/112
f 115/341/113 116/344/115 229/345/116 220/346/114
f 116/344/115 117/347/117 224/348/118 229/349/116
f 117/347/117 118/350/119 223/351/120 224/352/118
f 118/350/119 119/353/121 227/354/122 223/355/120
f 119/353/121 120/356/123 226/357/124 227/358/122
f 120/356/123 121/359/125 251/360/126 226/361/124
f 121/359/125 122/362/127 244/363/128 251/364/126
f 122/362/127 123/365/129 228/366/130 244/367/128
f 123/365/129 124/368/131 225/369/132 228/370/130
f 124/368/131 125/371/133 230/372/134 225/373/132
f 125/371/133 126/374/135 221/375/136 230/376/134
f 126/374/135 127/377/137 222/378/138 221/379/136
f 127/377/137 128/380/139 252/381/140 222/382/138
f 252/383/140 128/380/139 129/384/141 215/385/142
f 215/386/142 129/384/141 130/387/143 212/388/144
f 212/389/144 130/387/143 131/390/145 213/391/146
f 213/392/146 131/390/145 132/393/147 211/394/148
f 211/395/148 132/393/147 133/396/149 204/397/149
f 204/398/149 133/396/149 134/399/150 206/400/150
f 206/401/150 134/399/150 135/402/151 208/403/152
f 208/404/152 135/402/151 136/405/153 202/406/154
f 202/407/154 136/405/153 137/408/155 219/409/155
f 219/410/155 137/408/155 138/411/156 196/412/156
f 196/413/156 138/411/156 139/414/157 197/415/158
f 197/416/158 139/414/157 140/417/159 194/418/160
f 194/419/160 140/417/159 141/420/161 195/421/162
f 195/422/162 141/420/161 142/423/163 191/424/164
f 191/425/164 142/423/163 143/426/165 190/427/166
f 190/428/166 143/426/165 144/429/167 189/430/168
f 144/429/167 145/431/169 187/432/170 189/433/168
f 145/431/169 146/434/171 258/435/172 187/436/170
f 258/437/172 146/434/171 147/438/173 186/439/174
f 186/440/174 147/438/173 148/441/175 188/442/175
f 188/443/175 148/441/175 149/444/176 192/445/176
f 192/446/176 149/444/176 150/447/177 193/448/177
f 193/449/177 150/447/177 151/450/178 198/451/179
f 198/452/179 151/450/178 152/453/180 199/454/181
f 199/455/181 152/453/180 153/456/182 200/457/183
f 200/458/183 153/456/182 154/459/184 201/460/185
f 201/461/185 154/459/184 155/462/186 203/463/186
f 203/464/186 155/462/186 156/465/187 209/466/187
f 209/467/187 156/465/187 157/468/188 210/469/188
f 210/470/188 157/468/188 158/471/189 207/472/189
f 207/473/189 158/471/189 159/474/190 205/475/190
f 205/476/190 159/474/190 160/477/191 214/478/192
f 214/479/192 160/477/191 161/480/193 216/481/194
f 216/482/194 161/480/193 162/483/195 254/484/196
f 254/485/196 162/483/195 163/486/197 253/487/198
f 253/488/198 163/486/197 164/489/199 247/490/200
f 247/491/200 164/489/199 165/492/201 246/493/202
f 165/492/201 166/494/203 245/495/204 246/496/202
f 166/494/203 167/497/205 240/498/206 245/499/204
f 167/497/205 168/500/207 239/501/208 240/502/206
f 168/500/207 169/503/209 238/504/210 239/505/208
f 169/503/209 170/506/211 235/507/212 238/508/210
f 170/506/211 171/509/213 232/510/214 235/511/212
f 171/509/213 172/512/215 234/513/216 232/514/214
f 172/512/215 173/515/217 233/516/218 234/517/216
f 173/515/217 174/518/219 237/519/220 233/520/218
f 174/518/219 175/521/221 236/522/222 237/523/220
f 175/521/221 176/524/223 243/525/224 236/526/222
f 176/524/223 177/527/225 242/528/226 243/529/224
f 177/527/225 178/530/227 241/531/228 242/532/226
f 178/530/227 179/533/229 231/534/229 241/535/228
f 179/533/229 180/536/230 268/537/230 231/538/229
f 180/536/230 181/539/231 267/540/231 268/541/230
f 181/539/231 182/542/232 270/543/232 267/544/231
f 182/542/232 183/545/233 274/546/234 270/547/232
f 274/548/234 183/545/233 184/549/235 265/550/236
f 184/549/235 185/551/237 266/552/238 265/553/236
f 266/554/238 185/551/237 97/285/89 255/555/92
o Cube.004
v -1.289574 -0.139225 -1.470798
v -1.289574 0.183325 -1.461434
v -1.289574 -0.131181 -1.782123
v -1.289574 0.188725 -1.788165
v -1.126089 -0.139354 -1.470881
v -1.126089 0.183327 -1.461435
v -1.124870 -0.132423 -1.783318
v -1.126089 0.188725 -1.788165
v -1.287041 -0.126245 -1.782213
v -1.287041 0.183767 -1.788095
v -1.128603 0.183768 -1.788076
v -1.127422 -0.127448 -1.783390
v -1.286841 -0.125310 -1.727668
v -1.286841 0.184680 -1.734311
v -1.128402 0.184681 -1.734292
v -1.127221 -0.126516 -1.728842
v -1.267281 0.150734 -1.718362
v -1.266975 0.150848 -1.718308
v -1.266684 0.150948 -1.718259
v -1.266403 0.151035 -1.718216
v -1.266128 0.151108 -1.718177
v -1.265855 0.151170 -1.718143
v -1.265580 0.151220 -1.718113
v -1.265299 0.151259 -1.718086
v -1.265008 0.151287 -1.718062
v -1.264704 0.151306 -1.718042
v -1.264381 0.151315 -1.718023
v -1.264036 0.151316 -1.718007
v -1.262517 0.151222 -1.717969
v -1.261171 0.150973 -1.717994
v -1.259991 0.150572 -1.718080
v -1.258968 0.150025 -1.718225
v -1.258095 0.149336 -1.718427
v -1.257362 0.148511 -1.718683
v -1.256763 0.147553 -1.718992
v -1.256288 0.146468 -1.719352
v -1.255931 0.145261 -1.719760
v -1.255683 0.143936 -1.720215
v -1.255536 0.142497 -1.720714
v -1.255482 0.140951 -1.721256
v -1.255456 0.136964 -1.722657
v -1.262693 0.137028 -1.722972
v -1.262645 0.129611 -1.725579
v -1.255408 0.129547 -1.725265
v -1.247457 0.129477 -1.724919
v -1.241828 0.129428 -1.724675
v -1.241876 0.136845 -1.722068
v -1.247505 0.136894 -1.722312
v -1.247525 0.139953 -1.721237
v -1.247576 0.141907 -1.720552
v -1.247703 0.143696 -1.719928
v -1.247903 0.145334 -1.719361
v -1.248175 0.146833 -1.718846
v -1.248516 0.148207 -1.718379
v -1.248926 0.149468 -1.717954
v -1.249402 0.150629 -1.717568
v -1.249943 0.151704 -1.717215
v -1.250547 0.152704 -1.716891
v -1.251211 0.153643 -1.716592
v -1.251935 0.154533 -1.716312
v -1.252716 0.155388 -1.716048
v -1.253595 0.156237 -1.715790
v -1.254527 0.157002 -1.715564
v -1.255515 0.157678 -1.715372
v -1.256563 0.158258 -1.715217
v -1.257677 0.158735 -1.715101
v -1.258860 0.159104 -1.715026
v -1.260117 0.159357 -1.714995
v -1.261451 0.159489 -1.715011
v -1.262869 0.159493 -1.715075
v -1.264372 0.159362 -1.715191
v -1.265967 0.159090 -1.715361
v -1.267657 0.158672 -1.715587
v -1.267604 0.150606 -1.718423
v -1.244946 0.150538 -1.717393
v -1.244640 0.150652 -1.717338
v -1.244349 0.150752 -1.717290
v -1.244068 0.150838 -1.717246
v -1.243793 0.150912 -1.717207
v -1.243520 0.150973 -1.717173
v -1.243245 0.151023 -1.717143
v -1.242964 0.151062 -1.717116
v -1.242673 0.151090 -1.717092
v -1.242368 0.151109 -1.717072
v -1.242046 0.151118 -1.717053
v -1.241701 0.151119 -1.717037
v -1.240182 0.151026 -1.716999
v -1.238836 0.150776 -1.717024
v -1.237656 0.150375 -1.717111
v -1.236633 0.149828 -1.717255
v -1.235759 0.149140 -1.717457
v -1.235027 0.148314 -1.717713
v -1.234428 0.147357 -1.718022
v -1.233953 0.146272 -1.718382
v -1.233596 0.145064 -1.718790
v -1.233348 0.143739 -1.719245
v -1.233201 0.142301 -1.719744
v -1.233147 0.140754 -1.720286
v -1.233121 0.136767 -1.721688
v -1.240358 0.136831 -1.722002
v -1.240310 0.129414 -1.724609
v -1.233073 0.129351 -1.724295
v -1.225122 0.129281 -1.723950
v -1.219493 0.129231 -1.723705
v -1.219541 0.136648 -1.721098
v -1.225170 0.136697 -1.721342
v -1.225189 0.139757 -1.720267
v -1.225241 0.141710 -1.719582
v -1.225368 0.143499 -1.718958
v -1.225568 0.145137 -1.718391
v -1.225839 0.146636 -1.717876
v -1.226181 0.148010 -1.717409
v -1.226591 0.149271 -1.716984
v -1.227067 0.150433 -1.716598
v -1.227608 0.151507 -1.716245
v -1.228212 0.152507 -1.715921
v -1.228876 0.153446 -1.715622
v -1.229600 0.154336 -1.715342
v -1.230381 0.155191 -1.715078
v -1.231260 0.156040 -1.714820
v -1.232192 0.156806 -1.714594
v -1.233179 0.157482 -1.714402
v -1.234228 0.158061 -1.714247
v -1.235342 0.158539 -1.714131
v -1.236525 0.158907 -1.714056
v -1.237782 0.159161 -1.714025
v -1.239116 0.159292 -1.714041
v -1.240533 0.159296 -1.714106
v -1.242037 0.159165 -1.714222
v -1.243632 0.158894 -1.714391
v -1.245322 0.158475 -1.714617
v -1.245269 0.150409 -1.717453
v -1.186940 0.158493 -1.711895
v -1.191475 0.157655 -1.712401
v -1.195661 0.156279 -1.713080
v -1.199479 0.154408 -1.713916
v -1.202913 0.152082 -1.714894
v -1.205944 0.149344 -1.715998
v -1.208553 0.146236 -1.717213
v -1.210724 0.142799 -1.718524
v -1.212437 0.139074 -1.719914
v -1.213674 0.135103 -1.721368
v -1.214419 0.130929 -1.722872
v -1.214652 0.126593 -1.724408
v -1.214370 0.122369 -1.725881
v -1.213590 0.118257 -1.727292
v -1.212324 0.114306 -1.728623
v -1.210588 0.110564 -1.729859
v -1.208396 0.107077 -1.730984
v -1.205762 0.103895 -1.731981
v -1.164220 0.098303 -1.732016
v -1.160814 0.100667 -1.731026
v -1.157808 0.103438 -1.729911
v -1.155219 0.106570 -1.728689
v -1.153066 0.110016 -1.727376
v -1.151366 0.113730 -1.725990
v -1.150137 0.117666 -1.724548
v -1.149398 0.121777 -1.723067
v -1.149166 0.126016 -1.721565
v -1.149460 0.130338 -1.720058
v -1.150272 0.134513 -1.718627
v -1.151579 0.138499 -1.717285
v -1.153360 0.142252 -1.716047
v -1.155594 0.145730 -1.714927
v -1.158258 0.148890 -1.713940
v -1.161332 0.151688 -1.713098
v -1.164792 0.154082 -1.712417
v -1.168618 0.156028 -1.711910
v -1.172789 0.157484 -1.711592
v -1.177281 0.158406 -1.711476
v -1.182074 0.158752 -1.711577
v -1.185049 0.102439 -1.731529
v -1.188221 0.103083 -1.731451
v -1.191200 0.104107 -1.731229
v -1.193965 0.105487 -1.730872
v -1.196493 0.107200 -1.730387
v -1.198761 0.109221 -1.729781
v -1.200746 0.111528 -1.729062
v -1.202425 0.114097 -1.728236
v -1.203776 0.116904 -1.727311
v -1.204775 0.119924 -1.726295
v -1.205400 0.123135 -1.725194
v -1.205629 0.126513 -1.724017
v -1.205444 0.129907 -1.722814
v -1.204860 0.133120 -1.721656
v -1.203900 0.136131 -1.720552
v -1.202586 0.138916 -1.719511
v -1.200939 0.141453 -1.718542
v -1.198984 0.143721 -1.717653
v -1.196742 0.145696 -1.716853
v -1.194236 0.147357 -1.716153
v -1.191488 0.148681 -1.715559
v -1.188521 0.149646 -1.715081
v -1.185358 0.150229 -1.714729
v -1.182020 0.150408 -1.714511
v -1.178700 0.150171 -1.714440
v -1.175546 0.149532 -1.714518
v -1.172580 0.148515 -1.714738
v -1.169826 0.147142 -1.715093
v -1.167307 0.145437 -1.715575
v -1.165046 0.143422 -1.716179
v -1.163066 0.141120 -1.716897
v -1.161390 0.138553 -1.717722
v -1.160041 0.135744 -1.718648
v -1.159042 0.132717 -1.719667
v -1.158418 0.129493 -1.720772
v -1.158189 0.126096 -1.721957
v -1.158374 0.122721 -1.723152
v -1.158957 0.119521 -1.724306
v -1.159917 0.116517 -1.725407
v -1.161229 0.113734 -1.726447
v -1.162872 0.111195 -1.727417
v -1.164823 0.108923 -1.728307
v -1.167058 0.106940 -1.729109
v -1.169556 0.105272 -1.729812
v -1.172292 0.103940 -1.730408
v -1.175245 0.102969 -1.730887
v -1.178391 0.102381 -1.731240
v -1.181709 0.102200 -1.731459
v -1.266894 0.155979 -1.733694
v -1.266805 0.165111 -1.733889
v -1.266567 0.156130 -1.733697
v -1.266259 0.156264 -1.733700
v -1.265966 0.156382 -1.733702
v -1.264572 0.156756 -1.733710
v -1.265104 0.165613 -1.733900
v -1.265682 0.156484 -1.733704
v -1.265405 0.156572 -1.733706
v -1.265131 0.156646 -1.733708
v -1.264855 0.156707 -1.733709
v -1.263502 0.165947 -1.733907
v -1.263305 0.156842 -1.733712
v -1.263651 0.156835 -1.733712
v -1.261785 0.156761 -1.733710
v -1.262209 0.140685 -1.733365
v -1.261992 0.166120 -1.733910
v -1.259265 0.156066 -1.733695
v -1.260441 0.156500 -1.733704
v -1.260572 0.166139 -1.733911
v -1.264280 0.156793 -1.733711
v -1.263975 0.156819 -1.733711
v -1.262291 0.132287 -1.733186
v -1.257386 0.154698 -1.733665
v -1.258249 0.155463 -1.733682
v -1.256803 0.165348 -1.733893
v -1.257982 0.165746 -1.733902
v -1.256082 0.152701 -1.733622
v -1.255289 0.150119 -1.733567
v -1.255626 0.151480 -1.733596
v -1.256666 0.153775 -1.733645
v -1.255695 0.164825 -1.733882
v -1.255272 0.108471 -1.732674
v -1.255040 0.132334 -1.733186
v -1.254958 0.140732 -1.733366
v -1.255064 0.148622 -1.733535
v -1.248652 0.156305 -1.733698
v -1.249175 0.157512 -1.733724
v -1.249762 0.158635 -1.733749
v -1.250412 0.159687 -1.733771
v -1.251122 0.160684 -1.733793
v -1.251890 0.161639 -1.733813
v -1.252756 0.162586 -1.733834
v -1.253676 0.163437 -1.733852
v -1.254654 0.164186 -1.733868
v -1.250234 0.107844 -1.732660
v -1.254914 0.145245 -1.733462
v -1.254941 0.146996 -1.733500
v -1.259237 0.166012 -1.733908
v -1.248195 0.154998 -1.733670
v -1.247806 0.153577 -1.733640
v -1.247488 0.152027 -1.733607
v -1.244514 0.156124 -1.733694
v -1.246991 0.140783 -1.733366
v -1.246957 0.144247 -1.733440
v -1.246974 0.146458 -1.733487
v -1.247070 0.148482 -1.733531
v -1.247072 0.132386 -1.733186
v -1.247242 0.150333 -1.733570
v -1.242192 0.156901 -1.733711
v -1.242724 0.165758 -1.733900
v -1.241900 0.156938 -1.733711
v -1.241594 0.156964 -1.733712
v -1.247315 0.107481 -1.732652
v -1.241433 0.132422 -1.733186
v -1.243879 0.156409 -1.733700
v -1.244187 0.156275 -1.733697
v -1.243585 0.156527 -1.733703
v -1.243302 0.156629 -1.733705
v -1.243025 0.156717 -1.733707
v -1.242751 0.156791 -1.733708
v -1.242474 0.156852 -1.733710
v -1.244425 0.165256 -1.733890
v -1.241121 0.166092 -1.733907
v -1.240925 0.156987 -1.733712
v -1.241351 0.140820 -1.733366
v -1.241271 0.156980 -1.733712
v -1.239612 0.166265 -1.733911
v -1.239829 0.140830 -1.733366
v -1.239404 0.156906 -1.733710
v -1.238060 0.156645 -1.733705
v -1.238192 0.166284 -1.733911
v -1.236885 0.156211 -1.733695
v -1.236857 0.166156 -1.733908
v -1.235005 0.154843 -1.733666
v -1.234286 0.153920 -1.733646
v -1.235869 0.155608 -1.733682
v -1.234422 0.165492 -1.733894
v -1.233246 0.151625 -1.733596
v -1.232683 0.148767 -1.733535
v -1.232909 0.150263 -1.733567
v -1.232920 0.105692 -1.732612
v -1.232659 0.132479 -1.733186
v -1.232578 0.140876 -1.733366
v -1.233702 0.152846 -1.733623
v -1.233315 0.164970 -1.733882
v -1.239911 0.132432 -1.733186
v -1.235602 0.165890 -1.733902
v -1.225815 0.155143 -1.733671
v -1.225108 0.152171 -1.733607
v -1.224577 0.144392 -1.733440
v -1.224594 0.146603 -1.733488
v -1.214038 0.124881 -1.733021
v -1.219052 0.132567 -1.733186
v -1.214247 0.129659 -1.733124
v -1.214186 0.130625 -1.733144
v -1.218971 0.140964 -1.733366
v -1.224692 0.132531 -1.733186
v -1.224610 0.140928 -1.733366
v -1.224690 0.148627 -1.733531
v -1.224862 0.150478 -1.733571
v -1.224963 0.104703 -1.732590
v -1.227265 0.104989 -1.732596
v -1.232534 0.145390 -1.733463
v -1.232561 0.147141 -1.733500
v -1.225426 0.153721 -1.733640
v -1.213328 0.120238 -1.732921
v -1.205035 0.125896 -1.733042
v -1.213937 0.134573 -1.733229
v -1.205205 0.129718 -1.733124
v -1.204465 0.122271 -1.732964
v -1.204961 0.133564 -1.733206
v -1.203516 0.118867 -1.732891
v -1.204320 0.137212 -1.733284
v -1.200244 0.146712 -1.733487
v -1.200574 0.112830 -1.732761
v -1.201938 0.143811 -1.733425
v -1.202036 0.158715 -1.733745
v -1.199395 0.101524 -1.732519
v -1.203789 0.102071 -1.732531
v -1.202212 0.115711 -1.732823
v -1.203304 0.140636 -1.733357
v -1.205734 0.104104 -1.732575
v -1.208318 0.107664 -1.732651
v -1.210454 0.111576 -1.732736
v -1.212129 0.115785 -1.732826
v -1.213118 0.139312 -1.733330
v -1.211808 0.143828 -1.733427
v -1.210026 0.148074 -1.733518
v -1.207791 0.152002 -1.733602
v -1.205121 0.155565 -1.733678
v -1.226272 0.156450 -1.733699
v -1.226795 0.157657 -1.733725
v -1.227382 0.158780 -1.733749
v -1.228032 0.159832 -1.733772
v -1.228742 0.160828 -1.733793
v -1.229510 0.161784 -1.733814
v -1.230376 0.162730 -1.733834
v -1.196388 0.107998 -1.732657
v -1.195963 0.151585 -1.733591
v -1.195109 0.100992 -1.732507
v -1.197815 0.101328 -1.732514
v -1.198390 0.101400 -1.732516
v -1.198554 0.161405 -1.733802
v -1.193884 0.106101 -1.732616
v -1.193423 0.153507 -1.733632
v -1.194695 0.163587 -1.733848
v -1.191137 0.104583 -1.732583
v -1.190475 0.165213 -1.733883
v -1.190646 0.155052 -1.733665
v -1.187656 0.156193 -1.733689
v -1.185916 0.166237 -1.733904
v -1.185002 0.102797 -1.732544
v -1.183028 0.099490 -1.732473
v -1.184475 0.156905 -1.733704
v -1.188169 0.103473 -1.732559
v -1.181035 0.166611 -1.733911
v -1.181127 0.157163 -1.733709
v -1.175167 0.103557 -1.732560
v -1.177804 0.156949 -1.733704
v -1.176238 0.166298 -1.733904
v -1.178331 0.102840 -1.732545
v -1.181658 0.102580 -1.732539
v -1.172191 0.104706 -1.732584
v -1.174238 0.098397 -1.732449
v -1.174654 0.156277 -1.733689
v -1.169425 0.106259 -1.732617
v -1.171700 0.155174 -1.733665
v -1.171751 0.165327 -1.733883
v -1.166469 0.151776 -1.733592
v -1.168964 0.153666 -1.733633
v -1.164238 0.149532 -1.733543
v -1.163797 0.161606 -1.733802
v -1.167598 0.163747 -1.733848
v -1.160659 0.144078 -1.733426
v -1.158409 0.137508 -1.733285
v -1.159357 0.140920 -1.733358
v -1.150828 0.144178 -1.733427
v -1.151912 0.146840 -1.733484
v -1.152547 0.148399 -1.733518
v -1.157670 0.130025 -1.733125
v -1.157839 0.133868 -1.733207
v -1.154725 0.152301 -1.733602
v -1.157340 0.155835 -1.733678
v -1.160371 0.158952 -1.733745
v -1.162294 0.146957 -1.733488
v -1.198625 0.110250 -1.732706
v -1.198245 0.149312 -1.733543
v -1.231296 0.163582 -1.733852
v -1.232274 0.164331 -1.733869
v -1.170915 0.097947 -1.732453
v -1.164197 0.098478 -1.732512
v -1.164618 0.110475 -1.732720
v -1.166272 0.097268 -1.732476
v -1.166893 0.108191 -1.732662
v -1.160742 0.101216 -1.732586
v -1.162623 0.113082 -1.732780
v -1.159568 0.119157 -1.732910
v -1.158554 0.122572 -1.732977
v -1.160932 0.115985 -1.732844
v -1.148625 0.130104 -1.733184
v -1.148845 0.134986 -1.733268
v -1.149743 0.120643 -1.733009
v -1.148931 0.125306 -1.733097
v -1.149587 0.139691 -1.733345
v -1.157680 0.104407 -1.732665
v -1.155031 0.107998 -1.732748
v -1.152812 0.111936 -1.732834
v -1.151043 0.116169 -1.732921
v -1.157914 0.126202 -1.733046
vn -1.0000 -0.0000 -0.0000
vn -0.0000 -0.9999 0.0170
vn 1.0000 0.0019 0.0019
vn 0.0002 -0.0291 0.9996
vn -0.0043 -0.9997 -0.0240
vn -0.0000 0.9999 0.0165
vn -0.0039 -0.0189 -0.9998
vn 0.0001 -0.0161 -0.9999
vn -0.0035 -0.0151 -0.9999
vn -0.0074 -0.0163 -0.9998
vn -0.0045 -0.0191 -0.9998
vn 0.0001 -0.0214 -0.9998
vn -0.0000 -0.0214 -0.9998
vn 1.0000 -0.0001 -0.0037
vn -1.0000 -0.0037 0.0038
vn 0.0074 0.9998 -0.0171
vn 0.0438 0.3320 -0.9423
vn 0.0438 0.3315 -0.9424
vn 0.0438 0.3316 -0.9424
vn 0.0439 0.3322 -0.9422
vn 0.0436 0.3309 -0.9427
vn 0.0447 0.3310 -0.9426
vn 0.0438 0.3312 -0.9425
vn 0.0439 0.3339 -0.9416
vn 0.0440 0.3299 -0.9430
vn 0.0437 0.3371 -0.9405
vn 0.0437 0.3332 -0.9418
vn 0.0438 0.3309 -0.9427
vn 0.0439 0.3295 -0.9431
vn 0.0481 0.2644 -0.9632
vn 0.0438 0.3342 -0.9415
vn 0.0438 0.3329 -0.9419
vn 0.0438 0.3314 -0.9425
vn -0.0000 -0.2647 0.9643
vn -0.1435 -0.2620 0.9543
vn 0.0439 0.3313 -0.9425
vn 0.0438 0.3318 -0.9423
vn 0.0439 0.3315 -0.9424
vn 0.0457 0.3309 -0.9426
vn 0.0439 0.3330 -0.9419
vn 0.0441 0.3341 -0.9415
vn 0.0437 0.3328 -0.9420
vn 0.0444 0.3316 -0.9424
vn 0.0440 0.3332 -0.9418
vn 0.0439 0.3319 -0.9423
vn 0.0334 0.2646 -0.9638
vn 0.0439 0.3343 -0.9415
vn 0.0438 0.3319 -0.9423
vn 0.1479 0.9289 -0.3395
vn -0.0610 -0.9705 -0.2331
vn 0.0439 0.3310 -0.9426
vn 0.0438 0.3313 -0.9425
vn 0.1425 -0.9357 -0.3226
vn 0.2782 -0.9101 -0.3073
vn 0.2695 -0.9123 -0.3084
vn 0.1349 -0.9366 -0.3233
vn 0.4111 -0.8657 -0.2855
vn 0.4016 -0.8696 -0.2873
vn 0.5361 -0.8038 -0.2579
vn 0.5262 -0.8095 -0.2603
vn 0.6489 -0.7267 -0.2255
vn 0.6392 -0.7343 -0.2286
vn 0.7466 -0.6376 -0.1896
vn 0.7376 -0.6470 -0.1933
vn 0.8280 -0.5399 -0.1515
vn 0.8199 -0.5509 -0.1557
vn 0.8926 -0.4367 -0.1121
vn 0.8859 -0.4489 -0.1167
vn 0.9411 -0.3303 -0.0724
vn 0.9360 -0.3435 -0.0773
vn 0.9743 -0.2227 -0.0330
vn 0.9710 -0.2362 -0.0380
vn 0.9933 -0.1153 0.0056
vn 0.9917 -0.1285 0.0009
vn 0.9978 -0.0623 0.0245
vn 0.9990 -0.0088 0.0434
vn 0.9990 -0.0210 0.0391
vn 0.9920 0.0974 0.0804
vn 0.9933 0.0866 0.0767
vn 0.9719 0.2042 0.1171
vn 0.9741 0.1951 0.1140
vn 0.9380 0.3109 0.1530
vn 0.9407 0.3038 0.1507
vn 0.8893 0.4168 0.1880
vn 0.8921 0.4116 0.1863
vn 0.8248 0.5203 0.2214
vn 0.8271 0.5170 0.2204
vn 0.7435 0.6192 0.2525
vn 0.7451 0.6175 0.2519
vn 0.6933 0.6691 0.2677
vn -0.5413 0.8008 0.2566
vn -0.5510 0.7949 0.2541
vn -0.4811 0.8337 0.2710
vn -0.6531 0.7234 0.2241
vn -0.6624 0.7158 0.2210
vn -0.7492 0.6349 0.1885
vn -0.7578 0.6257 0.1849
vn -0.8289 0.5386 0.1510
vn -0.8364 0.5280 0.1469
vn -0.8924 0.4371 0.1123
vn -0.8986 0.4253 0.1079
vn -0.9404 0.3322 0.0731
vn -0.9451 0.3196 0.0685
vn -0.9737 0.2253 0.0340
vn -0.9768 0.2122 0.0292
vn -0.9931 0.1173 -0.0049
vn -0.9945 0.1042 -0.0096
vn -0.9990 0.0086 -0.0434
vn -0.9988 -0.0038 -0.0478
vn -0.9915 -0.1009 -0.0816
vn -0.9900 -0.1121 -0.0855
vn -0.9702 -0.2109 -0.1193
vn -0.9677 -0.2203 -0.1225
vn -0.9344 -0.3202 -0.1561
vn -0.9314 -0.3275 -0.1586
vn -0.8836 -0.4274 -0.1915
vn -0.8806 -0.4327 -0.1932
vn -0.9106 -0.3747 -0.1742
vn -0.8171 -0.5309 -0.2248
vn -0.8146 -0.5342 -0.2259
vn -0.7346 -0.6286 -0.2554
vn -0.7330 -0.6303 -0.2559
vn -0.6363 -0.7179 -0.2822
vn -0.6360 -0.7182 -0.2823
vn -0.5234 -0.7958 -0.3044
vn -0.5245 -0.7952 -0.3042
vn -0.3983 -0.8593 -0.3209
vn -0.4009 -0.8582 -0.3206
vn -0.2647 -0.9058 -0.3310
vn -0.2688 -0.9046 -0.3308
vn -0.1274 -0.9338 -0.3345
vn -0.1328 -0.9330 -0.3345
vn 0.0081 -0.9434 -0.3316
vn 0.0017 -0.9433 -0.3318
vn -0.1314 -0.9332 -0.3345
vn -0.2663 -0.9053 -0.3309
vn -0.2623 -0.9064 -0.3311
vn -0.1261 -0.9339 -0.3345
vn -0.3972 -0.8598 -0.3210
vn -0.3946 -0.8609 -0.3213
vn -0.5202 -0.7977 -0.3049
vn -0.5191 -0.7984 -0.3051
vn -0.6322 -0.7212 -0.2832
vn -0.6325 -0.7210 -0.2831
vn -0.7308 -0.6326 -0.2566
vn -0.7322 -0.6311 -0.2561
vn -0.8144 -0.5345 -0.2260
vn -0.8167 -0.5315 -0.2250
vn -0.8822 -0.4298 -0.1923
vn -0.8850 -0.4248 -0.1906
vn -0.9341 -0.3209 -0.1564
vn -0.9369 -0.3137 -0.1540
vn -0.9704 -0.2102 -0.1191
vn -0.9727 -0.2009 -0.1159
vn -0.9917 -0.0998 -0.0812
vn -0.9930 -0.0887 -0.0774
vn -0.9990 0.0087 -0.0434
vn -0.9990 0.0210 -0.0391
vn -0.9931 0.1169 -0.0051
vn -0.9915 0.1304 -0.0003
vn -0.9733 0.2268 0.0345
vn -0.9698 0.2407 0.0396
vn -0.9385 0.3370 0.0749
vn -0.9332 0.3505 0.0799
vn -0.8879 0.4454 0.1154
vn -0.8809 0.4578 0.1201
vn -0.8210 0.5494 0.1551
vn -0.8128 0.5603 0.1593
vn -0.7382 0.6464 0.1931
vn -0.7291 0.6555 0.1967
vn -0.6402 0.7335 0.2283
vn -0.6307 0.7408 0.2313
vn -0.5288 0.8080 0.2597
vn -0.5192 0.8135 0.2621
vn -0.4064 0.8677 0.2864
vn -0.3971 0.8714 0.2881
vn -0.2763 0.9105 0.3075
vn -0.2678 0.9127 0.3087
vn -0.1425 0.9357 0.3226
vn -0.1350 0.9366 0.3233
vn -0.0086 0.9434 0.3315
vn -0.0022 0.9433 0.3318
vn 0.1257 0.9340 0.3345
vn 0.1310 0.9333 0.3345
vn 0.2605 0.9069 0.3312
vn 0.2645 0.9058 0.3310
vn 0.3916 0.8621 0.3216
vn 0.3942 0.8610 0.3213
vn 0.5152 0.8007 0.3057
vn 0.5164 0.8000 0.3055
vn 0.6280 0.7245 0.2841
vn 0.6278 0.7247 0.2842
vn 0.7276 0.6359 0.2576
vn 0.7260 0.6374 0.2580
vn 0.8121 0.5376 0.2269
vn 0.8096 0.5408 0.2280
vn 0.8808 0.4323 0.1931
vn 0.8778 0.4376 0.1948
vn 0.9334 0.3228 0.1570
vn 0.9303 0.3303 0.1595
vn 0.9701 0.2114 0.1195
vn 0.9675 0.2210 0.1228
vn 0.9916 0.1003 0.0814
vn 0.9901 0.1117 0.0853
vn 0.9990 -0.0090 0.0433
vn 0.9989 0.0034 0.0477
vn 0.9930 -0.1183 0.0046
vn 0.9944 -0.1049 0.0093
vn 0.9728 -0.2291 -0.0354
vn 0.9760 -0.2156 -0.0304
vn 0.9375 -0.3397 -0.0759
vn 0.9425 -0.3266 -0.0711
vn 0.8865 -0.4479 -0.1163
vn 0.8930 -0.4359 -0.1118
vn 0.8195 -0.5514 -0.1559
vn 0.8273 -0.5408 -0.1518
vn 0.7368 -0.6478 -0.1937
vn 0.7455 -0.6388 -0.1901
vn 0.6390 -0.7345 -0.2287
vn 0.6482 -0.7272 -0.2257
vn 0.5276 -0.8087 -0.2600
vn 0.5370 -0.8033 -0.2577
vn 0.4049 -0.8683 -0.2867
vn 0.4140 -0.8645 -0.2849
vn 0.2740 -0.9111 -0.3078
vn 0.2825 -0.9089 -0.3067
vn 0.1388 -0.9362 -0.3229
vn 0.1464 -0.9353 -0.3223
vn 0.0036 -0.9434 -0.3318
vn 0.0100 -0.9434 -0.3315
vn -0.3898 0.8742 0.2895
vn -0.3672 0.8826 0.2935
vn -0.3654 0.8833 0.2938
vn -0.3884 0.8748 0.2897
vn -0.3389 0.8923 0.2982
vn -0.3368 0.8930 0.2985
vn -0.3052 0.9027 0.3034
vn -0.3028 0.9033 0.3038
vn -0.2669 0.9129 0.3088
vn -0.2644 0.9135 0.3091
vn -0.2254 0.9223 0.3140
vn -0.2227 0.9228 0.3143
vn -0.1823 0.9301 0.3188
vn -0.1797 0.9305 0.3190
vn -0.1398 0.9361 0.3229
vn -0.1375 0.9363 0.3231
vn -0.0998 0.9400 0.3261
vn -0.0978 0.9402 0.3263
vn -0.0639 0.9423 0.3286
vn -0.0622 0.9424 0.3287
vn -0.0330 0.9433 0.3304
vn -0.0316 0.9433 0.3304
vn 0.0144 0.9430 0.3325
vn 0.0176 0.9429 0.3326
vn 0.1119 0.9357 0.3344
vn 0.1171 0.9351 0.3345
vn 0.2504 0.9096 0.3317
vn 0.2550 0.9084 0.3315
vn 0.4041 0.8568 0.3203
vn 0.4072 0.8555 0.3199
vn 0.5602 0.7729 0.2980
vn 0.5609 0.7724 0.2979
vn 0.7013 0.6616 0.2654
vn 0.6997 0.6631 0.2659
vn 0.8138 0.5353 0.2262
vn 0.8106 0.5395 0.2275
vn 0.8934 0.4092 0.1855
vn 0.8899 0.4157 0.1877
vn 0.9443 0.2942 0.1474
vn 0.9414 0.3020 0.1501
vn 0.9741 0.1953 0.1140
vn 0.9721 0.2034 0.1168
vn 0.9898 0.1133 0.0859
vn 0.9887 0.1207 0.0885
vn 0.9969 0.0465 0.0627
vn 0.9965 0.0530 0.0650
vn 0.9988 0.0039 0.0478
vn 0.9988 0.0068 0.0489
vn 0.8846 -0.4513 -0.1176
vn 0.9318 -0.3539 -0.0812
vn 0.8991 -0.4244 -0.1075
vn 0.8214 -0.5490 -0.1549
vn 0.8939 0.4083 0.1852
vn 0.9120 0.3718 0.1732
vn 0.8786 0.4361 0.1943
vn 0.8428 0.4943 0.2131
vn -0.8991 0.4244 0.1075
vn -0.8214 0.5490 0.1549
vn -0.9990 0.0088 -0.0434
vn -0.8846 0.4513 0.1176
vn -0.9318 0.3539 0.0812
vn -0.8786 -0.4361 -0.1943
vn -0.8428 -0.4943 -0.2131
vn -0.8939 -0.4083 -0.1852
vn -0.9120 -0.3718 -0.1732
vn -0.9989 -0.0001 -0.0465
vn -0.9989 -0.0021 -0.0472
vn -0.9980 -0.0287 -0.0565
vn -0.9978 -0.0331 -0.0581
vn -0.9949 -0.0712 -0.0713
vn -0.9944 -0.0760 -0.0730
vn -0.9889 -0.1196 -0.0881
vn -0.9881 -0.1247 -0.0898
vn -0.9790 -0.1738 -0.1067
vn -0.9778 -0.1790 -0.1085
vn -0.9641 -0.2332 -0.1269
vn -0.9626 -0.2383 -0.1286
vn -0.9434 -0.2966 -0.1482
vn -0.9417 -0.3012 -0.1498
vn -0.9166 -0.3618 -0.1699
vn -0.9148 -0.3658 -0.1712
vn -0.8842 -0.4262 -0.1911
vn -0.8824 -0.4294 -0.1921
vn -0.8475 -0.4872 -0.2108
vn -0.8459 -0.4895 -0.2116
vn -0.8087 -0.5421 -0.2284
vn -0.8075 -0.5437 -0.2289
vn -0.7706 -0.5892 -0.2431
vn -0.7697 -0.5902 -0.2435
vn -0.7305 -0.6329 -0.2567
vn -0.7298 -0.6336 -0.2569
vn -0.6793 -0.6818 -0.2715
vn -0.6787 -0.6823 -0.2716
vn -0.6137 -0.7354 -0.2873
vn -0.5363 -0.7880 -0.3022
vn -0.5370 -0.7876 -0.3021
vn -0.4477 -0.8368 -0.3152
vn -0.4492 -0.8360 -0.3151
vn -0.3497 -0.8785 -0.3254
vn -0.3522 -0.8776 -0.3252
vn -0.2457 -0.9108 -0.3319
vn -0.2490 -0.9099 -0.3317
vn -0.1398 -0.9320 -0.3344
vn -0.1438 -0.9314 -0.3344
vn -0.0361 -0.9422 -0.3332
vn -0.0407 -0.9419 -0.3333
vn 0.0618 -0.9424 -0.3287
vn 0.0570 -0.9426 -0.3290
vn 0.1514 -0.9346 -0.3218
vn 0.1466 -0.9352 -0.3222
vn 0.2317 -0.9210 -0.3133
vn 0.2270 -0.9219 -0.3138
vn 0.9198 -0.3815 -0.0914
vn 0.8597 -0.4930 -0.1335
vn 0.8509 0.4818 0.2091
vn 0.8692 0.4523 0.1996
vn -0.3053 0.9026 0.3034
vn -0.3029 0.9033 0.3037
vn -0.2670 0.9129 0.3088
vn -0.1374 0.9363 0.3231
vn -0.0329 0.9433 0.3304
vn 0.1119 0.9358 0.3344
vn -0.8087 -0.5421 -0.2283
vn -0.8075 -0.5437 -0.2288
vn 0.8692 0.4524 0.1996
vt 0.375000 0.000000
vt 0.625000 0.000000
vt 0.625000 0.250000
vt 0.375000 0.250000
vt 0.621129 0.253868
vt 0.621139 0.496132
vt 0.375000 0.500000
vt 0.625000 0.500000
vt 0.625000 0.750000
vt 0.375000 0.750000
vt 0.625000 1.000000
vt 0.375000 1.000000
vt 0.125000 0.500000
vt 0.125000 0.750000
vt 0.875000 0.500000
vt 0.875000 0.750000
vt 0.378871 0.253850
vt 0.378861 0.496150
vt 0.597006 0.299953
vt 0.596167 0.300844
vt 0.595214 0.301539
vt 0.594151 0.302052
vt 0.592983 0.302394
vt 0.591713 0.302579
vt 0.590346 0.302618
vt 0.586822 0.302545
vt 0.586779 0.291468
vt 0.580220 0.291335
vt 0.580264 0.302409
vt 0.561627 0.302028
vt 0.561145 0.309717
vt 0.560866 0.314174
vt 0.580311 0.314579
vt 0.580344 0.323195
vt 0.580353 0.325519
vt 0.580396 0.336597
vt 0.559487 0.336146
vt 0.558946 0.344778
vt 0.558725 0.348292
vt 0.580442 0.348769
vt 0.580474 0.357385
vt 0.578963 0.364815
vt 0.578209 0.364719
vt 0.574481 0.365025
vt 0.570860 0.366098
vt 0.567387 0.367917
vt 0.564105 0.370462
vt 0.561056 0.373713
vt 0.558282 0.377648
vt 0.556699 0.380611
vt 0.556279 0.387317
vt 0.556182 0.388851
vt 0.556127 0.389730
vt 0.555869 0.393859
vt 0.554714 0.412295
vt 0.553875 0.425708
vt 0.553529 0.430778
vt 0.553008 0.437860
vt 0.553954 0.441033
vt 0.556093 0.446319
vt 0.558584 0.451007
vt 0.561385 0.455068
vt 0.564457 0.458474
vt 0.567757 0.461195
vt 0.571244 0.463202
vt 0.574876 0.464466
vt 0.578614 0.464957
vt 0.582416 0.464646
vt 0.586080 0.463537
vt 0.589574 0.461663
vt 0.591647 0.460019
vt 0.605853 0.284472
vt 0.598721 0.284326
vt 0.598839 0.284825
vt 0.598944 0.285296
vt 0.599036 0.285745
vt 0.599116 0.286178
vt 0.599185 0.286601
vt 0.599243 0.287021
vt 0.599291 0.287443
vt 0.599329 0.287875
vt 0.599358 0.288321
vt 0.599379 0.288788
vt 0.599391 0.289283
vt 0.599397 0.289811
vt 0.599334 0.292135
vt 0.599131 0.294188
vt 0.598793 0.295985
vt 0.598323 0.297536
vt 0.597726 0.298854
vt 0.597129 0.334157
vt 0.596290 0.335047
vt 0.595338 0.335742
vt 0.594275 0.336254
vt 0.593108 0.336595
vt 0.591838 0.336778
vt 0.590472 0.336816
vt 0.586950 0.336739
vt 0.586908 0.325660
vt 0.586900 0.323334
vt 0.586868 0.314717
vt 0.589572 0.314775
vt 0.591298 0.314752
vt 0.592878 0.314609
vt 0.594323 0.314350
vt 0.595645 0.313976
vt 0.596855 0.313492
vt 0.597964 0.312901
vt 0.598984 0.312205
vt 0.599927 0.311407
vt 0.600803 0.310512
vt 0.601624 0.309521
vt 0.602401 0.308437
vt 0.603147 0.307265
vt 0.603886 0.305943
vt 0.604550 0.304538
vt 0.605134 0.303044
vt 0.605633 0.301454
vt 0.606041 0.299762
vt 0.606351 0.297960
vt 0.606558 0.296042
vt 0.606657 0.294001
vt 0.606642 0.291830
vt 0.606506 0.289523
vt 0.606245 0.287073
vt 0.592862 0.459056
vt 0.595900 0.455747
vt 0.598653 0.451767
vt 0.601081 0.447148
vt 0.603148 0.441922
vt 0.604816 0.436121
vt 0.606046 0.429777
vt 0.606802 0.422923
vt 0.607045 0.415591
vt 0.606752 0.408128
vt 0.605953 0.401154
vt 0.604683 0.394699
vt 0.602980 0.388792
vt 0.600881 0.383462
vt 0.598423 0.378737
vt 0.595643 0.374646
vt 0.592578 0.371219
vt 0.589265 0.368484
vt 0.585741 0.366470
vt 0.582043 0.365205
vt 0.587026 0.357531
vt 0.586995 0.348914
vt 0.589698 0.348973
vt 0.591423 0.348952
vt 0.593002 0.348811
vt 0.594446 0.348553
vt 0.595768 0.348181
vt 0.596977 0.347698
vt 0.598086 0.347107
vt 0.599106 0.346412
vt 0.600048 0.345615
vt 0.600924 0.344720
vt 0.601744 0.343729
vt 0.602522 0.342647
vt 0.603267 0.341475
vt 0.604005 0.340153
vt 0.604669 0.338749
vt 0.605254 0.337256
vt 0.605752 0.335666
vt 0.606160 0.333974
vt 0.606470 0.332172
vt 0.606677 0.330254
vt 0.606776 0.328213
vt 0.606761 0.326042
vt 0.606626 0.323735
vt 0.606365 0.321284
vt 0.605972 0.318683
vt 0.598844 0.318529
vt 0.598962 0.319028
vt 0.599067 0.319500
vt 0.599159 0.319949
vt 0.599239 0.320382
vt 0.599308 0.320805
vt 0.599366 0.321225
vt 0.599414 0.321648
vt 0.599452 0.322079
vt 0.599481 0.322525
vt 0.599501 0.322993
vt 0.599514 0.323488
vt 0.599519 0.324016
vt 0.599456 0.326340
vt 0.599254 0.328394
vt 0.598915 0.330190
vt 0.598445 0.331741
vt 0.597848 0.333059
vt 0.560009 0.433088
vt 0.558795 0.428859
vt 0.557895 0.424311
vt 0.557332 0.419479
vt 0.557125 0.414398
vt 0.557289 0.409295
vt 0.557813 0.404462
vt 0.558675 0.399935
vt 0.559854 0.395746
vt 0.561331 0.391930
vt 0.563085 0.388521
vt 0.565094 0.385554
vt 0.567340 0.383061
vt 0.569800 0.381079
vt 0.572454 0.379640
vt 0.575281 0.378780
vt 0.578262 0.378532
vt 0.581262 0.378917
vt 0.584108 0.379907
vt 0.586780 0.381469
vt 0.589257 0.383566
vt 0.591520 0.386164
vt 0.593549 0.389227
vt 0.595323 0.392721
vt 0.596823 0.396611
vt 0.598028 0.400860
vt 0.598920 0.405434
vt 0.599476 0.410298
vt 0.599679 0.415416
vt 0.599512 0.420495
vt 0.598990 0.425307
vt 0.598132 0.429818
vt 0.596957 0.433993
vt 0.595485 0.437798
vt 0.593737 0.441198
vt 0.591732 0.444158
vt 0.589489 0.446643
vt 0.587029 0.448619
vt 0.584371 0.450051
vt 0.581536 0.450905
vt 0.578541 0.451146
vt 0.575563 0.450755
vt 0.572734 0.449760
vt 0.570072 0.448196
vt 0.567599 0.446099
vt 0.565335 0.443503
vt 0.563301 0.440446
vt 0.561518 0.436962
vt 0.915254 0.000000
vt 0.898305 0.000000
vt 0.932203 0.000000
vt 0.949153 0.000000
vt 0.881356 0.000000
vt 0.966102 0.000000
vt 0.864407 0.000000
vt 0.983051 0.000000
vt 0.847458 0.000000
vt 1.000000 0.000000
vt 0.830508 0.000000
vt 0.813559 0.000000
vt 0.796610 0.000000
vt 0.779661 0.000000
vt 0.033898 0.000000
vt 0.016949 0.000000
vt 0.000000 0.000000
vt 0.762712 0.000000
vt 0.067797 0.000000
vt 0.050847 0.000000
vt 0.745763 0.000000
vt 0.101695 0.000000
vt 0.084746 0.000000
vt 0.728814 0.000000
vt 0.118644 0.000000
vt 0.711864 0.000000
vt 0.169492 0.000000
vt 0.152542 0.000000
vt 0.135593 0.000000
vt 0.694915 0.000000
vt 0.186441 0.000000
vt 0.203390 0.000000
vt 0.220339 0.000000
vt 0.237288 0.000000
vt 0.677966 0.000000
vt 0.254237 0.000000
vt 0.271186 0.000000
vt 0.661017 0.000000
vt 0.288136 0.000000
vt 0.305085 0.000000
vt 0.644068 0.000000
vt 0.322034 0.000000
vt 0.627119 0.000000
vt 0.338983 0.000000
vt 0.610169 0.000000
vt 0.355932 0.000000
vt 0.372881 0.000000
vt 0.593220 0.000000
vt 0.389830 0.000000
vt 0.576271 0.000000
vt 0.406780 0.000000
vt 0.559322 0.000000
vt 0.542373 0.000000
vt 0.525424 0.000000
vt 0.423729 0.000000
vt 0.440678 0.000000
vt 0.508475 0.000000
vt 0.457627 0.000000
vt 0.497577 0.000000
vt 0.479089 0.000000
vt 0.468070 0.000000
vt 0.496298 0.000000
vt 0.481718 0.000000
vt 0.469349 0.000000
vt 0.494737 0.000000
vt 0.484211 0.000000
vt 0.010526 0.000000
vt 0.473684 0.000000
vt 0.021053 0.000000
vt 0.463158 0.000000
vt 0.031579 0.000000
vt 0.452632 0.000000
vt 0.042105 0.000000
vt 0.442105 0.000000
vt 0.052632 0.000000
vt 0.431579 0.000000
vt 0.747368 0.000000
vt 0.757895 0.000000
vt 0.736842 0.000000
vt 0.726316 0.000000
vt 0.768421 0.000000
vt 0.715789 0.000000
vt 0.778947 0.000000
vt 0.063158 0.000000
vt 0.421053 0.000000
vt 0.705263 0.000000
vt 0.789474 0.000000
vt 0.694737 0.000000
vt 0.800000 0.000000
vt 0.073684 0.000000
vt 0.410526 0.000000
vt 0.684211 0.000000
vt 0.810526 0.000000
vt 0.673684 0.000000
vt 0.821053 0.000000
vt 0.084211 0.000000
vt 0.400000 0.000000
vt 0.663158 0.000000
vt 0.831579 0.000000
vt 0.094737 0.000000
vt 0.389474 0.000000
vt 0.652632 0.000000
vt 0.842105 0.000000
vt 0.642105 0.000000
vt 0.852632 0.000000
vt 0.105263 0.000000
vt 0.378947 0.000000
vt 0.631579 0.000000
vt 0.863158 0.000000
vt 0.115789 0.000000
vt 0.368421 0.000000
vt 0.621053 0.000000
vt 0.873684 0.000000
vt 0.357895 0.000000
vt 0.884211 0.000000
vt 0.610526 0.000000
vt 0.126316 0.000000
vt 0.894737 0.000000
vt 0.600000 0.000000
vt 0.136842 0.000000
vt 0.347368 0.000000
vt 0.905263 0.000000
vt 0.589474 0.000000
vt 0.147368 0.000000
vt 0.336842 0.000000
vt 0.578947 0.000000
vt 0.915789 0.000000
vt 0.157895 0.000000
vt 0.326316 0.000000
vt 0.568421 0.000000
vt 0.926316 0.000000
vt 0.557895 0.000000
vt 0.936842 0.000000
vt 0.168421 0.000000
vt 0.315789 0.000000
vt 0.547368 0.000000
vt 0.947368 0.000000
vt 0.536842 0.000000
vt 0.957895 0.000000
vt 0.178947 0.000000
vt 0.305263 0.000000
vt 0.526316 0.000000
vt 0.968421 0.000000
vt 0.515789 0.000000
vt 0.978947 0.000000
vt 0.263950 0.000000
vt 0.185729 0.000000
vt 0.294737 0.000000
vt 0.266582 0.000000
vt 0.263950 0.000000
vt 0.505263 0.000000
vt 0.989474 0.000000
vt 0.378119 0.000000
vt 0.208551 0.000000
vt 0.378119 0.000000
vt 0.239948 0.000000
vt 0.260110 0.000000
vt 0.284211 0.000000
vt 0.268365 0.000000
vt 0.278506 0.000000
vt 0.268365 0.000000
vt 0.020833 0.000000
vt 0.020833 0.467261
vt 0.000000 0.478730
vt 0.041667 0.000000
vt 0.041667 0.451749
vt 0.020833 0.467261
vt 0.062500 0.000000
vt 0.062500 0.432555
vt 0.041667 0.451749
vt 0.083333 0.000000
vt 0.083333 0.410038
vt 0.062500 0.432555
vt 0.104167 0.000000
vt 0.104167 0.384558
vt 0.083333 0.410039
vt 0.125000 0.000000
vt 0.125000 0.356474
vt 0.104167 0.384558
vt 0.145833 0.000000
vt 0.145833 0.326145
vt 0.125000 0.356474
vt 0.145833 0.326145
vt 0.166667 0.000000
vt 0.166667 0.293930
vt 0.166667 0.293930
vt 0.187500 0.000000
vt 0.187500 0.260190
vt 0.187500 0.260190
vt 0.208333 0.000000
vt 0.208333 0.225283
vt 0.225071 0.196589
vt 0.208333 0.225283
vt 0.229167 0.000000
vt 0.229167 0.189568
vt 0.229167 0.189569
vt 0.250000 0.000000
vt 0.250000 0.155297
vt 0.250000 0.155297
vt 0.270833 0.000000
vt 0.270833 0.122455
vt 0.270833 0.122456
vt 0.291667 0.000000
vt 0.291667 0.091420
vt 0.291667 0.091421
vt 0.312500 0.000000
vt 0.312500 0.062568
vt 0.312500 0.062568
vt 0.333333 0.000000
vt 0.333333 0.036274
vt 0.333333 0.036274
vt 0.354167 0.000000
vt 0.354167 0.012916
vt 0.354167 0.012916
vt 0.367589 0.000000
vt 0.562500 0.000000
vt 0.562500 0.010796
vt 0.551210 0.000000
vt 0.562500 0.010796
vt 0.583333 0.000000
vt 0.583333 0.033938
vt 0.583333 0.033939
vt 0.604167 0.000000
vt 0.604167 0.059904
vt 0.604167 0.059904
vt 0.625000 0.088295
vt 0.625000 0.088295
vt 0.645833 0.000000
vt 0.645833 0.118716
vt 0.666667 0.000000
vt 0.666667 0.150766
vt 0.645833 0.118715
vt 0.687500 0.000000
vt 0.687500 0.184050
vt 0.708333 0.000000
vt 0.708333 0.218170
vt 0.687500 0.184050
vt 0.729167 0.000000
vt 0.729167 0.252729
vt 0.708333 0.218171
vt 0.750000 0.000000
vt 0.750000 0.287333
vt 0.729167 0.252729
vt 0.770833 0.000000
vt 0.770833 0.320141
vt 0.750000 0.287333
vt 0.791667 0.000000
vt 0.791667 0.351118
vt 0.770833 0.320141
vt 0.812500 0.000000
vt 0.812500 0.380013
vt 0.804805 0.369341
vt 0.791667 0.351118
vt 0.833333 0.000000
vt 0.833333 0.406195
vt 0.812500 0.380013
vt 0.854167 0.000000
vt 0.854167 0.429334
vt 0.833333 0.406195
vt 0.875000 0.000000
vt 0.875000 0.449101
vt 0.854167 0.429334
vt 0.895833 0.000000
vt 0.895833 0.465164
vt 0.875000 0.449101
vt 0.916667 0.000000
vt 0.916667 0.477196
vt 0.895833 0.465165
vt 0.937500 0.000000
vt 0.937500 0.484866
vt 0.916667 0.477196
vt 0.958333 0.000000
vt 0.958333 0.487844
vt 0.937500 0.484866
vt 0.979167 0.000000
vt 0.979167 0.485800
vt 0.958333 0.487844
vt 1.000000 0.478730
vt 0.979167 0.485799
vt 0.020833 0.024116
vt 0.000000 0.022075
vt 0.041667 0.029460
vt 0.020833 0.024116
vt 0.062500 0.037939
vt 0.041667 0.029460
vt 0.083333 0.049380
vt 0.062500 0.037939
vt 0.104167 0.063614
vt 0.083333 0.049380
vt 0.125000 0.080469
vt 0.104167 0.063614
vt 0.145833 0.099775
vt 0.125000 0.080469
vt 0.166667 0.121362
vt 0.145833 0.099776
vt 0.187500 0.145058
vt 0.166667 0.121362
vt 0.208333 0.170693
vt 0.187500 0.145058
vt 0.229167 0.198095
vt 0.208333 0.170693
vt 0.250000 0.226048
vt 0.229167 0.198095
vt 0.270833 0.252929
vt 0.250000 0.226048
vt 0.291667 0.278533
vt 0.270833 0.252929
vt 0.312500 0.302655
vt 0.291667 0.278533
vt 0.312500 0.302655
vt 0.333333 0.325089
vt 0.354167 0.345630
vt 0.354167 0.345630
vt 0.375000 0.364071
vt 0.375000 0.364071
vt 0.395833 0.000000
vt 0.395833 0.380207
vt 0.395833 0.380207
vt 0.416667 0.000000
vt 0.416667 0.393833
vt 0.416667 0.393833
vt 0.437500 0.000000
vt 0.437500 0.404743
vt 0.458333 0.000000
vt 0.458333 0.412733
vt 0.458333 0.412733
vt 0.479167 0.000000
vt 0.479167 0.417592
vt 0.479167 0.417593
vt 0.500000 0.000000
vt 0.500000 0.419024
vt 0.500000 0.419023
vt 0.520833 0.000000
vt 0.520833 0.417005
vt 0.520833 0.417005
vt 0.541667 0.000000
vt 0.541667 0.411700
vt 0.562500 0.403273
vt 0.562500 0.403273
vt 0.583333 0.391886
vt 0.583333 0.391886
vt 0.604167 0.377700
vt 0.604167 0.377700
vt 0.625000 0.360878
vt 0.625000 0.360878
vt 0.645833 0.341584
vt 0.645833 0.341583
vt 0.666667 0.319978
vt 0.687500 0.296225
vt 0.708333 0.270486
vt 0.708333 0.270486
vt 0.729167 0.242924
vt 0.729167 0.242924
vt 0.750000 0.215193
vt 0.770833 0.188619
vt 0.770833 0.188619
vt 0.791667 0.163194
vt 0.791667 0.163194
vt 0.812500 0.139134
vt 0.833333 0.116654
vt 0.812500 0.139134
vt 0.854167 0.095969
vt 0.833333 0.116654
vt 0.875000 0.077296
vt 0.854167 0.095969
vt 0.895833 0.061005
vt 0.875000 0.077296
vt 0.916667 0.047328
vt 0.895833 0.061005
vt 0.937500 0.036376
vt 0.916667 0.047328
vt 0.958333 0.028366
vt 0.937500 0.036376
vt 0.979167 0.023510
vt 0.958333 0.028366
vt 1.000000 0.022075
vt 0.979167 0.023510
vt 0.016667 0.000000
vt 0.016667 0.355900
vt 0.000000 0.354656
vt 0.033333 0.000000
vt 0.033333 0.357013
vt 0.016667 0.355900
vt 0.050000 0.000000
vt 0.050000 0.358006
vt 0.033333 0.357013
vt 0.066667 0.000000
vt 0.066667 0.358889
vt 0.050000 0.358006
vt 0.083333 0.359668
vt 0.066667 0.358888
vt 0.100000 0.000000
vt 0.100000 0.360357
vt 0.083333 0.359669
vt 0.116667 0.000000
vt 0.116667 0.360958
vt 0.100000 0.360356
vt 0.133333 0.000000
vt 0.133333 0.361489
vt 0.116667 0.360958
vt 0.150000 0.000000
vt 0.150000 0.361951
vt 0.166667 0.362355
vt 0.150000 0.361950
vt 0.183333 0.000000
vt 0.183333 0.362715
vt 0.166667 0.362356
vt 0.183333 0.362715
vt 0.200000 0.000000
vt 0.200000 0.363494
vt 0.200000 0.363493
vt 0.216667 0.000000
vt 0.216667 0.362820
vt 0.216667 0.362820
vt 0.233333 0.000000
vt 0.233333 0.360742
vt 0.233333 0.360742
vt 0.250000 0.357307
vt 0.250000 0.357307
vt 0.266667 0.000000
vt 0.266667 0.352562
vt 0.266667 0.352561
vt 0.283333 0.000000
vt 0.283333 0.346553
vt 0.283333 0.346553
vt 0.300000 0.000000
vt 0.300000 0.339328
vt 0.300000 0.339328
vt 0.316667 0.000000
vt 0.316667 0.330935
vt 0.316667 0.330935
vt 0.333333 0.321420
vt 0.333333 0.321420
vt 0.350000 0.000000
vt 0.350000 0.310830
vt 0.350000 0.310829
vt 0.366667 0.000000
vt 0.366667 0.299211
vt 0.366667 0.299212
vt 0.383333 0.000000
vt 0.383333 0.286613
vt 0.383333 0.286613
vt 0.400000 0.254026
vt 0.416667 0.247188
vt 0.400000 0.254025
vt 0.416667 0.247187
vt 0.433333 0.000000
vt 0.433333 0.186559
vt 0.433333 0.186559
vt 0.450000 0.000000
vt 0.450000 0.193398
vt 0.461526 0.000000
vt 0.450000 0.193398
vt 0.500000 0.200911
vt 0.488026 0.000000
vt 0.500000 0.200911
vt 0.516667 0.000000
vt 0.516667 0.206230
vt 0.533333 0.000000
vt 0.533333 0.266858
vt 0.516667 0.206230
vt 0.550000 0.000000
vt 0.550000 0.261539
vt 0.533333 0.266857
vt 0.566667 0.000000
vt 0.566667 0.286548
vt 0.550000 0.261539
vt 0.583333 0.302476
vt 0.566667 0.286548
vt 0.600000 0.316984
vt 0.583333 0.302476
vt 0.616667 0.000000
vt 0.616667 0.330180
vt 0.633333 0.000000
vt 0.633333 0.342169
vt 0.616667 0.330179
vt 0.650000 0.000000
vt 0.650000 0.353061
vt 0.633333 0.342170
vt 0.666667 0.362962
vt 0.650000 0.353062
vt 0.683333 0.000000
vt 0.683333 0.371978
vt 0.666667 0.362962
vt 0.700000 0.000000
vt 0.700000 0.380217
vt 0.683333 0.371978
vt 0.716667 0.000000
vt 0.716667 0.387785
vt 0.700000 0.380217
vt 0.733333 0.000000
vt 0.733333 0.394791
vt 0.716667 0.387785
vt 0.733333 0.394791
vt 0.750000 0.401340
vt 0.750000 0.401340
vt 0.766667 0.000000
vt 0.766667 0.407540
vt 0.766667 0.407540
vt 0.783333 0.000000
vt 0.783333 0.413589
vt 0.800000 0.418905
vt 0.800000 0.418905
vt 0.816667 0.000000
vt 0.816667 0.423430
vt 0.833333 0.427107
vt 0.833333 0.427107
vt 0.850000 0.000000
vt 0.850000 0.429880
vt 0.850000 0.429880
vt 0.866667 0.000000
vt 0.866667 0.431692
vt 0.866667 0.431692
vt 0.883333 0.000000
vt 0.883333 0.432486
vt 0.883333 0.432487
vt 0.900000 0.000000
vt 0.900000 0.432206
vt 0.900000 0.432207
vt 0.916667 0.430795
vt 0.916667 0.430795
vt 0.933333 0.000000
vt 0.933333 0.428196
vt 0.950000 0.000000
vt 0.950000 0.424354
vt 0.933333 0.428197
vt 0.966667 0.000000
vt 0.966667 0.419208
vt 0.950000 0.424353
vt 0.966667 0.419208
vt 0.983333 0.000000
vt 0.983333 0.353275
vt 1.000000 0.354656
vt 0.983333 0.353275
vt 0.016667 0.334794
vt 0.000000 0.333550
vt 0.033333 0.335907
vt 0.016667 0.334793
vt 0.050000 0.336901
vt 0.033333 0.335906
vt 0.066667 0.337783
vt 0.050000 0.336900
vt 0.083333 0.338563
vt 0.066667 0.337782
vt 0.100000 0.339249
vt 0.083334 0.338562
vt 0.116667 0.339853
vt 0.100000 0.339251
vt 0.133333 0.340382
vt 0.116667 0.339853
vt 0.150000 0.340843
vt 0.133334 0.340382
vt 0.166667 0.341250
vt 0.150000 0.340844
vt 0.183334 0.341608
vt 0.166667 0.341250
vt 0.183333 0.341610
vt 0.200000 0.342387
vt 0.200000 0.342387
vt 0.216667 0.341714
vt 0.216667 0.341714
vt 0.233333 0.339637
vt 0.233333 0.339636
vt 0.250000 0.336201
vt 0.250000 0.336201
vt 0.266667 0.331456
vt 0.266667 0.331456
vt 0.283333 0.325447
vt 0.283333 0.325447
vt 0.300000 0.318223
vt 0.300000 0.318223
vt 0.316667 0.309829
vt 0.316667 0.309830
vt 0.333333 0.300314
vt 0.333333 0.300314
vt 0.350000 0.289724
vt 0.350000 0.289724
vt 0.366667 0.278106
vt 0.366667 0.278106
vt 0.383333 0.265508
vt 0.383333 0.265508
vt 0.400000 0.232920
vt 0.416667 0.226082
vt 0.400000 0.232920
vt 0.416667 0.226082
vt 0.433333 0.165454
vt 0.433333 0.165454
vt 0.450000 0.172292
vt 0.460268 0.000000
vt 0.450000 0.172292
vt 0.500000 0.179806
vt 0.489284 0.000000
vt 0.500000 0.179805
vt 0.516667 0.185124
vt 0.533333 0.245752
vt 0.516667 0.185124
vt 0.550000 0.240433
vt 0.533333 0.245752
vt 0.566667 0.265443
vt 0.550000 0.240434
vt 0.583333 0.281370
vt 0.566667 0.265443
vt 0.600000 0.295878
vt 0.583333 0.281370
vt 0.616667 0.309074
vt 0.600000 0.295878
vt 0.633333 0.321064
vt 0.616667 0.309074
vt 0.650000 0.331956
vt 0.633333 0.321064
vt 0.666667 0.341857
vt 0.650000 0.331956
vt 0.683333 0.350873
vt 0.666667 0.341857
vt 0.700000 0.359111
vt 0.683333 0.350873
vt 0.716667 0.366680
vt 0.700000 0.359112
vt 0.733333 0.373685
vt 0.716667 0.366680
vt 0.733333 0.373685
vt 0.750000 0.380234
vt 0.750000 0.380235
vt 0.766667 0.386434
vt 0.766667 0.386434
vt 0.783333 0.392484
vt 0.800000 0.397799
vt 0.800000 0.397799
vt 0.816667 0.402324
vt 0.816667 0.402324
vt 0.833333 0.406001
vt 0.833333 0.406001
vt 0.850000 0.408774
vt 0.850000 0.408774
vt 0.866667 0.410586
vt 0.866667 0.410586
vt 0.883333 0.411381
vt 0.883333 0.411382
vt 0.900000 0.411102
vt 0.900000 0.411102
vt 0.916667 0.409691
vt 0.933333 0.407091
vt 0.916667 0.409691
vt 0.950000 0.403247
vt 0.933333 0.407090
vt 0.966667 0.398102
vt 0.950000 0.403248
vt 0.966667 0.398103
vt 0.983333 0.332169
vt 1.000000 0.333551
vt 0.983333 0.332169
s 0
usemtl Material.582
f 275/556/239 276/557/239 278/558/239 277/559/239
f 284/560/240 285/561/240 289/561/240 288/560/240
f 281/562/241 282/563/241 280/564/241 279/565/241
f 279/565/242 280/564/242 276/566/242 275/567/242
f 277/568/243 281/562/243 279/565/243 275/569/243
f 282/563/244 278/570/244 276/571/244 280/564/244
f 277/559/245 278/558/245 284/560/245 283/572/245
f 278/558/246 282/563/246 285/561/246 284/560/246
f 282/563/247 281/562/247 286/573/247 285/561/247
f 281/562/248 277/559/248 283/572/248 286/573/248
f 524/574/249 521/575/249 523/576/249 522/577/249 529/578/249 541/579/249 540/580/249 528/581/249 509/582/249 516/583/249 527/584/249 526/585/249 539/586/249 557/587/249 551/588/249 558/589/249 590/590/249 586/591/249 585/592/249 606/593/249 605/594/249 601/595/249 597/596/249 599/597/249 598/598/249 596/599/249 610/600/249 629/601/249 628/602/249 627/603/249 626/604/249 623/605/249 622/606/249 646/607/249 645/608/249 644/609/249 657/610/249 668/611/249 694/612/249 697/613/249 695/614/249 699/615/249 709/616/249 710/617/249 711/618/249 712/619/249 706/620/249 707/621/249 704/622/249 705/623/249 708/624/249 681/625/249 682/626/249 289/561/249 290/573/249 287/572/249 288/560/249 495/627/249 494/628/249 496/629/249 497/630/249 498/631/249 501/632/249 502/633/249 503/634/249 504/635/249 499/636/249 514/637/249 515/638/249 507/639/249 506/640/249 508/641/249 512/642/249 511/643/249 518/644/249 517/645/249
f 579/646/250 588/647/250 582/648/250 584/649/250 583/650/250 608/651/250 607/652/250 587/653/250 572/654/250 590/590/250 558/589/250 569/655/250 547/656/250 548/657/250 549/658/250 550/659/250 552/660/250 545/661/250 544/662/250 543/663/250 530/664/250 531/665/250 532/666/250 533/667/250 534/668/250 535/669/250 536/670/250 537/671/250 538/672/250 525/673/250 519/674/250 520/675/250 542/676/250 513/677/250 510/678/250 505/679/250 500/680/250 495/627/250 288/560/250 289/561/250 682/626/250 683/681/250 686/682/250 687/683/250 688/684/250 676/685/250 677/686/250 672/687/250 664/688/250 660/689/250 655/690/250 652/691/250 650/692/250 647/693/250 621/694/250 634/695/250 633/696/250 632/697/250 631/698/250 630/699/250 612/700/250 599/597/250 597/596/250 600/701/250 602/702/250 594/703/250 595/704/250 603/705/250 604/706/250 593/707/250 609/708/250 592/709/250 635/710/250 636/711/250 637/712/250 638/713/250 639/714/250 640/715/250 641/716/250 692/717/250 693/718/250 589/719/250 581/720/250 591/721/250 577/722/250 575/723/250 571/724/250 567/725/250 554/726/250 566/727/250 546/728/250 560/729/250 559/730/250 561/731/250 562/732/250 563/733/250 564/734/250 565/735/250 553/736/250 555/737/250 556/738/250 570/739/250 568/740/250 573/741/250 574/742/250 576/743/250 580/744/250 578/745/250
f 670/746/251 667/747/251 662/748/251 665/749/251 666/750/251 656/751/251 659/752/251 651/753/251 648/754/251 642/755/251 690/756/251 619/757/251 624/758/251 616/759/251 614/760/251 611/761/251 613/762/251 615/763/251 617/764/251 625/765/251 620/766/251 618/767/251 691/768/251 643/769/251 649/770/251 653/771/251 654/772/251 658/773/251 661/774/251 663/775/251 669/776/251 671/777/251 674/778/251 673/779/251 675/780/251 689/781/251 678/782/251 680/783/251 679/784/251 685/785/251 684/786/251 713/787/251 702/788/251 701/789/251 703/790/251 700/791/251 696/792/251 698/793/251
f 283/572/252 284/560/252 288/560/252 287/572/252
f 285/561/253 286/573/253 290/573/253 289/561/253
f 286/573/254 283/572/254 287/572/254 290/573/254
f 343/794/255 342/795/255 344/796/255
f 344/796/256 342/795/256 345/797/256
f 342/795/256 341/798/256 345/797/256
f 345/797/257 341/798/257 346/799/257
f 341/798/257 340/800/257 346/799/257
f 346/799/257 340/800/257 347/801/257
f 340/800/257 339/802/257 347/801/257
f 347/801/257 339/802/257 348/803/257
f 339/802/257 338/804/257 348/803/257
f 338/804/257 337/805/257 348/803/257
f 337/805/257 336/806/257 348/803/257
f 336/806/257 335/807/257 293/808/257
f 292/809/258 336/806/258 293/808/258
f 291/810/259 336/806/259 292/809/259
f 348/803/260 336/806/260 291/810/260
f 335/807/257 334/811/257 295/812/257
f 294/813/261 335/807/261 295/812/261
f 293/808/262 335/807/262 294/813/262
f 334/811/257 333/814/257 297/815/257
f 296/816/263 334/811/263 297/815/263
f 295/812/264 334/811/264 296/816/264
f 333/814/257 332/817/257 298/818/257
f 297/815/265 333/814/265 298/818/265
f 332/817/257 331/819/257 301/820/257
f 300/821/266 332/817/266 301/820/266
f 299/822/267 332/817/267 300/821/267
f 298/818/268 332/817/268 299/822/268
f 331/819/257 330/823/257 302/824/257
f 301/820/269 331/819/269 302/824/269
f 302/824/270 330/823/270 303/825/270
f 303/825/271 330/823/271 304/826/271
f 304/826/257 330/823/257 305/827/257
f 330/823/257 329/828/257 305/827/257
f 305/827/257 329/828/257 306/829/257
f 306/829/257 329/828/257 307/830/257
f 329/828/257 328/831/257 307/830/257
f 307/830/257 328/831/257 308/832/257
f 308/832/257 328/831/257 309/833/257
f 328/831/257 327/834/257 309/833/257
f 309/833/257 327/834/257 310/835/257
f 327/834/257 326/836/257 310/835/257
f 310/835/257 326/836/257 311/837/257
f 326/836/257 325/838/257 311/837/257
f 311/837/257 325/838/257 312/839/257
f 312/839/257 325/838/257 313/840/257
f 325/838/257 324/841/257 313/840/257
f 313/840/257 324/841/257 314/842/257
f 324/841/257 323/843/257 314/842/257
f 314/842/257 323/843/257 315/844/257
f 323/843/257 322/845/257 315/844/257
f 321/846/257 320/847/257 322/845/257
f 322/845/257 320/847/257 315/844/257
f 315/844/257 320/847/257 316/848/257
f 316/848/257 320/847/257 317/849/257
f 319/850/272 317/849/272 320/847/272
f 318/851/257 319/850/257 557/852/257 539/853/257
f 318/851/273 317/849/273 319/850/273
f 318/851/257 539/853/257 526/854/257
f 401/794/274 400/795/274 402/796/274
f 402/796/275 400/795/275 403/797/275
f 400/795/256 399/798/256 403/797/256
f 403/797/257 399/798/257 404/799/257
f 399/798/256 398/800/256 404/799/256
f 404/799/257 398/800/257 405/801/257
f 398/800/256 397/802/256 405/801/256
f 405/801/257 397/802/257 406/803/257
f 397/802/257 396/804/257 406/803/257
f 396/804/257 395/805/257 406/803/257
f 395/805/257 394/806/257 406/803/257
f 394/806/257 393/807/257 351/808/257
f 350/809/276 394/806/276 351/808/276
f 349/810/259 394/806/259 350/809/259
f 406/803/277 394/806/277 349/810/277
f 393/807/257 392/811/257 353/812/257
f 352/813/278 393/807/278 353/812/278
f 351/808/279 393/807/279 352/813/279
f 392/811/257 391/814/257 355/815/257
f 354/816/280 392/811/280 355/815/280
f 353/812/281 392/811/281 354/816/281
f 391/814/257 390/817/257 356/818/257
f 355/815/282 391/814/282 356/818/282
f 390/817/257 389/819/257 359/820/257
f 358/821/283 390/817/283 359/820/283
f 357/822/257 390/817/257 358/821/257
f 356/818/284 390/817/284 357/822/284
f 389/819/257 388/823/257 360/824/257
f 359/820/285 389/819/285 360/824/285
f 360/824/286 388/823/286 361/825/286
f 361/825/257 388/823/257 362/826/257
f 362/826/257 388/823/257 363/827/257
f 388/823/257 387/828/257 363/827/257
f 363/827/256 387/828/256 364/829/256
f 364/829/257 387/828/257 365/830/257
f 387/828/257 386/831/257 365/830/257
f 365/830/257 386/831/257 366/832/257
f 366/832/257 386/831/257 367/833/257
f 386/831/257 385/834/257 367/833/257
f 367/833/257 385/834/257 368/835/257
f 385/834/257 384/836/257 368/835/257
f 368/835/257 384/836/257 369/837/257
f 384/836/257 383/838/257 369/837/257
f 369/837/257 383/838/257 370/839/257
f 370/839/257 383/838/257 371/840/257
f 383/838/257 382/841/257 371/840/257
f 371/840/257 382/841/257 372/842/257
f 382/841/257 381/843/257 372/842/257
f 372/842/257 381/843/257 373/844/257
f 381/843/257 380/845/257 373/844/257
f 379/846/257 378/847/257 380/845/257
f 380/845/257 378/847/257 373/844/257
f 373/844/257 378/847/257 374/848/257
f 374/848/257 378/847/257 375/849/257
f 375/849/287 378/847/287 377/850/287
f 376/851/257 377/850/257 605/855/257 606/856/257
f 375/849/288 377/850/288 376/851/288
f 376/851/257 606/856/257 585/857/257
f 445/858/257 444/859/257 407/810/257
f 407/810/257 444/859/257 408/860/257
f 444/859/257 443/861/257 408/860/257
f 408/860/257 443/861/257 409/862/257
f 443/861/257 442/863/257 409/862/257
f 409/862/257 442/863/257 410/864/257
f 442/863/257 441/865/257 410/864/257
f 410/864/257 441/865/257 411/866/257
f 441/865/257 440/867/257 411/866/257
f 411/866/257 440/867/257 412/868/257
f 440/867/257 439/869/257 469/870/257
f 412/868/256 440/867/256 469/870/256
f 469/870/289 439/869/289 470/871/289
f 412/868/290 469/870/290 468/872/290
f 412/868/257 468/872/257 467/873/257
f 470/871/257 439/869/257 471/874/257
f 412/868/257 467/873/257 466/875/257
f 471/874/257 439/869/257 472/876/257
f 412/868/257 466/875/257 413/877/257
f 439/869/257 438/878/257 472/876/257
f 413/877/257 466/875/257 465/879/257
f 472/876/257 438/878/257 473/880/257
f 413/877/257 465/879/257 464/881/257
f 473/880/257 438/878/257 474/882/257
f 413/877/257 464/881/257 414/883/257
f 438/878/257 437/884/257 474/882/257
f 414/883/257 464/881/257 463/885/257
f 474/882/257 437/884/257 475/886/257
f 414/883/257 463/885/257 462/887/257
f 475/886/257 437/884/257 476/888/257
f 414/883/257 462/887/257 415/889/257
f 437/884/257 436/890/257 476/888/257
f 415/889/257 462/887/257 461/891/257
f 476/888/257 436/890/257 477/892/257
f 415/889/257 461/891/257 416/893/257
f 436/890/257 435/894/257 477/892/257
f 416/893/257 461/891/257 460/895/257
f 477/892/257 435/894/257 478/896/257
f 416/893/257 460/895/257 459/897/257
f 478/896/257 435/894/257 479/898/257
f 416/893/257 459/897/257 417/899/257
f 435/894/257 434/900/257 479/898/257
f 417/899/257 459/897/257 458/901/257
f 479/898/257 434/900/257 480/902/257
f 417/899/257 458/901/257 418/903/257
f 434/900/257 433/904/257 480/902/257
f 418/903/257 458/901/257 457/905/257
f 480/902/257 433/904/257 481/906/257
f 481/906/257 433/904/257 432/907/257
f 481/906/257 432/907/257 482/908/257
f 457/905/257 456/909/257 418/903/257
f 418/903/257 456/909/257 419/910/257
f 482/908/257 432/907/257 483/911/257
f 456/909/257 455/912/257 419/910/257
f 419/910/257 455/912/257 420/913/257
f 483/911/257 432/907/257 431/914/257
f 483/911/257 431/914/257 484/915/257
f 455/912/257 454/916/257 420/913/257
f 420/913/257 454/916/257 421/917/257
f 484/915/257 431/914/257 430/918/257
f 454/916/257 453/919/257 421/917/257
f 484/915/257 430/918/257 485/920/257
f 421/917/257 453/919/257 422/921/257
f 485/920/257 430/918/257 429/922/257
f 453/919/257 452/923/257 422/921/257
f 485/920/257 429/922/257 486/924/257
f 452/923/257 451/925/257 422/921/257
f 486/924/257 429/922/257 487/926/257
f 422/921/257 451/925/257 423/927/257
f 487/926/257 429/922/257 428/928/257
f 451/925/257 450/929/257 423/927/257
f 487/926/257 428/928/257 488/930/257
f 450/929/257 449/931/257 423/927/257
f 488/930/257 428/928/257 489/932/257
f 423/927/257 449/931/257 424/933/257
f 489/932/257 428/928/257 427/934/257
f 449/931/257 448/935/257 424/933/257
f 489/932/257 427/934/257 490/936/257
f 448/935/257 447/937/257 424/933/257
f 490/936/257 427/934/257 491/938/257
f 424/933/257 447/937/257 622/939/257 623/940/257
f 491/938/257 427/934/257 426/941/257
f 646/942/257 622/943/257 447/937/257 446/944/257
f 491/938/257 426/941/257 492/945/257
f 645/946/257 646/942/257 446/944/257 493/803/257
f 492/945/257 426/941/257 493/803/257
f 644/947/257 645/948/257 493/803/257 426/941/257
f 644/947/257 426/941/257 657/949/257
f 668/950/257 657/949/257 426/941/257 425/951/257
f 668/950/256 425/951/256 694/952/256
f 697/953/257 694/954/257 425/951/257
s 1
f 407/810/291 408/955/292 652/956/293 655/957/294
f 408/955/292 409/958/295 650/959/296 652/960/293
f 409/958/295 410/961/297 647/962/298 650/963/296
f 410/961/297 411/964/299 621/965/300 647/966/298
f 411/964/299 412/967/301 634/968/302 621/969/300
f 412/967/301 413/970/303 633/971/304 634/972/302
f 413/970/303 414/973/305 632/974/306 633/975/304
f 632/976/306 414/973/305 415/977/307 631/978/308
f 631/979/308 415/977/307 416/980/309 630/981/310
f 630/982/310 416/980/309 417/983/311 612/984/312
f 599/985/313 612/986/312 417/983/311 418/987/314 598/988/315
f 598/989/315 418/987/314 419/990/316 596/991/317
f 596/992/317 419/990/316 420/993/318 610/994/319
f 610/995/319 420/993/318 421/996/320 629/997/321
f 629/998/321 421/996/320 422/999/322 628/1000/323
f 628/1001/323 422/999/322 423/1002/324 627/1003/325
f 627/1004/325 423/1002/324 424/1005/326 626/1006/327
f 626/1007/327 424/1005/326 623/1008/328
f 425/1009/329 695/1010/330 697/1011/331
f 695/1012/330 425/1009/329 426/1013/332 699/1014/333
f 699/1015/333 426/1013/332 427/1016/334 709/1017/335
f 709/1018/335 427/1016/334 428/557/336 710/1019/337
f 710/1020/337 428/557/336 429/1021/338 711/1022/339
f 430/1023/340 712/1024/341 711/1025/339 429/1021/338
f 431/1026/342 706/1027/343 712/1024/341 430/1023/340
f 432/1028/344 707/1029/345 706/1030/343 431/1026/342
f 433/1031/346 704/1032/347 707/1033/345 432/1028/344
f 434/1034/348 705/1035/349 704/1036/347 433/1031/346
f 435/1037/350 708/1038/351 705/1039/349 434/1034/348
f 436/1040/352 681/1041/353 708/1042/351 435/1037/350
f 437/1043/354 683/1044/355 682/1045/356 681/1046/353 436/1040/352
f 437/1043/354 438/1047/357 686/1048/358 683/1049/355
f 438/1047/357 439/1050/359 687/1051/360 686/1052/358
f 439/1050/359 440/1053/361 688/1054/362 687/1055/360
f 440/1053/361 441/1056/363 676/1057/364 688/1058/362
f 441/1056/363 442/1059/365 677/1060/366 676/1061/364
f 442/1059/365 443/1062/367 672/1063/368 677/1064/366
f 443/1062/367 444/1065/369 664/1066/370 672/1067/368
f 444/1065/369 445/1068/371 660/1069/372 664/1070/370
f 445/1068/371 407/803/291 655/1071/294 660/1072/372
f 446/810/373 447/955/374 659/1073/375 656/1074/376
f 447/955/374 448/958/377 651/1075/378 659/1076/375
f 448/958/377 449/961/379 648/1077/380 651/1078/378
f 449/961/379 450/964/381 642/1079/382 648/1080/380
f 450/964/381 451/967/383 690/1081/384 642/1082/382
f 451/967/383 452/970/385 619/1083/386 690/1084/384
f 452/970/385 453/973/387 624/1085/388 619/1086/386
f 454/977/389 616/1087/390 624/1088/388 453/973/387
f 455/980/391 614/1089/392 616/1090/390 454/977/389
f 456/983/393 611/1091/394 614/1092/392 455/980/391
f 457/987/395 613/1093/396 611/1094/394 456/983/393
f 458/990/397 615/1095/398 613/1096/396 457/987/395
f 459/993/399 617/1097/400 615/1098/398 458/990/397
f 460/996/401 625/1099/402 617/1100/400 459/993/399
f 461/999/403 620/1101/404 625/1102/402 460/996/401
f 620/1103/404 461/999/403 462/1002/405 618/1104/406
f 618/1104/406 462/1002/405 463/1005/407 691/1105/408
f 691/1106/408 463/1005/407 464/556/409 643/1107/410
f 643/1108/410 464/556/409 465/1109/411 649/1110/412
f 649/1111/412 465/1109/411 466/1112/413 653/1113/414
f 653/1114/414 466/1112/413 467/1115/415 654/1116/416
f 654/1116/416 467/1115/415 468/1117/417 658/1118/418
f 658/1119/418 468/1117/417 469/1120/419 661/1121/420
f 661/1122/420 469/1120/419 470/1123/421 663/1124/422
f 663/1125/422 470/1123/421 471/1126/423 669/1127/424
f 669/1128/424 471/1126/423 472/1129/425 671/1130/426
f 671/1130/426 472/1129/425 473/1009/427 674/1131/428
f 674/1132/428 473/1009/427 474/1013/429 673/1133/430
f 673/1134/430 474/1013/429 475/1016/431 675/1135/432
f 675/1136/432 475/1016/431 476/557/433 689/1137/434
f 689/1138/434 476/557/433 477/1021/435 678/1139/436
f 678/1140/436 477/1021/435 478/1023/437 680/1141/438
f 680/1141/438 478/1023/437 479/1026/439 679/1142/440
f 679/1142/440 479/1026/439 480/1028/441 685/1143/442
f 685/1144/442 480/1028/441 481/1031/443 684/1145/444
f 684/1146/444 481/1031/443 482/1034/445 713/1147/446
f 713/1147/446 482/1034/445 483/1037/447 702/1148/448
f 702/1149/448 483/1037/447 484/1040/449 701/1150/450
f 701/1151/450 484/1040/449 485/1043/451 703/1152/452
f 485/1043/451 486/1047/453 700/1153/454 703/1154/452
f 486/1047/453 487/1050/455 696/1155/456 700/1156/454
f 487/1050/455 488/1053/457 698/1157/458 696/1158/456
f 488/1053/457 489/1056/459 670/1159/460 698/1160/458
f 489/1056/459 490/1059/461 667/1161/462 670/1162/460
f 490/1059/461 491/1062/463 662/1163/464 667/1164/462
f 491/1062/463 492/1065/465 665/1165/466 662/1166/464
f 492/1065/465 493/1068/467 666/1167/468 665/1168/466
f 493/1068/467 446/803/373 656/1169/376 666/1170/468
f 349/810/469 350/1171/470 559/1172/471 560/1173/472
f 350/1171/470 351/1174/473 561/1175/474 559/1176/471
f 351/1174/473 352/1177/475 562/1178/476 561/1179/474
f 352/1177/475 353/1180/477 563/1181/478 562/1182/476
f 353/1180/477 354/964/479 564/1183/480 563/1184/478
f 354/964/479 355/1185/481 565/1186/482 564/1187/480
f 355/1185/481 356/1188/483 553/1189/484 565/1190/482
f 356/1188/483 357/1191/485 555/1192/486 553/1193/484
f 357/1191/485 358/1194/487 556/1195/488 555/1192/486
f 358/1194/487 359/977/489 570/1196/490 556/1197/488
f 359/977/489 360/1198/491 568/1199/492 570/1200/490
f 568/1201/492 360/1198/491 361/1202/493 573/1203/494
f 573/1204/494 361/1202/493 362/1205/495 574/1206/496
f 574/1207/496 362/1205/495 363/1208/497 576/1209/498
f 576/1210/498 363/1208/497 364/990/499 580/1211/500
f 580/1212/500 364/990/499 365/1213/501 578/1214/502
f 578/1215/502 365/1213/501 366/1216/503 579/1217/504
f 579/1218/504 366/1216/503 367/1219/505 588/1220/506
f 588/1221/506 367/1219/505 368/1222/507 582/1223/508
f 582/1224/508 368/1222/507 369/1002/509 584/1225/510
f 584/1226/510 369/1002/509 370/1227/511 583/1228/512
f 583/1229/512 370/1227/511 371/1230/513 608/1231/514
f 608/1232/514 371/1230/513 372/1233/515 607/1234/516
f 607/1235/516 372/1233/515 373/890/517 587/1236/518
f 373/890/517 374/1112/519 572/1237/520 587/1238/518
f 572/1239/520 374/1112/519 375/1240/521 590/1241/522
f 590/1242/522 375/1240/521 376/1243/523 586/1244/524
f 376/1243/523 585/1245/314 586/1246/524
f 377/1123/525 601/1247/526 605/1248/527
f 601/1249/526 377/1123/525 378/1250/528 597/1251/529
f 379/1252/530 600/1253/531 597/1254/529 378/1250/528
f 379/1252/530 380/1255/532 602/1256/533 600/1257/531
f 381/1258/534 594/1259/535 602/1260/533 380/1255/532
f 382/1013/536 595/1261/537 594/1262/535 381/1258/534
f 383/912/538 603/1263/539 595/1264/537 382/1013/536
f 384/1265/540 604/1266/541 603/1263/539 383/912/538
f 385/1267/542 593/1268/543 604/1269/541 384/1265/540
f 386/1270/544 609/1271/545 593/1272/543 385/1267/542
f 387/1023/546 592/1273/547 609/1274/545 386/1270/544
f 388/1275/548 635/1276/549 592/1277/547 387/1023/546
f 389/1278/550 636/1279/551 635/1280/549 388/1275/548
f 390/1281/552 637/1282/553 636/1283/551 389/1278/550
f 391/1284/554 638/1285/555 637/1286/553 390/1281/552
f 638/1287/555 391/1284/554 392/1034/556 639/1288/557
f 639/1289/557 392/1034/556 393/1290/558 640/1291/559
f 640/1292/559 393/1290/558 394/1293/560 641/1294/561
f 641/1294/561 394/1293/560 395/882/562 692/1295/562
f 692/1296/562 395/882/562 396/1297/563 693/1298/564
f 693/1298/564 396/1297/563 397/1047/565 589/1299/566
f 589/1300/566 397/1047/565 398/1301/567 581/1302/568
f 581/1303/568 398/1301/567 399/1304/569 591/1305/570
f 591/1306/570 399/1304/569 400/1307/571 577/1308/572
f 577/1309/572 400/1307/571 401/1310/573 575/1311/574
f 575/1312/574 401/1310/573 402/1059/575 571/1313/576
f 571/1314/576 402/1059/575 403/1315/577 567/1316/578
f 403/1315/577 404/1317/579 554/1318/580 567/1319/578
f 404/1317/579 405/1320/581 566/1321/582 554/1322/580
f 566/1323/582 405/1320/581 406/1324/583 546/1325/584
f 406/1324/583 349/803/469 560/1326/472 546/1327/584
f 291/810/469 292/1171/470 497/1328/471 496/1329/472
f 292/1171/470 293/1174/473 498/1330/474 497/1331/471
f 293/1174/473 294/1177/585 501/1332/586 498/1333/474
f 294/1177/585 295/1180/587 502/1334/478 501/1335/586
f 295/1180/587 296/964/479 503/1336/480 502/1337/478
f 296/964/479 297/1185/481 504/1338/482 503/1339/480
f 297/1185/481 298/1188/483 499/1340/588 504/1341/482
f 298/1188/483 299/1191/485 514/1342/486 499/1343/588
f 299/1191/485 300/1194/487 515/1344/488 514/1345/486
f 300/1194/487 301/977/589 507/1346/490 515/1347/488
f 301/977/589 302/1198/491 506/1348/492 507/1349/490
f 506/1350/492 302/1198/491 303/1202/590 508/1351/494
f 508/1352/494 303/1202/590 304/1205/495 512/1353/496
f 512/1354/496 304/1205/495 305/1208/497 511/1355/498
f 511/1356/498 305/1208/497 306/990/499 518/1357/500
f 518/1358/500 306/990/499 307/1213/501 517/1359/502
f 517/1360/502 307/1213/501 308/1216/503 524/1361/504
f 524/1362/504 308/1216/503 309/1219/505 521/1363/506
f 521/1364/506 309/1219/505 310/1222/507 523/1365/508
f 523/1366/508 310/1222/507 311/1002/509 522/1367/510
f 522/1368/510 311/1002/509 312/1227/511 529/1369/512
f 529/1370/512 312/1227/511 313/1230/513 541/1371/514
f 541/1372/514 313/1230/513 314/1233/515 540/1373/516
f 540/1374/516 314/1233/515 315/890/517 528/1375/518
f 315/890/517 316/1112/519 509/1376/520 528/1377/518
f 509/1378/520 316/1112/519 317/1240/521 516/1379/522
f 516/1380/522 317/1240/521 318/1243/523 527/1381/524
f 318/1243/523 526/1382/314 527/1383/524
f 319/1123/525 551/1384/526 557/1385/527
f 551/1386/526 319/1123/525 320/1250/528 558/1387/529
f 321/1252/530 569/1388/531 558/1389/529 320/1250/528
f 321/1252/530 322/1255/532 547/1390/533 569/1391/531
f 323/1258/534 548/1392/535 547/1393/533 322/1255/532
f 324/1013/536 549/1394/537 548/1395/535 323/1258/534
f 325/912/538 550/1396/539 549/1397/537 324/1013/536
f 326/1265/540 552/1398/541 550/1399/539 325/912/538
f 327/1267/542 545/1400/543 552/1401/541 326/1265/540
f 328/1270/544 544/1402/545 545/1403/543 327/1267/542
f 329/1023/546 543/1404/547 544/1405/545 328/1270/544
f 330/1275/548 530/1406/549 543/1407/547 329/1023/546
f 331/1278/550 531/1408/551 530/1409/549 330/1275/548
f 332/1281/552 532/1410/553 531/1411/551 331/1278/550
f 333/1284/591 533/1412/592 532/1413/553 332/1281/552
f 533/1414/592 333/1284/591 334/1034/556 534/1415/557
f 534/1416/557 334/1034/556 335/1290/558 535/1417/559
f 535/1418/559 335/1290/558 336/1293/560 536/1419/561
f 536/1419/561 336/1293/560 337/882/562 537/1420/562
f 537/1421/562 337/882/562 338/1297/563 538/1422/564
f 538/1423/564 338/1297/563 339/1047/565 525/1424/566
f 525/1425/566 339/1047/565 340/1301/567 519/1426/568
f 519/1427/568 340/1301/567 341/1304/569 520/1428/570
f 520/1429/570 341/1304/569 342/1307/571 542/1430/572
f 542/1431/572 342/1307/571 343/1310/573 513/1432/574
f 513/1433/574 343/1310/573 344/1059/575 510/1434/576
f 344/1059/575 345/1315/577 505/1435/578 510/1436/576
f 345/1315/577 346/1317/579 500/1437/580 505/1438/578
f 346/1317/579 347/1320/581 495/1439/582 500/1440/580
f 495/1441/582 347/1320/581 348/1324/583 494/1442/593
f 348/1324/583 291/803/469 496/1443/472 494/1444/593
