# Blender 4.5.3 LTS
# www.blender.org
mtllib IceCreamModel.mtl
o Ice_cream
v -0.101020 0.243878 0.009005
v -0.101221 0.253622 0.009806
v -0.102201 0.262968 0.011913
v -0.103908 0.271831 0.015236
v -0.106292 0.280125 0.019683
v -0.109302 0.287764 0.025164
v -0.112887 0.294663 0.031588
v -0.116996 0.300736 0.038866
v -0.121580 0.305898 0.046906
v -0.126586 0.310063 0.055619
v -0.131965 0.313145 0.064913
v -0.137665 0.315059 0.074698
v -0.143636 0.315719 0.084883
v -0.149634 0.315068 0.095054
v -0.155413 0.313162 0.104794
v -0.160920 0.310086 0.114015
v -0.166100 0.305926 0.122628
v -0.170898 0.300769 0.130546
v -0.175743 0.294380 0.138422
v -0.182015 0.285601 0.148381
v -0.186520 0.276034 0.155998
v -0.190141 0.265107 0.163310
v -0.192180 0.255497 0.167159
v -0.193039 0.246671 0.168254
v -0.193081 0.237795 0.167669
v -0.192364 0.228983 0.165658
v -0.190986 0.220468 0.162521
v -0.188981 0.212287 0.158395
v -0.186217 0.204620 0.153136
v -0.182563 0.197758 0.146520
v -0.178368 0.191599 0.138990
v -0.173698 0.186361 0.130368
v -0.168680 0.181826 0.121213
v -0.163646 0.177697 0.112432
v -0.158268 0.174615 0.103137
v -0.152568 0.172703 0.093352
v -0.146599 0.172045 0.083167
v -0.140603 0.172701 0.072997
v -0.134825 0.174611 0.063258
v -0.129320 0.177690 0.054037
v -0.124142 0.181854 0.045424
v -0.119346 0.187015 0.037507
v -0.114985 0.193088 0.030374
v -0.111115 0.199988 0.024114
v -0.107790 0.207628 0.018816
v -0.105063 0.215923 0.014567
v -0.102989 0.224786 0.011457
v -0.101624 0.234133 0.009573
v -0.043773 0.243164 0.040773
v -0.044077 0.252909 0.041518
v -0.045078 0.262256 0.043614
v -0.046728 0.271119 0.046968
v -0.048979 0.279411 0.051488
v -0.051786 0.287048 0.057081
v -0.055102 0.293945 0.063654
v -0.058880 0.300014 0.071115
v -0.063072 0.305172 0.079371
v -0.067633 0.309331 0.088329
v -0.072515 0.312408 0.097896
v -0.077672 0.314316 0.107981
v -0.083056 0.314968 0.118489
v -0.088449 0.314309 0.128993
v -0.093629 0.312396 0.139063
v -0.098549 0.309313 0.148607
v -0.103160 0.305146 0.157534
v -0.107418 0.299975 0.165768
v -0.117963 0.284300 0.193321
v -0.125690 0.266517 0.218381
v -0.127611 0.259870 0.221279
v -0.128820 0.253410 0.221753
v -0.129353 0.246454 0.220948
v -0.128859 0.238571 0.218967
v -0.126898 0.229257 0.215199
v -0.122814 0.218630 0.208169
v -0.116717 0.210852 0.197205
v -0.113533 0.209188 0.187148
v -0.110936 0.208801 0.179472
v -0.111737 0.203694 0.179254
v -0.111026 0.195871 0.172663
v -0.107629 0.187960 0.164566
v -0.103804 0.181430 0.156937
v -0.099319 0.176930 0.148088
v -0.094443 0.173820 0.138528
v -0.089287 0.171914 0.128444
v -0.083903 0.171264 0.117935
v -0.078512 0.171926 0.107432
v -0.073334 0.173844 0.097363
v -0.068416 0.176931 0.087819
v -0.063807 0.181101 0.078893
v -0.059553 0.186268 0.070677
v -0.055704 0.192348 0.063263
v -0.052306 0.199253 0.056743
v -0.049409 0.206899 0.051209
v -0.047059 0.215198 0.046753
v -0.045304 0.224066 0.043467
v -0.044193 0.233417 0.041443
v 0.003735 0.243250 0.063352
v 0.003297 0.252996 0.064035
v 0.002271 0.262343 0.066119
v 0.000699 0.271206 0.069510
v -0.001377 0.279500 0.074113
v -0.003916 0.287138 0.079831
v -0.006876 0.294036 0.086572
v -0.010215 0.300107 0.094238
v -0.013893 0.305266 0.102735
v -0.017868 0.309428 0.111968
v -0.022098 0.312506 0.121841
v -0.026540 0.314416 0.132260
v -0.031155 0.315070 0.143129
v -0.035752 0.314413 0.154005
v -0.040145 0.312501 0.164444
v -0.044313 0.309407 0.174471
v -0.049716 0.303590 0.191888
v -0.057806 0.288403 0.232256
v -0.061016 0.281756 0.239706
v -0.063437 0.275393 0.242990
v -0.065230 0.267794 0.244722
v -0.065942 0.257087 0.244349
v -0.063320 0.235377 0.235475
v -0.050726 0.216751 0.183935
v -0.051584 0.215405 0.182672
v -0.057308 0.212558 0.205992
v -0.065447 0.217906 0.229266
v -0.063878 0.211665 0.226732
v -0.061236 0.204803 0.219805
v -0.057994 0.198655 0.210535
v -0.054577 0.192270 0.202298
v -0.051104 0.186343 0.194473
v -0.047203 0.181324 0.185624
v -0.042894 0.177180 0.175772
v -0.038407 0.173982 0.165352
v -0.033871 0.172020 0.154729
v -0.029257 0.171367 0.143858
v -0.024661 0.172027 0.132983
v -0.020270 0.173943 0.122545
v -0.016122 0.177027 0.112640
v -0.012258 0.181195 0.103365
v -0.008717 0.186361 0.094815
v -0.005537 0.192439 0.087087
v -0.002759 0.199343 0.080277
v -0.000422 0.206987 0.074480
v 0.001436 0.215286 0.069793
v 0.002774 0.224153 0.066313
v 0.003554 0.233503 0.064133
v 0.041715 0.243968 0.077718
v 0.041100 0.253711 0.078336
v 0.040044 0.263058 0.080409
v 0.038582 0.271924 0.083841
v 0.036746 0.280223 0.088532
v 0.034573 0.287869 0.094387
v 0.032097 0.294777 0.101306
v 0.029351 0.300860 0.109192
v 0.026371 0.306034 0.117947
v 0.023191 0.310212 0.127474
v 0.019845 0.313308 0.137674
v 0.016368 0.315237 0.148450
v 0.012795 0.315913 0.159703
v 0.009272 0.315277 0.170976
v 0.005869 0.313458 0.182385
v 0.000699 0.311090 0.204272
v -0.003720 0.306913 0.225277
v -0.006761 0.301345 0.237783
v -0.008829 0.294089 0.244801
v -0.012047 0.284851 0.253500
v -0.014639 0.266726 0.262540
v -0.011124 0.248994 0.241148
v -0.003592 0.243508 0.221558
v -0.012683 0.243653 0.263371
v -0.016470 0.246258 0.266754
v -0.017278 0.238881 0.267813
v -0.017478 0.230375 0.267429
v -0.017449 0.222316 0.265089
v -0.017159 0.214609 0.260823
v -0.016425 0.207032 0.254790
v -0.011440 0.197346 0.239807
v 0.001085 0.187371 0.213691
v 0.004616 0.182189 0.203855
v 0.007945 0.177975 0.194016
v 0.011294 0.174878 0.183809
v 0.014771 0.172951 0.173033
v 0.018343 0.172278 0.161779
v 0.021865 0.172916 0.150506
v 0.025194 0.174810 0.139676
v 0.028301 0.177874 0.129386
v 0.031159 0.182022 0.119740
v 0.033740 0.187168 0.110835
v 0.036017 0.193228 0.102773
v 0.037961 0.200115 0.095655
v 0.039544 0.207744 0.089580
v 0.040739 0.216030 0.084648
v 0.041518 0.224886 0.080961
v 0.041853 0.234227 0.078617
v 0.070457 0.245098 0.085208
v 0.069612 0.254832 0.085768
v 0.068521 0.264178 0.087833
v 0.067209 0.273050 0.091302
v 0.065700 0.281363 0.096075
v 0.064019 0.289029 0.102053
v 0.062192 0.295964 0.109134
v 0.060242 0.302080 0.117219
v 0.058196 0.307293 0.126207
v 0.056078 0.311514 0.135999
v 0.053913 0.314659 0.146494
v 0.051725 0.316641 0.157591
v 0.049541 0.317373 0.169192
v 0.047645 0.317600 0.182731
v 0.045652 0.320176 0.213799
v 0.043695 0.317265 0.227293
v 0.041899 0.312518 0.234981
v 0.040535 0.306280 0.241209
v 0.040066 0.297501 0.247636
v 0.041986 0.285807 0.259135
v 0.050700 0.272467 0.258438
v 0.052779 0.267659 0.257670
v 0.047420 0.263051 0.264724
v 0.042381 0.256760 0.269826
v 0.036872 0.250939 0.274871
v 0.034558 0.242558 0.276917
v 0.034280 0.233668 0.276988
v 0.035202 0.225104 0.275748
v 0.037255 0.216951 0.272448
v 0.041076 0.208439 0.265119
v 0.046754 0.196214 0.236335
v 0.049179 0.189219 0.224434
v 0.051225 0.184006 0.215446
v 0.053344 0.179784 0.205654
v 0.055509 0.176640 0.195159
v 0.057696 0.174660 0.184061
v 0.059879 0.173930 0.172461
v 0.061968 0.174510 0.160831
v 0.063880 0.176346 0.149646
v 0.065601 0.179353 0.139011
v 0.067120 0.183446 0.129030
v 0.068423 0.188540 0.119807
v 0.069498 0.194551 0.111446
v 0.070333 0.201393 0.104050
v 0.070914 0.208981 0.097725
v 0.071230 0.217231 0.092574
v 0.071268 0.226057 0.088701
v 0.071014 0.235374 0.086211
v 0.090584 0.246376 0.087599
v 0.089454 0.256091 0.088128
v 0.088325 0.265435 0.090189
v 0.087211 0.274320 0.093679
v 0.086124 0.282661 0.098498
v 0.085076 0.290369 0.104542
v 0.084080 0.297358 0.111712
v 0.083150 0.303541 0.119905
v 0.082297 0.308832 0.129020
v 0.081535 0.313142 0.138955
v 0.080875 0.316385 0.149610
v 0.080405 0.318619 0.161145
v 0.081663 0.322617 0.179620
v 0.082581 0.325850 0.201194
v 0.081828 0.324273 0.214585
v 0.081288 0.320457 0.225008
v 0.081064 0.315421 0.233489
v 0.081260 0.308789 0.240672
v 0.082522 0.298751 0.246269
v 0.087714 0.282673 0.245598
v 0.093371 0.270689 0.234728
v 0.093378 0.266954 0.237685
v 0.090768 0.261358 0.244685
v 0.087597 0.257400 0.255225
v 0.086215 0.250085 0.262183
v 0.086640 0.240754 0.264601
v 0.087616 0.231322 0.263548
v 0.088773 0.222066 0.258894
v 0.089967 0.213225 0.251926
v 0.091082 0.205239 0.244770
v 0.092083 0.198229 0.237532
v 0.093014 0.192044 0.229338
v 0.093868 0.186754 0.220223
v 0.094630 0.182444 0.210287
v 0.095290 0.179201 0.199633
v 0.095833 0.177113 0.188361
v 0.096247 0.176268 0.176573
v 0.096512 0.176728 0.164750
v 0.096620 0.178446 0.153374
v 0.096579 0.181338 0.142552
v 0.096394 0.185320 0.132390
v 0.096074 0.190309 0.122995
v 0.095624 0.196220 0.114472
v 0.095051 0.202970 0.106927
v 0.094362 0.210475 0.100467
v 0.093565 0.218652 0.095199
v 0.092664 0.227417 0.091227
v 0.091669 0.236686 0.088658
v 0.103703 0.247582 0.086923
v 0.102252 0.257268 0.087472
v 0.101089 0.266609 0.089535
v 0.100213 0.275516 0.093011
v 0.099622 0.283903 0.097798
v 0.099315 0.291681 0.103797
v 0.099290 0.298760 0.110907
v 0.099546 0.305054 0.119027
v 0.100081 0.310474 0.128056
v 0.100893 0.314931 0.137894
v 0.101982 0.318338 0.148441
v 0.103626 0.321253 0.160605
v 0.106590 0.324641 0.177243
v 0.109152 0.325499 0.192580
v 0.111034 0.324282 0.204696
v 0.112752 0.321376 0.214850
v 0.114537 0.317002 0.223713
v 0.116580 0.310768 0.231470
v 0.119435 0.300758 0.237290
v 0.126285 0.282169 0.231696
v 0.129537 0.267370 0.216611
v 0.129928 0.264306 0.218348
v 0.129415 0.265069 0.229255
v 0.127602 0.262146 0.248561
v 0.129118 0.253408 0.256375
v 0.130760 0.243675 0.257959
v 0.131994 0.234273 0.256403
v 0.132879 0.225352 0.252986
v 0.133471 0.216962 0.248198
v 0.133779 0.209183 0.242199
v 0.133805 0.202101 0.235089
v 0.133549 0.195806 0.226969
v 0.133015 0.190386 0.217940
v 0.132203 0.185929 0.208101
v 0.131114 0.182524 0.197555
v 0.129750 0.180258 0.186401
v 0.128114 0.179221 0.174739
v 0.126266 0.179485 0.163046
v 0.124287 0.181009 0.151799
v 0.122206 0.183711 0.141104
v 0.120052 0.187509 0.131064
v 0.117855 0.192323 0.121784
v 0.115643 0.198070 0.113370
v 0.113447 0.204668 0.105926
v 0.111294 0.212037 0.099556
v 0.109214 0.220095 0.094367
v 0.107236 0.228759 0.090461
v 0.105389 0.237949 0.087945
v 0.112737 0.248714 0.084617
v 0.110975 0.258361 0.085245
v 0.109789 0.267699 0.087314
v 0.109163 0.276638 0.090727
v 0.109080 0.285088 0.095387
v 0.109525 0.292959 0.101197
v 0.110482 0.300160 0.108060
v 0.111935 0.306602 0.115879
v 0.113868 0.312195 0.124558
v 0.116264 0.316849 0.133998
v 0.119109 0.320473 0.144104
v 0.122403 0.323025 0.154840
v 0.126461 0.325169 0.167294
v 0.130952 0.326106 0.180373
v 0.135215 0.325030 0.191881
v 0.139279 0.322399 0.201930
v 0.143228 0.318439 0.210795
v 0.147197 0.312839 0.218526
v 0.151493 0.304208 0.224151
v 0.156382 0.290997 0.222825
v 0.160356 0.277913 0.210871
v 0.161552 0.274467 0.211001
v 0.162861 0.275090 0.228960
v 0.165869 0.268509 0.243269
v 0.168912 0.258563 0.248089
v 0.170936 0.248626 0.248338
v 0.172150 0.239249 0.246344
v 0.172777 0.230308 0.242931
v 0.172861 0.221855 0.238271
v 0.172417 0.213983 0.232461
v 0.171461 0.206779 0.225597
v 0.170008 0.200336 0.217778
v 0.168076 0.194743 0.209099
v 0.165679 0.190089 0.199659
v 0.162834 0.186466 0.189553
v 0.159556 0.183964 0.178880
v 0.155862 0.182672 0.167735
v 0.151896 0.182673 0.156574
v 0.147826 0.183938 0.145852
v 0.143703 0.186387 0.135669
v 0.139580 0.189941 0.126123
v 0.135507 0.194522 0.117315
v 0.131536 0.200051 0.109342
v 0.127719 0.206449 0.102305
v 0.124107 0.213637 0.096302
v 0.120751 0.221537 0.091432
v 0.117703 0.230068 0.087796
v 0.115015 0.239154 0.085491
v 0.121038 0.250047 0.080643
v 0.119029 0.259655 0.081383
v 0.117837 0.268992 0.083455
v 0.117433 0.277966 0.086767
v 0.117789 0.286484 0.091228
v 0.118878 0.294455 0.096746
v 0.120671 0.301786 0.103230
v 0.123139 0.308387 0.110589
v 0.126255 0.314164 0.118731
v 0.129990 0.319026 0.127565
v 0.134317 0.322880 0.136998
v 0.139207 0.325636 0.146941
v 0.144631 0.327199 0.157300
v 0.150385 0.327501 0.167683
v 0.156232 0.326573 0.177688
v 0.162070 0.324402 0.187110
v 0.167835 0.321027 0.195838
v 0.173577 0.316009 0.203682
v 0.179337 0.307589 0.209323
v 0.184253 0.294325 0.207966
v 0.185827 0.282566 0.199971
v 0.187889 0.279919 0.201846
v 0.193405 0.280442 0.218217
v 0.199173 0.273568 0.229243
v 0.203107 0.263803 0.232750
v 0.205382 0.254009 0.232553
v 0.206594 0.244651 0.230517
v 0.207000 0.235675 0.227205
v 0.206644 0.227154 0.222743
v 0.205556 0.219181 0.217225
v 0.203764 0.211848 0.210741
v 0.201296 0.205247 0.203381
v 0.198181 0.199469 0.195239
v 0.194445 0.194608 0.186406
v 0.190118 0.190754 0.176972
v 0.185228 0.188000 0.167030
v 0.179802 0.186439 0.156670
v 0.174055 0.186163 0.146317
v 0.168229 0.187154 0.136391
v 0.162394 0.189337 0.126984
v 0.156620 0.192634 0.118188
v 0.150976 0.196971 0.110091
v 0.145534 0.202271 0.102785
v 0.140364 0.208458 0.096361
v 0.135535 0.215457 0.090910
v 0.131118 0.223191 0.086522
v 0.127183 0.231585 0.083287
v 0.123799 0.240562 0.081298
v 0.130921 0.251936 0.073882
v 0.128755 0.261515 0.074723
v 0.127575 0.270854 0.076788
v 0.127342 0.279859 0.079989
v 0.128019 0.288437 0.084241
v 0.129571 0.296493 0.089458
v 0.131959 0.303935 0.095555
v 0.135148 0.310669 0.102445
v 0.139100 0.316600 0.110044
v 0.143778 0.321637 0.118264
v 0.149146 0.325684 0.127021
v 0.155166 0.328649 0.136228
v 0.161803 0.330437 0.145800
v 0.168792 0.330945 0.155346
v 0.175842 0.330183 0.164475
v 0.182868 0.328224 0.173107
v 0.189803 0.325073 0.181139
v 0.196631 0.320236 0.188263
v 0.203167 0.312189 0.193266
v 0.208006 0.299992 0.192316
v 0.209091 0.289392 0.186409
v 0.211885 0.286168 0.188513
v 0.219079 0.285378 0.201014
v 0.226340 0.278665 0.210951
v 0.231002 0.269034 0.214216
v 0.233519 0.259273 0.213927
v 0.234721 0.249916 0.211894
v 0.234956 0.240909 0.208692
v 0.234279 0.232329 0.204440
v 0.232728 0.224270 0.199222
v 0.230341 0.216826 0.193125
v 0.227152 0.210092 0.186235
v 0.223201 0.204159 0.178636
v 0.218522 0.199123 0.170416
v 0.213154 0.195077 0.161659
v 0.207133 0.192114 0.152452
v 0.200496 0.190329 0.142880
v 0.193505 0.189823 0.133335
v 0.186454 0.190587 0.124205
v 0.179427 0.192549 0.115574
v 0.172505 0.195634 0.107523
v 0.165774 0.199769 0.100134
v 0.159314 0.204881 0.093490
v 0.153209 0.210895 0.087674
v 0.147543 0.217739 0.082767
v 0.142398 0.225338 0.078852
v 0.137857 0.233620 0.076011
v 0.134004 0.242510 0.074327
v 0.143340 0.254574 0.063413
v 0.141108 0.264140 0.064308
v 0.139954 0.273484 0.066350
v 0.139836 0.282513 0.069458
v 0.140712 0.291132 0.073550
v 0.142539 0.299245 0.078544
v 0.145276 0.306759 0.084358
v 0.148881 0.313579 0.090911
v 0.153312 0.319609 0.098121
v 0.158527 0.324757 0.105906
v 0.164484 0.328926 0.114185
v 0.171141 0.332023 0.122876
v 0.178457 0.333951 0.131897
v 0.186141 0.334604 0.140879
v 0.193872 0.333983 0.149457
v 0.201559 0.332160 0.157553
v 0.209146 0.329104 0.165046
v 0.216665 0.324199 0.171473
v 0.223788 0.316200 0.175466
v 0.228761 0.304749 0.173975
v 0.229865 0.294596 0.169322
v 0.232736 0.291081 0.171479
v 0.240240 0.289982 0.182760
v 0.248337 0.283342 0.192340
v 0.253458 0.273780 0.195491
v 0.256123 0.264026 0.195183
v 0.257307 0.254659 0.193180
v 0.257427 0.245628 0.190072
v 0.256552 0.237007 0.185981
v 0.254726 0.228891 0.180987
v 0.251989 0.221376 0.175172
v 0.248385 0.214555 0.168619
v 0.243954 0.208523 0.161409
v 0.238739 0.203376 0.153624
v 0.232782 0.199208 0.145345
v 0.226123 0.196113 0.136654
v 0.218807 0.194187 0.127633
v 0.211121 0.193537 0.118651
v 0.203390 0.194161 0.110074
v 0.195702 0.195986 0.101978
v 0.188148 0.198940 0.094440
v 0.180818 0.202951 0.087536
v 0.173801 0.207948 0.081343
v 0.167189 0.213857 0.075939
v 0.161071 0.220607 0.071398
v 0.155537 0.228126 0.067799
v 0.150677 0.236341 0.065217
v 0.146581 0.245181 0.063730
v 0.158688 0.257957 0.049175
v 0.156470 0.267525 0.050058
v 0.155357 0.276878 0.052064
v 0.155304 0.285921 0.055112
v 0.156269 0.294559 0.059124
v 0.158207 0.302696 0.064018
v 0.161074 0.310238 0.069715
v 0.164828 0.317090 0.076134
v 0.169423 0.323156 0.083196
v 0.174816 0.328342 0.090821
v 0.180964 0.332552 0.098928
v 0.187823 0.335692 0.107437
v 0.195349 0.337666 0.116269
v 0.203243 0.338364 0.125062
v 0.211176 0.337787 0.133458
v 0.219070 0.335966 0.141366
v 0.226930 0.332566 0.148508
v 0.234552 0.326721 0.154094
v 0.240977 0.316775 0.156064
v 0.242826 0.302313 0.152016
v 0.243045 0.293555 0.150298
v 0.246119 0.290971 0.152926
v 0.257414 0.293360 0.166560
v 0.266745 0.287166 0.176027
v 0.271913 0.277761 0.178605
v 0.274548 0.268073 0.178168
v 0.275699 0.258699 0.176201
v 0.275753 0.249654 0.173153
v 0.274789 0.241013 0.169141
v 0.272852 0.232874 0.164247
v 0.269985 0.225330 0.158550
v 0.266233 0.218477 0.152130
v 0.261637 0.212410 0.145068
v 0.256244 0.207224 0.137443
v 0.250095 0.203015 0.129336
v 0.243236 0.199877 0.120827
v 0.235709 0.197905 0.111995
v 0.227814 0.197210 0.103203
v 0.219881 0.197790 0.094807
v 0.212001 0.199574 0.086883
v 0.204268 0.202489 0.079506
v 0.196773 0.206465 0.072752
v 0.189607 0.211429 0.066693
v 0.182864 0.217310 0.061407
v 0.176634 0.224036 0.056967
v 0.171009 0.231535 0.053449
v 0.166082 0.239736 0.050928
v 0.161945 0.248567 0.049478
v 0.173683 0.261172 0.035435
v 0.171708 0.270790 0.036086
v 0.170866 0.280198 0.037833
v 0.171110 0.289300 0.040599
v 0.172391 0.298001 0.044309
v 0.174661 0.306205 0.048887
v 0.177871 0.313816 0.054258
v 0.181973 0.320738 0.060345
v 0.186918 0.326875 0.067073
v 0.192659 0.332130 0.074367
v 0.199147 0.336409 0.082151
v 0.206333 0.339615 0.090348
v 0.214170 0.341651 0.098884
v 0.222345 0.342406 0.107409
v 0.230517 0.341877 0.115576
v 0.238595 0.340096 0.123308
v 0.246433 0.336898 0.130495
v 0.253803 0.331781 0.136876
v 0.260592 0.322790 0.141305
v 0.263981 0.306615 0.139867
v 0.262930 0.292686 0.133819
v 0.267541 0.295509 0.140397
v 0.280269 0.298520 0.153881
v 0.287633 0.291149 0.159696
v 0.291610 0.281737 0.161110
v 0.293696 0.272100 0.160541
v 0.294541 0.262689 0.158795
v 0.294298 0.253584 0.156029
v 0.293018 0.244880 0.152319
v 0.290750 0.236674 0.147741
v 0.287540 0.229061 0.142370
v 0.283439 0.222138 0.136283
v 0.278494 0.216001 0.129554
v 0.272753 0.210745 0.122260
v 0.266265 0.206467 0.114477
v 0.259078 0.203263 0.106280
v 0.251240 0.201229 0.097744
v 0.243064 0.200477 0.089219
v 0.234890 0.201009 0.081052
v 0.226813 0.202753 0.073318
v 0.218923 0.205637 0.066090
v 0.211314 0.209590 0.059443
v 0.204078 0.214539 0.053453
v 0.197308 0.220415 0.048191
v 0.191096 0.227145 0.043734
v 0.185535 0.234657 0.040156
v 0.180717 0.242880 0.037530
v 0.176736 0.251742 0.035931
v 0.182258 0.262578 0.026846
v 0.180814 0.272275 0.026910
v 0.180612 0.281778 0.027951
v 0.181591 0.290990 0.029905
v 0.183689 0.299813 0.032712
v 0.186846 0.308149 0.036309
v 0.191000 0.315900 0.040636
v 0.196090 0.322969 0.045631
v 0.202056 0.329258 0.051231
v 0.208835 0.334668 0.057377
v 0.216368 0.339103 0.064005
v 0.224593 0.342463 0.071055
v 0.233448 0.344651 0.078465
v 0.242580 0.345548 0.085933
v 0.251608 0.345146 0.093154
v 0.260436 0.343517 0.100058
v 0.268983 0.340685 0.106573
v 0.277353 0.335735 0.112451
v 0.284895 0.324968 0.116105
v 0.285624 0.305505 0.114833
v 0.286100 0.298678 0.115679
v 0.292482 0.301463 0.122375
v 0.304804 0.302237 0.130843
v 0.311437 0.294656 0.135004
v 0.314777 0.285288 0.136460
v 0.316299 0.275594 0.136451
v 0.316503 0.266088 0.135411
v 0.315525 0.256873 0.133457
v 0.313428 0.248048 0.130650
v 0.310272 0.239709 0.127052
v 0.306118 0.231956 0.122725
v 0.301028 0.224886 0.117731
v 0.295063 0.218597 0.112130
v 0.288283 0.213186 0.105984
v 0.280750 0.208753 0.099356
v 0.272525 0.205394 0.092306
v 0.263668 0.203209 0.084897
v 0.254536 0.202315 0.077429
v 0.245507 0.202719 0.070208
v 0.236678 0.204351 0.063304
v 0.228146 0.207139 0.056785
v 0.220009 0.211013 0.050723
v 0.212364 0.215902 0.045184
v 0.205307 0.221735 0.040239
v 0.198937 0.228441 0.035958
v 0.193349 0.235950 0.032408
v 0.188642 0.244189 0.029660
v 0.184913 0.253089 0.027783
v 0.186146 0.262700 0.021061
v 0.185191 0.272423 0.020404
v 0.185610 0.281959 0.020527
v 0.187329 0.291211 0.021388
v 0.190273 0.300079 0.022948
v 0.194367 0.308466 0.025163
v 0.199535 0.316272 0.027993
v 0.205703 0.323399 0.031398
v 0.212797 0.329748 0.035335
v 0.220740 0.335221 0.039763
v 0.229458 0.339719 0.044642
v 0.238877 0.343144 0.049930
v 0.248921 0.345396 0.055586
v 0.259186 0.346353 0.061382
v 0.269247 0.346007 0.067078
v 0.279001 0.344428 0.072616
v 0.288368 0.341606 0.077940
v 0.297412 0.336241 0.082903
v 0.304743 0.323936 0.086136
v 0.304453 0.304968 0.086496
v 0.305764 0.299914 0.088229
v 0.316297 0.306138 0.094729
v 0.327210 0.303769 0.100569
v 0.333007 0.295742 0.103818
v 0.335812 0.286330 0.105458
v 0.336815 0.276609 0.106132
v 0.336397 0.267070 0.106009
v 0.334678 0.257815 0.105147
v 0.331735 0.248944 0.103588
v 0.327643 0.240556 0.101372
v 0.322475 0.232748 0.098542
v 0.316307 0.225620 0.095138
v 0.309214 0.219270 0.091201
v 0.301271 0.213797 0.086772
v 0.292552 0.209300 0.081894
v 0.283132 0.205877 0.076606
v 0.273087 0.203627 0.070950
v 0.262822 0.202672 0.065154
v 0.252759 0.203021 0.059458
v 0.243004 0.204603 0.053920
v 0.233660 0.207348 0.048601
v 0.224830 0.211185 0.043560
v 0.216619 0.216043 0.038857
v 0.209129 0.221853 0.034551
v 0.202466 0.228543 0.030702
v 0.196732 0.236044 0.027368
v 0.192032 0.244284 0.024611
v 0.188468 0.253192 0.022488
v 0.189275 0.262329 0.014213
v 0.188587 0.272029 0.012985
v 0.189370 0.281535 0.012327
v 0.191540 0.290749 0.012220
v 0.195014 0.299573 0.012641
v 0.199708 0.307909 0.013568
v 0.205537 0.315659 0.014981
v 0.212417 0.322726 0.016856
v 0.220265 0.329012 0.019172
v 0.228997 0.334419 0.021909
v 0.238528 0.338849 0.025043
v 0.248775 0.342204 0.028553
v 0.259653 0.344386 0.032418
v 0.270724 0.345276 0.036484
v 0.281531 0.344867 0.040580
v 0.291988 0.343150 0.044637
v 0.302126 0.339207 0.048314
v 0.311217 0.329582 0.050583
v 0.314570 0.308993 0.049577
v 0.314039 0.297289 0.049119
v 0.317808 0.296047 0.052294
v 0.333343 0.306929 0.062798
v 0.343595 0.302753 0.067944
v 0.348658 0.294388 0.070792
v 0.351070 0.284946 0.072666
v 0.351771 0.275244 0.073900
v 0.350989 0.265735 0.074558
v 0.348819 0.256518 0.074665
v 0.345346 0.247692 0.074244
v 0.340653 0.239354 0.073316
v 0.334825 0.231602 0.071904
v 0.327944 0.224533 0.070029
v 0.320096 0.218247 0.067713
v 0.311364 0.212840 0.064976
v 0.301833 0.208412 0.061842
v 0.291585 0.205058 0.058332
v 0.280706 0.202879 0.054468
v 0.269634 0.201992 0.050402
v 0.258826 0.202403 0.046305
v 0.248392 0.204042 0.042226
v 0.238439 0.206838 0.038212
v 0.229079 0.210720 0.034311
v 0.220418 0.215616 0.030572
v 0.212567 0.221456 0.027042
v 0.205635 0.228169 0.023769
v 0.199731 0.235684 0.020802
v 0.194963 0.243929 0.018188
v 0.191442 0.252835 0.015976
v 0.191657 0.261508 0.005855
v 0.191071 0.271178 0.004272
v 0.192019 0.280636 0.003052
v 0.194410 0.289785 0.002191
v 0.198156 0.298529 0.001683
v 0.203167 0.306772 0.001524
v 0.209356 0.314418 0.001709
v 0.216631 0.321369 0.002233
v 0.224906 0.327530 0.003093
v 0.234090 0.332804 0.004282
v 0.244095 0.337095 0.005797
v 0.254833 0.340307 0.007632
v 0.266213 0.342342 0.009783
v 0.277775 0.343087 0.012168
v 0.289045 0.342543 0.014684
v 0.299915 0.340685 0.017330
v 0.310133 0.336958 0.020318
v 0.318867 0.330096 0.023793
v 0.325062 0.318606 0.026331
v 0.324637 0.300781 0.024545
v 0.321396 0.289769 0.021941
v 0.338224 0.300592 0.028266
v 0.351758 0.299331 0.033844
v 0.358062 0.291401 0.037136
v 0.360757 0.281982 0.039278
v 0.361371 0.272309 0.040873
v 0.360425 0.262848 0.042093
v 0.358034 0.253696 0.042954
v 0.354289 0.244950 0.043462
v 0.349279 0.236704 0.043621
v 0.343091 0.229057 0.043437
v 0.335815 0.222105 0.042912
v 0.327541 0.215943 0.042053
v 0.318356 0.210669 0.040864
v 0.308351 0.206379 0.039350
v 0.297613 0.203170 0.037514
v 0.286232 0.201137 0.035363
v 0.274668 0.200394 0.032978
v 0.263398 0.200941 0.030463
v 0.252534 0.202706 0.027852
v 0.242188 0.205617 0.025180
v 0.232475 0.209602 0.022483
v 0.223507 0.214588 0.019796
v 0.215396 0.220504 0.017154
v 0.208256 0.227278 0.014593
v 0.202199 0.234837 0.012147
v 0.197338 0.243110 0.009851
v 0.193786 0.252024 0.007742
v 0.193022 0.260326 -0.004015
v 0.192452 0.269984 -0.005704
v 0.193445 0.279408 -0.007235
v 0.195908 0.288502 -0.008597
v 0.199751 0.297173 -0.009782
v 0.204883 0.305324 -0.010780
v 0.211214 0.312861 -0.011582
v 0.218651 0.319690 -0.012179
v 0.227104 0.325715 -0.012562
v 0.236483 0.330841 -0.012721
v 0.246695 0.334975 -0.012647
v 0.257651 0.338020 -0.012331
v 0.269259 0.339882 -0.011764
v 0.281050 0.340454 -0.010963
v 0.292538 0.339744 -0.009967
v 0.303609 0.337824 -0.008797
v 0.314165 0.334677 -0.007475
v 0.324073 0.328937 -0.006027
v 0.330596 0.316073 -0.004750
v 0.325281 0.295221 -0.006674
v 0.325885 0.291035 -0.006252
v 0.342474 0.299274 -0.001097
v 0.356649 0.296261 0.002125
v 0.362980 0.287750 0.004243
v 0.365507 0.278245 0.006066
v 0.366084 0.268583 0.007756
v 0.365093 0.259157 0.009287
v 0.362630 0.250060 0.010649
v 0.358788 0.241387 0.011833
v 0.353656 0.233234 0.012832
v 0.347326 0.225694 0.013634
v 0.339889 0.218865 0.014231
v 0.331436 0.212839 0.014614
v 0.322057 0.207713 0.014773
v 0.311844 0.203580 0.014700
v 0.300888 0.200537 0.014384
v 0.289279 0.198677 0.013817
v 0.277487 0.198108 0.013016
v 0.265998 0.198821 0.012020
v 0.254926 0.200743 0.010850
v 0.244387 0.203802 0.009526
v 0.234495 0.207922 0.008071
v 0.225365 0.213032 0.006506
v 0.217112 0.219056 0.004851
v 0.209851 0.225921 0.003128
v 0.203696 0.233555 0.001359
v 0.198764 0.241882 -0.000435
v 0.195167 0.250831 -0.002234
v 0.193098 0.258972 -0.015060
v 0.192526 0.268647 -0.016602
v 0.193519 0.278065 -0.018183
v 0.195985 0.287132 -0.019785
v 0.199832 0.295755 -0.021387
v 0.204970 0.303840 -0.022969
v 0.211308 0.311294 -0.024511
v 0.218755 0.318022 -0.025993
v 0.227219 0.323931 -0.027395
v 0.236609 0.328929 -0.028697
v 0.246835 0.332920 -0.029880
v 0.257805 0.335811 -0.030922
v 0.269428 0.337508 -0.031805
v 0.281235 0.337912 -0.032488
v 0.292738 0.337037 -0.032947
v 0.303824 0.334957 -0.033188
v 0.314382 0.331722 -0.033217
v 0.324337 0.326606 -0.033053
v 0.332470 0.316249 -0.033178
v 0.328207 0.292799 -0.034421
v 0.325740 0.283787 -0.033191
v 0.335539 0.287275 -0.031429
v 0.353957 0.290807 -0.029784
v 0.362187 0.283723 -0.028114
v 0.365594 0.274422 -0.026599
v 0.366378 0.264762 -0.025058
v 0.365395 0.255341 -0.023477
v 0.362930 0.246271 -0.021875
v 0.359083 0.237646 -0.020273
v 0.353945 0.229558 -0.018691
v 0.347608 0.222103 -0.017149
v 0.340162 0.215374 -0.015667
v 0.331698 0.209464 -0.014265
v 0.322307 0.204467 -0.012962
v 0.312081 0.200477 -0.011779
v 0.301110 0.197587 -0.010737
v 0.289486 0.195892 -0.009854
v 0.277679 0.195491 -0.009171
v 0.266174 0.196369 -0.008712
v 0.255088 0.198452 -0.008471
v 0.244534 0.201663 -0.008441
v 0.234629 0.205929 -0.008616
v 0.225487 0.211174 -0.008989
v 0.217222 0.217321 -0.009556
v 0.209951 0.224297 -0.010309
v 0.203788 0.232025 -0.011242
v 0.198848 0.240430 -0.012349
v 0.195246 0.249438 -0.013624
v 0.191725 0.257714 -0.026778
v 0.191200 0.267428 -0.027917
v 0.192217 0.276867 -0.029292
v 0.194685 0.285936 -0.030876
v 0.198514 0.294543 -0.032640
v 0.203613 0.302594 -0.034558
v 0.209894 0.309998 -0.036601
v 0.217264 0.316661 -0.038743
v 0.225635 0.322491 -0.040954
v 0.234916 0.327394 -0.043209
v 0.245016 0.331278 -0.045479
v 0.255846 0.334049 -0.047736
v 0.267316 0.335615 -0.049953
v 0.278961 0.335882 -0.052036
v 0.290302 0.334868 -0.053903
v 0.301226 0.332650 -0.055545
v 0.311625 0.329281 -0.056953
v 0.321395 0.323938 -0.058154
v 0.328790 0.312226 -0.058817
v 0.314962 0.282680 -0.054557
v 0.315195 0.279042 -0.053766
v 0.324998 0.282677 -0.053205
v 0.349801 0.288241 -0.057841
v 0.358670 0.280737 -0.058925
v 0.361971 0.271203 -0.058427
v 0.362644 0.261477 -0.057337
v 0.361631 0.252036 -0.055963
v 0.359164 0.242964 -0.054379
v 0.355336 0.234355 -0.052615
v 0.350237 0.226301 -0.050697
v 0.343957 0.218895 -0.048653
v 0.336587 0.212230 -0.046512
v 0.328216 0.206400 -0.044300
v 0.318935 0.201497 -0.042045
v 0.308834 0.197614 -0.039775
v 0.298003 0.194845 -0.037518
v 0.286533 0.193281 -0.035301
v 0.274887 0.193017 -0.033218
v 0.263544 0.194034 -0.031350
v 0.252619 0.196255 -0.029709
v 0.242224 0.199602 -0.028303
v 0.232473 0.204000 -0.027144
v 0.223477 0.209370 -0.026241
v 0.215352 0.215636 -0.025605
v 0.208208 0.222721 -0.025246
v 0.202161 0.230548 -0.025173
v 0.197323 0.239041 -0.025397
v 0.193806 0.248122 -0.025929
v 0.188882 0.256845 -0.038642
v 0.188515 0.266602 -0.039121
v 0.189642 0.276070 -0.040033
v 0.192175 0.285156 -0.041345
v 0.196024 0.293769 -0.043025
v 0.201100 0.301814 -0.045040
v 0.207315 0.309200 -0.047359
v 0.214578 0.315835 -0.049948
v 0.222802 0.321625 -0.052776
v 0.231896 0.326478 -0.055809
v 0.241773 0.330302 -0.059016
v 0.252342 0.333003 -0.062364
v 0.263515 0.334490 -0.065820
v 0.274840 0.334670 -0.069244
v 0.285850 0.333568 -0.072495
v 0.296437 0.331260 -0.075545
v 0.306500 0.327763 -0.078380
v 0.315841 0.321858 -0.081152
v 0.321805 0.308283 -0.083874
v 0.307508 0.281927 -0.081224
v 0.305464 0.278161 -0.078948
v 0.331041 0.286687 -0.085924
v 0.345453 0.286274 -0.088287
v 0.352101 0.278499 -0.089264
v 0.354670 0.269072 -0.089354
v 0.355097 0.259348 -0.088877
v 0.353972 0.249878 -0.087965
v 0.351440 0.240789 -0.086653
v 0.347592 0.232174 -0.084973
v 0.342516 0.224126 -0.082957
v 0.336302 0.216738 -0.080638
v 0.329039 0.210102 -0.078049
v 0.320815 0.204312 -0.075221
v 0.311720 0.199458 -0.072188
v 0.301843 0.195636 -0.068981
v 0.291273 0.192936 -0.065633
v 0.280099 0.191452 -0.062176
v 0.268774 0.191274 -0.058753
v 0.257762 0.192379 -0.055502
v 0.247174 0.194690 -0.052451
v 0.237118 0.198128 -0.049629
v 0.227703 0.202616 -0.047063
v 0.219037 0.208074 -0.044782
v 0.211230 0.214425 -0.042813
v 0.204390 0.221592 -0.041185
v 0.198627 0.229495 -0.039926
v 0.194048 0.238057 -0.039064
v 0.190764 0.247200 -0.038627
v 0.184638 0.256651 -0.050195
v 0.184606 0.266414 -0.049763
v 0.185996 0.275887 -0.049962
v 0.188719 0.284977 -0.050758
v 0.192686 0.293591 -0.052115
v 0.197811 0.301637 -0.054001
v 0.204003 0.309023 -0.056379
v 0.211175 0.315655 -0.059216
v 0.219239 0.321443 -0.062477
v 0.228107 0.326292 -0.066128
v 0.237689 0.330110 -0.070135
v 0.247898 0.332805 -0.074462
v 0.258645 0.334283 -0.079076
v 0.269495 0.334455 -0.083791
v 0.280001 0.333343 -0.088411
v 0.290063 0.331025 -0.092889
v 0.299593 0.327439 -0.097212
v 0.308264 0.320611 -0.101672
v 0.311110 0.300746 -0.105794
v 0.290813 0.274449 -0.107698
v 0.291177 0.272999 -0.107971
v 0.320449 0.285756 -0.109950
v 0.336053 0.286140 -0.114841
v 0.341845 0.278177 -0.117627
v 0.343811 0.268754 -0.118932
v 0.343879 0.259025 -0.119390
v 0.342490 0.249550 -0.119191
v 0.339768 0.240457 -0.118396
v 0.335802 0.231840 -0.117038
v 0.330678 0.223792 -0.115153
v 0.324486 0.216404 -0.112774
v 0.317314 0.209770 -0.109937
v 0.309250 0.203982 -0.106675
v 0.300383 0.199133 -0.103024
v 0.290800 0.195316 -0.099017
v 0.280590 0.192623 -0.094689
v 0.269842 0.191146 -0.090075
v 0.258991 0.190977 -0.085361
v 0.248484 0.192092 -0.080741
v 0.238421 0.194413 -0.076263
v 0.228904 0.197861 -0.071974
v 0.220035 0.202358 -0.067922
v 0.211917 0.207827 -0.064155
v 0.204649 0.214188 -0.060720
v 0.198334 0.221364 -0.057665
v 0.193074 0.229276 -0.055038
v 0.188970 0.237847 -0.052885
v 0.186124 0.246998 -0.051255
v 0.179081 0.257395 -0.061134
v 0.179625 0.267069 -0.059570
v 0.181490 0.276468 -0.058835
v 0.184588 0.285499 -0.058894
v 0.188829 0.294071 -0.059714
v 0.194126 0.302091 -0.061261
v 0.200389 0.309465 -0.063500
v 0.207531 0.316103 -0.066397
v 0.215462 0.321910 -0.069920
v 0.224094 0.326796 -0.074033
v 0.233338 0.330666 -0.078704
v 0.243106 0.333429 -0.083897
v 0.253309 0.334992 -0.089580
v 0.263532 0.335261 -0.095526
v 0.273356 0.334254 -0.101486
v 0.282691 0.332049 -0.107393
v 0.291461 0.328596 -0.113202
v 0.299503 0.322354 -0.118921
v 0.303671 0.307589 -0.124279
v 0.287811 0.283538 -0.130916
v 0.287414 0.281139 -0.133222
v 0.308334 0.289952 -0.135782
v 0.321896 0.288354 -0.140696
v 0.327837 0.280364 -0.144348
v 0.329568 0.270875 -0.146839
v 0.329113 0.261196 -0.148416
v 0.327249 0.251795 -0.149151
v 0.324153 0.242761 -0.149092
v 0.319912 0.234186 -0.148272
v 0.314616 0.226164 -0.146726
v 0.308353 0.218788 -0.144486
v 0.301212 0.212149 -0.141588
v 0.293281 0.206340 -0.138065
v 0.284649 0.201455 -0.133952
v 0.275404 0.197585 -0.129281
v 0.265636 0.194824 -0.124087
v 0.255431 0.193263 -0.118405
v 0.245208 0.192997 -0.112459
v 0.235383 0.194006 -0.106498
v 0.226046 0.196214 -0.100592
v 0.217291 0.199544 -0.094808
v 0.209207 0.203919 -0.089214
v 0.201886 0.209264 -0.083879
v 0.195419 0.215501 -0.078872
v 0.189897 0.222554 -0.074260
v 0.185411 0.230347 -0.070112
v 0.182053 0.238802 -0.066496
v 0.179912 0.247843 -0.063480
v 0.172199 0.259363 -0.071357
v 0.173601 0.268778 -0.068519
v 0.176197 0.277956 -0.066699
v 0.179896 0.286806 -0.065864
v 0.184609 0.295236 -0.065984
v 0.190244 0.303153 -0.067028
v 0.196712 0.310466 -0.068964
v 0.203922 0.317083 -0.071760
v 0.211783 0.322911 -0.075386
v 0.220205 0.327860 -0.079811
v 0.229099 0.331836 -0.085002
v 0.238372 0.334748 -0.090930
v 0.247936 0.336504 -0.097562
v 0.257398 0.337003 -0.104638
v 0.266373 0.336253 -0.111859
v 0.274785 0.334326 -0.119136
v 0.282558 0.331289 -0.126379
v 0.289632 0.326985 -0.133485
v 0.295557 0.320191 -0.140478
v 0.296743 0.308305 -0.147530
v 0.284824 0.292012 -0.150489
v 0.284915 0.288974 -0.153024
v 0.298520 0.291012 -0.159996
v 0.309330 0.285322 -0.167256
v 0.312000 0.276060 -0.172182
v 0.311034 0.266548 -0.175236
v 0.308452 0.257363 -0.177062
v 0.304754 0.248511 -0.177897
v 0.300042 0.240079 -0.177777
v 0.294407 0.232159 -0.176733
v 0.287940 0.224844 -0.174797
v 0.280730 0.218226 -0.172001
v 0.272869 0.212397 -0.168374
v 0.264446 0.207448 -0.163950
v 0.255553 0.203472 -0.158758
v 0.246278 0.200561 -0.152830
v 0.236714 0.198807 -0.146198
v 0.227251 0.198311 -0.139122
v 0.218275 0.199063 -0.131901
v 0.209863 0.200992 -0.124624
v 0.202090 0.204025 -0.117380
v 0.195035 0.208090 -0.110260
v 0.188774 0.213115 -0.103351
v 0.183384 0.219026 -0.096744
v 0.178943 0.225753 -0.090528
v 0.175526 0.233222 -0.084792
v 0.173212 0.241362 -0.079625
v 0.172077 0.250100 -0.075117
v 0.165605 0.262612 -0.079002
v 0.167570 0.271813 -0.075537
v 0.170572 0.280837 -0.073264
v 0.174526 0.289591 -0.072147
v 0.179342 0.297981 -0.072152
v 0.184934 0.305914 -0.073243
v 0.191216 0.313298 -0.075386
v 0.198100 0.320038 -0.078546
v 0.205500 0.326041 -0.082686
v 0.213328 0.331215 -0.087774
v 0.221497 0.335466 -0.093773
v 0.229920 0.338701 -0.100648
v 0.238511 0.340825 -0.108364
v 0.246914 0.341726 -0.116620
v 0.254791 0.341392 -0.125065
v 0.262080 0.339892 -0.133594
v 0.268718 0.337292 -0.142102
v 0.274637 0.333644 -0.150485
v 0.279594 0.328455 -0.158683
v 0.281986 0.319432 -0.166274
v 0.273877 0.304331 -0.169745
v 0.265967 0.295805 -0.170122
v 0.271243 0.295707 -0.176448
v 0.285604 0.293700 -0.188185
v 0.289739 0.285140 -0.195882
v 0.288819 0.275727 -0.200128
v 0.285916 0.266664 -0.202479
v 0.281964 0.257907 -0.203596
v 0.277149 0.249515 -0.203591
v 0.271557 0.241579 -0.202499
v 0.265275 0.234194 -0.200356
v 0.258392 0.227452 -0.197197
v 0.250992 0.221448 -0.193056
v 0.243164 0.216273 -0.187968
v 0.234995 0.212023 -0.181969
v 0.226571 0.208789 -0.175093
v 0.217979 0.206666 -0.167377
v 0.209575 0.205768 -0.159121
v 0.201697 0.206103 -0.150676
v 0.194408 0.207606 -0.142147
v 0.187770 0.210208 -0.133639
v 0.181845 0.213844 -0.125258
v 0.176696 0.218446 -0.117110
v 0.172387 0.223947 -0.109299
v 0.168978 0.230282 -0.101931
v 0.166533 0.237382 -0.095113
v 0.165114 0.245182 -0.088948
v 0.164784 0.253614 -0.083542
v 0.158805 0.265390 -0.084433
v 0.160288 0.274745 -0.081357
v 0.162632 0.283979 -0.079616
v 0.165768 0.292993 -0.079160
v 0.169624 0.301690 -0.079941
v 0.174130 0.309970 -0.081911
v 0.179216 0.317735 -0.085021
v 0.184810 0.324887 -0.089223
v 0.190843 0.331327 -0.094469
v 0.197243 0.336957 -0.100710
v 0.203940 0.341678 -0.107899
v 0.210863 0.345392 -0.115987
v 0.217943 0.348000 -0.124925
v 0.224886 0.349367 -0.134360
v 0.231413 0.349466 -0.143896
v 0.237471 0.348360 -0.153420
v 0.243007 0.346112 -0.162818
v 0.247969 0.342787 -0.171976
v 0.252267 0.338344 -0.180781
v 0.255401 0.331694 -0.188992
v 0.254567 0.320175 -0.194829
v 0.243700 0.305918 -0.192667
v 0.242183 0.301546 -0.194970
v 0.251376 0.301396 -0.206040
v 0.259303 0.294979 -0.217097
v 0.260247 0.285468 -0.222498
v 0.258331 0.276094 -0.224667
v 0.255220 0.267065 -0.225146
v 0.251365 0.258366 -0.224365
v 0.246859 0.250083 -0.222395
v 0.241775 0.242315 -0.219285
v 0.236181 0.235161 -0.215083
v 0.230149 0.228719 -0.209836
v 0.223749 0.223088 -0.203595
v 0.217051 0.218366 -0.196406
v 0.210128 0.214653 -0.188318
v 0.203048 0.212046 -0.179379
v 0.196103 0.210681 -0.169944
v 0.189575 0.210584 -0.160407
v 0.183516 0.211693 -0.150884
v 0.177979 0.213943 -0.141486
v 0.173017 0.217271 -0.132328
v 0.168682 0.221613 -0.123522
v 0.165027 0.226905 -0.115181
v 0.162105 0.233083 -0.107420
v 0.159970 0.240085 -0.100352
v 0.158672 0.247845 -0.094089
v 0.158267 0.256302 -0.088745
v 0.147354 0.267298 -0.090867
v 0.147878 0.276835 -0.088357
v 0.149104 0.286282 -0.087274
v 0.150983 0.295535 -0.087559
v 0.153464 0.304492 -0.089149
v 0.156499 0.313051 -0.091986
v 0.160037 0.321110 -0.096008
v 0.164028 0.328566 -0.101155
v 0.168423 0.335316 -0.107365
v 0.173172 0.341259 -0.114579
v 0.178225 0.346292 -0.122736
v 0.183532 0.350313 -0.131775
v 0.189044 0.353219 -0.141637
v 0.194535 0.354862 -0.151927
v 0.199782 0.355205 -0.162217
v 0.204738 0.354309 -0.172390
v 0.209355 0.352238 -0.182329
v 0.213587 0.349052 -0.191917
v 0.217385 0.344810 -0.201037
v 0.220651 0.339260 -0.209522
v 0.222789 0.330762 -0.216650
v 0.220405 0.317065 -0.218833
v 0.214056 0.305410 -0.215232
v 0.214725 0.302331 -0.219481
v 0.222259 0.300092 -0.231667
v 0.226497 0.291661 -0.240015
v 0.226526 0.281933 -0.242755
v 0.224838 0.272581 -0.242718
v 0.222364 0.263616 -0.241135
v 0.219331 0.255053 -0.238298
v 0.215794 0.246991 -0.234276
v 0.211804 0.239532 -0.229130
v 0.207409 0.232778 -0.222919
v 0.202661 0.226833 -0.215704
v 0.197608 0.221798 -0.207547
v 0.192301 0.217777 -0.198507
v 0.186788 0.214872 -0.188645
v 0.181296 0.213230 -0.178355
v 0.176048 0.212890 -0.168064
v 0.171091 0.213789 -0.157891
v 0.166473 0.215864 -0.147953
v 0.162240 0.219053 -0.138365
v 0.158440 0.223293 -0.129244
v 0.155119 0.228521 -0.120707
v 0.152324 0.234675 -0.112871
v 0.150104 0.241693 -0.105852
v 0.148504 0.249511 -0.099768
v 0.147572 0.258067 -0.094734
v 0.129491 0.268657 -0.098648
v 0.129318 0.278254 -0.096450
v 0.129720 0.287771 -0.095736
v 0.130665 0.297104 -0.096439
v 0.132117 0.306150 -0.098490
v 0.134043 0.314805 -0.101823
v 0.136409 0.322965 -0.106370
v 0.139181 0.330525 -0.112062
v 0.142325 0.337384 -0.118833
v 0.145806 0.343436 -0.126615
v 0.149592 0.348578 -0.135339
v 0.153647 0.352707 -0.144939
v 0.157938 0.355719 -0.155347
v 0.162291 0.357461 -0.166146
v 0.166527 0.357891 -0.176888
v 0.170605 0.357073 -0.187454
v 0.174482 0.355066 -0.197724
v 0.178116 0.351934 -0.207579
v 0.181465 0.347737 -0.216902
v 0.184459 0.342394 -0.225537
v 0.186770 0.334902 -0.232941
v 0.186759 0.323357 -0.236618
v 0.182422 0.311040 -0.232760
v 0.182156 0.305443 -0.234289
v 0.186310 0.302412 -0.243522
v 0.191397 0.294717 -0.253652
v 0.192647 0.284805 -0.257278
v 0.192025 0.275256 -0.257152
v 0.190597 0.266185 -0.255139
v 0.188672 0.257526 -0.251806
v 0.186308 0.249362 -0.247259
v 0.183537 0.241797 -0.241566
v 0.180395 0.234935 -0.234795
v 0.176914 0.228879 -0.227013
v 0.173129 0.223734 -0.218288
v 0.169074 0.219604 -0.208688
v 0.164782 0.216593 -0.198280
v 0.160428 0.214852 -0.187480
v 0.156191 0.214424 -0.176737
v 0.152111 0.215247 -0.166172
v 0.148233 0.217257 -0.155901
v 0.144598 0.220394 -0.146046
v 0.141247 0.224595 -0.136724
v 0.138224 0.229797 -0.128054
v 0.135570 0.235939 -0.120155
v 0.133328 0.242958 -0.113146
v 0.131539 0.250792 -0.107146
v 0.130246 0.259379 -0.102274
v 0.106537 0.269045 -0.106605
v 0.105883 0.278652 -0.104576
v 0.105704 0.288182 -0.104068
v 0.105979 0.297530 -0.105007
v 0.106684 0.306593 -0.107323
v 0.107798 0.315265 -0.110942
v 0.109299 0.323443 -0.115795
v 0.111164 0.331024 -0.121807
v 0.113370 0.337903 -0.128909
v 0.115895 0.343976 -0.137028
v 0.118718 0.349140 -0.146092
v 0.121816 0.353290 -0.156030
v 0.125166 0.356323 -0.166770
v 0.128635 0.358086 -0.177881
v 0.132078 0.358535 -0.188903
v 0.135458 0.357733 -0.199715
v 0.138737 0.355741 -0.210196
v 0.141877 0.352621 -0.220225
v 0.144841 0.348435 -0.229683
v 0.147590 0.343211 -0.238441
v 0.150037 0.336406 -0.246161
v 0.151588 0.326338 -0.251299
v 0.150168 0.313464 -0.249966
v 0.148601 0.305583 -0.248074
v 0.151298 0.302337 -0.255237
v 0.155593 0.295463 -0.265354
v 0.157293 0.285568 -0.269390
v 0.157347 0.275927 -0.269227
v 0.156668 0.266828 -0.266969
v 0.155555 0.258151 -0.263349
v 0.154056 0.249967 -0.258497
v 0.152194 0.242381 -0.252484
v 0.149989 0.235497 -0.245382
v 0.147464 0.229420 -0.237262
v 0.144642 0.224253 -0.228198
v 0.141544 0.220101 -0.218259
v 0.138194 0.217067 -0.207519
v 0.134724 0.215306 -0.196407
v 0.131279 0.214860 -0.185384
v 0.127898 0.215666 -0.174572
v 0.124617 0.217663 -0.164092
v 0.121475 0.220788 -0.154062
v 0.118509 0.224980 -0.144604
v 0.115758 0.230176 -0.135838
v 0.113258 0.236314 -0.127885
v 0.111048 0.243332 -0.120864
v 0.109167 0.251168 -0.114897
v 0.107650 0.259759 -0.110104
v 0.079908 0.268455 -0.114061
v 0.078939 0.278057 -0.112122
v 0.078363 0.287579 -0.111726
v 0.078167 0.296917 -0.112799
v 0.078337 0.305969 -0.115267
v 0.078860 0.314630 -0.119054
v 0.079722 0.322796 -0.124087
v 0.080909 0.330363 -0.130293
v 0.082408 0.337228 -0.137595
v 0.084206 0.343287 -0.145920
v 0.086287 0.348437 -0.155195
v 0.088640 0.352573 -0.165344
v 0.091250 0.355592 -0.176293
v 0.094014 0.357342 -0.187605
v 0.096817 0.357780 -0.198808
v 0.099623 0.356968 -0.209782
v 0.102401 0.354968 -0.220404
v 0.105116 0.351841 -0.230554
v 0.107735 0.347650 -0.240110
v 0.110223 0.342454 -0.248951
v 0.112525 0.336115 -0.256913
v 0.114409 0.327756 -0.263367
v 0.115277 0.317299 -0.266642
v 0.115377 0.307944 -0.266710
v 0.117007 0.302161 -0.271274
v 0.119437 0.294349 -0.277269
v 0.120839 0.284705 -0.279875
v 0.121257 0.275160 -0.279377
v 0.121109 0.266079 -0.276957
v 0.120588 0.257412 -0.273169
v 0.119728 0.249240 -0.268136
v 0.118543 0.241667 -0.261930
v 0.117046 0.234796 -0.254628
v 0.115250 0.228732 -0.246302
v 0.113169 0.223578 -0.237027
v 0.110817 0.219439 -0.226877
v 0.108206 0.216420 -0.215927
v 0.105441 0.214671 -0.204615
v 0.102637 0.214237 -0.193411
v 0.099828 0.215053 -0.182437
v 0.097048 0.217059 -0.171814
v 0.094331 0.220192 -0.161663
v 0.091710 0.224389 -0.152108
v 0.089220 0.229590 -0.143268
v 0.086894 0.235730 -0.135265
v 0.084766 0.242750 -0.128222
v 0.082870 0.250585 -0.122259
v 0.081239 0.259174 -0.117498
v 0.050905 0.267076 -0.120637
v 0.049752 0.276669 -0.118741
v 0.048922 0.286179 -0.118403
v 0.048408 0.295503 -0.119549
v 0.048203 0.304537 -0.122102
v 0.048299 0.313178 -0.125988
v 0.048690 0.321322 -0.131129
v 0.049368 0.328866 -0.137451
v 0.050326 0.335706 -0.144877
v 0.051558 0.341739 -0.153332
v 0.053055 0.346862 -0.162740
v 0.054811 0.350971 -0.173025
v 0.056818 0.353964 -0.184112
v 0.059000 0.355687 -0.195557
v 0.061261 0.356101 -0.206884
v 0.063575 0.355268 -0.217970
v 0.065909 0.353248 -0.228694
v 0.068235 0.350105 -0.238933
v 0.070524 0.345900 -0.248565
v 0.072740 0.340655 -0.257461
v 0.074765 0.333801 -0.265306
v 0.076140 0.324119 -0.270786
v 0.076030 0.312334 -0.271039
v 0.075912 0.303691 -0.268510
v 0.078685 0.300293 -0.276499
v 0.081929 0.292841 -0.284851
v 0.083568 0.283043 -0.288141
v 0.084273 0.273439 -0.287755
v 0.084500 0.264361 -0.285273
v 0.084406 0.255714 -0.281387
v 0.084018 0.247564 -0.276246
v 0.083342 0.240013 -0.269924
v 0.082386 0.233166 -0.262498
v 0.081156 0.227127 -0.254042
v 0.079659 0.222000 -0.244634
v 0.077904 0.217888 -0.234348
v 0.075896 0.214895 -0.223260
v 0.073713 0.213173 -0.211814
v 0.071449 0.212762 -0.200487
v 0.069134 0.213600 -0.189399
v 0.066797 0.215626 -0.178675
v 0.064468 0.218776 -0.168436
v 0.062178 0.222988 -0.158805
v 0.059955 0.228200 -0.149904
v 0.057830 0.234350 -0.141855
v 0.055833 0.241375 -0.134782
v 0.053993 0.249212 -0.128806
v 0.052340 0.257800 -0.124051
v 0.020713 0.265181 -0.126115
v 0.019490 0.274769 -0.124232
v 0.018526 0.284271 -0.123919
v 0.017818 0.293583 -0.125100
v 0.017365 0.302602 -0.127699
v 0.017164 0.311224 -0.131639
v 0.017213 0.319347 -0.136842
v 0.017509 0.326868 -0.143234
v 0.018050 0.333682 -0.150736
v 0.018833 0.339688 -0.159273
v 0.019857 0.344782 -0.168767
v 0.021118 0.348861 -0.179143
v 0.022615 0.351822 -0.190323
v 0.024290 0.353515 -0.201860
v 0.026072 0.353900 -0.213274
v 0.027934 0.353040 -0.224443
v 0.029851 0.350996 -0.235243
v 0.031798 0.347830 -0.245551
v 0.033748 0.343603 -0.255244
v 0.035636 0.338119 -0.264165
v 0.037122 0.330216 -0.271657
v 0.037308 0.319216 -0.275474
v 0.036697 0.308829 -0.274430
v 0.038377 0.304364 -0.278195
v 0.042265 0.299400 -0.287746
v 0.044920 0.290295 -0.293874
v 0.046247 0.280485 -0.295566
v 0.047005 0.271081 -0.294595
v 0.047461 0.262054 -0.292000
v 0.047665 0.253425 -0.288061
v 0.047619 0.245295 -0.282857
v 0.047325 0.237768 -0.276465
v 0.046786 0.230947 -0.268962
v 0.046005 0.224935 -0.260425
v 0.044982 0.219836 -0.250930
v 0.043721 0.215754 -0.240554
v 0.042224 0.212792 -0.229372
v 0.040547 0.211100 -0.217835
v 0.038764 0.210718 -0.206420
v 0.036899 0.211584 -0.195250
v 0.034980 0.213634 -0.184450
v 0.033030 0.216807 -0.174142
v 0.031077 0.221039 -0.164449
v 0.029145 0.226269 -0.155495
v 0.027261 0.232433 -0.147403
v 0.025450 0.239469 -0.140295
v 0.023738 0.247314 -0.134296
v 0.022150 0.255906 -0.129528
v -0.009553 0.263082 -0.130363
v -0.010736 0.272672 -0.128474
v -0.011721 0.282172 -0.128164
v -0.012509 0.291479 -0.129356
v -0.013097 0.300488 -0.131974
v -0.013485 0.309098 -0.135940
v -0.013672 0.317205 -0.141177
v -0.013656 0.324706 -0.147608
v -0.013437 0.331499 -0.155156
v -0.013014 0.337480 -0.163743
v -0.012386 0.342548 -0.173294
v -0.011551 0.346598 -0.183729
v -0.010508 0.349529 -0.194973
v -0.009297 0.351191 -0.206575
v -0.007971 0.351546 -0.218053
v -0.006549 0.350656 -0.229284
v -0.005054 0.348584 -0.240143
v -0.003505 0.345391 -0.250507
v -0.001935 0.341074 -0.260249
v -0.000522 0.334796 -0.269076
v 0.000011 0.324336 -0.275315
v -0.001170 0.308721 -0.274090
v -0.000998 0.299752 -0.271749
v 0.001784 0.298974 -0.279811
v 0.005737 0.296448 -0.293224
v 0.007963 0.287486 -0.299385
v 0.009199 0.277870 -0.300809
v 0.010027 0.268532 -0.299779
v 0.010619 0.259514 -0.297171
v 0.011010 0.250898 -0.293205
v 0.011200 0.242784 -0.287969
v 0.011187 0.235275 -0.281538
v 0.010970 0.228476 -0.273990
v 0.010549 0.222488 -0.265402
v 0.009922 0.217416 -0.255851
v 0.009087 0.213362 -0.245415
v 0.008044 0.210430 -0.234170
v 0.006832 0.208770 -0.222567
v 0.005503 0.208418 -0.211088
v 0.004079 0.209314 -0.199856
v 0.002580 0.211392 -0.188997
v 0.001029 0.214592 -0.178633
v -0.000555 0.218849 -0.168888
v -0.002149 0.224101 -0.159887
v -0.003734 0.230285 -0.151752
v -0.005288 0.237338 -0.144609
v -0.006790 0.245197 -0.138580
v -0.008219 0.253799 -0.133790
v -0.038807 0.261102 -0.133299
v -0.039824 0.270703 -0.131393
v -0.040708 0.280210 -0.131073
v -0.041457 0.289519 -0.132262
v -0.042068 0.298527 -0.134882
v -0.042536 0.307132 -0.138856
v -0.042860 0.315230 -0.144107
v -0.043035 0.322719 -0.150557
v -0.043059 0.329496 -0.158129
v -0.042928 0.335458 -0.166745
v -0.042640 0.340503 -0.176329
v -0.042191 0.344528 -0.186803
v -0.041577 0.347431 -0.198090
v -0.040822 0.349064 -0.209737
v -0.039957 0.349388 -0.221262
v -0.039000 0.348468 -0.232538
v -0.037964 0.346366 -0.243443
v -0.036868 0.343134 -0.253853
v -0.035808 0.338373 -0.263633
v -0.035214 0.329999 -0.272001
v -0.035258 0.313925 -0.274565
v -0.034137 0.298398 -0.269970
v -0.031623 0.294988 -0.272725
v -0.029709 0.299560 -0.287531
v -0.028627 0.294230 -0.298942
v -0.027642 0.284945 -0.303575
v -0.026790 0.275425 -0.304510
v -0.026048 0.266106 -0.303402
v -0.025435 0.257093 -0.300784
v -0.024964 0.248482 -0.296811
v -0.024638 0.240376 -0.291560
v -0.024460 0.232880 -0.285110
v -0.024433 0.226096 -0.277538
v -0.024562 0.220128 -0.268921
v -0.024849 0.215077 -0.259336
v -0.025298 0.211049 -0.248862
v -0.025912 0.208145 -0.237574
v -0.026669 0.206514 -0.225925
v -0.027535 0.206193 -0.214400
v -0.028496 0.207118 -0.203123
v -0.029534 0.209227 -0.192217
v -0.030635 0.212455 -0.181809
v -0.031784 0.216741 -0.172021
v -0.032964 0.222020 -0.162978
v -0.034161 0.228229 -0.154805
v -0.035360 0.235305 -0.147626
v -0.036544 0.243185 -0.141566
v -0.037698 0.251805 -0.136749
v -0.065935 0.259566 -0.134881
v -0.066621 0.269185 -0.132956
v -0.067249 0.278705 -0.132622
v -0.067815 0.288024 -0.133800
v -0.068314 0.297039 -0.136414
v -0.068743 0.305645 -0.140386
v -0.069098 0.313742 -0.145638
v -0.069374 0.321226 -0.152094
v -0.069567 0.327994 -0.159676
v -0.069674 0.333944 -0.168306
v -0.069690 0.338973 -0.177907
v -0.069611 0.342979 -0.188402
v -0.069434 0.345858 -0.199713
v -0.069162 0.347465 -0.211388
v -0.068810 0.347762 -0.222941
v -0.068386 0.346814 -0.234248
v -0.067897 0.344683 -0.245184
v -0.067356 0.341386 -0.255631
v -0.066878 0.336041 -0.265456
v -0.066930 0.325281 -0.273213
v -0.066443 0.305253 -0.272197
v -0.066184 0.296755 -0.270653
v -0.062937 0.296383 -0.276990
v -0.062938 0.299615 -0.293100
v -0.062504 0.292475 -0.302341
v -0.061899 0.283018 -0.305926
v -0.061297 0.273494 -0.306567
v -0.060732 0.264169 -0.305412
v -0.060230 0.255149 -0.302799
v -0.059798 0.246536 -0.298827
v -0.059441 0.238433 -0.293575
v -0.059162 0.230942 -0.287119
v -0.058967 0.224167 -0.279537
v -0.058858 0.218211 -0.270907
v -0.058841 0.213177 -0.261305
v -0.058919 0.209168 -0.250809
v -0.059097 0.206287 -0.239497
v -0.059370 0.204682 -0.227821
v -0.059724 0.204388 -0.216267
v -0.060151 0.205341 -0.204960
v -0.060643 0.207479 -0.194024
v -0.061192 0.210737 -0.183584
v -0.061789 0.215052 -0.173765
v -0.062427 0.220360 -0.164691
v -0.063097 0.226597 -0.156489
v -0.063791 0.233700 -0.149281
v -0.064501 0.241605 -0.143194
v -0.065218 0.250248 -0.138352
v -0.089715 0.258774 -0.135119
v -0.089823 0.268409 -0.133191
v -0.089965 0.277943 -0.132854
v -0.090139 0.287273 -0.134030
v -0.090341 0.296295 -0.136642
v -0.090569 0.304908 -0.140613
v -0.090818 0.313008 -0.145865
v -0.091085 0.320492 -0.152321
v -0.091367 0.327257 -0.159903
v -0.091661 0.333202 -0.168534
v -0.091964 0.338224 -0.178137
v -0.092271 0.342219 -0.188634
v -0.092581 0.345085 -0.199948
v -0.092880 0.346676 -0.211626
v -0.093155 0.346956 -0.223183
v -0.093405 0.345989 -0.234494
v -0.093628 0.343838 -0.245434
v -0.093835 0.340490 -0.255889
v -0.094219 0.334782 -0.265690
v -0.095296 0.322895 -0.272827
v -0.094424 0.302162 -0.270254
v -0.093784 0.294568 -0.269273
v -0.093310 0.299645 -0.280120
v -0.094058 0.299784 -0.295729
v -0.094117 0.291584 -0.303506
v -0.094066 0.281994 -0.306428
v -0.093935 0.272455 -0.306879
v -0.093759 0.263121 -0.305705
v -0.093554 0.254093 -0.303094
v -0.093325 0.245474 -0.299124
v -0.093073 0.237367 -0.293872
v -0.092803 0.229876 -0.287416
v -0.092518 0.223104 -0.279834
v -0.092222 0.217153 -0.271202
v -0.091918 0.212127 -0.261599
v -0.091610 0.208128 -0.251101
v -0.091301 0.205261 -0.239786
v -0.091004 0.203672 -0.228107
v -0.090730 0.203395 -0.216549
v -0.090483 0.204367 -0.205237
v -0.090263 0.206525 -0.194297
v -0.090072 0.209803 -0.183852
v -0.089912 0.214139 -0.174029
v -0.089786 0.219468 -0.164951
v -0.089695 0.225726 -0.156744
v -0.089640 0.232850 -0.149532
v -0.089624 0.240775 -0.143441
v -0.089649 0.249438 -0.138595
v -0.107630 0.259022 -0.134216
v -0.107242 0.268657 -0.132319
v -0.107017 0.278190 -0.132004
v -0.106950 0.287520 -0.133195
v -0.107035 0.296542 -0.135814
v -0.107267 0.305155 -0.139785
v -0.107638 0.313255 -0.145029
v -0.108144 0.320740 -0.151470
v -0.108780 0.327506 -0.159031
v -0.109539 0.333452 -0.167633
v -0.110416 0.338474 -0.177201
v -0.111404 0.342470 -0.187657
v -0.112499 0.345337 -0.198923
v -0.113658 0.346929 -0.210548
v -0.114830 0.347211 -0.222050
v -0.116002 0.346245 -0.233305
v -0.117161 0.344095 -0.244187
v -0.118312 0.340701 -0.254585
v -0.119662 0.334672 -0.264238
v -0.121483 0.321567 -0.270740
v -0.121029 0.301722 -0.268340
v -0.121006 0.295939 -0.268917
v -0.119897 0.297919 -0.277665
v -0.122866 0.299591 -0.293564
v -0.124023 0.291753 -0.301634
v -0.124580 0.282249 -0.304686
v -0.124837 0.272720 -0.305176
v -0.124903 0.263386 -0.303992
v -0.124816 0.254358 -0.301374
v -0.124582 0.245739 -0.297403
v -0.124207 0.237632 -0.292159
v -0.123698 0.230140 -0.285718
v -0.123060 0.223367 -0.278158
v -0.122299 0.217416 -0.269554
v -0.121422 0.212389 -0.259986
v -0.120432 0.208390 -0.249530
v -0.119338 0.205522 -0.238263
v -0.118181 0.203931 -0.226636
v -0.117011 0.203653 -0.215134
v -0.115841 0.204625 -0.203878
v -0.114686 0.206781 -0.192995
v -0.113558 0.210058 -0.182608
v -0.112473 0.214393 -0.172841
v -0.111445 0.219721 -0.163819
v -0.110486 0.225978 -0.155665
v -0.109611 0.233101 -0.148503
v -0.108834 0.241025 -0.142458
v -0.108169 0.249687 -0.137655
v -0.119843 0.259347 -0.132439
v -0.119552 0.268982 -0.130527
v -0.119585 0.278516 -0.130173
v -0.119924 0.287847 -0.131301
v -0.120553 0.296871 -0.133837
v -0.121454 0.305486 -0.137704
v -0.122612 0.313589 -0.142828
v -0.124009 0.321076 -0.149133
v -0.125629 0.327846 -0.156542
v -0.127454 0.333795 -0.164981
v -0.129469 0.338820 -0.174374
v -0.131656 0.342820 -0.184646
v -0.133998 0.345691 -0.195720
v -0.136401 0.347287 -0.207155
v -0.138766 0.347572 -0.218474
v -0.141068 0.346609 -0.229555
v -0.143281 0.344462 -0.240275
v -0.145390 0.341109 -0.250523
v -0.147479 0.335322 -0.260091
v -0.149463 0.322839 -0.266829
v -0.148838 0.303061 -0.264081
v -0.149194 0.297286 -0.263642
v -0.147615 0.297585 -0.272265
v -0.152379 0.299948 -0.288474
v -0.154378 0.292213 -0.296894
v -0.155031 0.282646 -0.300082
v -0.155064 0.273098 -0.300631
v -0.154726 0.263762 -0.299511
v -0.154095 0.254733 -0.296976
v -0.153190 0.246112 -0.293109
v -0.152030 0.238002 -0.287985
v -0.150630 0.230508 -0.281681
v -0.149008 0.223732 -0.274272
v -0.147181 0.217778 -0.265832
v -0.145165 0.212747 -0.256439
v -0.142978 0.208745 -0.246166
v -0.140636 0.205873 -0.235090
v -0.138234 0.204279 -0.223655
v -0.135872 0.203997 -0.212336
v -0.133573 0.204965 -0.201254
v -0.131362 0.207118 -0.190533
v -0.129265 0.210393 -0.180295
v -0.127306 0.214725 -0.170662
v -0.125511 0.220051 -0.161757
v -0.123902 0.226306 -0.153703
v -0.122507 0.233427 -0.146621
v -0.121349 0.241351 -0.140635
v -0.120452 0.250012 -0.135867
v -0.129816 0.258994 -0.129794
v -0.129892 0.268618 -0.127783
v -0.130463 0.278136 -0.127285
v -0.131496 0.287447 -0.128227
v -0.132961 0.296446 -0.130539
v -0.134824 0.305032 -0.134149
v -0.137055 0.313103 -0.138985
v -0.139623 0.320556 -0.144975
v -0.142495 0.327288 -0.152049
v -0.145639 0.333198 -0.160134
v -0.149025 0.338183 -0.169160
v -0.152621 0.342141 -0.179053
v -0.156396 0.344970 -0.189744
v -0.160194 0.346524 -0.200805
v -0.163862 0.346770 -0.211774
v -0.167363 0.345771 -0.222533
v -0.170664 0.343591 -0.232963
v -0.173734 0.340243 -0.242949
v -0.176600 0.334694 -0.252342
v -0.178890 0.323282 -0.259213
v -0.175856 0.302715 -0.255520
v -0.174404 0.295286 -0.253344
v -0.177993 0.300264 -0.265589
v -0.183623 0.299845 -0.281594
v -0.185318 0.291366 -0.289162
v -0.185519 0.281687 -0.292067
v -0.184976 0.272147 -0.292647
v -0.183941 0.262832 -0.291707
v -0.182474 0.253828 -0.289395
v -0.180608 0.245235 -0.285786
v -0.178374 0.237158 -0.280950
v -0.175804 0.229699 -0.274960
v -0.172930 0.222961 -0.267886
v -0.169783 0.217045 -0.259800
v -0.166396 0.212056 -0.250774
v -0.162800 0.208096 -0.240880
v -0.159026 0.205267 -0.230188
v -0.155229 0.203715 -0.219127
v -0.151564 0.203472 -0.208157
v -0.148065 0.204476 -0.197397
v -0.144767 0.206662 -0.186967
v -0.141706 0.209965 -0.176988
v -0.138916 0.214322 -0.167578
v -0.136432 0.219669 -0.158858
v -0.134288 0.225940 -0.150947
v -0.132520 0.233073 -0.143965
v -0.131162 0.241002 -0.138033
v -0.130249 0.249664 -0.133269
v -0.138878 0.258294 -0.126197
v -0.139157 0.267903 -0.124106
v -0.140103 0.277395 -0.123457
v -0.141671 0.286668 -0.124186
v -0.143818 0.295620 -0.126225
v -0.146497 0.304148 -0.129508
v -0.149664 0.312153 -0.133970
v -0.153276 0.319532 -0.139543
v -0.157286 0.326184 -0.146162
v -0.161650 0.332008 -0.153760
v -0.166325 0.336902 -0.162270
v -0.171264 0.340765 -0.171627
v -0.176423 0.343496 -0.181764
v -0.181592 0.344953 -0.192276
v -0.186560 0.345106 -0.202725
v -0.191280 0.344021 -0.212998
v -0.195706 0.341761 -0.222976
v -0.199809 0.338293 -0.232554
v -0.203613 0.332317 -0.241488
v -0.206184 0.320081 -0.247452
v -0.201231 0.300361 -0.244025
v -0.198928 0.294082 -0.243341
v -0.206527 0.300471 -0.257154
v -0.212816 0.298012 -0.271047
v -0.214685 0.289217 -0.277729
v -0.214698 0.279551 -0.280463
v -0.213774 0.270045 -0.281159
v -0.212203 0.260768 -0.280431
v -0.210055 0.251812 -0.278393
v -0.207373 0.243277 -0.275110
v -0.204203 0.235267 -0.270648
v -0.200589 0.227881 -0.265075
v -0.196577 0.221224 -0.258457
v -0.192211 0.215395 -0.250859
v -0.187536 0.210498 -0.242348
v -0.182596 0.206633 -0.232991
v -0.177438 0.203902 -0.222853
v -0.172270 0.202447 -0.212340
v -0.167304 0.202297 -0.201889
v -0.162587 0.203388 -0.191617
v -0.158163 0.205653 -0.181637
v -0.154080 0.209029 -0.172067
v -0.150382 0.213451 -0.163020
v -0.147117 0.218853 -0.154612
v -0.144330 0.225170 -0.146959
v -0.142066 0.232338 -0.140175
v -0.140372 0.240291 -0.134377
v -0.139295 0.248965 -0.129679
v -0.147083 0.257383 -0.121693
v -0.147405 0.266988 -0.119578
v -0.148564 0.276458 -0.118811
v -0.150506 0.285692 -0.119334
v -0.153174 0.294590 -0.121085
v -0.156512 0.303050 -0.124005
v -0.160465 0.310974 -0.128033
v -0.164976 0.318260 -0.133109
v -0.169991 0.324808 -0.139173
v -0.175453 0.330518 -0.146165
v -0.181306 0.335291 -0.154024
v -0.187494 0.339024 -0.162691
v -0.193962 0.341619 -0.172106
v -0.200447 0.342940 -0.181892
v -0.206681 0.342962 -0.191642
v -0.212609 0.341750 -0.201247
v -0.218171 0.339372 -0.210599
v -0.223345 0.335646 -0.219604
v -0.228098 0.328665 -0.227877
v -0.230333 0.313837 -0.232500
v -0.224643 0.294882 -0.230040
v -0.224241 0.291620 -0.232124
v -0.234176 0.299195 -0.245781
v -0.240332 0.295152 -0.257113
v -0.242268 0.286240 -0.262792
v -0.242203 0.276626 -0.265321
v -0.241061 0.267150 -0.266118
v -0.239117 0.257912 -0.265596
v -0.236447 0.249009 -0.263845
v -0.233106 0.240543 -0.260926
v -0.229151 0.232614 -0.256898
v -0.224637 0.225322 -0.251822
v -0.219620 0.218769 -0.245758
v -0.214157 0.213054 -0.238766
v -0.208303 0.208279 -0.230906
v -0.202115 0.204544 -0.222238
v -0.195647 0.201950 -0.212823
v -0.189165 0.200632 -0.203036
v -0.182932 0.200613 -0.193286
v -0.177007 0.201829 -0.183680
v -0.171448 0.204213 -0.174328
v -0.166312 0.207699 -0.165338
v -0.161657 0.212220 -0.156820
v -0.157542 0.217710 -0.148881
v -0.154024 0.224104 -0.141631
v -0.151162 0.231334 -0.135179
v -0.149012 0.239335 -0.129632
v -0.147633 0.248040 -0.125101
v -0.154479 0.256378 -0.116282
v -0.154701 0.265997 -0.114240
v -0.155926 0.275459 -0.113426
v -0.158087 0.284665 -0.113787
v -0.161120 0.293516 -0.115270
v -0.164960 0.301913 -0.117821
v -0.169543 0.309756 -0.121387
v -0.174802 0.316947 -0.125913
v -0.180675 0.323386 -0.131348
v -0.187094 0.328975 -0.137636
v -0.193996 0.333613 -0.144725
v -0.201315 0.337203 -0.152561
v -0.208987 0.339644 -0.161091
v -0.216699 0.340808 -0.169975
v -0.224136 0.340676 -0.178842
v -0.231227 0.339316 -0.187592
v -0.237959 0.336624 -0.196103
v -0.244410 0.331594 -0.203998
v -0.249815 0.321554 -0.210131
v -0.250135 0.305294 -0.213253
v -0.248105 0.295214 -0.215840
v -0.249054 0.292768 -0.221300
v -0.258966 0.297182 -0.231734
v -0.265301 0.291780 -0.239790
v -0.267563 0.282887 -0.244364
v -0.267623 0.273313 -0.246677
v -0.266418 0.263850 -0.247511
v -0.264254 0.254640 -0.247150
v -0.261219 0.245783 -0.245667
v -0.257376 0.237381 -0.243117
v -0.252791 0.229532 -0.239551
v -0.247529 0.222336 -0.235025
v -0.241655 0.215892 -0.229591
v -0.235234 0.210300 -0.223302
v -0.228332 0.205659 -0.216213
v -0.221012 0.202069 -0.208376
v -0.213341 0.199628 -0.199846
v -0.205631 0.198467 -0.190961
v -0.198196 0.198602 -0.182093
v -0.191108 0.199967 -0.173343
v -0.184436 0.202493 -0.164808
v -0.178251 0.206113 -0.156589
v -0.172623 0.210759 -0.148786
v -0.167622 0.216362 -0.141498
v -0.163318 0.222856 -0.134826
v -0.159782 0.230173 -0.128869
v -0.157083 0.238244 -0.123726
v -0.155292 0.247001 -0.119497
v -0.161118 0.255386 -0.109905
v -0.161128 0.265034 -0.108068
v -0.162293 0.274505 -0.107312
v -0.164539 0.283699 -0.107591
v -0.167795 0.292519 -0.108859
v -0.171989 0.300867 -0.111070
v -0.177048 0.308643 -0.114176
v -0.182902 0.315751 -0.118131
v -0.189478 0.322092 -0.122888
v -0.196703 0.327567 -0.128400
v -0.204506 0.332080 -0.134621
v -0.212815 0.335531 -0.141504
v -0.221558 0.337822 -0.149003
v -0.230380 0.338830 -0.156818
v -0.238918 0.338542 -0.164624
v -0.247151 0.336876 -0.172324
v -0.255150 0.332829 -0.179639
v -0.262213 0.324004 -0.185602
v -0.265483 0.310301 -0.189479
v -0.266598 0.301509 -0.193957
v -0.268353 0.295644 -0.199298
v -0.276879 0.299998 -0.207284
v -0.284609 0.296646 -0.214522
v -0.288796 0.288915 -0.219529
v -0.290507 0.279671 -0.222754
v -0.290564 0.270033 -0.224637
v -0.289399 0.260559 -0.225394
v -0.287151 0.251360 -0.225114
v -0.283892 0.242535 -0.223847
v -0.279696 0.234183 -0.221637
v -0.274634 0.226401 -0.218531
v -0.268778 0.219288 -0.214576
v -0.262201 0.212943 -0.209820
v -0.254974 0.207464 -0.204307
v -0.247170 0.202950 -0.198086
v -0.238861 0.199499 -0.191202
v -0.230119 0.197209 -0.183703
v -0.221300 0.196203 -0.175887
v -0.212763 0.196494 -0.168080
v -0.204594 0.198011 -0.160371
v -0.196872 0.200685 -0.152848
v -0.189681 0.204446 -0.145597
v -0.183104 0.209225 -0.138709
v -0.177221 0.214953 -0.132271
v -0.172116 0.221560 -0.126370
v -0.167871 0.228976 -0.121095
v -0.164568 0.237132 -0.116534
v -0.162290 0.245958 -0.112775
v -0.167047 0.254507 -0.102416
v -0.166772 0.264195 -0.100938
v -0.167786 0.273687 -0.100373
v -0.170011 0.282884 -0.100679
v -0.173370 0.291690 -0.101817
v -0.177786 0.300007 -0.103746
v -0.183182 0.307737 -0.106427
v -0.189481 0.314784 -0.109819
v -0.196605 0.321049 -0.113883
v -0.204478 0.326435 -0.118577
v -0.213021 0.330845 -0.123862
v -0.222159 0.334181 -0.129698
v -0.231813 0.336346 -0.136044
v -0.241592 0.337222 -0.142648
v -0.251099 0.336792 -0.149237
v -0.260295 0.334809 -0.155796
v -0.269032 0.329734 -0.162272
v -0.275838 0.317988 -0.167662
v -0.279305 0.303797 -0.170459
v -0.281569 0.293949 -0.172369
v -0.286305 0.291471 -0.175170
v -0.294905 0.294078 -0.180939
v -0.302554 0.292286 -0.188303
v -0.307694 0.285812 -0.194223
v -0.310122 0.276837 -0.197669
v -0.310553 0.267203 -0.199354
v -0.309544 0.257710 -0.199929
v -0.307317 0.248508 -0.199623
v -0.303955 0.239697 -0.198486
v -0.299537 0.231375 -0.196557
v -0.294139 0.223640 -0.193876
v -0.287838 0.216589 -0.190484
v -0.280712 0.210320 -0.186421
v -0.272838 0.204930 -0.181727
v -0.264294 0.200519 -0.176441
v -0.255157 0.197182 -0.170605
v -0.245504 0.195019 -0.164258
v -0.235726 0.194146 -0.157653
v -0.226225 0.194570 -0.151067
v -0.217095 0.196221 -0.144571
v -0.208429 0.199025 -0.138242
v -0.200321 0.202914 -0.132151
v -0.192864 0.207815 -0.126374
v -0.186153 0.213658 -0.120983
v -0.180280 0.220371 -0.116053
v -0.175340 0.227883 -0.111658
v -0.171425 0.236124 -0.107871
v -0.168629 0.245023 -0.104765
v -0.172279 0.253857 -0.093559
v -0.171692 0.263581 -0.092607
v -0.172507 0.273095 -0.092378
v -0.174642 0.282303 -0.092837
v -0.178015 0.291108 -0.093951
v -0.182547 0.299412 -0.095685
v -0.188158 0.307118 -0.098004
v -0.194765 0.314129 -0.100875
v -0.202289 0.320349 -0.104262
v -0.210650 0.325680 -0.108133
v -0.219765 0.330025 -0.112452
v -0.229556 0.333287 -0.117184
v -0.239940 0.335369 -0.122297
v -0.250499 0.336156 -0.127585
v -0.260796 0.335645 -0.132828
v -0.270776 0.333765 -0.137992
v -0.280456 0.329342 -0.143086
v -0.288515 0.319841 -0.147629
v -0.291921 0.304780 -0.149328
v -0.294673 0.296629 -0.150463
v -0.298419 0.290435 -0.151482
v -0.302778 0.286879 -0.154027
v -0.312396 0.288093 -0.160338
v -0.321396 0.283598 -0.166490
v -0.325983 0.274922 -0.169809
v -0.327181 0.265254 -0.171153
v -0.326411 0.255734 -0.171414
v -0.324274 0.246522 -0.170955
v -0.320899 0.237712 -0.169842
v -0.316364 0.229403 -0.168109
v -0.310751 0.221692 -0.165790
v -0.304142 0.214676 -0.162920
v -0.296616 0.208453 -0.159532
v -0.288255 0.203119 -0.155662
v -0.279139 0.198773 -0.151343
v -0.269349 0.195510 -0.146610
v -0.258965 0.193430 -0.141496
v -0.248408 0.192647 -0.136208
v -0.238112 0.193162 -0.130964
v -0.228182 0.194903 -0.125822
v -0.218719 0.197799 -0.120839
v -0.209828 0.201776 -0.116071
v -0.201612 0.206764 -0.111578
v -0.194174 0.212690 -0.107415
v -0.187618 0.219481 -0.103639
v -0.182047 0.227065 -0.100309
v -0.177564 0.235371 -0.097480
v -0.174274 0.244326 -0.095212
v -0.176751 0.253590 -0.082985
v -0.175876 0.263328 -0.082712
v -0.176487 0.272853 -0.082961
v -0.178501 0.282067 -0.083703
v -0.181836 0.290873 -0.084908
v -0.186409 0.299175 -0.086547
v -0.192137 0.306876 -0.088590
v -0.198937 0.313878 -0.091007
v -0.206727 0.320085 -0.093770
v -0.215424 0.325399 -0.096848
v -0.224946 0.329724 -0.100213
v -0.235209 0.332963 -0.103834
v -0.246132 0.335018 -0.107683
v -0.257272 0.335776 -0.111603
v -0.268171 0.335235 -0.115434
v -0.278734 0.333397 -0.119160
v -0.288812 0.329813 -0.122920
v -0.297659 0.323711 -0.126720
v -0.304451 0.315410 -0.129282
v -0.309884 0.306186 -0.128848
v -0.309604 0.294737 -0.124715
v -0.313107 0.289488 -0.125375
v -0.321017 0.288010 -0.129578
v -0.332322 0.283581 -0.136323
v -0.338509 0.274627 -0.139642
v -0.340361 0.264776 -0.140537
v -0.339777 0.255156 -0.140331
v -0.337671 0.245863 -0.139560
v -0.334276 0.237002 -0.138337
v -0.329701 0.228695 -0.136698
v -0.323971 0.220990 -0.134656
v -0.317169 0.213984 -0.132238
v -0.309377 0.207773 -0.129476
v -0.300678 0.202456 -0.126398
v -0.291156 0.198130 -0.123033
v -0.280893 0.194891 -0.119411
v -0.269972 0.192838 -0.115562
v -0.258833 0.192083 -0.111641
v -0.247937 0.192628 -0.107810
v -0.237393 0.194400 -0.104108
v -0.227315 0.197326 -0.100572
v -0.217812 0.201334 -0.097244
v -0.208995 0.206352 -0.094160
v -0.200977 0.212307 -0.091360
v -0.193869 0.219125 -0.088884
v -0.187781 0.226735 -0.086769
v -0.182824 0.235065 -0.085055
v -0.179111 0.244040 -0.083781
v -0.180288 0.253918 -0.070289
v -0.179187 0.263634 -0.070817
v -0.179630 0.273141 -0.071664
v -0.181532 0.282344 -0.072803
v -0.184810 0.291145 -0.074210
v -0.189380 0.299447 -0.075857
v -0.195159 0.307153 -0.077720
v -0.202062 0.314165 -0.079772
v -0.210007 0.320387 -0.081988
v -0.218908 0.325723 -0.084342
v -0.228683 0.330073 -0.086807
v -0.239249 0.333343 -0.089357
v -0.250520 0.335433 -0.091968
v -0.262043 0.336230 -0.094531
v -0.273342 0.335730 -0.096943
v -0.284300 0.334004 -0.099184
v -0.294876 0.331175 -0.101267
v -0.304962 0.327101 -0.103150
v -0.313645 0.320584 -0.104392
v -0.318914 0.310122 -0.103936
v -0.315731 0.297136 -0.099847
v -0.317433 0.290807 -0.098833
v -0.323278 0.287634 -0.100210
v -0.337087 0.284413 -0.105036
v -0.346402 0.275796 -0.107705
v -0.349551 0.265924 -0.107948
v -0.349573 0.256446 -0.107262
v -0.347681 0.247238 -0.106127
v -0.344099 0.238194 -0.104621
v -0.339216 0.229640 -0.102872
v -0.333417 0.221914 -0.101003
v -0.326512 0.214898 -0.098951
v -0.318566 0.208672 -0.096736
v -0.309663 0.203334 -0.094382
v -0.299887 0.198982 -0.091917
v -0.289322 0.195713 -0.089366
v -0.278052 0.193624 -0.086755
v -0.266530 0.192831 -0.084192
v -0.255234 0.193335 -0.081779
v -0.244278 0.195066 -0.079537
v -0.233781 0.197950 -0.077486
v -0.223859 0.201916 -0.075645
v -0.214628 0.206892 -0.074033
v -0.206204 0.212805 -0.072671
v -0.198706 0.219584 -0.071578
v -0.192248 0.227157 -0.070774
v -0.186948 0.235452 -0.070277
v -0.182923 0.244396 -0.070109
v -0.182588 0.255124 -0.055094
v -0.181351 0.264769 -0.056497
v -0.181689 0.274222 -0.058023
v -0.183516 0.283386 -0.059647
v -0.186748 0.292163 -0.061346
v -0.191302 0.300456 -0.063097
v -0.197094 0.308169 -0.064876
v -0.204039 0.315203 -0.066658
v -0.212053 0.321462 -0.068422
v -0.221053 0.326848 -0.070143
v -0.230954 0.331265 -0.071798
v -0.241672 0.334614 -0.073363
v -0.253123 0.336798 -0.074815
v -0.264846 0.337699 -0.076090
v -0.276356 0.337308 -0.077140
v -0.287534 0.335697 -0.077966
v -0.298294 0.332962 -0.078578
v -0.308743 0.329253 -0.079036
v -0.318318 0.324077 -0.079273
v -0.326040 0.316405 -0.079105
v -0.330058 0.305958 -0.077795
v -0.330320 0.295816 -0.074552
v -0.332127 0.290067 -0.072827
v -0.342588 0.286901 -0.074067
v -0.351337 0.278778 -0.074717
v -0.354784 0.268815 -0.073885
v -0.354747 0.259113 -0.072422
v -0.352709 0.249752 -0.070727
v -0.349255 0.240801 -0.068956
v -0.344674 0.232484 -0.067198
v -0.338881 0.224767 -0.065419
v -0.331933 0.217728 -0.063637
v -0.323917 0.211466 -0.061873
v -0.314916 0.206077 -0.060152
v -0.305015 0.201660 -0.058498
v -0.294297 0.198311 -0.056932
v -0.282847 0.196129 -0.055480
v -0.271125 0.195232 -0.054205
v -0.259618 0.195626 -0.053154
v -0.248443 0.197242 -0.052328
v -0.237720 0.200009 -0.051727
v -0.227570 0.203857 -0.051352
v -0.218112 0.208714 -0.051204
v -0.209465 0.214511 -0.051283
v -0.201750 0.221178 -0.051589
v -0.195084 0.228643 -0.052122
v -0.189589 0.236836 -0.052884
v -0.185384 0.245686 -0.053874
v -0.183368 0.257025 -0.040881
v -0.182114 0.266534 -0.043275
v -0.182438 0.275886 -0.045538
v -0.184256 0.284983 -0.047651
v -0.187484 0.293727 -0.049595
v -0.192038 0.302020 -0.051351
v -0.197834 0.309764 -0.052900
v -0.204787 0.316861 -0.054223
v -0.212814 0.323213 -0.055301
v -0.221830 0.328724 -0.056115
v -0.231751 0.333293 -0.056647
v -0.242493 0.336825 -0.056876
v -0.253971 0.339220 -0.056784
v -0.265725 0.340352 -0.056368
v -0.277266 0.340203 -0.055652
v -0.288477 0.338841 -0.054659
v -0.299908 0.336689 -0.053462
v -0.311550 0.333840 -0.052015
v -0.321780 0.329570 -0.050230
v -0.330677 0.323502 -0.048153
v -0.337464 0.314463 -0.045388
v -0.339430 0.302801 -0.041139
v -0.337318 0.293733 -0.037554
v -0.344163 0.291003 -0.037022
v -0.352329 0.284255 -0.036554
v -0.356255 0.274432 -0.034752
v -0.356359 0.264615 -0.032568
v -0.353932 0.255134 -0.030402
v -0.350483 0.246279 -0.028430
v -0.345927 0.237981 -0.026675
v -0.340129 0.230232 -0.025126
v -0.333174 0.223131 -0.023804
v -0.325145 0.216775 -0.022726
v -0.316128 0.211262 -0.021912
v -0.306206 0.206691 -0.021380
v -0.295464 0.203160 -0.021151
v -0.283987 0.200767 -0.021242
v -0.272235 0.199638 -0.021658
v -0.260695 0.199791 -0.022374
v -0.249488 0.201159 -0.023366
v -0.238732 0.203673 -0.024612
v -0.228549 0.207268 -0.026087
v -0.219058 0.211875 -0.027769
v -0.210379 0.217428 -0.029634
v -0.202633 0.223860 -0.031658
v -0.195938 0.231102 -0.033818
v -0.190416 0.239089 -0.036091
v -0.186186 0.247752 -0.038453
v -0.181111 0.259904 -0.026614
v -0.180015 0.269224 -0.029978
v -0.180446 0.278449 -0.032897
v -0.182321 0.287477 -0.035360
v -0.185558 0.296211 -0.037359
v -0.190074 0.304549 -0.038881
v -0.195786 0.312392 -0.039917
v -0.202611 0.319642 -0.040456
v -0.210466 0.326198 -0.040488
v -0.219269 0.331960 -0.040003
v -0.228937 0.336830 -0.038989
v -0.239388 0.340708 -0.037437
v -0.250538 0.343494 -0.035335
v -0.261938 0.345045 -0.032760
v -0.273117 0.345327 -0.029826
v -0.284606 0.344793 -0.026509
v -0.298438 0.344478 -0.022507
v -0.313807 0.343612 -0.018052
v -0.324279 0.339810 -0.013846
v -0.331831 0.334163 -0.009822
v -0.337789 0.326807 -0.005671
v -0.341752 0.317242 -0.001085
v -0.341984 0.306877 0.003899
v -0.340561 0.299350 0.007245
v -0.345818 0.294813 0.009391
v -0.351217 0.286122 0.011899
v -0.351855 0.275591 0.014769
v -0.347882 0.265034 0.016900
v -0.342923 0.255546 0.018610
v -0.338351 0.247183 0.020122
v -0.332637 0.239335 0.021157
v -0.325810 0.232081 0.021696
v -0.317953 0.225521 0.021727
v -0.309148 0.219756 0.021241
v -0.299479 0.214885 0.020227
v -0.289029 0.211007 0.018675
v -0.277880 0.208223 0.016574
v -0.266481 0.206675 0.013999
v -0.255304 0.206397 0.011066
v -0.244463 0.207328 0.007826
v -0.234076 0.209405 0.004332
v -0.224256 0.212568 0.000635
v -0.215119 0.216754 -0.003215
v -0.206781 0.221902 -0.007165
v -0.199357 0.227949 -0.011163
v -0.192963 0.234835 -0.015158
v -0.187713 0.242497 -0.019100
v -0.183724 0.250874 -0.022936
v -0.172972 0.265070 -0.006315
v -0.172143 0.274214 -0.010391
v -0.172743 0.283326 -0.013762
v -0.174693 0.292305 -0.016425
v -0.177913 0.301049 -0.018378
v -0.182322 0.309457 -0.019618
v -0.187842 0.317427 -0.020144
v -0.194393 0.324857 -0.019953
v -0.201895 0.331646 -0.019042
v -0.210268 0.337692 -0.017410
v -0.219433 0.342894 -0.015055
v -0.229311 0.347151 -0.011974
v -0.239821 0.350359 -0.008164
v -0.250539 0.352361 -0.003768
v -0.261023 0.353103 0.001020
v -0.271368 0.352738 0.006174
v -0.286845 0.353743 0.012956
v -0.303016 0.353802 0.020213
v -0.313851 0.350747 0.026427
v -0.320786 0.345227 0.031791
v -0.325466 0.337726 0.036459
v -0.327637 0.328608 0.039892
v -0.325143 0.320887 0.041071
v -0.324453 0.314835 0.046150
v -0.325916 0.309342 0.050898
v -0.331721 0.300380 0.057875
v -0.333683 0.288332 0.062690
v -0.331446 0.277713 0.065551
v -0.326353 0.268027 0.066938
v -0.320442 0.259153 0.067609
v -0.314558 0.251077 0.067992
v -0.308005 0.243642 0.067800
v -0.300501 0.236849 0.066889
v -0.292126 0.230800 0.065257
v -0.282960 0.225596 0.062901
v -0.273082 0.221339 0.059819
v -0.262573 0.218132 0.056010
v -0.251856 0.216133 0.051614
v -0.241374 0.215395 0.046826
v -0.231233 0.215863 0.041719
v -0.221541 0.217480 0.036368
v -0.212404 0.220191 0.030846
v -0.203930 0.223939 0.025230
v -0.196224 0.228669 0.019592
v -0.189394 0.234323 0.014007
v -0.183547 0.240846 0.008549
v -0.178790 0.248183 0.003294
v -0.175229 0.256276 -0.001686
v -0.157982 0.272601 0.018986
v -0.157447 0.281595 0.014403
v -0.158231 0.290614 0.010718
v -0.160256 0.299555 0.007924
v -0.163447 0.308313 0.006020
v -0.167727 0.316785 0.005000
v -0.173021 0.324868 0.004860
v -0.179253 0.332459 0.005598
v -0.186346 0.339454 0.007208
v -0.194225 0.345750 0.009687
v -0.202813 0.351243 0.013032
v -0.212034 0.355831 0.017237
v -0.221813 0.359410 0.022300
v -0.231754 0.361805 0.028029
v -0.241447 0.362947 0.034175
v -0.250795 0.362887 0.040646
v -0.260053 0.361837 0.047432
v -0.275060 0.361764 0.056322
v -0.291779 0.360698 0.066550
v -0.300729 0.356794 0.074668
v -0.306380 0.351209 0.081677
v -0.309994 0.343525 0.087887
v -0.311401 0.332892 0.092947
v -0.308065 0.322283 0.092687
v -0.304293 0.317589 0.092233
v -0.308617 0.313388 0.101938
v -0.310959 0.303334 0.109691
v -0.308281 0.291986 0.113016
v -0.302654 0.281822 0.114114
v -0.296105 0.272789 0.113999
v -0.288876 0.264412 0.112999
v -0.282046 0.256726 0.111916
v -0.274950 0.249727 0.110305
v -0.267070 0.243428 0.107825
v -0.258480 0.237932 0.104480
v -0.249258 0.233344 0.100274
v -0.239479 0.229767 0.095211
v -0.229540 0.227374 0.089482
v -0.219849 0.226236 0.083337
v -0.210503 0.226301 0.076867
v -0.201600 0.227519 0.070161
v -0.193237 0.229838 0.063312
v -0.185512 0.233207 0.056411
v -0.178520 0.237574 0.049547
v -0.172361 0.242889 0.042813
v -0.167130 0.249101 0.036299
v -0.162925 0.256157 0.030095
v -0.159843 0.264008 0.024294
v -0.137010 0.281588 0.045191
v -0.136804 0.290441 0.040197
v -0.137788 0.299374 0.036260
v -0.139890 0.308280 0.033370
v -0.143039 0.317056 0.031517
v -0.147162 0.325595 0.030693
v -0.152188 0.333792 0.030888
v -0.158044 0.341542 0.032094
v -0.164660 0.348741 0.034299
v -0.171963 0.355283 0.037497
v -0.179882 0.361062 0.041677
v -0.188345 0.365974 0.046831
v -0.197280 0.369913 0.052948
v -0.206325 0.372693 0.059797
v -0.215108 0.374225 0.067081
v -0.223543 0.374556 0.074695
v -0.231592 0.373769 0.082562
v -0.240199 0.372493 0.091252
v -0.259700 0.373281 0.106286
v -0.274566 0.371132 0.119459
v -0.280416 0.365859 0.128325
v -0.283754 0.359184 0.135780
v -0.285255 0.350077 0.142463
v -0.284132 0.337641 0.147944
v -0.279445 0.328355 0.146539
v -0.277448 0.325559 0.148286
v -0.279680 0.320747 0.157379
v -0.278471 0.309536 0.161862
v -0.272327 0.297764 0.162244
v -0.264780 0.287832 0.160743
v -0.256976 0.279129 0.157960
v -0.249012 0.270996 0.154526
v -0.242368 0.263594 0.152421
v -0.235345 0.256849 0.149660
v -0.227844 0.250720 0.146173
v -0.220041 0.245122 0.142307
v -0.211914 0.240276 0.137846
v -0.203523 0.236794 0.132312
v -0.194686 0.235377 0.124927
v -0.184788 0.236489 0.114561
v -0.175457 0.238566 0.104182
v -0.167517 0.240859 0.095469
v -0.160644 0.243864 0.087489
v -0.154469 0.247882 0.079605
v -0.149073 0.252870 0.071915
v -0.144544 0.258780 0.064524
v -0.140966 0.265568 0.057536
v -0.138426 0.273186 0.051057
v -0.111333 0.291216 0.069346
v -0.111517 0.299923 0.063988
v -0.112736 0.308767 0.059831
v -0.114922 0.317642 0.056862
v -0.118010 0.326439 0.055066
v -0.121932 0.335052 0.054428
v -0.126622 0.343374 0.054936
v -0.132014 0.351297 0.056574
v -0.138040 0.358715 0.059329
v -0.144635 0.365520 0.063186
v -0.151733 0.371605 0.068131
v -0.159266 0.376863 0.074151
v -0.167169 0.381188 0.081231
v -0.175120 0.384375 0.089101
v -0.182793 0.386322 0.097421
v -0.190115 0.387069 0.106073
v -0.197013 0.386657 0.114941
v -0.203415 0.385127 0.123907
v -0.210477 0.382914 0.134191
v -0.227659 0.382711 0.155680
v -0.239060 0.379897 0.173624
v -0.242862 0.374111 0.182871
v -0.244223 0.366407 0.189564
v -0.243937 0.355891 0.194737
v -0.242303 0.343247 0.197614
v -0.240012 0.334653 0.198116
v -0.237592 0.330169 0.200054
v -0.234675 0.325331 0.205395
v -0.231069 0.315727 0.208568
v -0.225208 0.305433 0.207438
v -0.216522 0.295490 0.201217
v -0.209997 0.286919 0.197506
v -0.203359 0.278203 0.193064
v -0.196841 0.269448 0.189483
v -0.191214 0.260376 0.188701
v -0.185128 0.252655 0.186704
v -0.178683 0.246219 0.183433
v -0.172219 0.240930 0.179306
v -0.165883 0.237027 0.174210
v -0.159225 0.234980 0.167031
v -0.151289 0.236399 0.155045
v -0.136610 0.251544 0.126392
v -0.130262 0.255250 0.116035
v -0.125076 0.258898 0.107228
v -0.120606 0.263540 0.098674
v -0.116924 0.269134 0.090492
v -0.114103 0.275639 0.082798
v -0.112215 0.283014 0.075711
v -0.082404 0.300746 0.089171
v -0.083078 0.309293 0.083483
v -0.084587 0.318042 0.079131
v -0.086871 0.326883 0.076095
v -0.089872 0.335709 0.074356
v -0.093529 0.344408 0.073897
v -0.097783 0.352871 0.074697
v -0.102574 0.360990 0.076739
v -0.107842 0.368655 0.080004
v -0.113529 0.375757 0.084473
v -0.119574 0.382186 0.090127
v -0.125917 0.387833 0.096948
v -0.132500 0.392589 0.104917
v -0.139053 0.396233 0.113728
v -0.145309 0.398643 0.123002
v -0.151212 0.399854 0.132611
v -0.156707 0.399902 0.142425
v -0.161736 0.398821 0.152316
v -0.166271 0.396657 0.162201
v -0.170953 0.393616 0.173047
v -0.176849 0.390188 0.188878
v -0.181739 0.385567 0.203667
v -0.183881 0.378877 0.212898
v -0.183629 0.369498 0.218830
v -0.180945 0.358202 0.220610
v -0.174725 0.350086 0.217303
v -0.169871 0.346646 0.215614
v -0.167518 0.342216 0.219055
v -0.168861 0.334906 0.224832
v -0.168201 0.323268 0.230852
v -0.165205 0.312683 0.231995
v -0.160548 0.303700 0.229826
v -0.155385 0.295471 0.226622
v -0.150715 0.285433 0.224770
v -0.146722 0.273774 0.225548
v -0.141960 0.264482 0.224708
v -0.136655 0.256432 0.222354
v -0.131426 0.249753 0.219250
v -0.126599 0.244494 0.215684
v -0.122203 0.240621 0.211542
v -0.118166 0.238431 0.206305
v -0.113147 0.242356 0.192879
v -0.095433 0.266643 0.140090
v -0.091448 0.269967 0.130220
v -0.088152 0.274225 0.120875
v -0.085545 0.279467 0.111969
v -0.083680 0.285659 0.103630
v -0.082615 0.292764 0.095988
v -0.051687 0.309556 0.103031
v -0.052982 0.317926 0.097070
v -0.054857 0.326570 0.092557
v -0.057260 0.335378 0.089469
v -0.060141 0.344237 0.087783
v -0.063448 0.353035 0.087477
v -0.067131 0.361660 0.088527
v -0.071140 0.370000 0.090912
v -0.075423 0.377944 0.094607
v -0.079930 0.385380 0.099592
v -0.084611 0.392196 0.105843
v -0.089414 0.398281 0.113338
v -0.094290 0.403521 0.122055
v -0.099036 0.407679 0.131657
v -0.103462 0.410609 0.141734
v -0.107533 0.412341 0.152145
v -0.111216 0.412904 0.162753
v -0.114477 0.412327 0.173419
v -0.117280 0.410638 0.184005
v -0.119593 0.407868 0.194371
v -0.121457 0.404046 0.204939
v -0.122815 0.399017 0.215578
v -0.123233 0.391681 0.225266
v -0.122394 0.382775 0.232041
v -0.120227 0.373107 0.235011
v -0.116137 0.363634 0.232367
v -0.106281 0.356892 0.219595
v -0.102076 0.354032 0.217114
v -0.105739 0.351536 0.228025
v -0.108858 0.339435 0.245245
v -0.106800 0.327849 0.250162
v -0.103124 0.318569 0.249827
v -0.098960 0.310015 0.247211
v -0.094894 0.300836 0.245582
v -0.091248 0.290416 0.246722
v -0.087922 0.281393 0.246504
v -0.084593 0.274057 0.244374
v -0.081369 0.267599 0.241554
v -0.078473 0.262305 0.238425
v -0.076009 0.258756 0.235175
v -0.073827 0.256348 0.231386
v -0.071567 0.254860 0.226342
v -0.059662 0.273607 0.170841
v -0.054695 0.280493 0.146724
v -0.052911 0.284321 0.136717
v -0.051684 0.289172 0.127206
v -0.051049 0.295014 0.118329
v -0.051038 0.301819 0.110225
v -0.020187 0.317249 0.109998
v -0.022252 0.325431 0.103876
v -0.024576 0.333967 0.099269
v -0.027120 0.342740 0.096151
v -0.029843 0.351636 0.094498
v -0.032707 0.360541 0.094284
v -0.035671 0.369340 0.095485
v -0.038696 0.377917 0.098075
v -0.041743 0.386160 0.102029
v -0.044773 0.393952 0.107323
v -0.047746 0.401180 0.113931
v -0.050622 0.407730 0.121829
v -0.053363 0.413486 0.130992
v -0.055852 0.418189 0.141066
v -0.057991 0.421673 0.151621
v -0.059775 0.423958 0.162511
v -0.061196 0.425068 0.173592
v -0.062249 0.425025 0.184721
v -0.062926 0.423851 0.195751
v -0.063221 0.421570 0.206540
v -0.063185 0.418179 0.217555
v -0.062972 0.413623 0.230505
v -0.061847 0.406802 0.241094
v -0.059905 0.398552 0.248289
v -0.057641 0.389787 0.252681
v -0.054962 0.380262 0.253331
v -0.051550 0.370107 0.246111
v -0.044460 0.360490 0.228660
v -0.043329 0.359357 0.231661
v -0.045250 0.355284 0.256804
v -0.043120 0.343830 0.264187
v -0.040244 0.334021 0.263827
v -0.037195 0.325406 0.260311
v -0.034275 0.317514 0.256246
v -0.031921 0.309985 0.253321
v -0.030137 0.302856 0.251473
v -0.028532 0.296010 0.249493
v -0.027340 0.290185 0.247304
v -0.026997 0.286439 0.244850
v -0.026982 0.284020 0.241420
v -0.026700 0.282449 0.235880
v -0.025389 0.282251 0.224639
v -0.016452 0.287493 0.168940
v -0.015688 0.290002 0.155261
v -0.015786 0.293375 0.144861
v -0.016279 0.297809 0.134990
v -0.017172 0.303281 0.125793
v -0.018473 0.309769 0.117414
v 0.012280 0.323729 0.109460
v 0.009340 0.331738 0.103359
v 0.006507 0.340172 0.098763
v 0.003808 0.348914 0.095649
v 0.001271 0.357847 0.093992
v -0.001079 0.366853 0.093766
v -0.003215 0.375815 0.094948
v -0.005110 0.384616 0.097511
v -0.006738 0.393138 0.101433
v -0.008073 0.401266 0.106687
v -0.009088 0.408882 0.113250
v -0.009756 0.415868 0.121097
v -0.010052 0.422108 0.130202
v -0.009954 0.427324 0.140217
v -0.009476 0.431326 0.150711
v -0.008642 0.434130 0.161540
v -0.007476 0.435753 0.172562
v -0.006004 0.436211 0.183631
v -0.004250 0.435520 0.194605
v -0.002238 0.433696 0.205341
v 0.000006 0.430757 0.215694
v 0.002462 0.426716 0.225536
v 0.005323 0.420606 0.235417
v 0.008509 0.412580 0.244269
v 0.011611 0.403720 0.249861
v 0.014628 0.393570 0.250960
v 0.016669 0.382215 0.243606
v 0.017165 0.374202 0.222981
v 0.017630 0.372790 0.223321
v 0.022114 0.368507 0.253612
v 0.025612 0.357468 0.261133
v 0.027997 0.347562 0.261091
v 0.029784 0.338719 0.258239
v 0.031048 0.330646 0.254643
v 0.031910 0.323617 0.251297
v 0.032367 0.317525 0.247709
v 0.032387 0.312207 0.243823
v 0.031894 0.307968 0.239354
v 0.030881 0.304919 0.233992
v 0.029474 0.302543 0.227075
v 0.027830 0.300083 0.216338
v 0.028991 0.295898 0.178799
v 0.027363 0.296350 0.165258
v 0.025346 0.298181 0.154525
v 0.023097 0.301127 0.144174
v 0.020641 0.305172 0.134349
v 0.018003 0.310298 0.125192
v 0.015207 0.316490 0.116848
v 0.047327 0.329041 0.100000
v 0.043515 0.336917 0.094132
v 0.040178 0.345275 0.089672
v 0.037329 0.353994 0.086598
v 0.034981 0.362955 0.084890
v 0.033150 0.372039 0.084526
v 0.031847 0.381127 0.085485
v 0.031087 0.390099 0.087745
v 0.030883 0.398838 0.091285
v 0.031249 0.407223 0.096085
v 0.032197 0.415136 0.102122
v 0.033742 0.422458 0.109377
v 0.035896 0.429069 0.117827
v 0.038584 0.434678 0.127149
v 0.041684 0.439078 0.136941
v 0.045140 0.442281 0.147069
v 0.048895 0.444297 0.157397
v 0.052895 0.445140 0.167790
v 0.057082 0.444819 0.178113
v 0.061402 0.443347 0.188231
v 0.065797 0.440735 0.198008
v 0.070213 0.436995 0.207309
v 0.074691 0.431440 0.216019
v 0.079065 0.423319 0.223061
v 0.082408 0.413981 0.226281
v 0.083744 0.405135 0.223495
v 0.082947 0.398596 0.217227
v 0.082732 0.387827 0.214575
v 0.083940 0.383780 0.214899
v 0.091568 0.379997 0.231774
v 0.097283 0.368515 0.242057
v 0.098825 0.357946 0.241784
v 0.099384 0.349094 0.239531
v 0.099402 0.341542 0.236843
v 0.098842 0.334824 0.233665
v 0.097704 0.328863 0.229864
v 0.095984 0.323705 0.225228
v 0.093765 0.319547 0.219614
v 0.091187 0.316444 0.212737
v 0.088335 0.313928 0.203664
v 0.084190 0.309228 0.185928
v 0.077558 0.303143 0.163527
v 0.073279 0.303315 0.152889
v 0.068955 0.304795 0.142773
v 0.064555 0.307415 0.132998
v 0.060136 0.311161 0.123698
v 0.055754 0.316022 0.115009
v 0.051466 0.321986 0.107064
v 0.086851 0.332965 0.078492
v 0.082291 0.340765 0.073023
v 0.078521 0.349078 0.068793
v 0.075545 0.357784 0.065787
v 0.073365 0.366762 0.063990
v 0.071983 0.375891 0.063387
v 0.071400 0.385051 0.063962
v 0.071621 0.394123 0.065700
v 0.072646 0.402985 0.068587
v 0.074479 0.411518 0.072605
v 0.077120 0.419602 0.077741
v 0.080573 0.427117 0.083980
v 0.084839 0.433942 0.091306
v 0.089759 0.439777 0.099439
v 0.095118 0.444406 0.108028
v 0.100832 0.447838 0.116952
v 0.106819 0.450081 0.126092
v 0.112995 0.451145 0.135325
v 0.119278 0.451037 0.144532
v 0.125585 0.449767 0.153591
v 0.131832 0.447344 0.162381
v 0.137935 0.443767 0.170782
v 0.143728 0.438869 0.178636
v 0.148788 0.432305 0.185629
v 0.152641 0.423781 0.190814
v 0.155896 0.413963 0.192585
v 0.157569 0.403713 0.188855
v 0.156548 0.395440 0.187293
v 0.158085 0.390579 0.190616
v 0.164159 0.384644 0.199976
v 0.168277 0.375210 0.204678
v 0.169428 0.365421 0.204762
v 0.168759 0.356261 0.202303
v 0.166967 0.347685 0.198322
v 0.164334 0.339607 0.193200
v 0.160903 0.332141 0.187031
v 0.156658 0.325370 0.179779
v 0.151727 0.319511 0.171610
v 0.146338 0.314807 0.162920
v 0.140614 0.311363 0.153973
v 0.134623 0.309127 0.144836
v 0.128442 0.308072 0.135604
v 0.122155 0.308188 0.126399
v 0.115844 0.309467 0.117342
v 0.109592 0.311898 0.108553
v 0.103484 0.315473 0.100153
v 0.097602 0.320182 0.092262
v 0.092030 0.326016 0.085002
v 0.128135 0.334475 0.044811
v 0.122401 0.342208 0.040413
v 0.117781 0.350473 0.036960
v 0.114271 0.359148 0.034441
v 0.111866 0.368113 0.032848
v 0.110563 0.377246 0.032173
v 0.110356 0.386428 0.032406
v 0.111241 0.395538 0.033538
v 0.113214 0.404454 0.035561
v 0.116269 0.413057 0.038464
v 0.120402 0.421226 0.042240
v 0.125608 0.428841 0.046880
v 0.131882 0.435782 0.052374
v 0.138989 0.441741 0.058513
v 0.146617 0.446500 0.065031
v 0.154655 0.450065 0.071836
v 0.162990 0.452443 0.078834
v 0.171507 0.453640 0.085932
v 0.180096 0.453665 0.093035
v 0.188642 0.452523 0.100052
v 0.197048 0.450168 0.106875
v 0.205381 0.445543 0.113140
v 0.212353 0.434012 0.117033
v 0.203270 0.407674 0.109172
v 0.201804 0.402783 0.110489
v 0.221450 0.415394 0.127296
v 0.234855 0.413264 0.136846
v 0.240385 0.404907 0.140743
v 0.243043 0.395922 0.142516
v 0.244356 0.386781 0.143195
v 0.244566 0.377590 0.142961
v 0.243685 0.368472 0.141827
v 0.241717 0.359544 0.139804
v 0.238670 0.350900 0.136896
v 0.234547 0.342673 0.133110
v 0.229343 0.335075 0.128469
v 0.223059 0.328188 0.122986
v 0.215950 0.322239 0.116850
v 0.208319 0.317483 0.110332
v 0.200278 0.313924 0.103528
v 0.191940 0.311554 0.096531
v 0.183418 0.310365 0.089435
v 0.174825 0.310350 0.082333
v 0.166276 0.311500 0.075318
v 0.157882 0.313809 0.068483
v 0.149758 0.317269 0.061921
v 0.142017 0.321871 0.055727
v 0.134771 0.327610 0.049992
v 0.133395 0.334412 0.036692
v 0.126314 0.342084 0.034842
v 0.120625 0.350300 0.033412
v 0.116321 0.358940 0.032396
v 0.113396 0.367881 0.031789
v 0.111843 0.377004 0.031587
v 0.111655 0.386186 0.031783
v 0.112826 0.395309 0.032374
v 0.115350 0.404250 0.033353
v 0.119219 0.412890 0.034716
v 0.124427 0.421107 0.036457
v 0.130967 0.428782 0.038571
v 0.138832 0.435793 0.041054
v 0.147726 0.441833 0.043810
v 0.157261 0.446677 0.046720
v 0.167297 0.450332 0.049744
v 0.177693 0.452803 0.052840
v 0.188308 0.454095 0.055967
v 0.199002 0.454214 0.059084
v 0.209702 0.452841 0.062060
v 0.220259 0.447240 0.064224
v 0.223216 0.428583 0.062493
v 0.222819 0.415570 0.064822
v 0.229043 0.414589 0.067171
v 0.249583 0.425073 0.072814
v 0.262465 0.422173 0.076491
v 0.269500 0.414668 0.078487
v 0.274007 0.406100 0.079593
v 0.276941 0.397154 0.080200
v 0.278498 0.388025 0.080401
v 0.278689 0.378834 0.080203
v 0.277522 0.369702 0.079612
v 0.275002 0.360752 0.078632
v 0.271137 0.352104 0.077268
v 0.265932 0.343880 0.075526
v 0.259393 0.336200 0.073412
v 0.251528 0.329186 0.070929
v 0.242634 0.323146 0.068174
v 0.233096 0.318304 0.065265
v 0.223057 0.314655 0.062243
v 0.212658 0.312191 0.059149
v 0.202038 0.310907 0.056023
v 0.191340 0.310796 0.052906
v 0.180705 0.311852 0.049840
v 0.170272 0.314069 0.046865
v 0.160184 0.317439 0.044022
v 0.150581 0.321958 0.041351
v 0.141604 0.327617 0.038894
v 0.133360 0.334774 0.020115
v 0.126017 0.342388 0.021059
v 0.120116 0.350557 0.021887
v 0.115650 0.359160 0.022595
v 0.112613 0.368076 0.023180
v 0.110998 0.377185 0.023639
v 0.110798 0.386365 0.023968
v 0.112007 0.395495 0.024163
v 0.114617 0.404454 0.024222
v 0.118622 0.413123 0.024141
v 0.124015 0.421380 0.023916
v 0.130789 0.429104 0.023544
v 0.138937 0.436177 0.023022
v 0.148152 0.442286 0.022368
v 0.158031 0.447205 0.021612
v 0.168431 0.450939 0.020767
v 0.179204 0.453492 0.019847
v 0.190205 0.454869 0.018866
v 0.201369 0.454891 0.017780
v 0.212767 0.451906 0.016363
v 0.222600 0.442282 0.015286
v 0.228128 0.431384 0.016091
v 0.236252 0.425938 0.015466
v 0.245107 0.427327 0.013939
v 0.258040 0.429278 0.011825
v 0.267977 0.423997 0.010563
v 0.274547 0.416179 0.009671
v 0.279056 0.407588 0.008957
v 0.282097 0.398666 0.008371
v 0.283715 0.389551 0.007911
v 0.283919 0.380364 0.007581
v 0.282715 0.371225 0.007384
v 0.280108 0.362257 0.007324
v 0.276107 0.353579 0.007404
v 0.270717 0.345314 0.007629
v 0.263945 0.337582 0.008000
v 0.255798 0.330505 0.008523
v 0.246583 0.324394 0.009177
v 0.236701 0.319476 0.009935
v 0.226299 0.315746 0.010782
v 0.215523 0.313198 0.011703
v 0.204517 0.311828 0.012686
v 0.193430 0.311631 0.013716
v 0.182406 0.312600 0.014779
v 0.171592 0.314732 0.015863
v 0.161135 0.318020 0.016952
v 0.151179 0.322460 0.018033
v 0.141872 0.328047 0.019092
v 0.125585 0.335503 -0.009681
v 0.118653 0.343072 -0.006904
v 0.113084 0.351204 -0.004594
v 0.108871 0.359779 -0.002755
v 0.106009 0.368675 -0.001389
v 0.104491 0.377772 -0.000498
v 0.104311 0.386948 -0.000084
v 0.105462 0.396083 -0.000149
v 0.107937 0.405055 -0.000697
v 0.111731 0.413744 -0.001728
v 0.116836 0.422030 -0.003246
v 0.123245 0.429792 -0.005251
v 0.130952 0.436909 -0.007748
v 0.139666 0.443070 -0.010642
v 0.149007 0.448046 -0.013806
v 0.158838 0.451840 -0.017192
v 0.169021 0.454456 -0.020750
v 0.179420 0.455896 -0.024429
v 0.190028 0.455928 -0.028187
v 0.201016 0.453141 -0.031986
v 0.210841 0.444972 -0.035509
v 0.217758 0.436596 -0.038640
v 0.222680 0.430765 -0.041066
v 0.233949 0.435461 -0.044721
v 0.245291 0.432729 -0.048955
v 0.253409 0.425835 -0.052150
v 0.259119 0.417750 -0.054513
v 0.263335 0.409173 -0.056353
v 0.266199 0.400272 -0.057721
v 0.267721 0.391169 -0.058614
v 0.267905 0.381985 -0.059030
v 0.266759 0.372841 -0.058965
v 0.264288 0.363859 -0.058420
v 0.260499 0.355159 -0.057389
v 0.255398 0.346863 -0.055872
v 0.248992 0.339092 -0.053867
v 0.241287 0.331968 -0.051370
v 0.232573 0.325802 -0.048475
v 0.223231 0.320826 -0.045308
v 0.213397 0.317034 -0.041921
v 0.203210 0.314422 -0.038362
v 0.192809 0.312987 -0.034680
v 0.182331 0.312723 -0.030927
v 0.171914 0.313627 -0.027152
v 0.161697 0.315693 -0.023404
v 0.151818 0.318919 -0.019733
v 0.142414 0.323298 -0.016189
v 0.133623 0.328828 -0.012822
v 0.107967 0.336474 -0.046070
v 0.101622 0.344007 -0.042039
v 0.096528 0.352111 -0.038717
v 0.092678 0.360664 -0.036106
v 0.090066 0.369544 -0.034207
v 0.088688 0.378631 -0.033022
v 0.088535 0.387803 -0.032551
v 0.089603 0.396940 -0.032797
v 0.091884 0.405920 -0.033761
v 0.095374 0.414623 -0.035443
v 0.100065 0.422929 -0.037846
v 0.105951 0.430717 -0.040971
v 0.113026 0.437867 -0.044820
v 0.121021 0.444066 -0.049247
v 0.129591 0.449083 -0.054060
v 0.138606 0.452922 -0.059185
v 0.147943 0.455587 -0.064547
v 0.157476 0.457077 -0.070072
v 0.167146 0.457304 -0.075674
v 0.177128 0.455296 -0.081362
v 0.186290 0.448285 -0.087273
v 0.190554 0.437865 -0.091793
v 0.196324 0.437540 -0.095712
v 0.208698 0.439755 -0.101394
v 0.218630 0.434844 -0.106910
v 0.225375 0.427441 -0.111114
v 0.230474 0.419340 -0.114439
v 0.234326 0.410787 -0.117051
v 0.236940 0.401902 -0.118953
v 0.238323 0.392809 -0.120140
v 0.238481 0.383629 -0.120612
v 0.237418 0.374481 -0.120368
v 0.235142 0.365489 -0.119406
v 0.231658 0.356773 -0.117725
v 0.226972 0.348454 -0.115323
v 0.221090 0.340653 -0.112198
v 0.214018 0.333493 -0.108349
v 0.206023 0.327287 -0.103920
v 0.197453 0.322267 -0.099105
v 0.188435 0.318428 -0.093978
v 0.179094 0.315768 -0.088613
v 0.169558 0.314283 -0.083086
v 0.159953 0.313969 -0.077470
v 0.150406 0.314823 -0.071839
v 0.141043 0.316840 -0.066268
v 0.131991 0.320018 -0.060831
v 0.123377 0.324352 -0.055603
v 0.115326 0.329838 -0.050658
v 0.082004 0.337532 -0.082949
v 0.076355 0.345036 -0.077928
v 0.071822 0.353115 -0.073806
v 0.068400 0.361648 -0.070586
v 0.066084 0.370514 -0.068267
v 0.064868 0.379592 -0.066850
v 0.064748 0.388760 -0.066336
v 0.065716 0.397897 -0.066726
v 0.067767 0.406883 -0.068020
v 0.070896 0.415597 -0.070220
v 0.075097 0.423919 -0.073325
v 0.080363 0.431728 -0.077336
v 0.086688 0.438904 -0.082255
v 0.093833 0.445134 -0.087897
v 0.101488 0.450187 -0.094014
v 0.109538 0.454069 -0.100517
v 0.117861 0.456813 -0.107322
v 0.126343 0.458415 -0.114327
v 0.134898 0.458796 -0.121410
v 0.143510 0.457634 -0.128608
v 0.151988 0.452747 -0.136256
v 0.156812 0.441548 -0.142501
v 0.159897 0.435410 -0.145379
v 0.170233 0.439148 -0.152143
v 0.180369 0.436079 -0.160078
v 0.186873 0.428991 -0.165791
v 0.191449 0.420927 -0.169950
v 0.194873 0.412394 -0.173173
v 0.197192 0.403525 -0.175494
v 0.198412 0.394441 -0.176913
v 0.198539 0.385263 -0.177430
v 0.197577 0.376113 -0.177042
v 0.195532 0.367112 -0.175750
v 0.192410 0.358382 -0.173552
v 0.188216 0.350044 -0.170448
v 0.182956 0.342219 -0.166436
v 0.176634 0.335028 -0.161517
v 0.169491 0.328787 -0.155873
v 0.161836 0.323729 -0.149753
v 0.153782 0.319851 -0.143249
v 0.145443 0.317150 -0.136456
v 0.136931 0.315622 -0.129468
v 0.128360 0.315265 -0.122378
v 0.119842 0.316076 -0.115279
v 0.111490 0.318051 -0.108267
v 0.103417 0.321187 -0.101433
v 0.095737 0.325482 -0.094874
v 0.088561 0.330931 -0.088681
v 0.050465 0.338542 -0.115465
v 0.045697 0.346017 -0.109547
v 0.041875 0.354071 -0.104702
v 0.038996 0.362585 -0.100930
v 0.037054 0.371437 -0.098232
v 0.036044 0.380506 -0.096606
v 0.035962 0.389670 -0.096054
v 0.036802 0.398808 -0.096576
v 0.038560 0.407800 -0.098171
v 0.041229 0.416524 -0.100840
v 0.044805 0.424862 -0.104583
v 0.049282 0.432691 -0.109400
v 0.054654 0.439894 -0.115290
v 0.060719 0.446156 -0.122034
v 0.067204 0.451313 -0.129362
v 0.073967 0.455615 -0.137233
v 0.080797 0.459258 -0.145506
v 0.087601 0.461792 -0.153826
v 0.094657 0.462251 -0.161983
v 0.102331 0.459385 -0.170661
v 0.108880 0.449309 -0.180255
v 0.109174 0.431041 -0.183392
v 0.113647 0.433856 -0.187543
v 0.126272 0.441958 -0.198973
v 0.134402 0.437799 -0.208217
v 0.139482 0.430502 -0.214521
v 0.143307 0.422455 -0.219373
v 0.146188 0.413942 -0.223147
v 0.148134 0.405088 -0.225849
v 0.149149 0.396013 -0.227477
v 0.149237 0.386838 -0.228032
v 0.148404 0.377686 -0.227512
v 0.146655 0.368677 -0.225919
v 0.143994 0.359934 -0.223252
v 0.140426 0.351576 -0.219510
v 0.135956 0.343726 -0.214693
v 0.130589 0.336506 -0.208802
v 0.124528 0.330231 -0.202057
v 0.118035 0.325136 -0.194752
v 0.111208 0.321218 -0.187000
v 0.104142 0.318476 -0.178911
v 0.096931 0.316907 -0.170598
v 0.089673 0.316508 -0.162171
v 0.082461 0.317276 -0.153742
v 0.075393 0.319210 -0.145423
v 0.068564 0.322306 -0.137324
v 0.062069 0.326562 -0.129557
v 0.056004 0.331975 -0.122233
v 0.016908 0.339379 -0.139685
v 0.013379 0.346822 -0.132903
v 0.010558 0.354851 -0.127360
v 0.008441 0.363345 -0.123057
v 0.007023 0.372182 -0.119993
v 0.006302 0.381242 -0.118167
v 0.006272 0.390403 -0.117580
v 0.006929 0.399543 -0.118229
v 0.008270 0.408542 -0.120116
v 0.010290 0.417280 -0.123240
v 0.012984 0.425635 -0.127599
v 0.016348 0.433488 -0.133193
v 0.020376 0.440720 -0.140022
v 0.024900 0.447067 -0.147853
v 0.029626 0.452633 -0.156452
v 0.034270 0.458001 -0.165707
v 0.038542 0.463278 -0.175092
v 0.042728 0.467098 -0.183946
v 0.048103 0.467011 -0.192710
v 0.055195 0.461091 -0.203327
v 0.061002 0.446383 -0.214682
v 0.063264 0.432555 -0.218596
v 0.066643 0.432364 -0.224438
v 0.073242 0.441382 -0.236411
v 0.079510 0.438794 -0.247014
v 0.083507 0.431853 -0.254343
v 0.086351 0.423852 -0.259916
v 0.088470 0.415361 -0.264222
v 0.089891 0.406522 -0.267290
v 0.090619 0.397456 -0.269118
v 0.090655 0.388284 -0.269709
v 0.090006 0.379129 -0.269062
v 0.088674 0.370111 -0.267177
v 0.086664 0.361353 -0.264056
v 0.083979 0.352974 -0.259698
v 0.080623 0.345097 -0.254104
v 0.076601 0.337841 -0.247273
v 0.072066 0.331532 -0.239464
v 0.067213 0.326398 -0.231016
v 0.062113 0.322438 -0.222059
v 0.056839 0.319652 -0.212720
v 0.051461 0.318038 -0.203128
v 0.046052 0.317593 -0.193411
v 0.040681 0.318316 -0.183699
v 0.035420 0.320205 -0.174118
v 0.030341 0.323258 -0.164798
v 0.025515 0.327473 -0.155867
v 0.021014 0.332847 -0.147453
v -0.014433 0.339943 -0.153099
v -0.016113 0.347354 -0.145590
v -0.017442 0.355357 -0.139462
v -0.018424 0.363831 -0.134712
v -0.019061 0.372654 -0.131341
v -0.019355 0.381705 -0.129348
v -0.019309 0.390864 -0.128731
v -0.018927 0.400007 -0.129489
v -0.018210 0.409016 -0.131622
v -0.017162 0.417768 -0.135128
v -0.015787 0.426143 -0.140006
v -0.014088 0.434023 -0.146255
v -0.012083 0.441350 -0.153890
v -0.009973 0.448240 -0.162679
v -0.008167 0.455245 -0.172100
v -0.007106 0.462844 -0.181320
v -0.006728 0.469926 -0.189329
v -0.005425 0.473108 -0.197092
v -0.001005 0.469789 -0.208019
v 0.004179 0.464206 -0.221426
v 0.008030 0.457410 -0.235024
v 0.009315 0.443428 -0.244736
v 0.008907 0.429400 -0.246647
v 0.012302 0.438162 -0.256876
v 0.016513 0.439420 -0.271560
v 0.018707 0.432965 -0.280814
v 0.020070 0.425008 -0.287065
v 0.021053 0.416539 -0.291818
v 0.021693 0.407715 -0.295192
v 0.021992 0.398658 -0.297189
v 0.021954 0.389490 -0.297809
v 0.021579 0.380331 -0.297054
v 0.020872 0.371303 -0.294924
v 0.019835 0.362529 -0.291420
v 0.018470 0.354127 -0.286543
v 0.016763 0.346089 -0.280279
v 0.014652 0.338267 -0.272575
v 0.012320 0.331772 -0.263848
v 0.010026 0.327140 -0.254529
v 0.007580 0.323395 -0.244588
v 0.004986 0.320573 -0.234197
v 0.002344 0.318911 -0.223530
v -0.000306 0.318419 -0.212728
v -0.002930 0.319094 -0.201936
v -0.005493 0.320937 -0.191295
v -0.007959 0.323944 -0.180948
v -0.010295 0.328115 -0.171038
v -0.012464 0.333449 -0.161707
v -0.040452 0.340211 -0.155848
v -0.039556 0.347597 -0.148166
v -0.038807 0.355581 -0.141897
v -0.038207 0.364039 -0.137041
v -0.037757 0.372852 -0.133597
v -0.037456 0.381897 -0.131564
v -0.037307 0.391054 -0.130940
v -0.037309 0.400201 -0.131725
v -0.037465 0.409216 -0.133916
v -0.037775 0.417980 -0.137514
v -0.038240 0.426371 -0.142517
v -0.038863 0.434273 -0.148923
v -0.039662 0.441667 -0.156743
v -0.040704 0.448730 -0.165641
v -0.042092 0.455948 -0.174859
v -0.043881 0.463502 -0.183406
v -0.045827 0.470076 -0.190621
v -0.047344 0.472982 -0.198139
v -0.047651 0.469984 -0.210119
v -0.047722 0.464765 -0.224998
v -0.048523 0.459793 -0.238812
v -0.049621 0.450675 -0.250116
v -0.050695 0.432999 -0.250309
v -0.052178 0.429877 -0.254781
v -0.053220 0.436651 -0.271968
v -0.053875 0.433260 -0.285541
v -0.054675 0.425707 -0.293019
v -0.055280 0.417270 -0.297955
v -0.055728 0.408458 -0.301402
v -0.056023 0.399408 -0.303439
v -0.056166 0.390241 -0.304066
v -0.056155 0.381080 -0.303285
v -0.055989 0.372045 -0.301096
v -0.055669 0.363259 -0.297500
v -0.055192 0.354834 -0.292499
v -0.054580 0.346604 -0.286045
v -0.053994 0.337786 -0.277996
v -0.053302 0.329965 -0.269007
v -0.052053 0.326288 -0.259670
v -0.050790 0.323727 -0.249525
v -0.049632 0.321108 -0.238872
v -0.048458 0.319411 -0.227947
v -0.047260 0.318883 -0.216887
v -0.046054 0.319523 -0.205836
v -0.044855 0.321330 -0.194942
v -0.043680 0.324303 -0.184350
v -0.042544 0.328442 -0.174206
v -0.041463 0.333745 -0.164657
v -0.063512 0.340215 -0.148743
v -0.059831 0.347601 -0.141934
v -0.056837 0.355584 -0.136369
v -0.054528 0.364043 -0.132049
v -0.052903 0.372856 -0.128973
v -0.051961 0.381901 -0.127141
v -0.051701 0.391057 -0.126553
v -0.052121 0.400203 -0.127207
v -0.053221 0.409219 -0.129103
v -0.054998 0.417982 -0.132241
v -0.057454 0.426372 -0.136620
v -0.060586 0.434270 -0.142239
v -0.064397 0.441567 -0.149097
v -0.068752 0.448078 -0.156896
v -0.073453 0.453791 -0.165090
v -0.078380 0.458713 -0.173244
v -0.083416 0.462448 -0.181167
v -0.088570 0.464419 -0.189285
v -0.093932 0.464416 -0.198624
v -0.099393 0.462870 -0.209647
v -0.104818 0.459923 -0.221150
v -0.109538 0.452236 -0.232029
v -0.108986 0.427827 -0.230910
v -0.108809 0.422507 -0.230879
v -0.119135 0.436810 -0.251367
v -0.126724 0.433400 -0.262953
v -0.130392 0.425715 -0.269426
v -0.132731 0.417269 -0.273794
v -0.134354 0.408459 -0.276873
v -0.135292 0.399410 -0.278708
v -0.135546 0.390245 -0.279300
v -0.135117 0.381084 -0.278650
v -0.134007 0.372050 -0.276757
v -0.132218 0.363264 -0.273622
v -0.129751 0.354834 -0.269247
v -0.126621 0.346743 -0.263637
v -0.122834 0.339289 -0.256785
v -0.118458 0.333103 -0.248937
v -0.113736 0.328017 -0.240446
v -0.108768 0.323982 -0.231451
v -0.103600 0.321115 -0.222074
v -0.098303 0.319418 -0.212443
v -0.092945 0.318889 -0.202687
v -0.087600 0.319528 -0.192934
v -0.082336 0.321335 -0.183314
v -0.077224 0.324308 -0.173957
v -0.072336 0.328446 -0.164990
v -0.067742 0.333749 -0.156542
v -0.089433 0.339865 -0.126286
v -0.083684 0.347276 -0.121152
v -0.079021 0.355280 -0.116939
v -0.075443 0.363754 -0.113648
v -0.072946 0.372577 -0.111279
v -0.071528 0.381628 -0.109833
v -0.071185 0.390786 -0.109311
v -0.071915 0.399928 -0.109714
v -0.073716 0.408935 -0.111042
v -0.076585 0.417685 -0.113297
v -0.080518 0.426057 -0.116478
v -0.085516 0.433933 -0.120587
v -0.091574 0.441193 -0.125620
v -0.098443 0.447586 -0.131286
v -0.105701 0.453071 -0.136941
v -0.112941 0.457806 -0.141894
v -0.119621 0.461682 -0.145692
v -0.125410 0.464406 -0.148461
v -0.130602 0.465830 -0.150827
v -0.137336 0.466054 -0.155351
v -0.149376 0.462757 -0.169758
v -0.161157 0.457034 -0.183633
v -0.170681 0.448035 -0.192236
v -0.175341 0.436176 -0.194351
v -0.180119 0.433790 -0.199301
v -0.188822 0.431988 -0.208981
v -0.195206 0.424862 -0.215031
v -0.199065 0.416424 -0.218588
v -0.201565 0.407604 -0.220963
v -0.202980 0.398550 -0.222412
v -0.203317 0.389384 -0.222937
v -0.202578 0.380227 -0.222538
v -0.200767 0.371202 -0.221214
v -0.197886 0.362430 -0.218963
v -0.193938 0.354032 -0.215786
v -0.188926 0.346129 -0.211681
v -0.182853 0.338844 -0.206647
v -0.175947 0.332494 -0.200873
v -0.168510 0.327319 -0.194612
v -0.160653 0.323316 -0.187959
v -0.152488 0.320486 -0.181010
v -0.144126 0.318825 -0.173862
v -0.135678 0.318334 -0.166609
v -0.127256 0.319011 -0.159349
v -0.118971 0.320855 -0.152177
v -0.110936 0.323863 -0.145188
v -0.103260 0.328035 -0.138480
v -0.096055 0.333370 -0.132147
v -0.118564 0.338767 -0.078268
v -0.111564 0.346198 -0.075107
v -0.105865 0.354217 -0.072528
v -0.101466 0.362704 -0.070532
v -0.098364 0.371538 -0.069117
v -0.096556 0.380596 -0.068284
v -0.096043 0.389758 -0.068032
v -0.096820 0.398902 -0.068361
v -0.098887 0.407907 -0.069270
v -0.102241 0.416653 -0.070759
v -0.106882 0.425018 -0.072827
v -0.112807 0.432883 -0.075473
v -0.120012 0.440132 -0.078690
v -0.128181 0.446469 -0.082301
v -0.136790 0.451665 -0.086019
v -0.145328 0.455676 -0.089614
v -0.153146 0.458376 -0.092916
v -0.159946 0.459513 -0.095939
v -0.166437 0.458727 -0.098965
v -0.174673 0.456404 -0.102656
v -0.186890 0.455828 -0.108315
v -0.201490 0.454347 -0.115155
v -0.213959 0.448158 -0.120911
v -0.220817 0.437556 -0.123889
v -0.226055 0.432319 -0.125986
v -0.236579 0.430288 -0.130867
v -0.244694 0.423440 -0.134568
v -0.249599 0.415019 -0.136809
v -0.252719 0.406187 -0.138234
v -0.254523 0.397125 -0.139070
v -0.255031 0.387955 -0.139325
v -0.254245 0.378799 -0.139000
v -0.252167 0.369777 -0.138096
v -0.248799 0.361011 -0.136613
v -0.244144 0.352622 -0.134551
v -0.238202 0.344733 -0.131911
v -0.230977 0.337464 -0.128693
v -0.222739 0.331134 -0.125019
v -0.213849 0.325980 -0.121047
v -0.204441 0.322000 -0.116840
v -0.194648 0.319193 -0.112456
v -0.184605 0.317558 -0.107956
v -0.174447 0.317092 -0.103401
v -0.164306 0.317794 -0.098850
v -0.154318 0.319663 -0.094364
v -0.144615 0.322697 -0.090002
v -0.135333 0.326893 -0.085826
v -0.126605 0.332251 -0.081894
v -0.134878 0.339231 -0.025681
v -0.127074 0.346571 -0.025560
v -0.120675 0.354513 -0.025628
v -0.115682 0.362934 -0.025877
v -0.112095 0.371715 -0.026296
v -0.109915 0.380732 -0.026874
v -0.109142 0.389867 -0.027601
v -0.109778 0.398998 -0.028467
v -0.111823 0.408003 -0.029461
v -0.115278 0.416764 -0.030572
v -0.120144 0.425159 -0.031790
v -0.126423 0.433069 -0.033105
v -0.134116 0.440373 -0.034505
v -0.142937 0.446754 -0.035932
v -0.152500 0.451974 -0.037329
v -0.162658 0.456031 -0.038681
v -0.173257 0.458920 -0.039981
v -0.184151 0.460646 -0.041213
v -0.195209 0.461221 -0.042351
v -0.206298 0.460650 -0.043369
v -0.217318 0.458789 -0.044273
v -0.228304 0.454040 -0.045043
v -0.236868 0.443815 -0.044718
v -0.240266 0.433984 -0.043664
v -0.250279 0.435353 -0.044534
v -0.262652 0.432372 -0.046139
v -0.270769 0.425025 -0.046448
v -0.275983 0.416633 -0.046241
v -0.279571 0.407853 -0.045823
v -0.281748 0.398831 -0.045247
v -0.282515 0.389687 -0.044523
v -0.281870 0.380544 -0.043662
v -0.279814 0.371523 -0.042673
v -0.276346 0.362744 -0.041568
v -0.271465 0.354329 -0.040357
v -0.265171 0.346399 -0.039049
v -0.257463 0.339074 -0.037657
v -0.248629 0.332676 -0.036235
v -0.239057 0.327445 -0.034842
v -0.228892 0.323379 -0.033493
v -0.218281 0.320480 -0.032203
v -0.207371 0.318747 -0.030984
v -0.196306 0.318179 -0.029852
v -0.185234 0.318776 -0.028821
v -0.174301 0.320539 -0.027905
v -0.163653 0.323466 -0.027119
v -0.153435 0.327557 -0.026477
v -0.143795 0.332812 -0.025993
v -0.132028 0.342494 0.006877
v -0.124771 0.349347 0.002595
v -0.118855 0.356858 -0.001365
v -0.114279 0.364907 -0.004975
v -0.111041 0.373376 -0.008206
v -0.109139 0.382146 -0.011030
v -0.108573 0.391097 -0.013418
v -0.109340 0.400110 -0.015342
v -0.111440 0.409068 -0.016774
v -0.114870 0.417852 -0.017685
v -0.119630 0.426343 -0.018047
v -0.125718 0.434424 -0.017831
v -0.133135 0.441977 -0.017008
v -0.141603 0.448675 -0.015598
v -0.150753 0.454265 -0.013670
v -0.160448 0.458742 -0.011273
v -0.170548 0.462098 -0.008455
v -0.180917 0.464327 -0.005264
v -0.191413 0.465421 -0.001748
v -0.201900 0.465373 0.002043
v -0.212235 0.464155 0.006069
v -0.222356 0.461111 0.010461
v -0.231225 0.453334 0.015742
v -0.233720 0.440426 0.020884
v -0.237424 0.435714 0.023531
v -0.251071 0.438019 0.026946
v -0.261356 0.433097 0.031406
v -0.266974 0.425322 0.035271
v -0.270292 0.416858 0.038525
v -0.272191 0.408083 0.041347
v -0.272751 0.399122 0.043733
v -0.271975 0.390095 0.045653
v -0.269865 0.381121 0.047080
v -0.266632 0.372416 0.048033
v -0.262145 0.364035 0.048454
v -0.255781 0.355817 0.048170
v -0.248111 0.348137 0.047285
v -0.239630 0.341425 0.045868
v -0.230471 0.335825 0.043935
v -0.220771 0.331344 0.041535
v -0.210670 0.327990 0.038717
v -0.200307 0.325768 0.035528
v -0.189818 0.324686 0.032016
v -0.179344 0.324751 0.028231
v -0.169023 0.325968 0.024219
v -0.158992 0.328344 0.020030
v -0.149390 0.331886 0.015711
v -0.140356 0.336601 0.011311
v -0.116972 0.347752 0.028279
v -0.112128 0.353725 0.020271
v -0.108352 0.360456 0.013010
v -0.105631 0.367829 0.006538
v -0.103953 0.375729 0.000900
v -0.103307 0.384041 -0.003861
v -0.103680 0.392650 -0.007699
v -0.105061 0.401439 -0.010570
v -0.107439 0.410296 -0.012431
v -0.110800 0.419104 -0.013238
v -0.115135 0.427750 -0.012945
v -0.120432 0.436118 -0.011510
v -0.126679 0.444096 -0.008886
v -0.133640 0.451342 -0.005155
v -0.141014 0.457579 -0.000494
v -0.148699 0.462786 0.004997
v -0.156590 0.466947 0.011219
v -0.164582 0.470041 0.018071
v -0.172570 0.472048 0.025453
v -0.180450 0.472949 0.033264
v -0.188114 0.472723 0.041404
v -0.195460 0.471006 0.049908
v -0.201530 0.464625 0.059204
v -0.198934 0.447991 0.064587
v -0.196361 0.441207 0.066386
v -0.211972 0.450085 0.079145
v -0.221936 0.447231 0.089627
v -0.225811 0.440102 0.096931
v -0.227554 0.432200 0.102622
v -0.228198 0.423883 0.107382
v -0.227820 0.415265 0.111219
v -0.226431 0.406463 0.114088
v -0.224044 0.397591 0.115944
v -0.220670 0.388764 0.116745
v -0.216568 0.380175 0.116648
v -0.211412 0.371831 0.115342
v -0.204792 0.363728 0.112408
v -0.197768 0.356453 0.108628
v -0.190382 0.350207 0.103960
v -0.182690 0.344995 0.098463
v -0.174797 0.340836 0.092239
v -0.166807 0.337749 0.085387
v -0.158826 0.335754 0.078007
v -0.150957 0.334868 0.070201
v -0.143307 0.335111 0.062069
v -0.135978 0.336503 0.053710
v -0.129077 0.339061 0.045225
v -0.122706 0.342804 0.036714
v -0.088697 0.356015 0.044983
v -0.086636 0.361150 0.035132
v -0.085338 0.367135 0.026227
v -0.084778 0.373856 0.018322
v -0.084933 0.381204 0.011469
v -0.085779 0.389067 0.005720
v -0.087289 0.397332 0.001128
v -0.089440 0.405889 -0.002255
v -0.092207 0.414627 -0.004376
v -0.095567 0.423434 -0.005183
v -0.099494 0.432200 -0.004623
v -0.103966 0.440814 -0.002644
v -0.108957 0.449167 0.000808
v -0.114274 0.456904 0.005623
v -0.119693 0.463725 0.011575
v -0.125148 0.469601 0.018537
v -0.130573 0.474500 0.026387
v -0.135903 0.478393 0.034999
v -0.141071 0.481248 0.044247
v -0.146009 0.483034 0.054005
v -0.150650 0.483719 0.064149
v -0.154926 0.483271 0.074551
v -0.158773 0.481656 0.085087
v -0.162069 0.478279 0.095846
v -0.163472 0.469437 0.106678
v -0.159753 0.455156 0.112135
v -0.159862 0.452534 0.117133
v -0.165380 0.454533 0.128614
v -0.168057 0.449447 0.138720
v -0.167796 0.441788 0.145275
v -0.166327 0.433521 0.149927
v -0.164169 0.424952 0.153308
v -0.161392 0.416199 0.155425
v -0.158020 0.407374 0.156226
v -0.154077 0.398588 0.155658
v -0.149588 0.389953 0.153669
v -0.144578 0.381580 0.150206
v -0.139243 0.373825 0.145380
v -0.133809 0.366992 0.139418
v -0.128343 0.361110 0.132446
v -0.122912 0.356210 0.124591
v -0.117581 0.352322 0.115976
v -0.112419 0.349478 0.106729
v -0.107491 0.347707 0.096975
v -0.102864 0.347040 0.086838
v -0.098604 0.347507 0.076445
v -0.094779 0.349138 0.065921
v -0.091455 0.351964 0.055392
v -0.048781 0.367140 0.055544
v -0.048895 0.371657 0.045051
v -0.049552 0.377085 0.035570
v -0.050718 0.383316 0.027156
v -0.052356 0.390242 0.019865
v -0.054432 0.397753 0.013753
v -0.056909 0.405742 0.008875
v -0.059752 0.414101 0.005287
v -0.062926 0.422720 0.003045
v -0.066394 0.431493 0.002203
v -0.070123 0.440311 0.002819
v -0.074077 0.449068 0.004947
v -0.078221 0.457656 0.008645
v -0.082388 0.465714 0.013794
v -0.086408 0.472927 0.020152
v -0.090245 0.479257 0.027586
v -0.093862 0.484666 0.035964
v -0.097221 0.489115 0.045152
v -0.100285 0.492566 0.055018
v -0.103015 0.494978 0.065426
v -0.105372 0.496312 0.076244
v -0.107317 0.496529 0.087336
v -0.108810 0.495588 0.098566
v -0.109809 0.493447 0.109802
v -0.110143 0.489539 0.121058
v -0.108587 0.481355 0.131427
v -0.103703 0.469278 0.136219
v -0.102334 0.465235 0.140674
v -0.104493 0.464948 0.151770
v -0.104285 0.459329 0.161526
v -0.102171 0.451504 0.167513
v -0.099349 0.443133 0.171199
v -0.096166 0.434497 0.173438
v -0.092683 0.425705 0.174272
v -0.088937 0.416865 0.173648
v -0.084963 0.408085 0.171508
v -0.080797 0.399474 0.167797
v -0.076609 0.391395 0.162633
v -0.072569 0.384167 0.156261
v -0.068717 0.377828 0.148814
v -0.065090 0.372416 0.140427
v -0.061728 0.367971 0.131233
v -0.058667 0.364530 0.121367
v -0.055946 0.362133 0.110962
v -0.053604 0.360817 0.100152
v -0.051678 0.360622 0.089071
v -0.050207 0.361585 0.077854
v -0.049229 0.363745 0.066634
v -0.003291 0.379938 0.058653
v -0.005109 0.383966 0.048025
v -0.007324 0.388948 0.038420
v -0.009890 0.394778 0.029894
v -0.012761 0.401349 0.022505
v -0.015891 0.408557 0.016308
v -0.019234 0.416296 0.011361
v -0.022745 0.424460 0.007719
v -0.026379 0.432945 0.005439
v -0.030089 0.441644 0.004577
v -0.033830 0.450454 0.005190
v -0.037556 0.459270 0.007334
v -0.041224 0.467989 0.011067
v -0.044679 0.476244 0.016269
v -0.047786 0.483712 0.022696
v -0.050531 0.490349 0.030213
v -0.052896 0.496112 0.038687
v -0.054866 0.500956 0.047983
v -0.056424 0.504836 0.057967
v -0.057551 0.507707 0.068502
v -0.058229 0.509524 0.079454
v -0.058438 0.510240 0.090685
v -0.058160 0.509809 0.102060
v -0.057375 0.508187 0.113439
v -0.055992 0.505114 0.124739
v -0.053283 0.498629 0.135308
v -0.047886 0.487191 0.140873
v -0.044160 0.479565 0.142380
v -0.044782 0.480814 0.153725
v -0.043337 0.476490 0.165066
v -0.040174 0.469019 0.171801
v -0.036663 0.460835 0.175670
v -0.033019 0.452333 0.177948
v -0.029295 0.443613 0.178802
v -0.025535 0.434778 0.178179
v -0.021786 0.425936 0.176022
v -0.018093 0.417190 0.172274
v -0.014613 0.408911 0.167054
v -0.011482 0.401423 0.160610
v -0.008718 0.394774 0.153077
v -0.006340 0.389006 0.144591
v -0.004364 0.384164 0.135287
v -0.002808 0.380293 0.125301
v -0.001691 0.377438 0.114768
v -0.001029 0.375642 0.103825
v -0.000841 0.374950 0.092606
v -0.001144 0.375405 0.081247
v -0.001954 0.377053 0.069885
v 0.041249 0.393255 0.054817
v 0.037793 0.396782 0.044333
v 0.034047 0.401295 0.034863
v 0.030068 0.406691 0.026462
v 0.025914 0.412868 0.019186
v 0.021642 0.419724 0.013090
v 0.017310 0.427159 0.008229
v 0.012976 0.435068 0.004660
v 0.008697 0.443352 0.002436
v 0.004532 0.451909 0.001614
v 0.000538 0.460637 0.002249
v -0.003228 0.469436 0.004397
v -0.006710 0.478206 0.008111
v -0.009756 0.486580 0.013277
v -0.012252 0.494229 0.019649
v -0.014202 0.501104 0.027095
v -0.015606 0.507157 0.035482
v -0.016464 0.512336 0.044662
v -0.016778 0.516596 0.054529
v -0.016549 0.519883 0.064968
v -0.015772 0.522147 0.075792
v -0.014447 0.523335 0.086889
v -0.012570 0.523398 0.098124
v -0.010140 0.522284 0.109360
v -0.007096 0.519807 0.120505
v -0.002794 0.514228 0.131110
v 0.004231 0.502983 0.137301
v 0.009202 0.494151 0.138425
v 0.010498 0.495510 0.148015
v 0.012712 0.492815 0.159498
v 0.016736 0.486057 0.166728
v 0.021057 0.478172 0.170669
v 0.025345 0.469871 0.172895
v 0.029526 0.461292 0.173710
v 0.033540 0.452537 0.173065
v 0.037330 0.443708 0.170904
v 0.040838 0.434908 0.167172
v 0.043912 0.426505 0.161988
v 0.046434 0.418832 0.155597
v 0.048405 0.411941 0.148134
v 0.049824 0.405880 0.139732
v 0.050691 0.400699 0.130526
v 0.051004 0.396449 0.120649
v 0.050765 0.393178 0.110236
v 0.049971 0.390937 0.099421
v 0.048623 0.389775 0.088337
v 0.046720 0.389740 0.077119
v 0.044262 0.390884 0.065901
v 0.079190 0.406304 0.045072
v 0.073525 0.409031 0.035215
v 0.067659 0.412776 0.026347
v 0.061669 0.417443 0.018517
v 0.055631 0.422937 0.011775
v 0.049624 0.429164 0.006172
v 0.043724 0.436029 0.001757
v 0.038008 0.443437 -0.001420
v 0.032554 0.451293 -0.003310
v 0.027439 0.459504 -0.003861
v 0.022739 0.467974 -0.003026
v 0.018533 0.476610 -0.000754
v 0.014895 0.485320 0.003006
v 0.011991 0.493741 0.008131
v 0.009921 0.501540 0.014383
v 0.008663 0.508661 0.021632
v 0.008196 0.515047 0.029752
v 0.008480 0.520530 0.038503
v 0.009643 0.525053 0.047434
v 0.011690 0.529183 0.056718
v 0.014252 0.532439 0.067386
v 0.017267 0.534072 0.078619
v 0.020990 0.534781 0.089555
v 0.025483 0.534451 0.100273
v 0.030674 0.532910 0.110753
v 0.036305 0.530134 0.120660
v 0.042159 0.525602 0.129516
v 0.048219 0.517571 0.135988
v 0.053713 0.507205 0.136770
v 0.058863 0.503280 0.139131
v 0.064943 0.501995 0.148631
v 0.071497 0.495936 0.156079
v 0.077230 0.487990 0.159107
v 0.082383 0.479734 0.159732
v 0.087102 0.471237 0.158887
v 0.091332 0.462569 0.156601
v 0.094997 0.453827 0.152824
v 0.097930 0.445374 0.147680
v 0.100027 0.437548 0.141410
v 0.101308 0.430407 0.134142
v 0.101790 0.424008 0.126006
v 0.101494 0.418406 0.117130
v 0.100437 0.413660 0.107642
v 0.098639 0.409825 0.097671
v 0.096118 0.406959 0.087346
v 0.092894 0.405117 0.076795
v 0.088985 0.404356 0.066147
v 0.084410 0.404733 0.055530
v 0.106637 0.419857 0.028266
v 0.096910 0.420231 0.021527
v 0.087074 0.421676 0.015707
v 0.077246 0.424121 0.010823
v 0.067544 0.427494 0.006894
v 0.058085 0.431725 0.003940
v 0.048986 0.436741 0.001980
v 0.040365 0.442471 0.001032
v 0.032340 0.448844 0.001115
v 0.025027 0.455789 0.002249
v 0.018545 0.463235 0.004452
v 0.013010 0.471111 0.007742
v 0.008539 0.479347 0.012140
v 0.005344 0.487608 0.017489
v 0.003524 0.495556 0.023547
v 0.003029 0.503120 0.030212
v 0.003807 0.510226 0.037379
v 0.005806 0.516768 0.044891
v 0.009051 0.522675 0.052434
v 0.013534 0.528258 0.059956
v 0.019173 0.533057 0.067768
v 0.025931 0.536057 0.075666
v 0.033600 0.538144 0.083463
v 0.042235 0.539628 0.091290
v 0.052072 0.539524 0.098397
v 0.062781 0.537133 0.104126
v 0.072931 0.531420 0.106951
v 0.079403 0.530253 0.110564
v 0.087816 0.531570 0.119341
v 0.097444 0.528488 0.124355
v 0.106910 0.524392 0.126542
v 0.115985 0.519077 0.127534
v 0.124128 0.512750 0.127468
v 0.131453 0.505793 0.126328
v 0.137951 0.498330 0.124116
v 0.143506 0.490433 0.120813
v 0.147999 0.482174 0.116400
v 0.151218 0.473890 0.111036
v 0.153061 0.465919 0.104960
v 0.153577 0.458337 0.098280
v 0.152815 0.451218 0.091098
v 0.150825 0.444636 0.083523
v 0.147655 0.438667 0.075657
v 0.143355 0.433383 0.067607
v 0.137975 0.428860 0.059477
v 0.131563 0.425171 0.051373
v 0.124170 0.422392 0.043400
v 0.115845 0.420596 0.035662
v 0.110740 0.434835 -0.000016
v 0.100288 0.430580 0.002044
v 0.089737 0.427470 0.004885
v 0.079213 0.425480 0.008436
v 0.068839 0.424589 0.012624
v 0.058741 0.424771 0.017378
v 0.049044 0.426005 0.022624
v 0.039871 0.428268 0.028291
v 0.031349 0.431535 0.034307
v 0.023601 0.435784 0.040599
v 0.016753 0.440992 0.047095
v 0.010929 0.447135 0.053724
v 0.006254 0.454190 0.060411
v 0.002952 0.461883 0.066880
v 0.001124 0.469886 0.072872
v 0.000717 0.478092 0.078343
v 0.001676 0.486394 0.083249
v 0.003947 0.494686 0.087547
v 0.007473 0.502860 0.091194
v 0.012202 0.510811 0.094145
v 0.018077 0.518432 0.096360
v 0.025044 0.525616 0.097792
v 0.033100 0.532236 0.098353
v 0.042887 0.537660 0.097418
v 0.055624 0.539151 0.093625
v 0.067618 0.535000 0.088262
v 0.076498 0.537944 0.084652
v 0.083475 0.543241 0.083766
v 0.093090 0.551371 0.083596
v 0.103819 0.553359 0.079571
v 0.113605 0.552323 0.074371
v 0.122769 0.550070 0.068710
v 0.131285 0.546813 0.062699
v 0.139027 0.542575 0.056410
v 0.145872 0.537378 0.049915
v 0.151694 0.531244 0.043286
v 0.156369 0.524197 0.036596
v 0.159674 0.516509 0.030123
v 0.161506 0.508509 0.024126
v 0.161918 0.500304 0.018648
v 0.160967 0.492000 0.013735
v 0.158705 0.483704 0.009430
v 0.155186 0.475523 0.005776
v 0.150466 0.467563 0.002818
v 0.144598 0.459933 0.000598
v 0.137637 0.452738 -0.000839
v 0.129638 0.446086 -0.001449
v 0.120654 0.440082 -0.001190
v 0.078091 0.442946 -0.025636
v 0.073553 0.436645 -0.017832
v 0.068850 0.431510 -0.009311
v 0.064042 0.427539 -0.000207
v 0.059193 0.424732 0.009347
v 0.054362 0.423088 0.019218
v 0.049613 0.422605 0.029272
v 0.045008 0.423283 0.039376
v 0.040606 0.425121 0.049398
v 0.036472 0.428117 0.059204
v 0.032666 0.432270 0.068660
v 0.029251 0.437579 0.077633
v 0.026287 0.444042 0.085991
v 0.023911 0.451416 0.093368
v 0.022206 0.459379 0.099487
v 0.021157 0.467811 0.104341
v 0.020750 0.476589 0.107927
v 0.020985 0.485564 0.110236
v 0.021872 0.494525 0.111308
v 0.023306 0.503529 0.111136
v 0.025266 0.512637 0.109551
v 0.027829 0.521452 0.106638
v 0.030967 0.529786 0.102483
v 0.034883 0.537478 0.096775
v 0.040787 0.542916 0.087884
v 0.048764 0.540928 0.074067
v 0.052454 0.538996 0.065255
v 0.054373 0.544963 0.058773
v 0.057488 0.559015 0.055068
v 0.062604 0.564093 0.045420
v 0.067425 0.564947 0.035324
v 0.072032 0.564251 0.025226
v 0.076427 0.562402 0.015216
v 0.080549 0.559406 0.005426
v 0.084338 0.555265 -0.004014
v 0.087732 0.549979 -0.012972
v 0.090671 0.543548 -0.021314
v 0.093024 0.536210 -0.028679
v 0.094709 0.528286 -0.034788
v 0.095740 0.519893 -0.039639
v 0.096133 0.511148 -0.043222
v 0.095905 0.502171 -0.045532
v 0.095068 0.493082 -0.046565
v 0.093637 0.484002 -0.046316
v 0.091628 0.475051 -0.044779
v 0.089053 0.466349 -0.041947
v 0.085930 0.458017 -0.037817
v 0.082271 0.450176 -0.032381
v 0.020077 0.443253 -0.041618
v 0.017842 0.436864 -0.032973
v 0.015411 0.431640 -0.023624
v 0.012820 0.427581 -0.013712
v 0.010106 0.424688 -0.003380
v 0.007308 0.422961 0.007230
v 0.004462 0.422401 0.017976
v 0.001606 0.423007 0.028717
v -0.001223 0.424780 0.039311
v -0.003986 0.427719 0.049614
v -0.006646 0.431825 0.059486
v -0.009166 0.437096 0.068785
v -0.011507 0.443533 0.077367
v -0.013566 0.450893 0.084857
v -0.015267 0.458855 0.090975
v -0.016608 0.467298 0.095721
v -0.017587 0.476098 0.099095
v -0.018202 0.485136 0.101097
v -0.018452 0.494289 0.101728
v -0.018335 0.503436 0.100987
v -0.017849 0.512454 0.098875
v -0.016992 0.521221 0.095391
v -0.015762 0.529616 0.090536
v -0.014158 0.537515 0.084309
v -0.012135 0.544731 0.076483
v -0.009131 0.549516 0.065082
v -0.004570 0.542854 0.046981
v -0.002351 0.538213 0.039430
v -0.002112 0.550831 0.037756
v 0.000737 0.563074 0.028297
v 0.003734 0.565231 0.016958
v 0.006620 0.564635 0.006185
v 0.009449 0.562823 -0.004393
v 0.012195 0.559865 -0.014668
v 0.014819 0.555763 -0.024501
v 0.017290 0.550518 -0.033756
v 0.019573 0.544128 -0.042293
v 0.021574 0.536829 -0.049743
v 0.023220 0.528934 -0.055828
v 0.024512 0.520560 -0.060549
v 0.025451 0.511824 -0.063905
v 0.026036 0.502843 -0.065897
v 0.026265 0.493738 -0.066524
v 0.026137 0.484627 -0.065787
v 0.025649 0.475634 -0.063684
v 0.024802 0.466878 -0.060215
v 0.023591 0.458481 -0.055381
v 0.022017 0.450565 -0.049182
v -0.035594 0.442049 -0.055996
v -0.038779 0.435661 -0.047655
v -0.042220 0.430437 -0.038630
v -0.045865 0.426377 -0.029057
v -0.049661 0.423482 -0.019073
v -0.053558 0.421753 -0.008817
v -0.057503 0.421191 0.001575
v -0.061445 0.421794 0.011966
v -0.065332 0.423564 0.022217
v -0.069111 0.426500 0.032193
v -0.072730 0.430602 0.041754
v -0.076138 0.435870 0.050765
v -0.079280 0.442303 0.059086
v -0.082021 0.449660 0.066355
v -0.084256 0.457619 0.072297
v -0.085985 0.466059 0.076914
v -0.087209 0.474857 0.080204
v -0.087925 0.483892 0.082168
v -0.088135 0.493042 0.082804
v -0.087837 0.502186 0.082112
v -0.087030 0.511200 0.080091
v -0.085713 0.519965 0.076741
v -0.083885 0.528356 0.072060
v -0.081542 0.536250 0.066044
v -0.078518 0.543423 0.058441
v -0.073866 0.548062 0.047798
v -0.068401 0.545168 0.034632
v -0.066656 0.543975 0.027278
v -0.065067 0.555082 0.022133
v -0.060549 0.562543 0.011648
v -0.056319 0.563945 0.000832
v -0.052338 0.563297 -0.009574
v -0.048454 0.561476 -0.019802
v -0.044709 0.558512 -0.029731
v -0.041150 0.554410 -0.039231
v -0.037823 0.549171 -0.048171
v -0.034771 0.542793 -0.056421
v -0.032122 0.535510 -0.063625
v -0.029969 0.527633 -0.069516
v -0.028310 0.519277 -0.074093
v -0.027144 0.510557 -0.077356
v -0.026469 0.501590 -0.079302
v -0.026288 0.492498 -0.079932
v -0.026600 0.483398 -0.079244
v -0.027407 0.474413 -0.077236
v -0.028709 0.465663 -0.073908
v -0.030507 0.457272 -0.069259
v -0.032802 0.449360 -0.063288
v -0.064820 0.442602 -0.070380
v -0.070566 0.436291 -0.063439
v -0.076665 0.431147 -0.055866
v -0.083030 0.427170 -0.047780
v -0.089575 0.424358 -0.039299
v -0.096211 0.422712 -0.030540
v -0.102854 0.422230 -0.021622
v -0.109415 0.422913 -0.012664
v -0.115807 0.424757 -0.003782
v -0.121943 0.427764 0.004905
v -0.127736 0.431931 0.013277
v -0.133099 0.437257 0.021218
v -0.137943 0.443740 0.028609
v -0.142053 0.451137 0.035127
v -0.145278 0.459124 0.040527
v -0.147627 0.467580 0.044803
v -0.149106 0.476384 0.047950
v -0.149723 0.485413 0.049965
v -0.149485 0.494547 0.050841
v -0.148400 0.503663 0.050574
v -0.146475 0.512640 0.049159
v -0.143716 0.521356 0.046590
v -0.140130 0.529688 0.042860
v -0.135722 0.537515 0.037965
v -0.130345 0.544591 0.031663
v -0.123215 0.548903 0.022280
v -0.115430 0.544249 0.008413
v -0.111553 0.541795 0.001286
v -0.107456 0.553491 -0.000551
v -0.099127 0.563104 -0.007992
v -0.091957 0.564604 -0.017185
v -0.085360 0.563878 -0.026151
v -0.078979 0.561985 -0.035003
v -0.072890 0.558957 -0.043636
v -0.067172 0.554798 -0.051939
v -0.061905 0.549511 -0.059803
v -0.057166 0.543093 -0.067116
v -0.053157 0.535779 -0.073565
v -0.050021 0.527881 -0.078910
v -0.047749 0.519513 -0.083145
v -0.046329 0.510790 -0.086264
v -0.045755 0.501832 -0.088262
v -0.046020 0.492755 -0.089133
v -0.047116 0.483682 -0.088872
v -0.049037 0.474732 -0.087471
v -0.051775 0.466028 -0.084927
v -0.055323 0.457690 -0.081233
v -0.059674 0.449841 -0.076386
v -0.074976 0.443604 -0.080015
v -0.083600 0.437679 -0.076287
v -0.092681 0.432934 -0.072044
v -0.102093 0.429365 -0.067361
v -0.111710 0.426964 -0.062311
v -0.121406 0.425728 -0.056969
v -0.131055 0.425649 -0.051408
v -0.140530 0.426721 -0.045705
v -0.149706 0.428938 -0.039932
v -0.158456 0.432294 -0.034165
v -0.166653 0.436782 -0.028477
v -0.174172 0.442395 -0.022945
v -0.180884 0.449127 -0.017642
v -0.186491 0.456722 -0.012795
v -0.190787 0.464849 -0.008593
v -0.193791 0.473389 -0.005051
v -0.195519 0.482221 -0.002184
v -0.195989 0.491225 -0.000007
v -0.195216 0.500281 0.001463
v -0.193219 0.509267 0.002211
v -0.190012 0.518064 0.002221
v -0.185613 0.526551 0.001477
v -0.180038 0.534606 -0.000038
v -0.173302 0.542110 -0.002339
v -0.165393 0.548927 -0.005453
v -0.155956 0.554249 -0.009692
v -0.144591 0.554678 -0.016774
v -0.136573 0.549797 -0.023872
v -0.130416 0.557429 -0.025097
v -0.119252 0.565198 -0.028715
v -0.108833 0.566404 -0.034380
v -0.099323 0.565306 -0.040089
v -0.090171 0.563061 -0.045832
v -0.081479 0.559705 -0.051547
v -0.073367 0.555246 -0.057166
v -0.065951 0.549687 -0.062622
v -0.059348 0.543032 -0.067849
v -0.053846 0.535525 -0.072627
v -0.049639 0.527487 -0.076775
v -0.046709 0.519032 -0.080276
v -0.045038 0.510275 -0.083114
v -0.044608 0.501334 -0.085274
v -0.045403 0.492326 -0.086737
v -0.047407 0.483372 -0.087490
v -0.050603 0.474590 -0.087514
v -0.054975 0.466103 -0.086794
v -0.060506 0.458029 -0.085314
v -0.067178 0.450489 -0.083060
v -0.076329 0.444324 -0.084619
v -0.086347 0.439206 -0.085736
v -0.096869 0.435296 -0.086502
v -0.107750 0.432579 -0.086926
v -0.118844 0.431041 -0.087012
v -0.129986 0.430688 -0.086750
v -0.140977 0.431509 -0.086130
v -0.151569 0.433432 -0.085170
v -0.161533 0.436326 -0.083934
v -0.170760 0.440083 -0.082508
v -0.179292 0.444738 -0.080957
v -0.187278 0.450483 -0.079278
v -0.194936 0.457547 -0.077357
v -0.202014 0.465738 -0.075073
v -0.207747 0.474524 -0.072493
v -0.211727 0.483581 -0.069792
v -0.213929 0.492709 -0.067114
v -0.214473 0.501791 -0.064526
v -0.213478 0.510736 -0.062054
v -0.211032 0.519462 -0.059707
v -0.207188 0.527877 -0.057498
v -0.201978 0.535878 -0.055450
v -0.195423 0.543351 -0.053595
v -0.187546 0.550177 -0.051967
v -0.178365 0.556241 -0.050598
v -0.167686 0.560930 -0.049709
v -0.154349 0.560990 -0.050739
v -0.144029 0.554964 -0.053426
v -0.137268 0.562206 -0.050952
v -0.124923 0.568576 -0.048973
v -0.113095 0.568729 -0.049326
v -0.102214 0.566851 -0.050173
v -0.091751 0.563877 -0.051293
v -0.081829 0.559838 -0.052676
v -0.072586 0.554748 -0.054322
v -0.064156 0.548620 -0.056228
v -0.056675 0.541467 -0.058392
v -0.050471 0.533558 -0.060735
v -0.045766 0.525230 -0.063157
v -0.042537 0.516596 -0.065628
v -0.040761 0.507772 -0.068115
v -0.040418 0.498873 -0.070584
v -0.041485 0.490016 -0.073003
v -0.043943 0.481318 -0.075338
v -0.047769 0.472896 -0.077557
v -0.052942 0.464868 -0.079627
v -0.059441 0.457352 -0.081515
v -0.067244 0.450465 -0.083190
v -0.074060 0.445898 -0.092003
v -0.083258 0.441686 -0.097441
v -0.092933 0.438710 -0.102662
v -0.102955 0.436944 -0.107616
v -0.113186 0.436398 -0.112219
v -0.123463 0.437272 -0.116264
v -0.133493 0.439943 -0.119403
v -0.142709 0.444673 -0.121144
v -0.150211 0.451205 -0.120950
v -0.155101 0.458486 -0.118772
v -0.157848 0.465108 -0.116195
v -0.163400 0.468475 -0.117436
v -0.173706 0.471324 -0.122055
v -0.184338 0.477812 -0.126174
v -0.192668 0.486395 -0.128143
v -0.198176 0.495672 -0.128074
v -0.201176 0.505006 -0.126537
v -0.202131 0.514133 -0.123993
v -0.201410 0.522937 -0.120734
v -0.199252 0.531355 -0.116939
v -0.195781 0.539325 -0.112716
v -0.191040 0.546764 -0.108131
v -0.185050 0.553568 -0.103234
v -0.177825 0.559623 -0.098076
v -0.168930 0.564557 -0.092761
v -0.156974 0.565804 -0.088288
v -0.145899 0.560478 -0.085867
v -0.140403 0.563716 -0.080753
v -0.130969 0.571669 -0.073487
v -0.119622 0.573311 -0.068553
v -0.109221 0.571806 -0.064664
v -0.099188 0.569073 -0.061251
v -0.089518 0.565300 -0.058318
v -0.080335 0.560512 -0.055917
v -0.071764 0.554733 -0.054104
v -0.063927 0.547984 -0.052934
v -0.056951 0.540293 -0.052463
v -0.051143 0.531954 -0.052730
v -0.046711 0.523323 -0.053710
v -0.043637 0.514511 -0.055353
v -0.041902 0.505633 -0.057612
v -0.041488 0.496801 -0.060438
v -0.042377 0.488131 -0.063782
v -0.044552 0.479737 -0.067596
v -0.047994 0.471732 -0.071829
v -0.052684 0.464232 -0.076435
v -0.058605 0.457350 -0.081365
v -0.065736 0.451201 -0.086570
v -0.064889 0.449270 -0.104893
v -0.072350 0.445760 -0.113046
v -0.080245 0.443505 -0.121052
v -0.088461 0.442472 -0.128825
v -0.096866 0.442699 -0.136180
v -0.105246 0.444384 -0.142712
v -0.113245 0.447762 -0.147833
v -0.120362 0.452736 -0.150999
v -0.126144 0.458600 -0.152091
v -0.130595 0.464314 -0.151707
v -0.134499 0.469345 -0.150987
v -0.141738 0.474634 -0.154662
v -0.151542 0.480692 -0.163726
v -0.159857 0.488819 -0.170346
v -0.165850 0.498135 -0.173150
v -0.169775 0.507623 -0.173286
v -0.171991 0.516870 -0.171623
v -0.172789 0.525761 -0.168666
v -0.172358 0.534270 -0.164701
v -0.170802 0.542359 -0.159895
v -0.168165 0.549946 -0.154345
v -0.164462 0.556926 -0.148117
v -0.159686 0.563181 -0.141263
v -0.153143 0.568148 -0.133605
v -0.142578 0.568371 -0.125548
v -0.134173 0.563313 -0.119826
v -0.131476 0.571626 -0.112388
v -0.123648 0.578605 -0.102709
v -0.114650 0.579469 -0.094891
v -0.106063 0.578229 -0.087868
v -0.097552 0.575903 -0.081308
v -0.089210 0.572543 -0.075284
v -0.081140 0.568180 -0.069877
v -0.073445 0.562841 -0.065179
v -0.066222 0.556558 -0.061278
v -0.059574 0.549360 -0.058267
v -0.053603 0.541285 -0.056236
v -0.048571 0.532646 -0.055296
v -0.044662 0.523811 -0.055461
v -0.041864 0.514892 -0.056674
v -0.040167 0.505999 -0.058875
v -0.039560 0.497246 -0.062004
v -0.040031 0.488745 -0.066001
v -0.041571 0.480606 -0.070807
v -0.044167 0.472943 -0.076363
v -0.047809 0.465866 -0.082608
v -0.052484 0.459487 -0.089484
v -0.058181 0.453918 -0.096932
v -0.047901 0.453977 -0.119331
v -0.053521 0.450996 -0.129105
v -0.059539 0.449281 -0.138765
v -0.065869 0.448818 -0.148203
v -0.072429 0.449678 -0.157233
v -0.079130 0.451959 -0.165503
v -0.085851 0.455615 -0.172528
v -0.092415 0.460340 -0.177879
v -0.098571 0.465601 -0.181442
v -0.104096 0.470824 -0.183897
v -0.109612 0.475884 -0.188682
v -0.115523 0.482207 -0.196188
v -0.121150 0.490473 -0.202436
v -0.126008 0.499814 -0.206079
v -0.129835 0.509294 -0.207303
v -0.132644 0.518592 -0.206647
v -0.134484 0.527597 -0.204505
v -0.135405 0.536272 -0.201123
v -0.135446 0.544573 -0.196653
v -0.134619 0.552418 -0.191185
v -0.132929 0.559701 -0.184790
v -0.130379 0.566313 -0.177534
v -0.126695 0.571975 -0.169261
v -0.119587 0.573752 -0.158515
v -0.108970 0.559887 -0.147732
v -0.108430 0.563695 -0.143143
v -0.106421 0.581456 -0.133294
v -0.099337 0.585738 -0.122761
v -0.092623 0.585271 -0.113621
v -0.085906 0.583509 -0.104990
v -0.079192 0.580710 -0.096862
v -0.072569 0.576905 -0.089339
v -0.066117 0.572125 -0.082524
v -0.059911 0.566403 -0.076527
v -0.054029 0.559772 -0.071458
v -0.048546 0.552272 -0.067430
v -0.043544 0.543942 -0.064553
v -0.039238 0.535113 -0.062979
v -0.035790 0.526158 -0.062742
v -0.033197 0.517188 -0.063778
v -0.031456 0.508314 -0.066019
v -0.030565 0.499647 -0.069398
v -0.030522 0.491296 -0.073850
v -0.031324 0.483371 -0.079306
v -0.032968 0.475983 -0.085701
v -0.035452 0.469240 -0.092967
v -0.038770 0.463252 -0.101038
v -0.042921 0.458128 -0.109848
v -0.025485 0.459270 -0.131459
v -0.029166 0.456790 -0.142299
v -0.033282 0.455814 -0.153051
v -0.037840 0.456693 -0.163496
v -0.042782 0.459742 -0.173176
v -0.047914 0.464821 -0.181409
v -0.052925 0.471024 -0.187716
v -0.057586 0.477065 -0.192477
v -0.061932 0.482171 -0.196837
v -0.065947 0.484981 -0.203986
v -0.070246 0.487946 -0.213754
v -0.074998 0.493856 -0.221725
v -0.079609 0.501861 -0.227191
v -0.083643 0.510822 -0.230173
v -0.086934 0.519942 -0.231024
v -0.089532 0.528982 -0.230153
v -0.091476 0.537818 -0.227822
v -0.092787 0.546351 -0.224194
v -0.093464 0.554479 -0.219369
v -0.093502 0.562095 -0.213426
v -0.092882 0.569084 -0.206420
v -0.091279 0.575035 -0.198027
v -0.086767 0.576805 -0.186635
v -0.079870 0.565901 -0.175333
v -0.078180 0.568840 -0.169624
v -0.078031 0.582904 -0.160489
v -0.075640 0.591385 -0.148520
v -0.071382 0.592238 -0.137674
v -0.066705 0.591132 -0.127561
v -0.061882 0.588937 -0.117908
v -0.056992 0.585728 -0.108801
v -0.052095 0.581542 -0.100351
v -0.047250 0.576410 -0.092674
v -0.042510 0.570367 -0.085892
v -0.037926 0.563452 -0.080127
v -0.033552 0.555708 -0.075505
v -0.029445 0.547182 -0.072148
v -0.025781 0.538213 -0.070230
v -0.022698 0.529181 -0.069799
v -0.020204 0.520194 -0.070783
v -0.018307 0.511364 -0.073111
v -0.017014 0.502797 -0.076710
v -0.016333 0.494603 -0.081509
v -0.016271 0.486888 -0.087435
v -0.016835 0.479762 -0.094416
v -0.018032 0.473329 -0.102381
v -0.019869 0.467699 -0.111258
v -0.022351 0.462977 -0.120974
v -0.000940 0.464569 -0.138798
v -0.002407 0.462954 -0.150387
v -0.004600 0.463575 -0.161892
v -0.007809 0.467021 -0.172690
v -0.012231 0.473213 -0.181563
v -0.017397 0.480629 -0.187540
v -0.022082 0.486914 -0.191531
v -0.025176 0.490035 -0.196502
v -0.025598 0.489090 -0.206980
v -0.026012 0.490677 -0.218892
v -0.027541 0.495700 -0.229235
v -0.030007 0.503102 -0.236920
v -0.032954 0.511858 -0.241961
v -0.035973 0.521111 -0.244610
v -0.038802 0.530309 -0.245256
v -0.041362 0.539329 -0.244249
v -0.043611 0.548084 -0.241789
v -0.045524 0.556479 -0.237980
v -0.047080 0.564408 -0.232900
v -0.048258 0.571768 -0.226625
v -0.048967 0.578319 -0.219010
v -0.048268 0.581931 -0.208172
v -0.042924 0.571043 -0.194046
v -0.042074 0.569514 -0.188085
v -0.044203 0.581432 -0.177286
v -0.045846 0.593472 -0.168702
v -0.044493 0.598304 -0.157437
v -0.042369 0.598356 -0.146169
v -0.039974 0.596729 -0.135424
v -0.037364 0.594064 -0.125144
v -0.034581 0.590413 -0.115442
v -0.031662 0.585814 -0.106437
v -0.028639 0.580303 -0.098250
v -0.025537 0.573920 -0.091009
v -0.022383 0.566709 -0.084845
v -0.019204 0.558718 -0.079889
v -0.016031 0.549999 -0.076272
v -0.012993 0.540901 -0.074181
v -0.010209 0.531809 -0.073667
v -0.007702 0.522829 -0.074658
v -0.005490 0.514069 -0.077077
v -0.003596 0.505634 -0.080850
v -0.002040 0.497631 -0.085899
v -0.000841 0.490163 -0.092151
v -0.000021 0.483336 -0.099528
v 0.000400 0.477255 -0.107955
v 0.000404 0.472023 -0.117357
v -0.000031 0.467745 -0.127659
v 0.022338 0.469355 -0.139948
v 0.023824 0.468856 -0.151786
v 0.024206 0.471193 -0.163589
v 0.022809 0.476857 -0.174322
v 0.019462 0.484927 -0.182263
v 0.015882 0.492561 -0.187148
v 0.014747 0.496187 -0.192154
v 0.017619 0.494684 -0.201719
v 0.021251 0.494876 -0.213710
v 0.023054 0.498777 -0.224884
v 0.023025 0.505384 -0.233751
v 0.021808 0.513533 -0.240128
v 0.019846 0.522574 -0.244295
v 0.017456 0.531922 -0.246495
v 0.014861 0.541135 -0.246974
v 0.012142 0.550114 -0.245928
v 0.009343 0.558759 -0.243453
v 0.006504 0.566967 -0.239623
v 0.003664 0.574638 -0.234514
v 0.000868 0.581641 -0.228113
v -0.001666 0.587140 -0.219173
v -0.002734 0.584810 -0.202689
v -0.001719 0.569853 -0.186922
v -0.005487 0.576321 -0.184201
v -0.011280 0.599058 -0.181247
v -0.012950 0.604475 -0.169901
v -0.014202 0.604995 -0.158424
v -0.015159 0.603828 -0.147265
v -0.015772 0.601584 -0.136463
v -0.016049 0.598332 -0.126130
v -0.016001 0.594125 -0.116381
v -0.015630 0.589009 -0.107335
v -0.014934 0.583026 -0.099113
v -0.013906 0.576224 -0.091841
v -0.012539 0.568652 -0.085651
v -0.010825 0.560365 -0.080674
v -0.008758 0.551424 -0.077040
v -0.006413 0.542187 -0.074939
v -0.003892 0.533042 -0.074424
v -0.001232 0.524094 -0.075419
v 0.001525 0.515445 -0.077850
v 0.004342 0.507197 -0.081640
v 0.007177 0.499452 -0.086716
v 0.009993 0.492312 -0.092999
v 0.012749 0.485877 -0.100414
v 0.015406 0.480247 -0.108885
v 0.017925 0.475524 -0.118337
v 0.020267 0.471812 -0.128695
v 0.041726 0.473228 -0.134440
v 0.047261 0.473882 -0.145064
v 0.051586 0.477610 -0.155754
v 0.053741 0.484636 -0.165597
v 0.053334 0.493582 -0.173166
v 0.052063 0.501616 -0.178213
v 0.052618 0.506337 -0.182665
v 0.058558 0.504984 -0.190239
v 0.066496 0.504871 -0.200186
v 0.072175 0.508916 -0.209694
v 0.075225 0.515802 -0.217378
v 0.076279 0.524216 -0.222980
v 0.075854 0.533472 -0.226682
v 0.074318 0.542958 -0.228647
v 0.071962 0.552216 -0.229068
v 0.068937 0.561139 -0.228125
v 0.065332 0.569631 -0.225912
v 0.061212 0.577596 -0.222500
v 0.056641 0.584935 -0.217953
v 0.051507 0.591393 -0.211958
v 0.045144 0.594733 -0.201709
v 0.039034 0.587037 -0.185225
v 0.036639 0.586777 -0.179530
v 0.030962 0.601747 -0.179851
v 0.023633 0.609987 -0.170913
v 0.017707 0.611016 -0.160561
v 0.012392 0.610206 -0.150467
v 0.007514 0.608262 -0.140590
v 0.003104 0.605269 -0.131032
v -0.000810 0.601299 -0.121893
v -0.004192 0.596412 -0.113274
v -0.007003 0.590664 -0.105278
v -0.009199 0.584110 -0.098011
v -0.010731 0.576803 -0.091585
v -0.011546 0.568802 -0.086117
v -0.011596 0.560170 -0.081721
v -0.010829 0.550974 -0.078516
v -0.009255 0.541587 -0.076669
v -0.006954 0.532400 -0.076225
v -0.003991 0.523512 -0.077121
v -0.000431 0.515019 -0.079288
v 0.003662 0.507021 -0.082660
v 0.008222 0.499612 -0.087169
v 0.013185 0.492890 -0.092749
v 0.018485 0.486951 -0.099330
v 0.024059 0.481889 -0.106846
v 0.029841 0.477801 -0.115229
v 0.035765 0.474802 -0.124420
v 0.061846 0.476905 -0.116653
v 0.070660 0.477904 -0.124543
v 0.078240 0.481540 -0.132760
v 0.083525 0.488261 -0.140867
v 0.085438 0.497433 -0.147698
v 0.084991 0.506615 -0.152098
v 0.086157 0.512785 -0.155064
v 0.091683 0.514776 -0.159061
v 0.102004 0.514863 -0.165401
v 0.111337 0.518378 -0.172577
v 0.117364 0.525099 -0.179120
v 0.120316 0.533602 -0.184252
v 0.120839 0.542976 -0.187840
v 0.119485 0.552487 -0.189958
v 0.116728 0.561653 -0.190809
v 0.112852 0.570382 -0.190591
v 0.108015 0.578593 -0.189405
v 0.102319 0.586198 -0.187303
v 0.095858 0.593107 -0.184333
v 0.088670 0.599212 -0.180469
v 0.079981 0.603611 -0.174546
v 0.069214 0.601214 -0.165511
v 0.062506 0.601268 -0.161773
v 0.055610 0.611214 -0.158324
v 0.046186 0.614911 -0.150899
v 0.037187 0.614694 -0.143355
v 0.028733 0.613163 -0.135871
v 0.020855 0.610533 -0.128486
v 0.013613 0.606891 -0.121275
v 0.007067 0.602313 -0.114317
v 0.001282 0.596870 -0.107686
v -0.003672 0.590624 -0.101462
v -0.007721 0.583638 -0.095729
v -0.010785 0.575973 -0.090574
v -0.012784 0.567696 -0.086086
v -0.013636 0.558875 -0.082358
v -0.013263 0.549587 -0.079481
v -0.011646 0.540207 -0.077600
v -0.008880 0.531126 -0.076770
v -0.005054 0.522435 -0.076950
v -0.000262 0.514225 -0.078094
v 0.005407 0.506587 -0.080157
v 0.011859 0.499613 -0.083095
v 0.019003 0.493391 -0.086863
v 0.026748 0.488012 -0.091414
v 0.035000 0.483565 -0.096703
v 0.043670 0.480139 -0.102687
v 0.052663 0.477839 -0.109328
v 0.082660 0.485986 -0.081701
v 0.093235 0.486996 -0.086824
v 0.102883 0.489539 -0.092483
v 0.111093 0.493991 -0.098785
v 0.117003 0.500568 -0.105655
v 0.119582 0.508855 -0.112562
v 0.118720 0.517520 -0.118458
v 0.116938 0.524886 -0.122563
v 0.118177 0.530074 -0.125583
v 0.125858 0.532966 -0.129177
v 0.135533 0.537542 -0.134152
v 0.141686 0.544959 -0.139803
v 0.143826 0.553900 -0.145137
v 0.142687 0.563083 -0.149471
v 0.139224 0.571781 -0.152653
v 0.134117 0.579876 -0.154847
v 0.127776 0.587337 -0.156189
v 0.120443 0.594130 -0.156751
v 0.112204 0.600180 -0.156510
v 0.102185 0.604886 -0.154583
v 0.089560 0.604372 -0.149523
v 0.081308 0.603408 -0.147237
v 0.073848 0.611114 -0.147066
v 0.063257 0.616211 -0.144273
v 0.052040 0.616919 -0.140169
v 0.041522 0.615839 -0.135166
v 0.031723 0.613659 -0.129850
v 0.022698 0.610479 -0.124304
v 0.014515 0.606385 -0.118599
v 0.007239 0.601458 -0.112802
v 0.000942 0.595768 -0.106983
v -0.004299 0.589383 -0.101214
v -0.008405 0.582366 -0.095570
v -0.011292 0.574785 -0.090131
v -0.012874 0.566708 -0.084976
v -0.013066 0.558209 -0.080189
v -0.011786 0.549363 -0.075851
v -0.009046 0.540534 -0.072159
v -0.004993 0.532085 -0.069251
v 0.000261 0.524096 -0.067120
v 0.006601 0.516648 -0.065760
v 0.013913 0.509820 -0.065163
v 0.022081 0.503690 -0.065321
v 0.030991 0.498339 -0.066228
v 0.040528 0.493844 -0.067873
v 0.050578 0.490283 -0.070251
v 0.061027 0.487734 -0.073353
v 0.071759 0.486274 -0.077171
v 0.093704 0.505382 -0.042318
v 0.104887 0.507319 -0.045342
v 0.115167 0.510270 -0.049229
v 0.124278 0.514332 -0.054083
v 0.131741 0.519612 -0.060038
v 0.136788 0.526058 -0.067099
v 0.138468 0.533223 -0.074856
v 0.136565 0.540197 -0.082162
v 0.134077 0.546094 -0.087574
v 0.137269 0.550752 -0.091517
v 0.144036 0.556269 -0.095995
v 0.149237 0.562769 -0.101795
v 0.152616 0.570605 -0.109462
v 0.151572 0.578814 -0.116867
v 0.147461 0.586186 -0.123146
v 0.141510 0.592748 -0.128564
v 0.134250 0.598582 -0.133210
v 0.125982 0.603718 -0.137120
v 0.116728 0.608068 -0.140237
v 0.105425 0.610549 -0.141993
v 0.092510 0.607575 -0.140671
v 0.083931 0.609004 -0.141801
v 0.075070 0.614051 -0.141816
v 0.063634 0.616776 -0.143034
v 0.051691 0.616262 -0.141484
v 0.040585 0.614203 -0.138515
v 0.030319 0.611259 -0.134788
v 0.020952 0.607525 -0.130389
v 0.012553 0.603082 -0.125393
v 0.005190 0.598009 -0.119877
v -0.001066 0.592376 -0.113917
v -0.006140 0.586251 -0.107590
v -0.009956 0.579700 -0.100974
v -0.012433 0.572789 -0.094153
v -0.013491 0.565587 -0.087208
v -0.013047 0.558166 -0.080225
v -0.011023 0.550600 -0.073289
v -0.007460 0.543201 -0.066695
v -0.002539 0.536272 -0.060706
v 0.003616 0.529869 -0.055361
v 0.010879 0.524050 -0.050697
v 0.019125 0.518874 -0.046752
v 0.028225 0.514397 -0.043562
v 0.038055 0.510677 -0.041163
v 0.048486 0.507768 -0.039593
v 0.059393 0.505729 -0.038887
v 0.070649 0.504614 -0.039082
v 0.082129 0.504480 -0.040213
v 0.091631 0.530036 -0.010467
v 0.102726 0.533214 -0.011841
v 0.113007 0.537041 -0.014336
v 0.122399 0.541439 -0.017865
v 0.130818 0.546335 -0.022358
v 0.138155 0.551652 -0.027775
v 0.144280 0.557305 -0.034078
v 0.148731 0.563533 -0.041489
v 0.149567 0.570614 -0.050873
v 0.145096 0.575925 -0.061261
v 0.145644 0.578930 -0.067843
v 0.151901 0.585304 -0.073830
v 0.153376 0.593145 -0.082102
v 0.150723 0.599551 -0.090896
v 0.146071 0.604795 -0.099304
v 0.140069 0.609291 -0.107186
v 0.132927 0.613077 -0.114452
v 0.124810 0.616159 -0.121035
v 0.115823 0.618494 -0.126872
v 0.105639 0.619533 -0.131890
v 0.093596 0.617884 -0.134667
v 0.082692 0.616303 -0.133437
v 0.074754 0.617266 -0.136266
v 0.063249 0.618113 -0.141673
v 0.051401 0.616038 -0.142123
v 0.040364 0.612772 -0.140778
v 0.030147 0.608886 -0.138318
v 0.020811 0.604470 -0.134832
v 0.012428 0.599599 -0.130401
v 0.005070 0.594348 -0.125107
v -0.001190 0.588788 -0.119032
v -0.006278 0.582986 -0.112257
v -0.010120 0.577010 -0.104865
v -0.012636 0.570928 -0.096941
v -0.013750 0.564808 -0.088569
v -0.013382 0.558720 -0.079837
v -0.011454 0.552737 -0.070832
v -0.008006 0.547110 -0.061924
v -0.003213 0.542063 -0.053478
v 0.002804 0.537625 -0.045569
v 0.009922 0.533828 -0.038269
v 0.018017 0.530700 -0.031651
v 0.026965 0.528272 -0.025787
v 0.036643 0.526573 -0.020749
v 0.046927 0.525633 -0.016610
v 0.057692 0.525480 -0.013440
v 0.068813 0.526144 -0.011312
v 0.080168 0.527653 -0.010297
v 0.080837 0.554882 0.011774
v 0.091472 0.559136 0.011385
v 0.101393 0.563801 0.009660
v 0.110525 0.568804 0.006689
v 0.118790 0.574070 0.002560
v 0.126089 0.579566 -0.002683
v 0.131941 0.585584 -0.009589
v 0.134454 0.591789 -0.019853
v 0.132320 0.595166 -0.031266
v 0.137147 0.598641 -0.035845
v 0.143990 0.605609 -0.041999
v 0.145830 0.611893 -0.051409
v 0.144576 0.616740 -0.061634
v 0.141720 0.620883 -0.071904
v 0.137564 0.624325 -0.081793
v 0.132224 0.627061 -0.091206
v 0.125813 0.629086 -0.100053
v 0.118445 0.630396 -0.108241
v 0.110232 0.630987 -0.115676
v 0.100788 0.630668 -0.122060
v 0.088590 0.627949 -0.124803
v 0.078975 0.622088 -0.122997
v 0.072405 0.623502 -0.131452
v 0.060892 0.622838 -0.137908
v 0.049665 0.619362 -0.139372
v 0.039077 0.615047 -0.139004
v 0.029202 0.610352 -0.137309
v 0.020113 0.605351 -0.134374
v 0.011882 0.600117 -0.130285
v 0.004585 0.594723 -0.125126
v -0.001706 0.589236 -0.118984
v -0.006913 0.583725 -0.111941
v -0.010962 0.578258 -0.104085
v -0.013776 0.572901 -0.095500
v -0.015277 0.567723 -0.086273
v -0.015388 0.562793 -0.076492
v -0.014029 0.558180 -0.066245
v -0.011220 0.554085 -0.055951
v -0.007108 0.550664 -0.046032
v -0.001805 0.547922 -0.036584
v 0.004576 0.545868 -0.027701
v 0.011923 0.544505 -0.019477
v 0.020123 0.543843 -0.012007
v 0.029060 0.543885 -0.005384
v 0.038623 0.544639 0.000299
v 0.048696 0.546111 0.004950
v 0.059165 0.548305 0.008474
v 0.069917 0.551227 0.010780
v 0.065916 0.577763 0.026574
v 0.076045 0.582789 0.026704
v 0.085573 0.588055 0.025387
v 0.094419 0.593489 0.022711
v 0.102506 0.599024 0.018740
v 0.109631 0.604652 0.012851
v 0.114277 0.609458 0.002889
v 0.114342 0.610983 -0.008515
v 0.121688 0.616773 -0.010985
v 0.127856 0.624275 -0.017280
v 0.130696 0.629992 -0.026577
v 0.131389 0.634278 -0.036888
v 0.130628 0.637944 -0.047774
v 0.128491 0.640953 -0.058774
v 0.125097 0.643196 -0.069435
v 0.120550 0.644684 -0.079656
v 0.114954 0.645432 -0.089331
v 0.108411 0.645451 -0.098358
v 0.100853 0.644707 -0.106595
v 0.090622 0.642453 -0.112700
v 0.079483 0.637590 -0.112944
v 0.074451 0.635490 -0.118936
v 0.065832 0.634403 -0.128729
v 0.055098 0.631099 -0.133104
v 0.044764 0.626496 -0.134763
v 0.034674 0.621430 -0.134911
v 0.025187 0.616154 -0.133621
v 0.016377 0.610739 -0.130981
v 0.008320 0.605254 -0.127077
v 0.001093 0.599770 -0.121995
v -0.005231 0.594354 -0.115823
v -0.010574 0.589072 -0.108646
v -0.014859 0.583991 -0.100550
v -0.018010 0.579177 -0.091622
v -0.019948 0.574697 -0.081950
v -0.020595 0.570618 -0.071622
v -0.019873 0.567010 -0.060726
v -0.017776 0.564034 -0.049705
v -0.014422 0.561797 -0.039014
v -0.009911 0.560288 -0.028758
v -0.004343 0.559498 -0.019044
v 0.002178 0.559416 -0.009977
v 0.009551 0.560031 -0.001662
v 0.017673 0.561333 0.005795
v 0.026441 0.563312 0.012291
v 0.035753 0.565955 0.017721
v 0.045505 0.569253 0.021981
v 0.055593 0.573193 0.024966
v 0.049462 0.598376 0.036408
v 0.059160 0.603930 0.036810
v 0.068349 0.609605 0.035705
v 0.076934 0.615348 0.033128
v 0.084494 0.621217 0.028569
v 0.089669 0.626859 0.021287
v 0.091846 0.630781 0.012275
v 0.096665 0.634784 0.005542
v 0.103911 0.639835 0.000468
v 0.111150 0.646231 -0.006680
v 0.114130 0.650747 -0.016552
v 0.115235 0.654303 -0.027168
v 0.115029 0.657243 -0.038387
v 0.113510 0.659448 -0.049759
v 0.110771 0.660841 -0.060815
v 0.106907 0.661447 -0.071448
v 0.102011 0.661293 -0.081546
v 0.096150 0.660390 -0.091003
v 0.088288 0.658188 -0.099377
v 0.075541 0.652505 -0.102345
v 0.067715 0.647826 -0.103408
v 0.065013 0.648583 -0.115629
v 0.056313 0.645798 -0.124489
v 0.046727 0.641173 -0.128197
v 0.036949 0.635922 -0.130131
v 0.027289 0.630344 -0.130551
v 0.018137 0.624677 -0.129477
v 0.009570 0.618989 -0.126996
v 0.001665 0.613348 -0.123196
v -0.005502 0.607822 -0.118162
v -0.011854 0.602476 -0.111983
v -0.017314 0.597375 -0.104743
v -0.021805 0.592584 -0.096532
v -0.025249 0.588169 -0.087434
v -0.027567 0.584195 -0.077538
v -0.028680 0.580728 -0.066931
v -0.028509 0.577834 -0.055704
v -0.027030 0.575650 -0.044311
v -0.024330 0.574247 -0.033221
v -0.020503 0.573604 -0.022549
v -0.015638 0.573698 -0.012405
v -0.009829 0.574509 -0.002900
v -0.003168 0.576014 0.005853
v 0.004252 0.578191 0.013744
v 0.012338 0.581019 0.020663
v 0.020995 0.584474 0.026498
v 0.030131 0.588534 0.031141
v 0.039652 0.593176 0.034481
v 0.033011 0.616620 0.042840
v 0.042362 0.622540 0.043387
v 0.051262 0.628521 0.042273
v 0.059469 0.634444 0.039544
v 0.067198 0.640197 0.035392
v 0.073759 0.645309 0.027302
v 0.077033 0.647456 0.016513
v 0.082495 0.650787 0.012179
v 0.090155 0.659013 0.008424
v 0.094896 0.665031 0.000007
v 0.097591 0.668881 -0.010003
v 0.099059 0.671961 -0.020761
v 0.099304 0.674366 -0.032152
v 0.098287 0.675978 -0.043716
v 0.096080 0.676748 -0.054976
v 0.092768 0.676710 -0.065822
v 0.088439 0.675898 -0.076141
v 0.083011 0.674249 -0.085835
v 0.073999 0.670137 -0.094047
v 0.055279 0.654663 -0.091139
v 0.052748 0.649986 -0.092509
v 0.054653 0.659630 -0.112229
v 0.045987 0.656735 -0.120578
v 0.036885 0.651621 -0.124288
v 0.027518 0.645945 -0.126396
v 0.018205 0.640020 -0.126967
v 0.009324 0.634094 -0.126016
v 0.000953 0.628235 -0.123628
v -0.006831 0.622506 -0.119891
v -0.013949 0.616974 -0.114893
v -0.020326 0.611703 -0.108720
v -0.025883 0.606755 -0.101457
v -0.030542 0.602196 -0.093192
v -0.034225 0.598088 -0.084012
v -0.036853 0.594495 -0.074004
v -0.038347 0.591483 -0.063256
v -0.038627 0.589116 -0.051856
v -0.037650 0.587508 -0.040267
v -0.035484 0.586710 -0.028967
v -0.032213 0.586690 -0.018073
v -0.027919 0.587418 -0.007699
v -0.022688 0.588867 0.002041
v -0.016604 0.591004 0.011030
v -0.009753 0.593802 0.019156
v -0.002220 0.597229 0.026302
v 0.005910 0.601256 0.032358
v 0.014549 0.605851 0.037208
v 0.023611 0.610983 0.040739
v 0.015556 0.633953 0.044348
v 0.024137 0.640514 0.044319
v 0.032502 0.646816 0.041638
v 0.040068 0.651571 0.035163
v 0.045711 0.653986 0.028387
v 0.052658 0.661450 0.023639
v 0.058880 0.664343 0.019223
v 0.067981 0.671005 0.018896
v 0.074838 0.677046 0.012707
v 0.079324 0.680914 0.003992
v 0.082348 0.684178 -0.005938
v 0.084131 0.686895 -0.016770
v 0.084745 0.688880 -0.028251
v 0.084138 0.690030 -0.039914
v 0.082362 0.690317 -0.051281
v 0.079499 0.689782 -0.062238
v 0.075629 0.688469 -0.072672
v 0.070574 0.686215 -0.082515
v 0.061038 0.679846 -0.090613
v 0.043715 0.661577 -0.085718
v 0.045175 0.663673 -0.091567
v 0.044077 0.671123 -0.111079
v 0.035751 0.666657 -0.117979
v 0.027072 0.661114 -0.121629
v 0.018032 0.655140 -0.123837
v 0.008994 0.648979 -0.124497
v 0.000327 0.642884 -0.123619
v -0.007891 0.636920 -0.121290
v -0.015581 0.631151 -0.117597
v -0.022665 0.625640 -0.112627
v -0.029065 0.620448 -0.106465
v -0.034705 0.615640 -0.099198
v -0.039505 0.611276 -0.090912
v -0.043386 0.607418 -0.081694
v -0.046270 0.604130 -0.071631
v -0.048076 0.601474 -0.060810
v -0.048724 0.599515 -0.049321
v -0.048158 0.598350 -0.037627
v -0.046428 0.598011 -0.026213
v -0.043609 0.598461 -0.015196
v -0.039780 0.599666 -0.004693
v -0.035018 0.601589 0.005177
v -0.029401 0.604197 0.014299
v -0.023010 0.607452 0.022555
v -0.015971 0.611360 0.029776
v -0.008604 0.616073 0.035581
v -0.000919 0.621497 0.039934
v 0.007123 0.627501 0.042851
v -0.002028 0.650152 0.041145
v 0.005554 0.657518 0.040173
v 0.012999 0.664126 0.035467
v 0.018454 0.664343 0.023157
v 0.020254 0.661888 0.015813
v 0.029652 0.674221 0.015066
v 0.040158 0.681937 0.017195
v 0.050070 0.689284 0.016047
v 0.057247 0.693240 0.009993
v 0.062984 0.695734 0.002554
v 0.067636 0.697668 -0.005860
v 0.070924 0.699147 -0.015382
v 0.072535 0.700272 -0.026171
v 0.072337 0.700994 -0.037821
v 0.070931 0.700883 -0.049243
v 0.068448 0.699944 -0.060257
v 0.064963 0.698225 -0.070750
v 0.060393 0.695564 -0.080653
v 0.052507 0.687944 -0.088971
v 0.042249 0.667831 -0.086639
v 0.041489 0.670359 -0.091479
v 0.035604 0.678658 -0.109040
v 0.027278 0.674280 -0.116386
v 0.018873 0.668496 -0.120143
v 0.010092 0.662308 -0.122408
v 0.001271 0.655982 -0.123120
v -0.007231 0.649776 -0.122286
v -0.015334 0.643752 -0.119993
v -0.022959 0.637972 -0.116329
v -0.030028 0.632498 -0.111378
v -0.036462 0.627391 -0.105227
v -0.042183 0.622712 -0.097962
v -0.047113 0.618521 -0.089669
v -0.051153 0.614914 -0.080526
v -0.054217 0.611962 -0.070649
v -0.056249 0.609682 -0.060005
v -0.057189 0.608101 -0.048580
v -0.056984 0.607282 -0.036781
v -0.055662 0.607249 -0.025120
v -0.053277 0.607994 -0.013804
v -0.049873 0.609523 -0.003075
v -0.045507 0.611821 0.006879
v -0.040282 0.614800 0.016076
v -0.034580 0.618662 0.024059
v -0.028686 0.623535 0.030476
v -0.022547 0.629276 0.035353
v -0.016104 0.635734 0.038724
v -0.009290 0.642749 0.040634
v -0.016492 0.662493 0.036095
v -0.010196 0.670523 0.033659
v -0.004541 0.677986 0.027654
v -0.004414 0.679662 0.008239
v 0.003632 0.671036 0.003921
v 0.002533 0.677574 -0.000776
v 0.010249 0.696791 0.006306
v 0.027897 0.704660 0.011875
v 0.036682 0.707238 0.006511
v 0.044748 0.708466 -0.000018
v 0.052010 0.709016 -0.007489
v 0.057714 0.709110 -0.016020
v 0.061370 0.708905 -0.025780
v 0.062766 0.708504 -0.036628
v 0.062200 0.707835 -0.048098
v 0.060612 0.706379 -0.059298
v 0.057982 0.704165 -0.069967
v 0.054069 0.701127 -0.079958
v 0.047594 0.693673 -0.088795
v 0.041441 0.672888 -0.087301
v 0.038929 0.674976 -0.091603
v 0.030912 0.682707 -0.108431
v 0.022672 0.678197 -0.115828
v 0.014510 0.672207 -0.119644
v 0.005946 0.665847 -0.121936
v -0.002712 0.659398 -0.122671
v -0.011110 0.653123 -0.121855
v -0.019164 0.647082 -0.119575
v -0.026796 0.641334 -0.115918
v -0.033923 0.635941 -0.110971
v -0.040468 0.630962 -0.104820
v -0.046349 0.626456 -0.097551
v -0.051460 0.622533 -0.089381
v -0.055701 0.619286 -0.080492
v -0.059013 0.616726 -0.070844
v -0.061343 0.614864 -0.060385
v -0.062637 0.613718 -0.049079
v -0.062834 0.613323 -0.037299
v -0.061951 0.613680 -0.025540
v -0.060039 0.614771 -0.014001
v -0.057135 0.616594 -0.002922
v -0.053275 0.619158 0.007433
v -0.048606 0.622563 0.016665
v -0.043735 0.627131 0.024174
v -0.038740 0.632745 0.029969
v -0.033587 0.639257 0.034026
v -0.028221 0.646508 0.036344
v -0.022557 0.654321 0.036989
v -0.076699 0.718732 -0.066754
v -0.073447 0.725801 -0.063716
v -0.069035 0.732068 -0.060781
v -0.063973 0.737138 -0.058104
v -0.058784 0.740647 -0.055700
v -0.053812 0.742269 -0.053487
v -0.048712 0.741816 -0.051378
v -0.041247 0.739171 -0.048917
v -0.024461 0.734499 -0.041713
v 0.008121 0.728185 -0.021815
v 0.037771 0.718528 -0.012984
v 0.056756 0.708188 -0.012446
v 0.067490 0.698787 -0.011981
v 0.074092 0.689685 -0.012162
v 0.078445 0.680825 -0.013584
v 0.080937 0.672074 -0.015822
v 0.082001 0.663245 -0.018383
v 0.081667 0.654455 -0.021221
v 0.079961 0.645822 -0.024291
v 0.076913 0.637464 -0.027551
v 0.072553 0.629496 -0.030958
v 0.066911 0.622034 -0.034470
v 0.060019 0.615191 -0.038046
v 0.051900 0.609070 -0.041647
v 0.042442 0.603397 -0.045268
v 0.032567 0.597759 -0.048598
v 0.022801 0.595369 -0.051513
v 0.011463 0.594809 -0.054487
v 0.000392 0.594388 -0.057013
v -0.010422 0.594952 -0.059125
v -0.021046 0.596617 -0.060867
v -0.031337 0.599350 -0.062225
v -0.041150 0.603115 -0.063182
v -0.050309 0.607920 -0.063851
v -0.058551 0.613915 -0.064746
v -0.065730 0.621023 -0.065803
v -0.071740 0.629124 -0.066877
v -0.076446 0.637799 -0.067792
v -0.079698 0.646577 -0.068363
v -0.081664 0.655254 -0.068731
v -0.082544 0.663636 -0.069045
v -0.082791 0.671515 -0.069774
v -0.082444 0.678809 -0.070698
v -0.081506 0.685501 -0.071631
v -0.080189 0.691695 -0.072393
v -0.079535 0.697875 -0.072345
v -0.079267 0.704468 -0.071347
v -0.078522 0.711455 -0.069451
v 0.031086 0.683665 -0.107726
v 0.039036 0.674455 -0.090342
v 0.041682 0.676858 -0.087566
v 0.048399 0.697325 -0.087519
v 0.053950 0.702988 -0.078019
v 0.057357 0.705810 -0.067840
v 0.059613 0.707860 -0.057129
v 0.060950 0.709115 -0.046090
v 0.061256 0.709674 -0.035127
v 0.059640 0.710028 -0.025021
v 0.055893 0.710159 -0.015786
v 0.050116 0.709928 -0.007359
v 0.042702 0.709107 0.000324
v 0.034686 0.707404 0.007112
v 0.025822 0.703925 0.012238
v 0.005429 0.692950 0.001997
v 0.004654 0.675244 0.001554
v 0.004973 0.669867 0.006103
v -0.001361 0.678707 0.013907
v -0.002791 0.675127 0.030291
v -0.008555 0.667615 0.035136
v -0.014438 0.659705 0.036986
v -0.020113 0.651672 0.037541
v -0.025652 0.643739 0.036564
v -0.031153 0.636130 0.033757
v -0.036531 0.629297 0.029037
v -0.041677 0.623612 0.022555
v -0.046638 0.619174 0.014406
v -0.051212 0.615886 0.004864
v -0.054854 0.613430 -0.005524
v -0.057545 0.611765 -0.016480
v -0.059284 0.610858 -0.027728
v -0.060065 0.610689 -0.039027
v -0.059870 0.611258 -0.050183
v -0.058666 0.612583 -0.061057
v -0.056411 0.614703 -0.071565
v -0.053052 0.617675 -0.081669
v -0.048677 0.621446 -0.091075
v -0.043475 0.625870 -0.099477
v -0.037580 0.630803 -0.106665
v -0.031093 0.636161 -0.112589
v -0.024111 0.641868 -0.117216
v -0.016732 0.647845 -0.120516
v -0.009056 0.654016 -0.122453
v -0.001180 0.660304 -0.122997
v 0.006797 0.666629 -0.122114
v 0.014776 0.672915 -0.119769
v 0.022705 0.679054 -0.115811
vn 0.4852 -0.0002 -0.8744
vn 0.4804 0.1612 -0.8621
vn 0.4635 0.3152 -0.8282
vn 0.4364 0.4551 -0.7762
vn 0.4014 0.5781 -0.7104
vn 0.3608 0.6831 -0.6349
vn 0.3163 0.7710 -0.5527
vn 0.2690 0.8429 -0.4659
vn 0.2196 0.9003 -0.3757
vn 0.1687 0.9442 -0.2829
vn 0.1163 0.9753 -0.1879
vn 0.0630 0.9938 -0.0913
vn 0.0091 0.9999 0.0060
vn -0.0449 0.9937 0.1031
vn -0.0986 0.9749 0.1996
vn -0.1515 0.9437 0.2942
vn -0.2033 0.8995 0.3866
vn -0.2488 0.8483 0.4675
vn -0.2916 0.8226 0.4882
vn -0.3865 0.7592 0.5237
vn -0.4979 0.6361 0.5894
vn -0.5579 0.5047 0.6588
vn -0.6149 0.2836 0.7358
vn -0.6301 0.0472 0.7751
vn -0.6068 -0.1488 0.7808
vn -0.5550 -0.3144 0.7702
vn -0.4270 -0.4856 0.7628
vn -0.2814 -0.5658 0.7750
vn -0.2365 -0.6594 0.7136
vn -0.2288 -0.7683 0.5978
vn -0.2133 -0.8421 0.4953
vn -0.2016 -0.8953 0.3971
vn -0.1946 -0.9209 0.3378
vn -0.1678 -0.9447 0.2819
vn -0.1170 -0.9750 0.1891
vn -0.0637 -0.9937 0.0926
vn -0.0099 -0.9999 -0.0047
vn 0.0441 -0.9938 -0.1018
vn 0.0978 -0.9753 -0.1982
vn 0.1507 -0.9442 -0.2929
vn 0.2025 -0.9003 -0.3853
vn 0.2529 -0.8429 -0.4749
vn 0.3016 -0.7710 -0.5609
vn 0.3478 -0.6831 -0.6422
vn 0.3903 -0.5782 -0.7165
vn 0.4276 -0.4554 -0.7809
vn 0.4574 -0.3155 -0.8314
vn 0.4773 -0.1617 -0.8637
vn 0.4575 0.0004 -0.8892
vn 0.4521 0.1620 -0.8771
vn 0.4354 0.3159 -0.8430
vn 0.4090 0.4559 -0.7905
vn 0.3754 0.5788 -0.7239
vn 0.3366 0.6838 -0.6474
vn 0.2941 0.7716 -0.5641
vn 0.2492 0.8434 -0.4760
vn 0.2023 0.9007 -0.3844
vn 0.1540 0.9445 -0.2901
vn 0.1046 0.9755 -0.1937
vn 0.0542 0.9939 -0.0955
vn 0.0034 1.0000 0.0033
vn -0.0474 0.9936 0.1021
vn -0.0979 0.9749 0.2002
vn -0.1477 0.9436 0.2963
vn -0.2027 0.9022 0.3808
vn -0.2454 0.8798 0.4072
vn -0.3084 0.8434 0.4401
vn -0.4415 0.6228 0.6459
vn -0.5085 0.3009 0.8068
vn -0.5122 0.0467 0.8576
vn -0.4773 -0.1606 0.8639
vn -0.3513 -0.3973 0.8478
vn -0.1347 -0.4739 0.8702
vn -0.1218 -0.6701 0.7322
vn -0.1619 -0.9259 0.3412
vn -0.1126 -0.9890 0.0957
vn -0.3525 -0.6605 0.6629
vn -0.4027 -0.3276 0.8547
vn -0.3139 -0.6914 0.6507
vn -0.2804 -0.7753 0.5660
vn -0.2304 -0.8613 0.4529
vn -0.1616 -0.9381 0.3065
vn -0.1060 -0.9747 0.1968
vn -0.0551 -0.9937 0.0973
vn -0.0044 -1.0000 -0.0016
vn 0.0464 -0.9939 -0.1004
vn 0.0970 -0.9753 -0.1985
vn 0.1467 -0.9442 -0.2949
vn 0.1953 -0.9003 -0.3890
vn 0.2425 -0.8429 -0.4803
vn 0.2881 -0.7709 -0.5680
vn 0.3312 -0.6831 -0.6509
vn 0.3708 -0.5780 -0.7269
vn 0.4054 -0.4551 -0.7928
vn 0.4328 -0.3151 -0.8446
vn 0.4508 -0.1612 -0.8779
vn 0.3919 0.0001 -0.9200
vn 0.3853 0.1618 -0.9085
vn 0.3690 0.3158 -0.8741
vn 0.3447 0.4558 -0.8206
vn 0.3144 0.5788 -0.7525
vn 0.2798 0.6838 -0.6739
vn 0.2423 0.7716 -0.5882
vn 0.2028 0.8434 -0.4975
vn 0.1620 0.9007 -0.4030
vn 0.1200 0.9445 -0.3057
vn 0.0773 0.9755 -0.2061
vn 0.0339 0.9939 -0.1046
vn -0.0097 1.0000 -0.0024
vn -0.0531 0.9936 0.0999
vn -0.0967 0.9751 0.1995
vn -0.1428 0.9585 0.2467
vn -0.2043 0.9384 0.2787
vn -0.2945 0.8400 0.4557
vn -0.3021 0.6528 0.6947
vn -0.3064 0.4123 0.8580
vn -0.3305 0.1566 0.9307
vn -0.2394 -0.2435 0.9399
vn -0.0495 -0.7324 0.6791
vn -0.5686 -0.4665 0.6776
vn -0.2857 0.3352 0.8978
vn -0.2360 0.9709 -0.0406
vn -0.6285 0.5495 0.5505
vn -0.4321 -0.6042 0.6695
vn -0.3692 -0.7872 0.4939
vn -0.3526 -0.8126 0.4640
vn -0.2859 -0.8250 0.4875
vn -0.2189 -0.8540 0.4719
vn -0.1650 -0.9088 0.3832
vn -0.1184 -0.9478 0.2962
vn -0.0778 -0.9752 0.2074
vn -0.0351 -0.9936 0.1078
vn 0.0086 -1.0000 0.0049
vn 0.0520 -0.9939 -0.0974
vn 0.0949 -0.9754 -0.1991
vn 0.1371 -0.9444 -0.2990
vn 0.1781 -0.9005 -0.3967
vn 0.2179 -0.8432 -0.4915
vn 0.2560 -0.7713 -0.5828
vn 0.2919 -0.6834 -0.6691
vn 0.3246 -0.5784 -0.7484
vn 0.3527 -0.4555 -0.8173
vn 0.3745 -0.3156 -0.8719
vn 0.3881 -0.1616 -0.9073
vn 0.3035 -0.0026 -0.9528
vn 0.2954 0.1592 -0.9420
vn 0.2799 0.3134 -0.9074
vn 0.2584 0.4537 -0.8529
vn 0.2324 0.5769 -0.7831
vn 0.2035 0.6821 -0.7023
vn 0.1727 0.7702 -0.6140
vn 0.1407 0.8422 -0.5204
vn 0.1079 0.8997 -0.4229
vn 0.0745 0.9437 -0.3223
vn 0.0407 0.9748 -0.2192
vn 0.0068 0.9934 -0.1142
vn -0.0270 0.9996 -0.0083
vn -0.0654 0.9942 0.0854
vn -0.1128 0.9897 0.0885
vn -0.1827 0.9755 0.1223
vn -0.2203 0.9380 0.2676
vn -0.2042 0.8229 0.5302
vn -0.1721 0.7010 0.6921
vn -0.1888 0.5895 0.7854
vn -0.1190 -0.1986 0.9728
vn 0.1075 -0.8453 0.5234
vn -0.5766 -0.0255 0.8166
vn -0.0897 0.9138 -0.3961
vn -0.4263 0.8118 0.3992
vn -0.5147 0.1311 0.8473
vn -0.3951 -0.1357 0.9086
vn -0.3643 -0.3570 0.8601
vn -0.3265 -0.5405 0.7754
vn -0.2548 -0.7372 0.6258
vn -0.1273 -0.8890 0.4398
vn -0.0984 -0.9183 0.3834
vn -0.0962 -0.9103 0.4025
vn -0.0714 -0.9442 0.3214
vn -0.0410 -0.9741 0.2224
vn -0.0078 -0.9930 0.1177
vn 0.0259 -0.9996 0.0117
vn 0.0592 -0.9938 -0.0943
vn 0.0920 -0.9755 -0.1997
vn 0.1239 -0.9448 -0.3034
vn 0.1548 -0.9012 -0.4048
vn 0.1844 -0.8442 -0.5033
vn 0.2125 -0.7726 -0.5983
vn 0.2387 -0.6851 -0.6883
vn 0.2620 -0.5804 -0.7710
vn 0.2816 -0.4578 -0.8433
vn 0.2959 -0.3180 -0.9007
vn 0.3036 -0.1642 -0.9386
vn 0.1860 -0.0097 -0.9825
vn 0.1759 0.1522 -0.9726
vn 0.1615 0.3068 -0.9380
vn 0.1437 0.4476 -0.8826
vn 0.1237 0.5714 -0.8113
vn 0.1023 0.6773 -0.7285
vn 0.0804 0.7660 -0.6378
vn 0.0582 0.8387 -0.5415
vn 0.0361 0.8968 -0.4410
vn 0.0142 0.9413 -0.3373
vn -0.0075 0.9729 -0.2309
vn -0.0300 0.9919 -0.1234
vn -0.0719 0.9956 -0.0600
vn -0.1197 0.9911 -0.0587
vn -0.1626 0.9837 0.0765
vn -0.1427 0.9238 0.3552
vn -0.1046 0.7974 0.5943
vn -0.0698 0.6588 0.7491
vn -0.0501 0.6425 0.7646
vn 0.0595 0.3757 0.9248
vn 0.1758 -0.0872 0.9806
vn 0.1680 0.3977 0.9020
vn -0.0054 0.7717 0.6359
vn 0.0384 0.6410 0.7666
vn 0.0144 0.4617 0.8869
vn 0.0115 0.1271 0.9918
vn 0.0310 -0.0737 0.9968
vn 0.0605 -0.2553 0.9650
vn 0.0805 -0.4899 0.8680
vn 0.0747 -0.7628 0.6423
vn 0.0055 -0.8865 0.4626
vn -0.0198 -0.8722 0.4888
vn -0.0306 -0.8954 0.4441
vn -0.0129 -0.9398 0.3414
vn 0.0076 -0.9719 0.2354
vn 0.0284 -0.9915 0.1272
vn 0.0488 -0.9986 0.0179
vn 0.0687 -0.9934 -0.0914
vn 0.0878 -0.9758 -0.2002
vn 0.1061 -0.9457 -0.3072
vn 0.1234 -0.9029 -0.4119
vn 0.1395 -0.8465 -0.5137
vn 0.1544 -0.7757 -0.6119
vn 0.1675 -0.6891 -0.7051
vn 0.1785 -0.5852 -0.7910
vn 0.1867 -0.4635 -0.8662
vn 0.1911 -0.3244 -0.9264
vn 0.1911 -0.1710 -0.9666
vn 0.0353 -0.0240 -0.9991
vn 0.0227 0.1378 -0.9902
vn 0.0095 0.2930 -0.9561
vn -0.0035 0.4348 -0.9005
vn -0.0160 0.5599 -0.8284
vn -0.0275 0.6671 -0.7444
vn -0.0379 0.7572 -0.6521
vn -0.0473 0.8312 -0.5539
vn -0.0555 0.8906 -0.4515
vn -0.0626 0.9362 -0.3457
vn -0.0691 0.9681 -0.2407
vn -0.0878 0.9773 -0.1926
vn -0.1162 0.9802 -0.1600
vn -0.0682 0.9977 -0.0005
vn -0.0021 0.9723 0.2337
vn 0.0359 0.9014 0.4315
vn 0.0524 0.7991 0.5990
vn 0.0778 0.6232 0.7782
vn 0.1767 0.3127 0.9333
vn 0.3275 -0.2420 0.9133
vn 0.4306 -0.0148 0.9024
vn 0.3822 0.6106 0.6936
vn 0.2093 0.8277 0.5206
vn 0.0915 0.8276 0.5537
vn 0.1575 0.4708 0.8681
vn 0.1919 0.0775 0.9783
vn 0.1934 -0.2636 0.9450
vn 0.1778 -0.5074 0.8432
vn 0.1763 -0.6145 0.7689
vn 0.1749 -0.6707 0.7208
vn 0.0996 -0.7701 0.6301
vn 0.0585 -0.8305 0.5539
vn 0.0578 -0.8880 0.4562
vn 0.0641 -0.9342 0.3508
vn 0.0695 -0.9676 0.2427
vn 0.0741 -0.9884 0.1326
vn 0.0777 -0.9967 0.0215
vn 0.0804 -0.9927 -0.0897
vn 0.0822 -0.9763 -0.2002
vn 0.0831 -0.9475 -0.3088
vn 0.0830 -0.9060 -0.4151
vn 0.0820 -0.8511 -0.5186
vn 0.0798 -0.7819 -0.6183
vn 0.0764 -0.6969 -0.7131
vn 0.0716 -0.5948 -0.8007
vn 0.0651 -0.4747 -0.8778
vn 0.0569 -0.3371 -0.9398
vn 0.0469 -0.1848 -0.9816
vn -0.1446 -0.0487 -0.9883
vn -0.1608 0.1130 -0.9805
vn -0.1728 0.2691 -0.9475
vn -0.1801 0.4126 -0.8929
vn -0.1831 0.5398 -0.8216
vn -0.1825 0.6494 -0.7382
vn -0.1786 0.7419 -0.6463
vn -0.1721 0.8183 -0.5485
vn -0.1633 0.8798 -0.4464
vn -0.1525 0.9276 -0.3411
vn -0.1405 0.9592 -0.2455
vn -0.1229 0.9735 -0.1931
vn -0.0737 0.9902 -0.1186
vn 0.0028 0.9996 0.0275
vn 0.0556 0.9811 0.1854
vn 0.0967 0.9330 0.3467
vn 0.1358 0.8476 0.5130
vn 0.1907 0.6708 0.7167
vn 0.2894 0.2181 0.9320
vn 0.3324 -0.4264 0.8412
vn 0.3299 -0.0159 0.9439
vn 0.0394 0.8762 0.4803
vn -0.1695 0.9844 0.0462
vn -0.0316 0.8778 0.4779
vn 0.1182 0.4377 0.8913
vn 0.1905 0.0222 0.9814
vn 0.2147 -0.2324 0.9486
vn 0.2155 -0.4059 0.8882
vn 0.2015 -0.5389 0.8179
vn 0.1881 -0.6471 0.7388
vn 0.1804 -0.7384 0.6498
vn 0.1735 -0.8150 0.5529
vn 0.1646 -0.8770 0.4514
vn 0.1536 -0.9253 0.3466
vn 0.1409 -0.9607 0.2392
vn 0.1265 -0.9834 0.1299
vn 0.1107 -0.9937 0.0198
vn 0.0935 -0.9915 -0.0902
vn 0.0752 -0.9770 -0.1993
vn 0.0559 -0.9503 -0.3064
vn 0.0357 -0.9109 -0.4111
vn 0.0145 -0.8584 -0.5128
vn -0.0076 -0.7917 -0.6108
vn -0.0306 -0.7095 -0.7040
vn -0.0543 -0.6104 -0.7903
vn -0.0784 -0.4932 -0.8664
vn -0.1022 -0.3583 -0.9280
vn -0.1247 -0.2083 -0.9701
vn -0.3294 -0.0823 -0.9406
vn -0.3501 0.0787 -0.9334
vn -0.3612 0.2357 -0.9022
vn -0.3627 0.3813 -0.8504
vn -0.3558 0.5114 -0.7822
vn -0.3421 0.6244 -0.7022
vn -0.3230 0.7204 -0.6138
vn -0.2997 0.8001 -0.5196
vn -0.2729 0.8649 -0.4213
vn -0.2433 0.9157 -0.3200
vn -0.2113 0.9529 -0.2176
vn -0.1722 0.9748 -0.1417
vn -0.1112 0.9903 -0.0835
vn -0.0331 0.9991 0.0247
vn 0.0416 0.9865 0.1584
vn 0.1028 0.9509 0.2919
vn 0.1596 0.8849 0.4375
vn 0.2429 0.7344 0.6338
vn 0.3678 0.3483 0.8622
vn 0.4282 -0.2467 0.8694
vn 0.3374 -0.2524 0.9069
vn -0.0095 0.7559 0.6547
vn -0.1749 0.9550 0.2396
vn 0.0439 0.7284 0.6838
vn 0.2432 0.2902 0.9255
vn 0.3240 -0.0303 0.9456
vn 0.3493 -0.2310 0.9081
vn 0.3542 -0.3802 0.8544
vn 0.3488 -0.5095 0.7866
vn 0.3366 -0.6220 0.7070
vn 0.3191 -0.7177 0.6190
vn 0.2972 -0.7975 0.5251
vn 0.2717 -0.8624 0.4270
vn 0.2432 -0.9136 0.3258
vn 0.2120 -0.9516 0.2223
vn 0.1785 -0.9769 0.1172
vn 0.1430 -0.9897 0.0117
vn 0.1059 -0.9900 -0.0934
vn 0.0674 -0.9780 -0.1973
vn 0.0279 -0.9539 -0.2990
vn -0.0125 -0.9173 -0.3979
vn -0.0537 -0.8679 -0.4938
vn -0.0958 -0.8046 -0.5861
vn -0.1386 -0.7260 -0.6735
vn -0.1815 -0.6308 -0.7544
vn -0.2238 -0.5177 -0.8258
vn -0.2640 -0.3867 -0.8836
vn -0.3000 -0.2398 -0.9233
vn -0.4808 -0.1168 -0.8690
vn -0.5053 0.0432 -0.8619
vn -0.5160 0.2007 -0.8328
vn -0.5133 0.3481 -0.7844
vn -0.4990 0.4811 -0.7208
vn -0.4751 0.5975 -0.6460
vn -0.4437 0.6971 -0.5632
vn -0.4066 0.7805 -0.4749
vn -0.3649 0.8487 -0.3827
vn -0.3196 0.9028 -0.2878
vn -0.2711 0.9434 -0.1909
vn -0.2195 0.9711 -0.0935
vn -0.1573 0.9875 -0.0078
vn -0.0851 0.9936 0.0744
vn -0.0140 0.9859 0.1668
vn 0.0497 0.9625 0.2668
vn 0.1209 0.9142 0.3867
vn 0.2420 0.7801 0.5770
vn 0.4259 0.3918 0.8155
vn 0.5195 -0.1811 0.8351
vn 0.4272 0.1499 0.8917
vn 0.0066 0.9111 0.4120
vn -0.0348 0.9580 0.2846
vn 0.2437 0.6820 0.6896
vn 0.4244 0.2708 0.8640
vn 0.4861 -0.0149 0.8738
vn 0.5023 -0.2007 0.8411
vn 0.5008 -0.3491 0.7920
vn 0.4881 -0.4811 0.7282
vn 0.4662 -0.5967 0.6531
vn 0.4371 -0.6958 0.5699
vn 0.4021 -0.7789 0.4812
vn 0.3623 -0.8471 0.3887
vn 0.3186 -0.9013 0.2934
vn 0.2715 -0.9422 0.1961
vn 0.2215 -0.9703 0.0978
vn 0.1692 -0.9856 -0.0006
vn 0.1151 -0.9885 -0.0982
vn 0.0596 -0.9791 -0.1943
vn 0.0032 -0.9577 -0.2878
vn -0.0539 -0.9240 -0.3785
vn -0.1117 -0.8777 -0.4660
vn -0.1701 -0.8178 -0.5499
vn -0.2288 -0.7429 -0.6291
vn -0.2872 -0.6516 -0.7021
vn -0.3440 -0.5425 -0.7664
vn -0.3972 -0.4154 -0.8183
vn -0.4439 -0.2719 -0.8538
vn -0.5806 -0.1438 -0.8014
vn -0.6074 0.0154 -0.7942
vn -0.6182 0.1731 -0.7667
vn -0.6133 0.3218 -0.7214
vn -0.5945 0.4569 -0.6617
vn -0.5644 0.5759 -0.5915
vn -0.5253 0.6782 -0.5139
vn -0.4792 0.7645 -0.4312
vn -0.4276 0.8355 -0.3451
vn -0.3716 0.8922 -0.2565
vn -0.3119 0.9354 -0.1664
vn -0.2492 0.9655 -0.0754
vn -0.1843 0.9827 0.0154
vn -0.1177 0.9875 0.1048
vn -0.0496 0.9801 0.1920
vn 0.0214 0.9598 0.2800
vn 0.1123 0.9152 0.3870
vn 0.2656 0.7904 0.5520
vn 0.4889 0.4402 0.7531
vn 0.6165 -0.0825 0.7830
vn 0.5317 0.1964 0.8238
vn 0.0728 0.9022 0.4252
vn 0.0228 0.9523 0.3043
vn 0.3348 0.6986 0.6324
vn 0.5298 0.3037 0.7919
vn 0.5941 0.0149 0.8043
vn 0.6088 -0.1730 0.7742
vn 0.6046 -0.3229 0.7282
vn 0.5869 -0.4572 0.6683
vn 0.5581 -0.5756 0.5977
vn 0.5205 -0.6776 0.5196
vn 0.4760 -0.7636 0.4364
vn 0.4258 -0.8345 0.3497
vn 0.3710 -0.8913 0.2606
vn 0.3124 -0.9346 0.1700
vn 0.2505 -0.9649 0.0786
vn 0.1861 -0.9824 -0.0125
vn 0.1200 -0.9875 -0.1024
vn 0.0526 -0.9803 -0.1906
vn -0.0154 -0.9610 -0.2762
vn -0.0839 -0.9296 -0.3589
vn -0.1527 -0.8857 -0.4384
vn -0.2218 -0.8284 -0.5143
vn -0.2908 -0.7564 -0.5859
vn -0.3590 -0.6681 -0.6518
vn -0.4248 -0.5621 -0.7096
vn -0.4859 -0.4380 -0.7563
vn -0.5391 -0.2971 -0.7881
vn -0.6344 -0.1599 -0.7563
vn -0.6624 -0.0012 -0.7492
vn -0.6731 0.1566 -0.7228
vn -0.6669 0.3060 -0.6794
vn -0.6458 0.4423 -0.6224
vn -0.6123 0.5628 -0.5553
vn -0.5690 0.6668 -0.4813
vn -0.5181 0.7548 -0.4024
vn -0.4611 0.8275 -0.3204
vn -0.3993 0.8859 -0.2363
vn -0.3334 0.9307 -0.1508
vn -0.2643 0.9623 -0.0647
vn -0.1929 0.9810 0.0210
vn -0.1199 0.9872 0.1055
vn -0.0455 0.9811 0.1882
vn 0.0363 0.9618 0.2712
vn 0.1525 0.9160 0.3712
vn 0.3483 0.7861 0.5106
vn 0.6114 0.4559 0.6469
vn 0.7623 0.0378 0.6461
vn 0.7028 0.2660 0.6598
vn 0.1890 0.9261 0.3266
vn 0.0591 0.9531 0.2969
vn 0.3680 0.7147 0.5948
vn 0.5815 0.3296 0.7437
vn 0.6539 0.0371 0.7557
vn 0.6692 -0.1547 0.7268
vn 0.6633 -0.3063 0.6828
vn 0.6426 -0.4422 0.6257
vn 0.6097 -0.5625 0.5585
vn 0.5671 -0.6663 0.4841
vn 0.5169 -0.7542 0.4050
vn 0.4605 -0.8269 0.3227
vn 0.3992 -0.8854 0.2382
vn 0.3338 -0.9302 0.1524
vn 0.2650 -0.9620 0.0661
vn 0.1938 -0.9808 -0.0197
vn 0.1209 -0.9872 -0.1044
vn 0.0469 -0.9812 -0.1871
vn -0.0275 -0.9632 -0.2672
vn -0.1021 -0.9332 -0.3445
vn -0.1768 -0.8907 -0.4187
vn -0.2514 -0.8350 -0.4895
vn -0.3257 -0.7646 -0.5562
vn -0.3988 -0.6780 -0.6175
vn -0.4691 -0.5738 -0.6713
vn -0.5342 -0.4514 -0.7147
vn -0.5906 -0.3120 -0.7442
vn -0.6490 -0.1643 -0.7428
vn -0.6772 -0.0059 -0.7358
vn -0.6878 0.1519 -0.7099
vn -0.6811 0.3015 -0.6672
vn -0.6592 0.4380 -0.6112
vn -0.6247 0.5590 -0.5453
vn -0.5801 0.6635 -0.4725
vn -0.5277 0.7520 -0.3950
vn -0.4691 0.8252 -0.3145
vn -0.4055 0.8842 -0.2319
vn -0.3377 0.9295 -0.1481
vn -0.2666 0.9617 -0.0637
vn -0.1932 0.9810 0.0201
vn -0.1181 0.9877 0.1027
vn -0.0408 0.9819 0.1849
vn 0.0518 0.9589 0.2789
vn 0.1917 0.8920 0.4095
vn 0.4188 0.6835 0.5978
vn 0.6440 0.2081 0.7361
vn 0.6891 -0.0819 0.7201
vn 0.6123 0.4198 0.6700
vn 0.1153 0.9621 0.2472
vn 0.0018 0.9767 0.2146
vn 0.3691 0.7171 0.5912
vn 0.5983 0.3175 0.7357
vn 0.6725 0.0387 0.7391
vn 0.6880 -0.1487 0.7103
vn 0.6811 -0.3011 0.6674
vn 0.6590 -0.4378 0.6115
vn 0.6244 -0.5588 0.5458
vn 0.5798 -0.6634 0.4730
vn 0.5274 -0.7520 0.3954
vn 0.4689 -0.8253 0.3147
vn 0.4053 -0.8843 0.2319
vn 0.3377 -0.9296 0.1479
vn 0.2668 -0.9617 0.0632
vn 0.1936 -0.9809 -0.0209
vn 0.1188 -0.9875 -0.1038
vn 0.0430 -0.9818 -0.1849
vn -0.0330 -0.9641 -0.2635
vn -0.1091 -0.9344 -0.3392
vn -0.1852 -0.8922 -0.4119
vn -0.2611 -0.8368 -0.4813
vn -0.3366 -0.7668 -0.5466
vn -0.4107 -0.6806 -0.6067
vn -0.4820 -0.5769 -0.6595
vn -0.5479 -0.4550 -0.7020
vn -0.6049 -0.3160 -0.7309
vn -0.6648 -0.1687 -0.7277
vn -0.6918 -0.0097 -0.7220
vn -0.7007 0.1488 -0.6978
vn -0.6919 0.2993 -0.6571
vn -0.6674 0.4367 -0.6032
vn -0.6299 0.5585 -0.5397
vn -0.5822 0.6638 -0.4694
vn -0.5266 0.7530 -0.3946
vn -0.4646 0.8268 -0.3169
vn -0.3977 0.8863 -0.2372
vn -0.3267 0.9321 -0.1564
vn -0.2524 0.9647 -0.0751
vn -0.1760 0.9844 0.0057
vn -0.0982 0.9915 0.0854
vn -0.0184 0.9862 0.1647
vn 0.0697 0.9652 0.2521
vn 0.1786 0.9123 0.3685
vn 0.3436 0.7598 0.5520
vn 0.5570 0.3572 0.7498
vn 0.6433 -0.1275 0.7549
vn 0.4103 0.7428 0.5290
vn -0.2388 0.9676 -0.0819
vn 0.0670 0.9357 0.3463
vn 0.4651 0.5912 0.6589
vn 0.6455 0.2443 0.7236
vn 0.6991 0.0235 0.7146
vn 0.7100 -0.1434 0.6895
vn 0.6996 -0.2946 0.6510
vn 0.6734 -0.4326 0.5994
vn 0.6345 -0.5550 0.5379
vn 0.5857 -0.6609 0.4692
vn 0.5291 -0.7507 0.3956
vn 0.4666 -0.8251 0.3185
vn 0.3994 -0.8850 0.2391
vn 0.3285 -0.9312 0.1581
vn 0.2546 -0.9640 0.0762
vn 0.1789 -0.9838 -0.0056
vn 0.1021 -0.9910 -0.0866
vn 0.0249 -0.9858 -0.1663
vn -0.0522 -0.9684 -0.2440
vn -0.1288 -0.9389 -0.3192
vn -0.2050 -0.8969 -0.3918
vn -0.2807 -0.8416 -0.4614
vn -0.3557 -0.7717 -0.5271
vn -0.4294 -0.6857 -0.5878
vn -0.5002 -0.5820 -0.6412
vn -0.5655 -0.4598 -0.6847
vn -0.6216 -0.3208 -0.7147
vn -0.7513 -0.1868 -0.6330
vn -0.7724 -0.0258 -0.6346
vn -0.7732 0.1351 -0.6196
vn -0.7546 0.2882 -0.5895
vn -0.7193 0.4283 -0.5470
vn -0.6704 0.5525 -0.4952
vn -0.6111 0.6601 -0.4368
vn -0.5440 0.7512 -0.3739
vn -0.4708 0.8268 -0.3078
vn -0.3931 0.8878 -0.2395
vn -0.3117 0.9349 -0.1698
vn -0.2277 0.9687 -0.0993
vn -0.1421 0.9894 -0.0289
vn -0.0558 0.9976 0.0408
vn 0.0304 0.9935 0.1098
vn 0.1171 0.9766 0.1803
vn 0.2332 0.9330 0.2743
vn 0.4656 0.7686 0.4387
vn 0.7392 0.3178 0.5938
vn 0.7728 0.0291 0.6340
vn 0.2921 0.8634 0.4114
vn -0.2095 0.9772 -0.0337
vn 0.2342 0.9160 0.3257
vn 0.6182 0.5411 0.5701
vn 0.7457 0.2377 0.6224
vn 0.7791 0.0366 0.6258
vn 0.7802 -0.1282 0.6122
vn 0.7614 -0.2809 0.5843
vn 0.7257 -0.4211 0.5441
vn 0.6764 -0.5459 0.4944
vn 0.6167 -0.6542 0.4377
vn 0.5492 -0.7462 0.3761
vn 0.4758 -0.8227 0.3110
vn 0.3978 -0.8846 0.2434
vn 0.3164 -0.9325 0.1740
vn 0.2324 -0.9671 0.1035
vn 0.1470 -0.9886 0.0327
vn 0.0610 -0.9974 -0.0378
vn -0.0248 -0.9939 -0.1075
vn -0.1098 -0.9783 -0.1755
vn -0.1940 -0.9507 -0.2421
vn -0.2769 -0.9106 -0.3070
vn -0.3586 -0.8571 -0.3699
vn -0.4387 -0.7889 -0.4303
vn -0.5164 -0.7043 -0.4872
vn -0.5898 -0.6015 -0.5388
vn -0.6562 -0.4797 -0.5825
vn -0.7115 -0.3402 -0.6148
vn -0.8572 -0.1964 -0.4761
vn -0.8721 -0.0352 -0.4881
vn -0.8643 0.1265 -0.4868
vn -0.8351 0.2808 -0.4730
vn -0.7878 0.4222 -0.4483
vn -0.7263 0.5478 -0.4151
vn -0.6541 0.6566 -0.3754
vn -0.5741 0.7489 -0.3309
vn -0.4883 0.8255 -0.2829
vn -0.3983 0.8874 -0.2323
vn -0.3051 0.9352 -0.1797
vn -0.2096 0.9697 -0.1257
vn -0.1133 0.9910 -0.0712
vn -0.0168 0.9997 -0.0164
vn 0.0796 0.9961 0.0377
vn 0.1843 0.9789 0.0884
vn 0.3263 0.9320 0.1576
vn 0.6180 0.7317 0.2876
vn 0.8803 0.2697 0.3904
vn 0.9072 0.1561 0.3907
vn 0.2798 0.9545 0.1031
vn -0.1350 0.9902 -0.0360
vn 0.4411 0.8524 0.2809
vn 0.7560 0.4868 0.4375
vn 0.8474 0.2259 0.4805
vn 0.8697 0.0408 0.4919
vn 0.8636 -0.1220 0.4892
vn 0.8360 -0.2755 0.4745
vn 0.7902 -0.4166 0.4495
vn 0.7298 -0.5423 0.4162
vn 0.6585 -0.6516 0.3767
vn 0.5790 -0.7445 0.3325
vn 0.4935 -0.8218 0.2849
vn 0.4035 -0.8844 0.2347
vn 0.3101 -0.9330 0.1827
vn 0.2143 -0.9682 0.1294
vn 0.1174 -0.9902 0.0755
vn 0.0202 -0.9996 0.0216
vn -0.0765 -0.9966 -0.0320
vn -0.1717 -0.9815 -0.0848
vn -0.2654 -0.9544 -0.1366
vn -0.3577 -0.9148 -0.1873
vn -0.4479 -0.8621 -0.2371
vn -0.5355 -0.7947 -0.2859
vn -0.6194 -0.7109 -0.3331
vn -0.6973 -0.6091 -0.3778
vn -0.7658 -0.4884 -0.4183
vn -0.8206 -0.3495 -0.4521
vn -0.9261 -0.1879 -0.3270
vn -0.9384 -0.0271 -0.3444
vn -0.9262 0.1338 -0.3525
vn -0.8912 0.2871 -0.3513
vn -0.8370 0.4275 -0.3416
vn -0.7679 0.5520 -0.3250
vn -0.6878 0.6598 -0.3027
vn -0.5996 0.7512 -0.2761
vn -0.5056 0.8269 -0.2460
vn -0.4074 0.8880 -0.2132
vn -0.3060 0.9352 -0.1783
vn -0.2025 0.9690 -0.1416
vn -0.0983 0.9897 -0.1037
vn 0.0058 0.9979 -0.0650
vn 0.1124 0.9934 -0.0247
vn 0.2559 0.9662 0.0323
vn 0.5139 0.8497 0.1176
vn 0.8669 0.4458 0.2230
vn 0.9489 0.0479 0.3120
vn 0.7422 0.6045 0.2893
vn -0.0669 0.9942 -0.0837
vn -0.0066 0.9940 -0.1095
vn 0.6009 0.7867 0.1415
vn 0.8543 0.4370 0.2812
vn 0.9215 0.2049 0.3300
vn 0.9366 0.0305 0.3492
vn 0.9255 -0.1301 0.3558
vn 0.8918 -0.2827 0.3533
vn 0.8389 -0.4228 0.3428
vn 0.7709 -0.5474 0.3256
vn 0.6917 -0.6555 0.3031
vn 0.6041 -0.7474 0.2765
vn 0.5106 -0.8237 0.2467
vn 0.4125 -0.8854 0.2143
vn 0.3111 -0.9332 0.1798
vn 0.2074 -0.9676 0.1437
vn 0.1028 -0.9890 0.1065
vn -0.0018 -0.9976 0.0687
vn -0.1056 -0.9939 0.0305
vn -0.2077 -0.9782 -0.0078
vn -0.3076 -0.9504 -0.0461
vn -0.4056 -0.9101 -0.0843
vn -0.5014 -0.8565 -0.1223
vn -0.5940 -0.7883 -0.1605
vn -0.6822 -0.7038 -0.1983
vn -0.7636 -0.6013 -0.2353
vn -0.8345 -0.4801 -0.2704
vn -0.8904 -0.3410 -0.3017
vn -0.9678 -0.1704 -0.1853
vn -0.9787 -0.0100 -0.2052
vn -0.9640 0.1499 -0.2197
vn -0.9257 0.3016 -0.2282
vn -0.8678 0.4400 -0.2309
vn -0.7947 0.5624 -0.2284
vn -0.7103 0.6681 -0.2215
vn -0.6178 0.7575 -0.2110
vn -0.5194 0.8314 -0.1975
vn -0.4166 0.8908 -0.1814
vn -0.3106 0.9364 -0.1631
vn -0.2024 0.9688 -0.1429
vn -0.0934 0.9882 -0.1212
vn 0.0155 0.9950 -0.0982
vn 0.1270 0.9892 -0.0727
vn 0.2640 0.9639 -0.0341
vn 0.4838 0.8747 0.0303
vn 0.7532 0.6306 0.1871
vn 0.9047 0.2651 0.3335
vn 0.9644 -0.1631 0.2082
vn 0.5916 0.8062 -0.0081
vn -0.1798 0.9775 -0.1102
vn 0.4897 0.8715 0.0249
vn 0.8655 0.4804 0.1417
vn 0.9612 0.2012 0.1886
vn 0.9777 0.0133 0.2095
vn 0.9638 -0.1471 0.2226
vn 0.9264 -0.2981 0.2299
vn 0.8695 -0.4362 0.2316
vn 0.7973 -0.5587 0.2284
vn 0.7137 -0.6646 0.2211
vn 0.6218 -0.7544 0.2105
vn 0.5238 -0.8287 0.1970
vn 0.4213 -0.8887 0.1812
vn 0.3154 -0.9348 0.1633
vn 0.2072 -0.9677 0.1436
vn 0.0980 -0.9876 0.1226
vn -0.0111 -0.9949 0.1004
vn -0.1194 -0.9898 0.0772
vn -0.2259 -0.9727 0.0533
vn -0.3302 -0.9435 0.0287
vn -0.4322 -0.9018 0.0034
vn -0.5317 -0.8466 -0.0229
vn -0.6278 -0.7768 -0.0498
vn -0.7190 -0.6906 -0.0776
vn -0.8029 -0.5866 -0.1059
vn -0.8757 -0.4639 -0.1341
vn -0.9323 -0.3238 -0.1610
vn -0.9873 -0.1497 -0.0532
vn -0.9972 0.0108 -0.0734
vn -0.9812 0.1698 -0.0915
vn -0.9414 0.3199 -0.1069
vn -0.8819 0.4562 -0.1190
vn -0.8071 0.5764 -0.1279
vn -0.7212 0.6797 -0.1338
vn -0.6271 0.7668 -0.1370
vn -0.5271 0.8386 -0.1378
vn -0.4226 0.8960 -0.1366
vn -0.3148 0.9397 -0.1334
vn -0.2046 0.9704 -0.1284
vn -0.0935 0.9881 -0.1219
vn 0.0177 0.9933 -0.1139
vn 0.1280 0.9863 -0.1045
vn 0.2406 0.9662 -0.0924
vn 0.4160 0.9079 -0.0520
vn 0.7262 0.6873 0.0162
vn 0.9887 0.1297 0.0756
vn 0.9930 -0.0623 0.1001
vn 0.4966 0.8670 -0.0402
vn -0.0424 0.9739 -0.2229
vn 0.5468 0.8274 -0.1280
vn 0.8979 0.4401 -0.0111
vn 0.9842 0.1708 0.0461
vn 0.9972 -0.0088 0.0749
vn 0.9814 -0.1680 0.0933
vn 0.9421 -0.3175 0.1076
vn 0.8833 -0.4535 0.1188
vn 0.8093 -0.5735 0.1270
vn 0.7240 -0.6770 0.1325
vn 0.6304 -0.7643 0.1355
vn 0.5308 -0.8364 0.1363
vn 0.4267 -0.8942 0.1352
vn 0.3191 -0.9385 0.1323
vn 0.2090 -0.9695 0.1278
vn 0.0979 -0.9877 0.1218
vn -0.0133 -0.9933 0.1145
vn -0.1238 -0.9867 0.1058
vn -0.2325 -0.9679 0.0960
vn -0.3390 -0.9369 0.0850
vn -0.4434 -0.8934 0.0726
vn -0.5450 -0.8364 0.0590
vn -0.6431 -0.7645 0.0438
vn -0.7362 -0.6763 0.0271
vn -0.8215 -0.5701 0.0087
vn -0.8952 -0.4456 -0.0112
vn -0.9521 -0.3040 -0.0322
vn -0.9891 -0.1299 0.0693
vn -0.9982 0.0310 0.0514
vn -0.9813 0.1897 0.0322
vn -0.9408 0.3386 0.0128
vn -0.8809 0.4733 -0.0060
vn -0.8060 0.5914 -0.0235
vn -0.7202 0.6926 -0.0396
vn -0.6264 0.7776 -0.0542
vn -0.5267 0.8474 -0.0672
vn -0.4225 0.9029 -0.0788
vn -0.3149 0.9449 -0.0890
vn -0.2049 0.9739 -0.0978
vn -0.0938 0.9900 -0.1052
vn 0.0175 0.9936 -0.1112
vn 0.1282 0.9850 -0.1160
vn 0.2385 0.9638 -0.1188
vn 0.3813 0.9172 -0.1152
vn 0.6512 0.7540 -0.0855
vn 0.9705 0.2386 -0.0344
vn 0.9564 -0.2671 -0.1182
vn 0.5488 0.7598 -0.3487
vn -0.2073 0.9595 -0.1906
vn 0.2862 0.9463 -0.1503
vn 0.8307 0.5447 -0.1152
vn 0.9770 0.1997 -0.0744
vn 0.9985 -0.0204 -0.0505
vn 0.9816 -0.1886 -0.0315
vn 0.9413 -0.3372 -0.0131
vn 0.8819 -0.4714 0.0047
vn 0.8076 -0.5894 0.0216
vn 0.7223 -0.6906 0.0372
vn 0.6289 -0.7758 0.0515
vn 0.5296 -0.8458 0.0645
vn 0.4258 -0.9016 0.0762
vn 0.3186 -0.9439 0.0867
vn 0.2088 -0.9732 0.0959
vn 0.0978 -0.9898 0.1038
vn -0.0134 -0.9938 0.1105
vn -0.1240 -0.9855 0.1158
vn -0.2330 -0.9651 0.1197
vn -0.3401 -0.9324 0.1221
vn -0.4448 -0.8871 0.1231
vn -0.5469 -0.8282 0.1225
vn -0.6455 -0.7543 0.1200
vn -0.7389 -0.6638 0.1153
vn -0.8245 -0.5555 0.1081
vn -0.8981 -0.4288 0.0981
vn -0.9546 -0.2853 0.0851
vn -0.9763 -0.1139 0.1839
vn -0.9842 0.0478 0.1707
vn -0.9664 0.2064 0.1531
vn -0.9255 0.3548 0.1323
vn -0.8657 0.4884 0.1095
vn -0.7915 0.6051 0.0857
vn -0.7067 0.7048 0.0617
vn -0.6143 0.7882 0.0380
vn -0.5161 0.8564 0.0148
vn -0.4136 0.9104 -0.0078
vn -0.3078 0.9510 -0.0297
vn -0.1995 0.9786 -0.0509
vn -0.0900 0.9934 -0.0712
vn 0.0198 0.9957 -0.0905
vn 0.1289 0.9857 -0.1085
vn 0.2374 0.9633 -0.1254
vn 0.3784 0.9139 -0.1471
vn 0.6624 0.7231 -0.1958
vn 0.9665 0.0774 -0.2445
vn 0.9194 -0.2271 -0.3210
vn 0.5215 0.8051 -0.2827
vn -0.2876 0.9577 0.0121
vn 0.2481 0.9651 -0.0837
vn 0.8187 0.5479 -0.1721
vn 0.9672 0.1780 -0.1814
vn 0.9845 -0.0417 -0.1702
vn 0.9663 -0.2067 -0.1535
vn 0.9255 -0.3544 -0.1338
vn 0.8660 -0.4874 -0.1119
vn 0.7922 -0.6038 -0.0889
vn 0.7078 -0.7033 -0.0655
vn 0.6158 -0.7868 -0.0421
vn 0.5181 -0.8551 -0.0190
vn 0.4160 -0.9094 0.0038
vn 0.3106 -0.9502 0.0260
vn 0.2026 -0.9781 0.0476
vn 0.0934 -0.9933 0.0684
vn -0.0160 -0.9960 0.0883
vn -0.1250 -0.9864 0.1070
vn -0.2325 -0.9646 0.1244
vn -0.3381 -0.9305 0.1405
vn -0.4416 -0.8837 0.1551
vn -0.5424 -0.8231 0.1681
vn -0.6398 -0.7474 0.1791
vn -0.7319 -0.6550 0.1877
vn -0.8161 -0.5446 0.1933
vn -0.8882 -0.4160 0.1950
vn -0.9433 -0.2707 0.1920
vn -0.9506 -0.1042 0.2922
vn -0.9563 0.0581 0.2865
vn -0.9371 0.2171 0.2732
vn -0.8956 0.3654 0.2536
vn -0.8360 0.4985 0.2292
vn -0.7627 0.6145 0.2015
vn -0.6794 0.7134 0.1717
vn -0.5889 0.7959 0.1407
vn -0.4930 0.8632 0.1090
vn -0.3930 0.9163 0.0769
vn -0.2899 0.9560 0.0446
vn -0.1845 0.9828 0.0122
vn -0.0779 0.9968 -0.0201
vn 0.0287 0.9982 -0.0517
vn 0.1348 0.9874 -0.0827
vn 0.2414 0.9637 -0.1138
vn 0.3924 0.9055 -0.1619
vn 0.6948 0.6678 -0.2669
vn 0.9452 -0.0262 -0.3255
vn 0.7990 -0.5345 -0.2755
vn 0.7074 0.5684 -0.4202
vn -0.1516 0.9884 0.0086
vn 0.4187 0.8948 -0.1554
vn 0.8487 0.4572 -0.2660
vn 0.9469 0.1392 -0.2899
vn 0.9562 -0.0577 -0.2868
vn 0.9364 -0.2184 -0.2746
vn 0.8948 -0.3657 -0.2562
vn 0.8352 -0.4981 -0.2329
vn 0.7621 -0.6137 -0.2063
vn 0.6791 -0.7123 -0.1773
vn 0.5890 -0.7947 -0.1467
vn 0.4936 -0.8621 -0.1152
vn 0.3941 -0.9153 -0.0829
vn 0.2915 -0.9553 -0.0502
vn 0.1866 -0.9823 -0.0173
vn 0.0806 -0.9966 0.0155
vn -0.0257 -0.9985 0.0479
vn -0.1314 -0.9881 0.0797
vn -0.2357 -0.9655 0.1106
vn -0.3381 -0.9306 0.1404
vn -0.4383 -0.8828 0.1691
vn -0.5358 -0.8212 0.1964
vn -0.6299 -0.7443 0.2219
vn -0.7187 -0.6506 0.2452
vn -0.7996 -0.5389 0.2652
vn -0.8684 -0.4088 0.2806
vn -0.9204 -0.2622 0.2901
vn -0.9127 -0.1038 0.3952
vn -0.9147 0.0588 0.3999
vn -0.8930 0.2179 0.3938
vn -0.8502 0.3664 0.3781
vn -0.7904 0.4996 0.3545
vn -0.7178 0.6157 0.3250
vn -0.6360 0.7146 0.2913
vn -0.5476 0.7970 0.2547
vn -0.4543 0.8643 0.2160
vn -0.3574 0.9173 0.1757
vn -0.2576 0.9569 0.1340
vn -0.1559 0.9835 0.0914
vn -0.0532 0.9974 0.0480
vn 0.0490 0.9988 0.0044
vn 0.1505 0.9878 -0.0393
vn 0.2548 0.9632 -0.0854
vn 0.4227 0.8905 -0.1685
vn 0.7495 0.5594 -0.3540
vn 0.8808 -0.2245 -0.4168
vn 0.9453 -0.0705 -0.3185
vn 0.4477 0.8936 -0.0318
vn -0.1884 0.9710 0.1471
vn 0.4246 0.8932 -0.1478
vn 0.8269 0.4380 -0.3527
vn 0.9092 0.1313 -0.3950
vn 0.9142 -0.0598 -0.4009
vn 0.8916 -0.2200 -0.3958
vn 0.8483 -0.3672 -0.3815
vn 0.7882 -0.4995 -0.3595
vn 0.7156 -0.6149 -0.3314
vn 0.6339 -0.7133 -0.2989
vn 0.5458 -0.7956 -0.2630
vn 0.4529 -0.8628 -0.2245
vn 0.3565 -0.9160 -0.1841
vn 0.2574 -0.9558 -0.1420
vn 0.1565 -0.9827 -0.0986
vn 0.0547 -0.9970 -0.0545
vn -0.0470 -0.9988 -0.0100
vn -0.1480 -0.9884 0.0346
vn -0.2473 -0.9657 0.0789
vn -0.3445 -0.9308 0.1226
vn -0.4393 -0.8829 0.1657
vn -0.5313 -0.8212 0.2080
vn -0.6196 -0.7443 0.2491
vn -0.7026 -0.6506 0.2883
vn -0.7775 -0.5387 0.3244
vn -0.8406 -0.4086 0.3557
vn -0.8871 -0.2619 0.3800
vn -0.8629 -0.1156 0.4920
vn -0.8590 0.0455 0.5100
vn -0.8330 0.2039 0.5144
vn -0.7876 0.3522 0.5056
vn -0.7267 0.4858 0.4856
vn -0.6543 0.6027 0.4567
vn -0.5737 0.7026 0.4210
vn -0.4873 0.7861 0.3802
vn -0.3966 0.8544 0.3356
vn -0.3029 0.9085 0.2881
vn -0.2069 0.9490 0.2380
vn -0.1094 0.9765 0.1857
vn -0.0115 0.9912 0.1318
vn 0.0855 0.9934 0.0764
vn 0.1809 0.9833 0.0202
vn 0.2787 0.9596 -0.0391
vn 0.4324 0.8923 -0.1299
vn 0.7388 0.6072 -0.2923
vn 0.9019 -0.0389 -0.4303
vn 0.9600 -0.2458 -0.1340
vn 0.6505 0.6755 0.3472
vn -0.0830 0.9900 0.1140
vn 0.4050 0.8750 -0.2652
vn 0.7447 0.4924 -0.4506
vn 0.8505 0.1671 -0.4987
vn 0.8575 -0.0436 -0.5126
vn 0.8312 -0.2067 -0.5162
vn 0.7849 -0.3535 -0.5088
vn 0.7234 -0.4857 -0.4906
vn 0.6506 -0.6016 -0.4636
vn 0.5697 -0.7007 -0.4295
vn 0.4833 -0.7838 -0.3900
vn 0.3929 -0.8520 -0.3460
vn 0.2997 -0.9061 -0.2985
vn 0.2045 -0.9469 -0.2480
vn 0.1080 -0.9749 -0.1949
vn 0.0113 -0.9901 -0.1400
vn -0.0847 -0.9929 -0.0837
vn -0.1795 -0.9834 -0.0265
vn -0.2720 -0.9618 0.0311
vn -0.3620 -0.9279 0.0888
vn -0.4492 -0.8813 0.1466
vn -0.5330 -0.8211 0.2043
vn -0.6127 -0.7458 0.2615
vn -0.6867 -0.6539 0.3175
vn -0.7525 -0.5442 0.3709
vn -0.8066 -0.4162 0.4197
vn -0.8447 -0.2718 0.4611
vn -0.8073 -0.1404 0.5733
vn -0.7936 0.0153 0.6083
vn -0.7594 0.1693 0.6282
vn -0.7075 0.3147 0.6328
vn -0.6417 0.4471 0.6232
vn -0.5659 0.5643 0.6011
vn -0.4835 0.6655 0.5686
vn -0.3969 0.7512 0.5274
vn -0.3076 0.8221 0.4791
vn -0.2167 0.8790 0.4248
vn -0.1249 0.9224 0.3655
vn -0.0331 0.9527 0.3020
vn 0.0578 0.9702 0.2354
vn 0.1472 0.9750 0.1665
vn 0.2340 0.9675 0.0962
vn 0.3194 0.9473 0.0242
vn 0.4242 0.9044 -0.0464
vn 0.6166 0.7788 -0.1154
vn 0.8813 0.4300 -0.1963
vn 0.9619 -0.1044 -0.2529
vn 0.7628 0.1325 -0.6329
vn 0.3623 0.9013 -0.2376
vn 0.1897 0.9810 0.0409
vn 0.6145 0.7197 -0.3233
vn 0.7899 0.2860 -0.5424
vn 0.7916 0.0043 -0.6111
vn 0.7557 -0.1724 -0.6318
vn 0.7053 -0.3183 -0.6335
vn 0.6414 -0.4504 -0.6211
vn 0.5677 -0.5671 -0.5967
vn 0.4872 -0.6679 -0.5626
vn 0.4021 -0.7531 -0.5207
vn 0.3139 -0.8236 -0.4724
vn 0.2238 -0.8801 -0.4187
vn 0.1324 -0.9234 -0.3604
vn 0.0405 -0.9536 -0.2983
vn -0.0507 -0.9711 -0.2332
vn -0.1405 -0.9761 -0.1660
vn -0.2283 -0.9687 -0.0971
vn -0.3127 -0.9495 -0.0272
vn -0.3942 -0.9180 0.0439
vn -0.4721 -0.8740 0.1151
vn -0.5460 -0.8167 0.1868
vn -0.6151 -0.7448 0.2587
vn -0.6778 -0.6569 0.3302
vn -0.7317 -0.5519 0.4000
vn -0.7737 -0.4293 0.4659
vn -0.8000 -0.2907 0.5248
vn -0.7233 -0.1830 0.6658
vn -0.7014 -0.0319 0.7120
vn -0.6617 0.1194 0.7402
vn -0.6069 0.2641 0.7496
vn -0.5408 0.3974 0.7413
vn -0.4670 0.5168 0.7176
vn -0.3884 0.6212 0.6807
vn -0.3072 0.7107 0.6329
vn -0.2246 0.7859 0.5761
vn -0.1416 0.8473 0.5119
vn -0.0588 0.8954 0.4414
vn 0.0232 0.9303 0.3659
vn 0.1036 0.9524 0.2868
vn 0.1816 0.9618 0.2048
vn 0.2567 0.9588 0.1216
vn 0.3293 0.9435 0.0376
vn 0.3981 0.9161 -0.0468
vn 0.4812 0.8640 -0.1481
vn 0.6299 0.7037 -0.3286
vn 0.7687 0.2007 -0.6073
vn 0.6301 -0.3705 -0.6824
vn 0.6881 0.4830 -0.5415
vn 0.1556 0.9826 0.1012
vn 0.4142 0.8811 -0.2282
vn 0.6691 0.4640 -0.5805
vn 0.6995 0.1011 -0.7074
vn 0.6629 -0.1112 -0.7404
vn 0.6120 -0.2631 -0.7458
vn 0.5502 -0.3976 -0.7343
vn 0.4797 -0.5180 -0.7082
vn 0.4032 -0.6232 -0.6701
vn 0.3229 -0.7132 -0.6222
vn 0.2403 -0.7885 -0.5662
vn 0.1562 -0.8497 -0.5036
vn 0.0716 -0.8973 -0.4355
vn -0.0129 -0.9318 -0.3629
vn -0.0962 -0.9531 -0.2868
vn -0.1769 -0.9619 -0.2084
vn -0.2555 -0.9584 -0.1273
vn -0.3309 -0.9425 -0.0465
vn -0.4030 -0.9145 0.0353
vn -0.4706 -0.8744 0.1177
vn -0.5337 -0.8215 0.2009
vn -0.5911 -0.7546 0.2848
vn -0.6416 -0.6726 0.3688
vn -0.6829 -0.5741 0.4518
vn -0.7122 -0.4586 0.5314
vn -0.7266 -0.3271 0.6043
vn -0.5864 -0.2413 0.7732
vn -0.5730 -0.0879 0.8148
vn -0.5454 0.0681 0.8354
vn -0.5053 0.2193 0.8346
vn -0.4551 0.3604 0.8142
vn -0.3977 0.4879 0.7771
vn -0.3351 0.6001 0.7264
vn -0.2693 0.6967 0.6649
vn -0.2016 0.7782 0.5948
vn -0.1329 0.8450 0.5179
vn -0.0640 0.8978 0.4356
vn 0.0045 0.9371 0.3491
vn 0.0716 0.9630 0.2598
vn 0.1372 0.9761 0.1687
vn 0.2000 0.9768 0.0770
vn 0.2598 0.9655 -0.0150
vn 0.3166 0.9425 -0.1068
vn 0.3729 0.9057 -0.2019
vn 0.4563 0.8237 -0.3366
vn 0.5879 0.5508 -0.5924
vn 0.6003 -0.0754 -0.7962
vn 0.6505 -0.1702 -0.7402
vn 0.5743 0.7117 -0.4045
vn 0.1953 0.9680 -0.1575
vn 0.4183 0.7148 -0.5604
vn 0.5423 0.2871 -0.7896
vn 0.5473 -0.0228 -0.8366
vn 0.5125 -0.2108 -0.8324
vn 0.4636 -0.3552 -0.8117
vn 0.4061 -0.4829 -0.7758
vn 0.3431 -0.5954 -0.7265
vn 0.2766 -0.6925 -0.6663
vn 0.2080 -0.7744 -0.5975
vn 0.1383 -0.8418 -0.5217
vn 0.0684 -0.8952 -0.4404
vn -0.0012 -0.9350 -0.3546
vn -0.0695 -0.9615 -0.2659
vn -0.1359 -0.9750 -0.1759
vn -0.2006 -0.9760 -0.0841
vn -0.2615 -0.9652 0.0079
vn -0.3192 -0.9424 0.0999
vn -0.3735 -0.9076 0.1919
vn -0.4240 -0.8600 0.2839
vn -0.4703 -0.7985 0.3758
vn -0.5114 -0.7214 0.4670
vn -0.5458 -0.6272 0.5556
vn -0.5713 -0.5151 0.6390
vn -0.5855 -0.3854 0.7132
vn -0.4538 -0.2786 0.8464
vn -0.4542 -0.1225 0.8825
vn -0.4426 0.0378 0.8959
vn -0.4198 0.1942 0.8866
vn -0.3874 0.3408 0.8566
vn -0.3476 0.4738 0.8092
vn -0.3024 0.5911 0.7478
vn -0.2534 0.6923 0.6757
vn -0.2020 0.7778 0.5952
vn -0.1490 0.8481 0.5084
vn -0.0953 0.9040 0.4167
vn -0.0414 0.9460 0.3215
vn 0.0118 0.9745 0.2242
vn 0.0640 0.9900 0.1260
vn 0.1146 0.9930 0.0277
vn 0.1633 0.9841 -0.0699
vn 0.2099 0.9634 -0.1665
vn 0.2547 0.9308 -0.2623
vn 0.3038 0.8786 -0.3685
vn 0.4073 0.7347 -0.5426
vn 0.5481 0.3319 -0.7677
vn 0.5384 -0.1913 -0.8207
vn 0.4707 0.2661 -0.8412
vn 0.2509 0.9033 -0.3481
vn 0.2518 0.8935 -0.3718
vn 0.4095 0.5184 -0.7508
vn 0.4478 0.0893 -0.8897
vn 0.4255 -0.1710 -0.8886
vn 0.3909 -0.3355 -0.8571
vn 0.3502 -0.4690 -0.8108
vn 0.3045 -0.5865 -0.7505
vn 0.2553 -0.6882 -0.6792
vn 0.2039 -0.7743 -0.5991
vn 0.1512 -0.8454 -0.5124
vn 0.0980 -0.9020 -0.4204
vn 0.0448 -0.9448 -0.3246
vn -0.0075 -0.9740 -0.2265
vn -0.0584 -0.9901 -0.1273
vn -0.1076 -0.9938 -0.0278
vn -0.1547 -0.9854 0.0710
vn -0.1998 -0.9652 0.1688
vn -0.2429 -0.9330 0.2655
vn -0.2840 -0.8882 0.3612
vn -0.3232 -0.8295 0.4556
vn -0.3598 -0.7550 0.5481
vn -0.3930 -0.6634 0.6368
vn -0.4211 -0.5530 0.7190
vn -0.4421 -0.4238 0.7905
vn -0.3595 -0.2900 0.8869
vn -0.3659 -0.1336 0.9210
vn -0.3629 0.0274 0.9314
vn -0.3506 0.1851 0.9181
vn -0.3302 0.3333 0.8831
vn -0.3033 0.4679 0.8301
vn -0.2714 0.5870 0.7628
vn -0.2358 0.6898 0.6845
vn -0.1976 0.7768 0.5979
vn -0.1576 0.8486 0.5050
vn -0.1165 0.9057 0.4076
vn -0.0746 0.9488 0.3068
vn -0.0327 0.9783 0.2045
vn 0.0088 0.9948 0.1016
vn 0.0495 0.9988 -0.0009
vn 0.0892 0.9908 -0.1022
vn 0.1277 0.9710 -0.2020
vn 0.1652 0.9394 -0.3006
vn 0.2041 0.8921 -0.4031
vn 0.2652 0.7912 -0.5511
vn 0.3678 0.5070 -0.7795
vn 0.4124 -0.0462 -0.9098
vn 0.4311 -0.0732 -0.8993
vn 0.3388 0.6695 -0.6610
vn 0.1751 0.8991 -0.4012
vn 0.2977 0.6211 -0.7250
vn 0.3616 0.1691 -0.9169
vn 0.3552 -0.1432 -0.9238
vn 0.3322 -0.3271 -0.8847
vn 0.3046 -0.4643 -0.8317
vn 0.2724 -0.5835 -0.7650
vn 0.2367 -0.6868 -0.6873
vn 0.1986 -0.7742 -0.6010
vn 0.1587 -0.8465 -0.5082
vn 0.1177 -0.9042 -0.4107
vn 0.0762 -0.9478 -0.3097
vn 0.0347 -0.9777 -0.2070
vn -0.0063 -0.9946 -0.1036
vn -0.0466 -0.9989 -0.0006
vn -0.0857 -0.9912 0.1013
vn -0.1237 -0.9716 0.2017
vn -0.1606 -0.9401 0.3007
vn -0.1964 -0.8960 0.3984
vn -0.2311 -0.8380 0.4944
vn -0.2642 -0.7644 0.5882
vn -0.2950 -0.6734 0.6778
vn -0.3223 -0.5637 0.7605
vn -0.3444 -0.4350 0.8319
vn -0.2849 -0.2926 0.9128
vn -0.2957 -0.1362 0.9455
vn -0.2988 0.0249 0.9540
vn -0.2944 0.1828 0.9380
vn -0.2829 0.3313 0.9001
vn -0.2657 0.4663 0.8438
vn -0.2438 0.5858 0.7729
vn -0.2184 0.6890 0.6911
vn -0.1903 0.7764 0.6009
vn -0.1602 0.8484 0.5045
vn -0.1286 0.9058 0.4036
vn -0.0959 0.9492 0.2997
vn -0.0628 0.9789 0.1942
vn -0.0295 0.9956 0.0885
vn 0.0037 0.9999 -0.0166
vn 0.0364 0.9921 -0.1203
vn 0.0686 0.9725 -0.2224
vn 0.1003 0.9411 -0.3229
vn 0.1322 0.8964 -0.4230
vn 0.1766 0.8183 -0.5470
vn 0.2592 0.6230 -0.7381
vn 0.3592 0.1714 -0.9174
vn 0.3912 -0.1827 -0.9020
vn 0.3771 0.4390 -0.8155
vn 0.1964 0.8800 -0.4325
vn 0.2550 0.6461 -0.7194
vn 0.3022 0.1957 -0.9330
vn 0.2988 -0.1329 -0.9450
vn 0.2841 -0.3251 -0.9020
vn 0.2663 -0.4636 -0.8451
vn 0.2443 -0.5831 -0.7748
vn 0.2189 -0.6866 -0.6933
vn 0.1907 -0.7743 -0.6033
vn 0.1607 -0.8468 -0.5071
vn 0.1291 -0.9046 -0.4062
vn 0.0966 -0.9484 -0.3021
vn 0.0636 -0.9785 -0.1964
vn 0.0305 -0.9954 -0.0904
vn -0.0024 -0.9999 0.0151
vn -0.0349 -0.9923 0.1192
vn -0.0669 -0.9728 0.2216
vn -0.0984 -0.9415 0.3224
vn -0.1295 -0.8975 0.4216
vn -0.1600 -0.8397 0.5189
vn -0.1899 -0.7663 0.6138
vn -0.2184 -0.6756 0.7042
vn -0.2447 -0.5660 0.7872
vn -0.2674 -0.4375 0.8585
vn -0.2253 -0.2913 0.9297
vn -0.2388 -0.1350 0.9616
vn -0.2463 0.0260 0.9688
vn -0.2474 0.1837 0.9513
vn -0.2425 0.3321 0.9115
vn -0.2325 0.4669 0.8532
vn -0.2182 0.5861 0.7803
vn -0.2004 0.6892 0.6963
vn -0.1801 0.7764 0.6039
vn -0.1576 0.8483 0.5055
vn -0.1334 0.9056 0.4025
vn -0.1080 0.9489 0.2965
vn -0.0818 0.9785 0.1892
vn -0.0550 0.9951 0.0816
vn -0.0279 0.9993 -0.0253
vn -0.0009 0.9914 -0.1307
vn 0.0262 0.9718 -0.2343
vn 0.0532 0.9403 -0.3361
vn 0.0802 0.8962 -0.4364
vn 0.1122 0.8321 -0.5432
vn 0.1647 0.7078 -0.6870
vn 0.2476 0.4528 -0.8566
vn 0.3004 0.1456 -0.9426
vn 0.2389 0.3498 -0.9058
vn 0.1510 0.6604 -0.7356
vn 0.1918 0.4765 -0.8580
vn 0.2361 0.1280 -0.9633
vn 0.2470 -0.1456 -0.9580
vn 0.2429 -0.3271 -0.9132
vn 0.2327 -0.4647 -0.8543
vn 0.2184 -0.5841 -0.7818
vn 0.2007 -0.6873 -0.6981
vn 0.1803 -0.7748 -0.6060
vn 0.1578 -0.8470 -0.5076
vn 0.1337 -0.9046 -0.4047
vn 0.1083 -0.9482 -0.2985
vn 0.0821 -0.9781 -0.1910
vn 0.0554 -0.9950 -0.0832
vn 0.0285 -0.9993 0.0240
vn 0.0015 -0.9916 0.1296
vn -0.0254 -0.9720 0.2335
vn -0.0523 -0.9406 0.3355
vn -0.0792 -0.8965 0.4359
vn -0.1061 -0.8386 0.5344
vn -0.1328 -0.7651 0.6300
vn -0.1591 -0.6743 0.7211
vn -0.1840 -0.5647 0.8045
vn -0.2065 -0.4362 0.8758
vn -0.1761 -0.2884 0.9412
vn -0.1911 -0.1321 0.9726
vn -0.2013 0.0287 0.9791
vn -0.2063 0.1861 0.9606
vn -0.2061 0.3341 0.9197
vn -0.2014 0.4686 0.8602
vn -0.1928 0.5875 0.7860
vn -0.1811 0.6902 0.7006
vn -0.1667 0.7770 0.6070
vn -0.1503 0.8486 0.5072
vn -0.1321 0.9056 0.4029
vn -0.1126 0.9486 0.2957
vn -0.0920 0.9780 0.1870
vn -0.0706 0.9944 0.0782
vn -0.0487 0.9984 -0.0299
vn -0.0265 0.9903 -0.1364
vn -0.0040 0.9705 -0.2411
vn 0.0188 0.9388 -0.3441
vn 0.0421 0.8937 -0.4467
vn 0.0675 0.8171 -0.5726
vn 0.0958 0.6415 -0.7611
vn 0.1142 0.2738 -0.9550
vn 0.1029 -0.1279 -0.9864
vn 0.1039 0.4447 -0.8896
vn 0.0955 0.8535 -0.5123
vn 0.1682 0.5640 -0.8084
vn 0.2042 0.1557 -0.9665
vn 0.2095 -0.1411 -0.9676
vn 0.2067 -0.3287 -0.9215
vn 0.2015 -0.4669 -0.8611
vn 0.1929 -0.5858 -0.7872
vn 0.1811 -0.6886 -0.7022
vn 0.1668 -0.7756 -0.6087
vn 0.1504 -0.8475 -0.5091
vn 0.1322 -0.9048 -0.4048
vn 0.1127 -0.9481 -0.2974
vn 0.0921 -0.9777 -0.1886
vn 0.0708 -0.9943 -0.0796
vn 0.0490 -0.9984 0.0288
vn 0.0268 -0.9904 0.1355
vn 0.0043 -0.9707 0.2404
vn -0.0184 -0.9390 0.3435
vn -0.0415 -0.8947 0.4448
vn -0.0649 -0.8365 0.5441
vn -0.0886 -0.7628 0.6405
vn -0.1123 -0.6718 0.7322
vn -0.1355 -0.5620 0.8160
vn -0.1571 -0.4333 0.8875
vn -0.1338 -0.2849 0.9492
vn -0.1492 -0.1286 0.9804
vn -0.1608 0.0321 0.9865
vn -0.1681 0.1893 0.9674
vn -0.1712 0.3369 0.9258
vn -0.1703 0.4710 0.8655
vn -0.1661 0.5894 0.7906
vn -0.1590 0.6917 0.7044
vn -0.1495 0.7782 0.6100
vn -0.1380 0.8494 0.5094
vn -0.1248 0.9061 0.4043
vn -0.1102 0.9488 0.2962
vn -0.0945 0.9779 0.1867
vn -0.0779 0.9940 0.0770
vn -0.0606 0.9977 -0.0320
vn -0.0427 0.9893 -0.1393
vn -0.0244 0.9692 -0.2449
vn -0.0055 0.9372 -0.3487
vn 0.0141 0.8875 -0.4606
vn 0.0349 0.7796 -0.6253
vn 0.0520 0.5206 -0.8522
vn 0.0520 0.1042 -0.9932
vn 0.0101 0.2426 -0.9701
vn 0.0027 0.7997 -0.6004
vn 0.0695 0.7701 -0.6341
vn 0.1402 0.3965 -0.9073
vn 0.1622 0.0519 -0.9854
vn 0.1685 -0.1765 -0.9698
vn 0.1711 -0.3355 -0.9264
vn 0.1703 -0.4697 -0.8663
vn 0.1660 -0.5881 -0.7916
vn 0.1589 -0.6904 -0.7057
vn 0.1495 -0.7770 -0.6115
vn 0.1380 -0.8484 -0.5110
vn 0.1248 -0.9053 -0.4059
vn 0.1103 -0.9483 -0.2977
vn 0.0946 -0.9776 -0.1881
vn 0.0780 -0.9939 -0.0782
vn 0.0607 -0.9977 0.0310
vn 0.0429 -0.9894 0.1385
vn 0.0246 -0.9694 0.2442
vn 0.0058 -0.9374 0.3481
vn -0.0135 -0.8928 0.4502
vn -0.0335 -0.8344 0.5502
vn -0.0539 -0.7604 0.6473
vn -0.0748 -0.6690 0.7395
vn -0.0956 -0.5589 0.8237
vn -0.1156 -0.4300 0.8954
vn -0.0956 -0.2815 0.9548
vn -0.1101 -0.1250 0.9860
vn -0.1218 0.0357 0.9919
vn -0.1302 0.1928 0.9726
vn -0.1353 0.3402 0.9306
vn -0.1371 0.4739 0.8698
vn -0.1361 0.5920 0.7944
vn -0.1327 0.6939 0.7078
vn -0.1271 0.7799 0.6129
vn -0.1198 0.8507 0.5117
vn -0.1109 0.9071 0.4061
vn -0.1007 0.9494 0.2975
vn -0.0894 0.9782 0.1874
vn -0.0772 0.9940 0.0771
vn -0.0642 0.9974 -0.0325
vn -0.0506 0.9888 -0.1405
vn -0.0364 0.9684 -0.2467
vn -0.0217 0.9351 -0.3537
vn -0.0078 0.8686 -0.4955
vn 0.0003 0.6791 -0.7340
vn -0.0051 0.2308 -0.9730
vn -0.0155 -0.1738 -0.9847
vn -0.1277 0.5457 -0.8282
vn -0.0671 0.9873 -0.1443
vn 0.0447 0.8344 -0.5494
vn 0.1028 0.3730 -0.9221
vn 0.1217 0.0293 -0.9921
vn 0.1302 -0.1834 -0.9744
vn 0.1351 -0.3389 -0.9311
vn 0.1369 -0.4729 -0.8704
vn 0.1359 -0.5908 -0.7953
vn 0.1324 -0.6927 -0.7089
vn 0.1269 -0.7789 -0.6142
vn 0.1196 -0.8499 -0.5132
vn 0.1108 -0.9064 -0.4076
vn 0.1006 -0.9490 -0.2989
vn 0.0894 -0.9779 -0.1887
vn 0.0772 -0.9939 -0.0783
vn 0.0643 -0.9974 0.0315
vn 0.0507 -0.9889 0.1396
vn 0.0366 -0.9686 0.2460
vn 0.0218 -0.9363 0.3505
vn 0.0064 -0.8914 0.4532
vn -0.0097 -0.8326 0.5538
vn -0.0265 -0.7582 0.6514
vn -0.0439 -0.6665 0.7442
vn -0.0616 -0.5560 0.8289
vn -0.0792 -0.4268 0.9009
vn -0.0587 -0.2783 0.9587
vn -0.0710 -0.1216 0.9900
vn -0.0814 0.0393 0.9959
vn -0.0897 0.1964 0.9764
vn -0.0955 0.3437 0.9342
vn -0.0989 0.4772 0.8732
vn -0.1002 0.5949 0.7975
vn -0.0996 0.6965 0.7106
vn -0.0974 0.7822 0.6154
vn -0.0937 0.8526 0.5140
vn -0.0887 0.9086 0.4081
vn -0.0827 0.9506 0.2991
vn -0.0756 0.9791 0.1887
vn -0.0678 0.9946 0.0780
vn -0.0592 0.9977 -0.0320
vn -0.0500 0.9888 -0.1405
vn -0.0403 0.9680 -0.2475
vn -0.0308 0.9284 -0.3703
vn -0.0254 0.8151 -0.5788
vn -0.0277 0.4615 -0.8867
vn -0.0226 -0.0719 -0.9972
vn -0.0247 0.1872 -0.9820
vn -0.0457 0.9511 -0.3054
vn 0.0097 0.9977 -0.0674
vn 0.0576 0.7115 -0.7004
vn 0.0743 0.2786 -0.9575
vn 0.0824 -0.0047 -0.9966
vn 0.0895 -0.1923 -0.9772
vn 0.0950 -0.3432 -0.9345
vn 0.0984 -0.4764 -0.8737
vn 0.0996 -0.5940 -0.7983
vn 0.0990 -0.6955 -0.7117
vn 0.0968 -0.7812 -0.6167
vn 0.0932 -0.8519 -0.5154
vn 0.0883 -0.9080 -0.4096
vn 0.0823 -0.9502 -0.3005
vn 0.0754 -0.9789 -0.1900
vn 0.0676 -0.9946 -0.0792
vn 0.0591 -0.9978 0.0309
vn 0.0500 -0.9890 0.1395
vn 0.0403 -0.9684 0.2463
vn 0.0301 -0.9358 0.3513
vn 0.0191 -0.8906 0.4545
vn 0.0075 -0.8314 0.5556
vn -0.0049 -0.7567 0.6538
vn -0.0180 -0.6645 0.7470
vn -0.0316 -0.5537 0.8321
vn -0.0454 -0.4240 0.9045
vn -0.0204 -0.2757 0.9610
vn -0.0286 -0.1186 0.9925
vn -0.0361 0.0425 0.9984
vn -0.0426 0.1998 0.9789
vn -0.0479 0.3470 0.9366
vn -0.0518 0.4804 0.8755
vn -0.0545 0.5980 0.7996
vn -0.0561 0.6993 0.7126
vn -0.0567 0.7847 0.6173
vn -0.0563 0.8549 0.5157
vn -0.0551 0.9106 0.4097
vn -0.0532 0.9523 0.3005
vn -0.0505 0.9805 0.1899
vn -0.0473 0.9957 0.0790
vn -0.0436 0.9986 -0.0312
vn -0.0394 0.9894 -0.1400
vn -0.0349 0.9680 -0.2487
vn -0.0316 0.9195 -0.3918
vn -0.0340 0.7519 -0.6584
vn -0.0353 0.2848 -0.9579
vn -0.0248 -0.1350 -0.9905
vn -0.0356 0.6025 -0.7973
vn 0.0204 0.9938 0.1090
vn 0.0340 0.9705 -0.2388
vn 0.0359 0.5894 -0.8070
vn 0.0339 0.2116 -0.9768
vn 0.0365 -0.0271 -0.9990
vn 0.0415 -0.1992 -0.9791
vn 0.0464 -0.3471 -0.9367
vn 0.0502 -0.4801 -0.8758
vn 0.0528 -0.5974 -0.8002
vn 0.0544 -0.6985 -0.7135
vn 0.0549 -0.7839 -0.6184
vn 0.0547 -0.8542 -0.5171
vn 0.0536 -0.9100 -0.4112
vn 0.0519 -0.9519 -0.3020
vn 0.0495 -0.9803 -0.1914
vn 0.0465 -0.9957 -0.0805
vn 0.0430 -0.9986 0.0299
vn 0.0390 -0.9896 0.1387
vn 0.0345 -0.9687 0.2458
vn 0.0296 -0.9359 0.3511
vn 0.0242 -0.8904 0.4546
vn 0.0181 -0.8309 0.5561
vn 0.0115 -0.7558 0.6547
vn 0.0042 -0.6633 0.7483
vn -0.0037 -0.5520 0.8338
vn -0.0120 -0.4219 0.9066
vn 0.0222 -0.2746 0.9613
vn 0.0210 -0.1172 0.9929
vn 0.0194 0.0442 0.9988
vn 0.0174 0.2017 0.9793
vn 0.0151 0.3491 0.9370
vn 0.0126 0.4826 0.8758
vn 0.0100 0.6001 0.7998
vn 0.0073 0.7014 0.7128
vn 0.0046 0.7867 0.6173
vn 0.0018 0.8567 0.5157
vn -0.0009 0.9123 0.4096
vn -0.0035 0.9538 0.3004
vn -0.0062 0.9818 0.1898
vn -0.0088 0.9968 0.0788
vn -0.0113 0.9994 -0.0315
vn -0.0136 0.9900 -0.1402
vn -0.0161 0.9681 -0.2502
vn -0.0223 0.9132 -0.4069
vn -0.0476 0.7076 -0.7050
vn -0.0682 0.2111 -0.9751
vn -0.0475 -0.1227 -0.9913
vn -0.0149 0.7987 -0.6015
vn 0.0107 0.9730 0.2304
vn -0.0079 0.9180 -0.3965
vn -0.0201 0.5018 -0.8647
vn -0.0233 0.1696 -0.9852
vn -0.0224 -0.0402 -0.9989
vn -0.0202 -0.2029 -0.9790
vn -0.0175 -0.3498 -0.9367
vn -0.0146 -0.4826 -0.8757
vn -0.0115 -0.5998 -0.8001
vn -0.0083 -0.7007 -0.7134
vn -0.0052 -0.7859 -0.6184
vn -0.0020 -0.8559 -0.5171
vn 0.0010 -0.9115 -0.4112
vn 0.0039 -0.9532 -0.3022
vn 0.0067 -0.9814 -0.1916
vn 0.0093 -0.9967 -0.0807
vn 0.0117 -0.9995 0.0296
vn 0.0139 -0.9903 0.1384
vn 0.0159 -0.9693 0.2454
vn 0.0176 -0.9363 0.3507
vn 0.0193 -0.8907 0.4542
vn 0.0207 -0.8310 0.5559
vn 0.0217 -0.7557 0.6545
vn 0.0225 -0.6630 0.7483
vn 0.0228 -0.5514 0.8339
vn 0.0228 -0.4210 0.9068
vn 0.0880 -0.2742 0.9577
vn 0.0941 -0.1165 0.9887
vn 0.0978 0.0450 0.9942
vn 0.0991 0.2026 0.9742
vn 0.0979 0.3501 0.9316
vn 0.0944 0.4835 0.8702
vn 0.0891 0.6010 0.7943
vn 0.0822 0.7021 0.7073
vn 0.0740 0.7873 0.6121
vn 0.0648 0.8572 0.5109
vn 0.0548 0.9126 0.4052
vn 0.0441 0.9540 0.2966
vn 0.0330 0.9819 0.1865
vn 0.0216 0.9969 0.0763
vn 0.0101 0.9994 -0.0333
vn -0.0015 0.9900 -0.1414
vn -0.0136 0.9675 -0.2524
vn -0.0328 0.9071 -0.4197
vn -0.0654 0.6730 -0.7368
vn -0.1041 0.1669 -0.9805
vn -0.1201 -0.0155 -0.9926
vn -0.0544 0.8217 -0.5673
vn 0.0083 0.9831 0.1828
vn -0.0452 0.9395 -0.3394
vn -0.0893 0.5255 -0.8461
vn -0.1008 0.1815 -0.9782
vn -0.1027 -0.0357 -0.9941
vn -0.1019 -0.2015 -0.9742
vn -0.0991 -0.3487 -0.9320
vn -0.0944 -0.4816 -0.8713
vn -0.0880 -0.5989 -0.7960
vn -0.0804 -0.7000 -0.7096
vn -0.0718 -0.7853 -0.6150
vn -0.0624 -0.8555 -0.5141
vn -0.0526 -0.9112 -0.4086
vn -0.0424 -0.9530 -0.3000
vn -0.0320 -0.9813 -0.1898
vn -0.0215 -0.9966 -0.0794
vn -0.0110 -0.9995 0.0305
vn -0.0006 -0.9903 0.1389
vn 0.0098 -0.9694 0.2454
vn 0.0203 -0.9364 0.3504
vn 0.0304 -0.8907 0.4535
vn 0.0405 -0.8311 0.5547
vn 0.0508 -0.7558 0.6529
vn 0.0610 -0.6630 0.7462
vn 0.0709 -0.5513 0.8313
vn 0.0801 -0.4208 0.9036
vn 0.1939 -0.2732 0.9422
vn 0.1997 -0.1153 0.9730
vn 0.2004 0.0464 0.9786
vn 0.1959 0.2039 0.9592
vn 0.1868 0.3512 0.9175
vn 0.1739 0.4844 0.8574
vn 0.1579 0.6017 0.7829
vn 0.1397 0.7027 0.6977
vn 0.1198 0.7877 0.6043
vn 0.0987 0.8575 0.5050
vn 0.0766 0.9127 0.4013
vn 0.0539 0.9541 0.2946
vn 0.0310 0.9820 0.1865
vn 0.0082 0.9969 0.0781
vn -0.0144 0.9995 -0.0296
vn -0.0366 0.9900 -0.1359
vn -0.0590 0.9680 -0.2441
vn -0.0906 0.9111 -0.4022
vn -0.1468 0.6963 -0.7025
vn -0.1946 0.1853 -0.9632
vn -0.2164 -0.1066 -0.9705
vn -0.1936 0.6982 -0.6892
vn 0.0486 0.9925 0.1121
vn -0.0426 0.9497 -0.3103
vn -0.1652 0.5445 -0.8223
vn -0.1984 0.1896 -0.9616
vn -0.2026 -0.0330 -0.9787
vn -0.1977 -0.1998 -0.9597
vn -0.1879 -0.3472 -0.9188
vn -0.1743 -0.4803 -0.8596
vn -0.1579 -0.5978 -0.7860
vn -0.1394 -0.6990 -0.7014
vn -0.1194 -0.7845 -0.6085
vn -0.0983 -0.8549 -0.5095
vn -0.0764 -0.9108 -0.4058
vn -0.0540 -0.9527 -0.2991
vn -0.0315 -0.9811 -0.1907
vn -0.0092 -0.9966 -0.0820
vn 0.0129 -0.9996 0.0263
vn 0.0346 -0.9905 0.1331
vn 0.0555 -0.9697 0.2381
vn 0.0760 -0.9367 0.3418
vn 0.0962 -0.8910 0.4436
vn 0.1159 -0.8314 0.5435
vn 0.1350 -0.7559 0.6406
vn 0.1531 -0.6629 0.7329
vn 0.1696 -0.5510 0.8171
vn 0.1836 -0.4201 0.8887
vn 0.3151 -0.2687 0.9102
vn 0.3168 -0.1109 0.9420
vn 0.3104 0.0505 0.9493
vn 0.2963 0.2077 0.9323
vn 0.2756 0.3546 0.8935
vn 0.2500 0.4873 0.8367
vn 0.2205 0.6040 0.7658
vn 0.1885 0.7044 0.6843
vn 0.1547 0.7889 0.5947
vn 0.1197 0.8582 0.4992
vn 0.0839 0.9130 0.3992
vn 0.0478 0.9540 0.2960
vn 0.0119 0.9814 0.1915
vn -0.0235 0.9960 0.0865
vn -0.0581 0.9981 -0.0181
vn -0.0918 0.9884 -0.1214
vn -0.1248 0.9662 -0.2254
vn -0.1686 0.9132 -0.3711
vn -0.2468 0.7180 -0.6508
vn -0.3278 0.1861 -0.9262
vn -0.3403 -0.2631 -0.9028
vn -0.2756 0.7180 -0.6391
vn 0.0713 0.9830 0.1692
vn -0.1434 0.9027 -0.4057
vn -0.2850 0.4853 -0.8266
vn -0.3152 0.1608 -0.9353
vn -0.3121 -0.0439 -0.9490
vn -0.2985 -0.2047 -0.9322
vn -0.2781 -0.3512 -0.8941
vn -0.2526 -0.4836 -0.8380
vn -0.2232 -0.6004 -0.7679
vn -0.1910 -0.7010 -0.6871
vn -0.1570 -0.7859 -0.5981
vn -0.1217 -0.8557 -0.5030
vn -0.0856 -0.9111 -0.4033
vn -0.0491 -0.9525 -0.3004
vn -0.0127 -0.9806 -0.1957
vn 0.0231 -0.9956 -0.0906
vn 0.0582 -0.9982 0.0142
vn 0.0922 -0.9888 0.1177
vn 0.1251 -0.9675 0.2198
vn 0.1568 -0.9342 0.3204
vn 0.1873 -0.8882 0.4196
vn 0.2164 -0.8281 0.5171
vn 0.2437 -0.7523 0.6121
vn 0.2684 -0.6590 0.7026
vn 0.2896 -0.5468 0.7856
vn 0.3056 -0.4157 0.8566
vn 0.4311 -0.2573 0.8648
vn 0.4313 -0.0995 0.8967
vn 0.4204 0.0616 0.9052
vn 0.3991 0.2180 0.8906
vn 0.3692 0.3637 0.8552
vn 0.3327 0.4951 0.8026
vn 0.2913 0.6104 0.7366
vn 0.2466 0.7094 0.6602
vn 0.1997 0.7926 0.5761
vn 0.1514 0.8607 0.4860
vn 0.1023 0.9144 0.3916
vn 0.0529 0.9544 0.2939
vn 0.0039 0.9809 0.1947
vn -0.0443 0.9945 0.0948
vn -0.0914 0.9958 -0.0050
vn -0.1370 0.9851 -0.1037
vn -0.1828 0.9616 -0.2045
vn -0.2518 0.9013 -0.3526
vn -0.3797 0.6783 -0.6291
vn -0.4661 0.1139 -0.8773
vn -0.4141 -0.2542 -0.8740
vn -0.3286 0.7610 -0.5593
vn 0.0065 0.9914 0.1306
vn -0.2616 0.8505 -0.4562
vn -0.4079 0.4337 -0.8034
vn -0.4317 0.1357 -0.8918
vn -0.4223 -0.0575 -0.9046
vn -0.4015 -0.2156 -0.8901
vn -0.3720 -0.3608 -0.8553
vn -0.3357 -0.4919 -0.8034
vn -0.2945 -0.6071 -0.7380
vn -0.2498 -0.7063 -0.6624
vn -0.2028 -0.7898 -0.5789
vn -0.1542 -0.8583 -0.4893
vn -0.1048 -0.9126 -0.3953
vn -0.0550 -0.9530 -0.2980
vn -0.0055 -0.9800 -0.1988
vn 0.0432 -0.9942 -0.0988
vn 0.0908 -0.9959 0.0010
vn 0.1368 -0.9856 0.0999
vn 0.1811 -0.9634 0.1976
vn 0.2238 -0.9292 0.2941
vn 0.2647 -0.8822 0.3894
vn 0.3036 -0.8211 0.4833
vn 0.3399 -0.7443 0.5749
vn 0.3725 -0.6499 0.6625
vn 0.3999 -0.5367 0.7430
vn 0.4201 -0.4048 0.8122
vn 0.5420 -0.2412 0.8050
vn 0.5423 -0.0830 0.8361
vn 0.5285 0.0777 0.8454
vn 0.5018 0.2331 0.8330
vn 0.4642 0.3774 0.8013
vn 0.4184 0.5070 0.7536
vn 0.3666 0.6205 0.6933
vn 0.3107 0.7176 0.6233
vn 0.2521 0.7990 0.5460
vn 0.1917 0.8654 0.4630
vn 0.1302 0.9176 0.3757
vn 0.0683 0.9560 0.2852
vn 0.0067 0.9812 0.1930
vn -0.0539 0.9935 0.1000
vn -0.1132 0.9936 0.0068
vn -0.1707 0.9816 -0.0856
vn -0.2339 0.9547 -0.1841
vn -0.3482 0.8729 -0.3417
vn -0.5387 0.5803 -0.6108
vn -0.6044 0.0189 -0.7965
vn -0.5063 0.1166 -0.8544
vn -0.1712 0.9512 -0.2569
vn -0.0303 0.9968 0.0742
vn -0.3796 0.7829 -0.4929
vn -0.5244 0.3788 -0.7626
vn -0.5435 0.1083 -0.8324
vn -0.5304 -0.0751 -0.8444
vn -0.5041 -0.2314 -0.8321
vn -0.4671 -0.3750 -0.8008
vn -0.4217 -0.5042 -0.7536
vn -0.3702 -0.6176 -0.6940
vn -0.3144 -0.7148 -0.6247
vn -0.2557 -0.7964 -0.5480
vn -0.1951 -0.8632 -0.4656
vn -0.1334 -0.9158 -0.3788
vn -0.0712 -0.9548 -0.2887
vn -0.0092 -0.9804 -0.1967
vn 0.0519 -0.9932 -0.1038
vn 0.1117 -0.9937 -0.0107
vn 0.1696 -0.9821 0.0818
vn 0.2255 -0.9587 0.1734
vn 0.2794 -0.9231 0.2641
vn 0.3311 -0.8747 0.3539
vn 0.3803 -0.8121 0.4425
vn 0.4262 -0.7337 0.5292
vn 0.4676 -0.6377 0.6122
vn 0.5024 -0.5229 0.6886
vn 0.5281 -0.3896 0.7545
vn 0.6452 -0.2227 0.7308
vn 0.6470 -0.0639 0.7598
vn 0.6319 0.0967 0.7690
vn 0.6012 0.2512 0.7586
vn 0.5577 0.3940 0.7306
vn 0.5042 0.5217 0.6881
vn 0.4437 0.6331 0.6343
vn 0.3782 0.7282 0.5716
vn 0.3093 0.8076 0.5022
vn 0.2381 0.8721 0.4276
vn 0.1655 0.9224 0.3489
vn 0.0922 0.9592 0.2672
vn 0.0191 0.9828 0.1837
vn -0.0531 0.9936 0.0993
vn -0.1240 0.9922 0.0145
vn -0.1999 0.9771 -0.0731
vn -0.3197 0.9294 -0.1844
vn -0.5340 0.7656 -0.3587
vn -0.7376 0.3846 -0.5550
vn -0.7247 0.0701 -0.6855
vn -0.4686 0.5920 -0.6557
vn 0.0483 0.9983 -0.0333
vn -0.0755 0.9921 -0.1006
vn -0.4779 0.6969 -0.5348
vn -0.6235 0.3300 -0.7087
vn -0.6466 0.0831 -0.7583
vn -0.6333 -0.0951 -0.7681
vn -0.6032 -0.2500 -0.7574
vn -0.5604 -0.3921 -0.7296
vn -0.5075 -0.5194 -0.6875
vn -0.4474 -0.6306 -0.6342
vn -0.3822 -0.7256 -0.5722
vn -0.3134 -0.8052 -0.5034
vn -0.2421 -0.8700 -0.4294
vn -0.1694 -0.9208 -0.3513
vn -0.0958 -0.9581 -0.2701
vn -0.0223 -0.9821 -0.1869
vn 0.0503 -0.9934 -0.1027
vn 0.1216 -0.9924 -0.0180
vn 0.1910 -0.9794 0.0662
vn 0.2581 -0.9544 0.1498
vn 0.3231 -0.9173 0.2328
vn 0.3857 -0.8671 0.3151
vn 0.4455 -0.8027 0.3965
vn 0.5015 -0.7223 0.4762
vn 0.5522 -0.6243 0.5526
vn 0.5951 -0.5075 0.6232
vn 0.6272 -0.3724 0.6840
vn 0.7381 -0.2043 0.6430
vn 0.7424 -0.0446 0.6685
vn 0.7272 0.1160 0.6765
vn 0.6942 0.2698 0.6673
vn 0.6462 0.4113 0.6428
vn 0.5869 0.5373 0.6057
vn 0.5193 0.6468 0.5586
vn 0.4458 0.7398 0.5039
vn 0.3682 0.8173 0.4433
vn 0.2879 0.8799 0.3781
vn 0.2056 0.9285 0.3093
vn 0.1222 0.9636 0.2377
vn 0.0389 0.9856 0.1644
vn -0.0439 0.9950 0.0902
vn -0.1304 0.9914 0.0129
vn -0.2557 0.9629 -0.0863
vn -0.4809 0.8430 -0.2411
vn -0.7357 0.5380 -0.4116
vn -0.8055 0.3198 -0.4990
vn -0.7407 0.4491 -0.4997
vn -0.1817 0.9732 -0.1407
vn -0.0193 0.9990 0.0411
vn -0.4614 0.8298 -0.3138
vn -0.6766 0.5046 -0.5362
vn -0.7368 0.2426 -0.6312
vn -0.7435 0.0483 -0.6670
vn -0.7281 -0.1162 -0.6756
vn -0.6956 -0.2691 -0.6661
vn -0.6485 -0.4097 -0.6416
vn -0.5898 -0.5353 -0.6047
vn -0.5228 -0.6445 -0.5580
vn -0.4497 -0.7375 -0.5038
vn -0.3724 -0.8151 -0.4437
vn -0.2922 -0.8780 -0.3791
vn -0.2099 -0.9270 -0.3109
vn -0.1263 -0.9626 -0.2398
vn -0.0427 -0.9850 -0.1669
vn 0.0404 -0.9948 -0.0930
vn 0.1222 -0.9923 -0.0186
vn 0.2021 -0.9778 0.0555
vn 0.2799 -0.9513 0.1293
vn 0.3553 -0.9125 0.2025
vn 0.4284 -0.8606 0.2753
vn 0.4984 -0.7943 0.3474
vn 0.5645 -0.7118 0.4179
vn 0.6246 -0.6116 0.4856
vn 0.6760 -0.4926 0.5480
vn 0.7151 -0.3556 0.6018
vn 0.8179 -0.1888 0.5435
vn 0.8254 -0.0281 0.5638
vn 0.8113 0.1328 0.5693
vn 0.7771 0.2862 0.5605
vn 0.7263 0.4267 0.5389
vn 0.6626 0.5514 0.5069
vn 0.5896 0.6593 0.4667
vn 0.5098 0.7507 0.4202
vn 0.4253 0.8265 0.3689
vn 0.3374 0.8875 0.3139
vn 0.2471 0.9346 0.2558
vn 0.1552 0.9683 0.1955
vn 0.0631 0.9890 0.1337
vn -0.0290 0.9971 0.0709
vn -0.1316 0.9913 0.0015
vn -0.2929 0.9503 -0.1052
vn -0.5659 0.7721 -0.2891
vn -0.7659 0.4465 -0.4627
vn -0.8181 0.2893 -0.4971
vn -0.6333 0.6753 -0.3781
vn -0.1101 0.9939 0.0040
vn -0.1376 0.9797 0.1459
vn -0.4862 0.8682 -0.0989
vn -0.7248 0.5825 -0.3679
vn -0.8155 0.2705 -0.5117
vn -0.8274 0.0413 -0.5600
vn -0.8117 -0.1327 -0.5688
vn -0.7778 -0.2858 -0.5597
vn -0.7278 -0.4254 -0.5379
vn -0.6649 -0.5495 -0.5059
vn -0.5925 -0.6572 -0.4659
vn -0.5133 -0.7485 -0.4198
vn -0.4292 -0.8244 -0.3689
vn -0.3416 -0.8857 -0.3143
vn -0.2514 -0.9332 -0.2567
vn -0.1596 -0.9674 -0.1968
vn -0.0672 -0.9885 -0.1354
vn 0.0247 -0.9970 -0.0731
vn 0.1157 -0.9932 -0.0105
vn 0.2049 -0.9774 0.0520
vn 0.2920 -0.9496 0.1141
vn 0.3770 -0.9094 0.1758
vn 0.4595 -0.8559 0.2371
vn 0.5391 -0.7879 0.2976
vn 0.6145 -0.7036 0.3568
vn 0.6836 -0.6014 0.4135
vn 0.7433 -0.4804 0.4654
vn 0.7895 -0.3416 0.5099
vn 0.8821 -0.1785 0.4359
vn 0.8933 -0.0171 0.4492
vn 0.8809 0.1442 0.4508
vn 0.8468 0.2974 0.4411
vn 0.7944 0.4373 0.4216
vn 0.7279 0.5612 0.3941
vn 0.6509 0.6681 0.3605
vn 0.5665 0.7585 0.3222
vn 0.4767 0.8332 0.2803
vn 0.3829 0.8932 0.2357
vn 0.2862 0.9394 0.1889
vn 0.1877 0.9722 0.1404
vn 0.0884 0.9919 0.0909
vn -0.0108 0.9991 0.0409
vn -0.1142 0.9933 -0.0146
vn -0.2557 0.9609 -0.1060
vn -0.5066 0.8179 -0.2728
vn -0.7498 0.4945 -0.4395
vn -0.7792 0.3135 -0.5428
vn -0.7139 0.4463 -0.5396
vn -0.6463 0.6879 -0.3303
vn -0.2808 0.9583 -0.0530
vn -0.1958 0.9804 -0.0214
vn -0.6158 0.7506 -0.2395
vn -0.8449 0.3585 -0.3970
vn -0.8922 0.0554 -0.4483
vn -0.8799 -0.1424 -0.4532
vn -0.8461 -0.2976 -0.4421
vn -0.7948 -0.4365 -0.4216
vn -0.7293 -0.5596 -0.3938
vn -0.6531 -0.6661 -0.3601
vn -0.5694 -0.7564 -0.3219
vn -0.4801 -0.8312 -0.2802
vn -0.3868 -0.8915 -0.2358
vn -0.2904 -0.9380 -0.1893
vn -0.1919 -0.9712 -0.1411
vn -0.0926 -0.9914 -0.0919
vn 0.0066 -0.9991 -0.0423
vn 0.1050 -0.9944 0.0076
vn 0.2019 -0.9777 0.0571
vn 0.2968 -0.9490 0.1062
vn 0.3897 -0.9078 0.1547
vn 0.4803 -0.8533 0.2027
vn 0.5680 -0.7841 0.2500
vn 0.6515 -0.6986 0.2958
vn 0.7286 -0.5950 0.3393
vn 0.7958 -0.4726 0.3787
vn 0.8485 -0.3324 0.4117
vn 0.9294 -0.1753 0.3247
vn 0.9441 -0.0137 0.3295
vn 0.9339 0.1477 0.3257
vn 0.9005 0.3009 0.3139
vn 0.8477 0.4407 0.2954
vn 0.7796 0.5643 0.2716
vn 0.7002 0.6710 0.2439
vn 0.6126 0.7611 0.2133
vn 0.5190 0.8355 0.1805
vn 0.4210 0.8952 0.1461
vn 0.3197 0.9411 0.1105
vn 0.2160 0.9736 0.0740
vn 0.1114 0.9931 0.0372
vn 0.0066 1.0000 0.0004
vn -0.0996 0.9943 -0.0377
vn -0.2220 0.9710 -0.0891
vn -0.3921 0.8953 -0.2114
vn -0.5574 0.7310 -0.3936
vn -0.6709 0.5277 -0.5210
vn -0.8697 0.1810 -0.4593
vn -0.9191 0.2170 -0.3288
vn -0.4926 0.8505 -0.1842
vn -0.2679 0.9620 -0.0523
vn -0.5778 0.8016 -0.1537
vn -0.8638 0.4188 -0.2801
vn -0.9417 0.0724 -0.3286
vn -0.9315 -0.1487 -0.3321
vn -0.8963 -0.3067 -0.3202
vn -0.8452 -0.4428 -0.2993
vn -0.7796 -0.5636 -0.2731
vn -0.7017 -0.6693 -0.2443
vn -0.6148 -0.7592 -0.2135
vn -0.5219 -0.8337 -0.1807
vn -0.4244 -0.8936 -0.1463
vn -0.3234 -0.9397 -0.1108
vn -0.2200 -0.9726 -0.0744
vn -0.1155 -0.9926 -0.0378
vn -0.0108 -0.9999 -0.0011
vn 0.0933 -0.9950 0.0353
vn 0.1959 -0.9780 0.0712
vn 0.2968 -0.9490 0.1063
vn 0.3957 -0.9075 0.1408
vn 0.4925 -0.8527 0.1744
vn 0.5865 -0.7831 0.2069
vn 0.6764 -0.6971 0.2379
vn 0.7597 -0.5931 0.2667
vn 0.8329 -0.4702 0.2918
vn 0.8912 -0.3296 0.3117
vn 0.9598 -0.1800 0.2152
vn 0.9775 -0.0189 0.2102
vn 0.9695 0.1422 0.1998
vn 0.9374 0.2953 0.1848
vn 0.8848 0.4353 0.1661
vn 0.8162 0.5593 0.1449
vn 0.7356 0.6664 0.1221
vn 0.6461 0.7569 0.0982
vn 0.5501 0.8318 0.0738
vn 0.4492 0.8921 0.0490
vn 0.3447 0.9384 0.0242
vn 0.2376 0.9714 -0.0006
vn 0.1293 0.9913 -0.0250
vn 0.0208 0.9986 -0.0488
vn -0.0872 0.9936 -0.0719
vn -0.1910 0.9770 -0.0943
vn -0.2970 0.9462 -0.1284
vn -0.4621 0.8628 -0.2052
vn -0.7174 0.6202 -0.3173
vn -0.9274 0.0914 -0.3626
vn -0.9405 -0.0465 -0.3366
vn -0.7687 0.5777 -0.2745
vn -0.3404 0.9337 -0.1106
vn -0.4459 0.8842 -0.1391
vn -0.8215 0.5320 -0.2053
vn -0.9651 0.1408 -0.2210
vn -0.9705 -0.1196 -0.2095
vn -0.9336 -0.3050 -0.1878
vn -0.8776 -0.4502 -0.1645
vn -0.8127 -0.5645 -0.1443
vn -0.7364 -0.6652 -0.1232
vn -0.6478 -0.7553 -0.0992
vn -0.5524 -0.8302 -0.0745
vn -0.4521 -0.8906 -0.0495
vn -0.3480 -0.9372 -0.0245
vn -0.2413 -0.9705 0.0003
vn -0.1332 -0.9908 0.0248
vn -0.0247 -0.9985 0.0486
vn 0.0832 -0.9940 0.0716
vn 0.1898 -0.9774 0.0936
vn 0.2946 -0.9487 0.1146
vn 0.3975 -0.9077 0.1345
vn 0.4984 -0.8533 0.1531
vn 0.5965 -0.7843 0.1704
vn 0.6906 -0.6989 0.1860
vn 0.7782 -0.5956 0.1991
vn 0.8556 -0.4736 0.2089
vn 0.9180 -0.3336 0.2146
vn 0.9742 -0.1903 0.1211
vn 0.9938 -0.0304 0.1073
vn 0.9875 0.1294 0.0904
vn 0.9566 0.2825 0.0714
vn 0.9049 0.4225 0.0515
vn 0.8366 0.5469 0.0312
vn 0.7558 0.6547 0.0109
vn 0.6657 0.7462 -0.0089
vn 0.5687 0.8221 -0.0279
vn 0.4664 0.8834 -0.0457
vn 0.3601 0.9308 -0.0624
vn 0.2510 0.9649 -0.0776
vn 0.1406 0.9858 -0.0914
vn 0.0298 0.9942 -0.1035
vn -0.0805 0.9902 -0.1140
vn -0.1876 0.9745 -0.1227
vn -0.2805 0.9503 -0.1352
vn -0.3952 0.9044 -0.1610
vn -0.5897 0.7814 -0.2042
vn -0.8261 0.4982 -0.2634
vn -0.9370 0.0795 -0.3402
vn -0.9218 0.0549 -0.3839
vn -0.6706 0.6858 -0.2827
vn -0.4929 0.8591 -0.1378
vn -0.8346 0.5342 -0.1341
vn -0.9828 0.1495 -0.1083
vn -0.9895 -0.1227 -0.0769
vn -0.9535 -0.2967 -0.0520
vn -0.9029 -0.4285 -0.0351
vn -0.8382 -0.5451 -0.0181
vn -0.7580 -0.6522 0.0007
vn -0.6682 -0.7437 0.0189
vn -0.5714 -0.8199 0.0359
vn -0.4694 -0.8815 0.0519
vn -0.3633 -0.9293 0.0668
vn -0.2544 -0.9637 0.0804
vn -0.1441 -0.9852 0.0929
vn -0.0334 -0.9940 0.1041
vn 0.0768 -0.9905 0.1140
vn 0.1856 -0.9750 0.1225
vn 0.2925 -0.9474 0.1298
vn 0.3976 -0.9075 0.1356
vn 0.5005 -0.8543 0.1401
vn 0.6006 -0.7866 0.1429
vn 0.6968 -0.7027 0.1439
vn 0.7864 -0.6010 0.1426
vn 0.8659 -0.4806 0.1386
vn 0.9303 -0.3424 0.1316
vn 0.9759 -0.2178 -0.0133
vn 0.9974 -0.0602 -0.0391
vn 0.9930 0.0990 -0.0639
vn 0.9637 0.2524 -0.0870
vn 0.9128 0.3937 -0.1080
vn 0.8447 0.5201 -0.1262
vn 0.7635 0.6302 -0.1413
vn 0.6725 0.7241 -0.1534
vn 0.5742 0.8025 -0.1625
vn 0.4705 0.8662 -0.1685
vn 0.3629 0.9159 -0.1718
vn 0.2525 0.9521 -0.1723
vn 0.1410 0.9753 -0.1702
vn 0.0293 0.9858 -0.1656
vn -0.0815 0.9839 -0.1588
vn -0.1685 0.9724 -0.1613
vn -0.2261 0.9555 -0.1897
vn -0.3309 0.9151 -0.2306
vn -0.5126 0.8217 -0.2490
vn -0.7194 0.6486 -0.2487
vn -0.9218 0.3177 -0.2222
vn -0.9886 -0.0645 -0.1357
vn -0.8800 0.4561 -0.1327
vn -0.5213 0.8453 -0.1175
vn -0.8143 0.5758 -0.0733
vn -0.9822 0.1876 -0.0076
vn -0.9920 -0.1150 0.0529
vn -0.9527 -0.2875 0.0986
vn -0.9093 -0.3971 0.1245
vn -0.8458 -0.5148 0.1403
vn -0.7656 -0.6247 0.1534
vn -0.6757 -0.7189 0.1632
vn -0.5784 -0.7979 0.1700
vn -0.4755 -0.8623 0.1740
vn -0.3685 -0.9129 0.1754
vn -0.2586 -0.9501 0.1745
vn -0.1474 -0.9741 0.1713
vn -0.0359 -0.9855 0.1661
vn 0.0749 -0.9844 0.1590
vn 0.1840 -0.9714 0.1501
vn 0.2911 -0.9464 0.1396
vn 0.3961 -0.9093 0.1274
vn 0.4988 -0.8592 0.1134
vn 0.5989 -0.7949 0.0973
vn 0.6949 -0.7147 0.0793
vn 0.7847 -0.6170 0.0591
vn 0.8648 -0.5008 0.0366
vn 0.9303 -0.3666 0.0122
vn 0.9426 -0.2688 -0.1982
vn 0.9641 -0.1161 -0.2390
vn 0.9609 0.0405 -0.2740
vn 0.9337 0.1933 -0.3015
vn 0.8852 0.3367 -0.3208
vn 0.8195 0.4669 -0.3322
vn 0.7404 0.5820 -0.3363
vn 0.6512 0.6815 -0.3339
vn 0.5546 0.7656 -0.3259
vn 0.4526 0.8350 -0.3130
vn 0.3466 0.8901 -0.2958
vn 0.2382 0.9315 -0.2749
vn 0.1290 0.9594 -0.2509
vn 0.0201 0.9743 -0.2241
vn -0.0720 0.9770 -0.2007
vn -0.0977 0.9726 -0.2109
vn -0.1157 0.9637 -0.2408
vn -0.2818 0.9305 -0.2341
vn -0.5403 0.8222 -0.1790
vn -0.7256 0.6805 -0.1022
vn -0.8674 0.4974 -0.0135
vn -0.9704 0.2246 0.0890
vn -0.9867 -0.0112 0.1622
vn -0.9010 0.4245 0.0892
vn -0.7587 0.6503 0.0383
vn -0.9329 0.3282 0.1482
vn -0.9669 -0.0866 0.2399
vn -0.8960 -0.3431 0.2819
vn -0.8639 -0.4032 0.3017
vn -0.8212 -0.4734 0.3187
vn -0.7440 -0.5811 0.3299
vn -0.6560 -0.6791 0.3294
vn -0.5602 -0.7631 0.3223
vn -0.4587 -0.8326 0.3104
vn -0.3533 -0.8880 0.2942
vn -0.2451 -0.9299 0.2743
vn -0.1360 -0.9584 0.2511
vn -0.0270 -0.9740 0.2251
vn 0.0808 -0.9771 0.1966
vn 0.1865 -0.9683 0.1660
vn 0.2897 -0.9478 0.1334
vn 0.3904 -0.9153 0.0988
vn 0.4885 -0.8704 0.0622
vn 0.5837 -0.8116 0.0232
vn 0.6748 -0.7377 -0.0183
vn 0.7600 -0.6469 -0.0621
vn 0.8360 -0.5380 -0.1076
vn 0.8986 -0.4111 -0.1536
vn 0.8815 -0.3209 -0.3463
vn 0.9013 -0.1731 -0.3972
vn 0.8985 -0.0194 -0.4385
vn 0.8735 0.1331 -0.4682
vn 0.8284 0.2784 -0.4859
vn 0.7667 0.4124 -0.4921
vn 0.6917 0.5325 -0.4878
vn 0.6068 0.6377 -0.4745
vn 0.5146 0.7278 -0.4533
vn 0.4170 0.8032 -0.4254
vn 0.3158 0.8641 -0.3920
vn 0.2125 0.9109 -0.3537
vn 0.1087 0.9439 -0.3117
vn 0.0058 0.9638 -0.2666
vn -0.0909 0.9711 -0.2206
vn -0.0865 0.9748 -0.2056
vn -0.0643 0.9772 -0.2021
vn -0.2106 0.9659 -0.1503
vn -0.4835 0.8740 -0.0495
vn -0.7195 0.6916 0.0630
vn -0.8755 0.4528 0.1690
vn -0.9560 0.0522 0.2888
vn -0.9388 -0.0395 0.3422
vn -0.9141 0.2766 0.2964
vn -0.7969 0.5617 0.2223
vn -0.8477 0.4646 0.2562
vn -0.9221 0.0930 0.3757
vn -0.8711 -0.2320 0.4329
vn -0.7905 -0.4143 0.4511
vn -0.7399 -0.4885 0.4626
vn -0.6891 -0.5514 0.4702
vn -0.6113 -0.6385 0.4675
vn -0.5195 -0.7265 0.4499
vn -0.4221 -0.8016 0.4234
vn -0.3210 -0.8625 0.3912
vn -0.2176 -0.9096 0.3540
vn -0.1137 -0.9430 0.3129
vn -0.0106 -0.9632 0.2684
vn 0.0909 -0.9710 0.2213
vn 0.1898 -0.9666 0.1721
vn 0.2857 -0.9506 0.1210
vn 0.3788 -0.9230 0.0680
vn 0.4689 -0.8832 0.0130
vn 0.5558 -0.8301 -0.0443
vn 0.6387 -0.7624 -0.1037
vn 0.7159 -0.6784 -0.1651
vn 0.7848 -0.5766 -0.2273
vn 0.8415 -0.4567 -0.2887
vn 0.8164 -0.3642 -0.4482
vn 0.8338 -0.2205 -0.5061
vn 0.8307 -0.0691 -0.5524
vn 0.8071 0.0830 -0.5846
vn 0.7647 0.2298 -0.6020
vn 0.7064 0.3667 -0.6054
vn 0.6355 0.4909 -0.5959
vn 0.5551 0.6007 -0.5753
vn 0.4676 0.6959 -0.5451
vn 0.3752 0.7762 -0.5067
vn 0.2796 0.8419 -0.4615
vn 0.1824 0.8934 -0.4106
vn 0.0852 0.9308 -0.3554
vn -0.0108 0.9549 -0.2968
vn -0.1046 0.9662 -0.2356
vn -0.1861 0.9664 -0.1772
vn -0.1572 0.9741 -0.1625
vn -0.1232 0.9795 -0.1592
vn -0.2895 0.9537 -0.0814
vn -0.5393 0.8411 0.0417
vn -0.7333 0.6605 0.1614
vn -0.8702 0.4111 0.2715
vn -0.9298 -0.0114 0.3678
vn -0.8080 -0.4419 0.3897
vn -0.9073 0.1844 0.3778
vn -0.7091 0.6632 0.2395
vn -0.8794 0.1992 0.4323
vn -0.8248 -0.2153 0.5228
vn -0.7194 -0.4290 0.5462
vn -0.6355 -0.5364 0.5553
vn -0.5813 -0.5867 0.5638
vn -0.5456 -0.6195 0.5644
vn -0.4764 -0.6955 0.5379
vn -0.3876 -0.7770 0.4961
vn -0.2979 -0.8445 0.4450
vn -0.2004 -0.8995 0.3882
vn -0.1099 -0.9371 0.3312
vn -0.0173 -0.9640 0.2653
vn 0.0803 -0.9757 0.2038
vn 0.1829 -0.9715 0.1510
vn 0.2783 -0.9552 0.1012
vn 0.3645 -0.9302 0.0434
vn 0.4462 -0.8946 -0.0228
vn 0.5246 -0.8463 -0.0924
vn 0.5991 -0.7837 -0.1639
vn 0.6683 -0.7051 -0.2368
vn 0.7299 -0.6091 -0.3101
vn 0.7806 -0.4949 -0.3817
vn 0.7411 -0.4068 -0.5341
vn 0.7552 -0.2671 -0.5986
vn 0.7510 -0.1183 -0.6496
vn 0.7283 0.0331 -0.6844
vn 0.6885 0.1811 -0.7022
vn 0.6341 0.3208 -0.7035
vn 0.5680 0.4490 -0.6898
vn 0.4930 0.5636 -0.6628
vn 0.4115 0.6638 -0.6245
vn 0.3255 0.7493 -0.5767
vn 0.2369 0.8200 -0.5210
vn 0.1471 0.8762 -0.4589
vn 0.0579 0.9182 -0.3919
vn -0.0297 0.9464 -0.3215
vn -0.1147 0.9618 -0.2487
vn -0.1951 0.9649 -0.1757
vn -0.2443 0.9614 -0.1267
vn -0.1820 0.9695 -0.1642
vn -0.1731 0.9776 -0.1198
vn -0.3879 0.9200 0.0557
vn -0.6029 0.7667 0.2207
vn -0.7522 0.5551 0.3549
vn -0.8280 0.2965 0.4759
vn -0.7976 -0.1533 0.5834
vn -0.7685 -0.3453 0.5387
vn -0.8204 0.3289 0.4678
vn -0.7484 0.4759 0.4620
vn -0.7661 -0.0891 0.6365
vn -0.6420 -0.4341 0.6320
vn -0.5343 -0.5842 0.6109
vn -0.4659 -0.6502 0.6002
vn -0.4622 -0.6443 0.6093
vn -0.4560 -0.6463 0.6118
vn -0.4106 -0.7169 0.5635
vn -0.3723 -0.7841 0.4966
vn -0.3303 -0.8438 0.4229
vn -0.2628 -0.9055 0.3332
vn -0.1322 -0.9672 0.2171
vn 0.0378 -0.9953 0.0897
vn 0.1702 -0.9854 0.0097
vn 0.2895 -0.9572 -0.0039
vn 0.3525 -0.9358 0.0112
vn 0.4197 -0.9061 -0.0534
vn 0.4886 -0.8623 -0.1331
vn 0.5537 -0.8046 -0.2145
vn 0.6139 -0.7313 -0.2971
vn 0.6672 -0.6409 -0.3796
vn 0.7108 -0.5323 -0.4598
vn 0.6502 -0.4515 -0.6110
vn 0.6598 -0.3164 -0.6816
vn 0.6536 -0.1706 -0.7374
vn 0.6314 -0.0202 -0.7752
vn 0.5942 0.1288 -0.7939
vn 0.5441 0.2714 -0.7939
vn 0.4837 0.4037 -0.7766
vn 0.4154 0.5234 -0.7440
vn 0.3414 0.6292 -0.6983
vn 0.2638 0.7203 -0.6416
vn 0.1841 0.7965 -0.5759
vn 0.1039 0.8580 -0.5030
vn 0.0247 0.9048 -0.4251
vn -0.0523 0.9377 -0.3435
vn -0.1266 0.9573 -0.2598
vn -0.1971 0.9647 -0.1749
vn -0.2592 0.9617 -0.0887
vn -0.2709 0.9623 -0.0257
vn -0.2250 0.9732 -0.0478
vn -0.2174 0.9752 -0.0403
vn -0.3564 0.9098 0.2127
vn -0.5045 0.7203 0.4761
vn -0.5882 0.4706 0.6577
vn -0.6172 0.2093 0.7584
vn -0.6072 -0.0090 0.7945
vn -0.5783 -0.0205 0.8155
vn -0.5495 0.2685 0.7912
vn -0.5187 0.2966 0.8019
vn -0.4948 -0.1157 0.8613
vn -0.3917 -0.4991 0.7730
vn -0.3440 -0.6352 0.6915
vn -0.3712 -0.6099 0.7002
vn -0.3916 -0.6033 0.6948
vn -0.4853 -0.4973 0.7192
vn -0.5282 -0.4917 0.6923
vn -0.4697 -0.6439 0.6039
vn -0.4012 -0.7623 0.5078
vn -0.3249 -0.8553 0.4035
vn -0.2044 -0.9443 0.2580
vn -0.0191 -0.9979 0.0614
vn 0.2454 -0.9575 -0.1514
vn 0.3996 -0.9001 -0.1734
vn 0.3998 -0.9103 -0.1069
vn 0.4447 -0.8794 -0.1700
vn 0.4988 -0.8267 -0.2601
vn 0.5484 -0.7589 -0.3511
vn 0.5918 -0.6743 -0.4418
vn 0.6267 -0.5716 -0.5297
vn 0.5359 -0.5007 -0.6798
vn 0.5391 -0.3708 -0.7562
vn 0.5297 -0.2285 -0.8168
vn 0.5073 -0.0796 -0.8581
vn 0.4727 0.0701 -0.8784
vn 0.4276 0.2155 -0.8779
vn 0.3742 0.3524 -0.8578
vn 0.3144 0.4778 -0.8203
vn 0.2504 0.5898 -0.7678
vn 0.1837 0.6874 -0.7027
vn 0.1160 0.7700 -0.6274
vn 0.0485 0.8375 -0.5443
vn -0.0174 0.8900 -0.4557
vn -0.0807 0.9281 -0.3635
vn -0.1410 0.9526 -0.2695
vn -0.1977 0.9646 -0.1748
vn -0.2509 0.9647 -0.0798
vn -0.2959 0.9551 0.0141
vn -0.2949 0.9518 0.0837
vn -0.2642 0.9560 0.1277
vn -0.2587 0.9505 0.1723
vn -0.2997 0.8761 0.3776
vn -0.3425 0.6535 0.6750
vn -0.3326 0.2952 0.8957
vn -0.2271 -0.1834 0.9564
vn -0.1036 -0.4786 0.8719
vn -0.1782 -0.0382 0.9832
vn -0.2246 0.5888 0.7765
vn -0.2985 0.5367 0.7892
vn -0.3448 0.2078 0.9154
vn -0.3257 -0.1984 0.9244
vn -0.2857 -0.4314 0.8557
vn -0.3100 -0.4174 0.8542
vn -0.4094 -0.2240 0.8845
vn -0.4450 -0.2021 0.8724
vn -0.3928 -0.3882 0.8337
vn -0.3366 -0.5352 0.7748
vn -0.2859 -0.6450 0.7087
vn -0.2192 -0.7535 0.6198
vn -0.1060 -0.8753 0.4719
vn 0.1376 -0.9797 0.1457
vn 0.3727 -0.9074 -0.1941
vn 0.3843 -0.8999 -0.2060
vn 0.3897 -0.8979 -0.2045
vn 0.4299 -0.8512 -0.3012
vn 0.4663 -0.7893 -0.3996
vn 0.4973 -0.7109 -0.4973
vn 0.5213 -0.6146 -0.5920
vn 0.3906 -0.5547 -0.7347
vn 0.3851 -0.4308 -0.8162
vn 0.3705 -0.2929 -0.8815
vn 0.3466 -0.1462 -0.9265
vn 0.3144 0.0039 -0.9493
vn 0.2750 0.1521 -0.9493
vn 0.2302 0.2938 -0.9278
vn 0.1814 0.4254 -0.8866
vn 0.1304 0.5446 -0.8285
vn 0.0784 0.6497 -0.7562
vn 0.0267 0.7397 -0.6724
vn -0.0237 0.8143 -0.5800
vn -0.0718 0.8733 -0.4819
vn -0.1169 0.9174 -0.3804
vn -0.1588 0.9476 -0.2773
vn -0.1973 0.9647 -0.1742
vn -0.2325 0.9700 -0.0714
vn -0.2644 0.9639 0.0310
vn -0.2903 0.9477 0.1326
vn -0.2981 0.9276 0.2252
vn -0.2920 0.9003 0.3229
vn -0.2967 0.8303 0.4717
vn -0.3099 0.6683 0.6762
vn -0.3035 0.3929 0.8681
vn -0.2367 -0.0587 0.9698
vn -0.0478 -0.6294 0.7756
vn 0.0436 -0.7244 0.6880
vn -0.2084 0.2411 0.9479
vn -0.2080 0.9169 0.3406
vn -0.2955 0.5881 0.7529
vn -0.2680 0.0962 0.9586
vn -0.1966 -0.2501 0.9480
vn -0.1757 -0.3158 0.9324
vn -0.2146 -0.1259 0.9686
vn -0.2157 -0.0421 0.9756
vn -0.1555 -0.2146 0.9643
vn -0.0941 -0.3773 0.9213
vn -0.0495 -0.4761 0.8780
vn 0.0174 -0.5899 0.8073
vn 0.1253 -0.7202 0.6824
vn 0.2552 -0.8273 0.5005
vn 0.3884 -0.9071 0.1620
vn 0.3365 -0.9139 -0.2268
vn 0.3202 -0.9163 -0.2404
vn 0.3424 -0.8780 -0.3344
vn 0.3624 -0.8225 -0.4384
vn 0.3779 -0.7510 -0.5415
vn 0.3878 -0.6618 -0.6416
vn 0.2119 -0.6107 -0.7630
vn 0.1946 -0.4934 -0.8478
vn 0.1723 -0.3606 -0.9167
vn 0.1453 -0.2168 -0.9653
vn 0.1146 -0.0670 -0.9911
vn 0.0813 0.0836 -0.9932
vn 0.0465 0.2300 -0.9721
vn 0.0114 0.3683 -0.9297
vn -0.0230 0.4951 -0.8685
vn -0.0559 0.6084 -0.7916
vn -0.0867 0.7067 -0.7022
vn -0.1148 0.7891 -0.6035
vn -0.1399 0.8553 -0.4988
vn -0.1617 0.9061 -0.3910
vn -0.1804 0.9423 -0.2820
vn -0.1961 0.9651 -0.1735
vn -0.2089 0.9757 -0.0661
vn -0.2191 0.9749 0.0404
vn -0.2268 0.9629 0.1463
vn -0.2315 0.9416 0.2444
vn -0.2353 0.9212 0.3098
vn -0.2343 0.8617 0.4500
vn -0.2198 0.7113 0.6676
vn -0.2003 0.5066 0.8386
vn -0.1703 0.2105 0.9626
vn -0.0902 -0.2949 0.9513
vn 0.0080 -0.7219 0.6919
vn -0.0762 0.0742 0.9943
vn -0.1607 0.9516 0.2621
vn -0.1891 0.7949 0.5765
vn -0.1305 0.2310 0.9642
vn -0.0401 -0.2160 0.9756
vn 0.0084 -0.4117 0.9113
vn 0.0207 -0.4019 0.9154
vn 0.0315 -0.2946 0.9551
vn 0.0640 -0.2496 0.9662
vn 0.1105 -0.2967 0.9485
vn 0.1802 -0.4268 0.8862
vn 0.2780 -0.6491 0.7081
vn 0.3658 -0.8258 0.4292
vn 0.4037 -0.8946 0.1916
vn 0.3860 -0.9218 0.0347
vn 0.2655 -0.9556 -0.1278
vn 0.2373 -0.9432 -0.2325
vn 0.2352 -0.9059 -0.3522
vn 0.2351 -0.8569 -0.4587
vn 0.2317 -0.7924 -0.5643
vn 0.2241 -0.7106 -0.6670
vn 0.0103 -0.6619 -0.7495
vn -0.0212 -0.5508 -0.8343
vn -0.0535 -0.4233 -0.9044
vn -0.0855 -0.2828 -0.9554
vn -0.1158 -0.1339 -0.9842
vn -0.1434 0.0184 -0.9895
vn -0.1674 0.1689 -0.9713
vn -0.1871 0.3131 -0.9311
vn -0.2022 0.4473 -0.8712
vn -0.2127 0.5685 -0.7947
vn -0.2186 0.6747 -0.7049
vn -0.2203 0.7648 -0.6054
vn -0.2181 0.8382 -0.4998
vn -0.2127 0.8954 -0.3912
vn -0.2046 0.9374 -0.2818
vn -0.1941 0.9655 -0.1734
vn -0.1817 0.9811 -0.0665
vn -0.1675 0.9851 0.0391
vn -0.1514 0.9780 0.1437
vn -0.1328 0.9598 0.2473
vn -0.1080 0.9312 0.3480
vn -0.0735 0.8785 0.4721
vn -0.0324 0.7883 0.6144
vn 0.0241 0.6399 0.7681
vn 0.1183 0.3489 0.9297
vn 0.2377 -0.1715 0.9561
vn 0.2758 -0.6995 0.6593
vn 0.1907 -0.4402 0.8774
vn -0.0669 0.7320 0.6780
vn -0.0587 0.8283 0.5573
vn 0.0958 0.3162 0.9439
vn 0.1713 -0.1165 0.9783
vn 0.1971 -0.3181 0.9273
vn 0.1999 -0.3863 0.9004
vn 0.2079 -0.4400 0.8736
vn 0.2311 -0.5227 0.8206
vn 0.2641 -0.6375 0.7237
vn 0.2942 -0.7811 0.5508
vn 0.3054 -0.8856 0.3499
vn 0.3034 -0.9283 0.2150
vn 0.2971 -0.9435 0.1465
vn 0.2097 -0.9774 0.0255
vn 0.1519 -0.9811 -0.1200
vn 0.1325 -0.9619 -0.2392
vn 0.1146 -0.9314 -0.3456
vn 0.0923 -0.8883 -0.4500
vn 0.0674 -0.8301 -0.5536
vn 0.0400 -0.7549 -0.6546
vn -0.1879 -0.6997 -0.6893
vn -0.2339 -0.5935 -0.7701
vn -0.2768 -0.4701 -0.8381
vn -0.3147 -0.3325 -0.8891
vn -0.3458 -0.1847 -0.9199
vn -0.3687 -0.0317 -0.9290
vn -0.3827 0.1215 -0.9159
vn -0.3875 0.2700 -0.8814
vn -0.3835 0.4097 -0.8277
vn -0.3713 0.5370 -0.7575
vn -0.3519 0.6495 -0.6740
vn -0.3266 0.7457 -0.5807
vn -0.2968 0.8247 -0.4815
vn -0.2637 0.8869 -0.3792
vn -0.2285 0.9335 -0.2762
vn -0.1919 0.9658 -0.1742
vn -0.1544 0.9852 -0.0738
vn -0.1160 0.9929 0.0251
vn -0.0767 0.9894 0.1229
vn -0.0362 0.9748 0.2202
vn 0.0057 0.9483 0.3174
vn 0.0587 0.8972 0.4377
vn 0.1358 0.7838 0.6060
vn 0.2370 0.5610 0.7931
vn 0.3483 0.1071 0.9312
vn 0.3720 -0.4439 0.8152
vn 0.3703 -0.4683 0.8022
vn 0.3085 -0.0906 0.9469
vn 0.0972 0.6946 0.7128
vn 0.0686 0.8647 0.4975
vn 0.2869 0.3871 0.8763
vn 0.3741 -0.0866 0.9233
vn 0.3825 -0.2577 0.8873
vn 0.3879 -0.3644 0.8466
vn 0.3920 -0.4823 0.7834
vn 0.3855 -0.6133 0.6894
vn 0.3597 -0.7473 0.5587
vn 0.3097 -0.8611 0.4033
vn 0.2485 -0.9321 0.2636
vn 0.2119 -0.9562 0.2018
vn 0.1959 -0.9608 0.1959
vn 0.1471 -0.9860 0.0791
vn 0.0811 -0.9907 -0.1093
vn 0.0381 -0.9761 -0.2139
vn -0.0042 -0.9503 -0.3112
vn -0.0481 -0.9115 -0.4085
vn -0.0938 -0.8579 -0.5052
vn -0.1407 -0.7877 -0.5998
vn -0.3516 -0.7197 -0.5986
vn -0.4086 -0.6161 -0.6734
vn -0.4595 -0.4949 -0.7375
vn -0.5017 -0.3591 -0.7870
vn -0.5332 -0.2123 -0.8189
vn -0.5523 -0.0593 -0.8315
vn -0.5584 0.0950 -0.8241
vn -0.5515 0.2456 -0.7972
vn -0.5318 0.3883 -0.7526
vn -0.5011 0.5187 -0.6927
vn -0.4613 0.6347 -0.6199
vn -0.4141 0.7344 -0.5378
vn -0.3617 0.8166 -0.4499
vn -0.3058 0.8818 -0.3589
vn -0.2481 0.9312 -0.2672
vn -0.1896 0.9659 -0.1763
vn -0.1309 0.9876 -0.0869
vn -0.0721 0.9974 0.0012
vn -0.0130 0.9960 0.0882
vn 0.0469 0.9835 0.1748
vn 0.1081 0.9591 0.2617
vn 0.1796 0.9176 0.3547
vn 0.2867 0.8390 0.4624
vn 0.4773 0.6688 0.5700
vn 0.6007 0.4665 0.6493
vn 0.6252 0.1128 0.7723
vn 0.5281 -0.1869 0.8284
vn 0.3981 0.2240 0.8896
vn 0.2164 0.7659 0.6054
vn 0.3064 0.7249 0.6169
vn 0.4976 0.3094 0.8104
vn 0.5586 -0.0901 0.8245
vn 0.5503 -0.3453 0.7602
vn 0.5233 -0.5053 0.6861
vn 0.4875 -0.6246 0.6100
vn 0.4410 -0.7263 0.5273
vn 0.3835 -0.8114 0.4411
vn 0.3171 -0.8789 0.3564
vn 0.2442 -0.9303 0.2737
vn 0.1754 -0.9656 0.1917
vn 0.1262 -0.9863 0.1065
vn 0.0747 -0.9972 0.0048
vn 0.0156 -0.9964 -0.0829
vn -0.0444 -0.9845 -0.1697
vn -0.1051 -0.9608 -0.2566
vn -0.1666 -0.9241 -0.3438
vn -0.2288 -0.8729 -0.4310
vn -0.2911 -0.8052 -0.5167
vn -0.5016 -0.7310 -0.4626
vn -0.5660 -0.6268 -0.5356
vn -0.6119 -0.5026 -0.6107
vn -0.6255 -0.3606 -0.6918
vn -0.5905 -0.2076 -0.7799
vn -0.5305 -0.0601 -0.8456
vn -0.5359 0.0768 -0.8408
vn -0.5965 0.2201 -0.7718
vn -0.6215 0.3747 -0.6880
vn -0.6129 0.5017 -0.6105
vn -0.5754 0.6220 -0.5311
vn -0.5184 0.7253 -0.4530
vn -0.4496 0.8104 -0.3756
vn -0.3739 0.8778 -0.2994
vn -0.2946 0.9288 -0.2249
vn -0.2140 0.9649 -0.1524
vn -0.1333 0.9877 -0.0821
vn -0.0526 0.9985 -0.0134
vn 0.0283 0.9981 0.0540
vn 0.1140 0.9861 0.1210
vn 0.2568 0.9448 0.2037
vn 0.5839 0.7377 0.3388
vn 0.8693 0.1190 0.4798
vn 0.8375 -0.2156 0.5021
vn 0.4224 0.8425 0.3344
vn -0.1601 0.9868 0.0241
vn 0.3363 0.8286 0.4477
vn 0.6072 0.4713 0.6396
vn 0.7014 0.2559 0.6653
vn 0.7539 0.0877 0.6511
vn 0.7711 -0.0707 0.6328
vn 0.7606 -0.2228 0.6098
vn 0.7296 -0.3656 0.5779
vn 0.6830 -0.4963 0.5358
vn 0.6226 -0.6157 0.4831
vn 0.5504 -0.7203 0.4222
vn 0.4729 -0.8053 0.3577
vn 0.3927 -0.8723 0.2914
vn 0.3098 -0.9243 0.2232
vn 0.2264 -0.9617 0.1548
vn 0.1435 -0.9858 0.0872
vn 0.0614 -0.9979 0.0203
vn -0.0202 -0.9987 -0.0463
vn -0.1017 -0.9884 -0.1130
vn -0.1834 -0.9663 -0.1805
vn -0.2653 -0.9314 -0.2492
vn -0.3470 -0.8819 -0.3192
vn -0.4269 -0.8157 -0.3905
vn -0.6374 -0.7455 -0.1948
vn -0.7278 -0.6483 -0.2236
vn -0.8046 -0.5344 -0.2588
vn -0.8590 -0.4058 -0.3121
vn -0.8787 -0.2623 -0.3988
vn -0.8650 -0.1022 -0.4913
vn -0.8657 0.0674 -0.4959
vn -0.8808 0.2291 -0.4144
vn -0.8653 0.3865 -0.3192
vn -0.8212 0.5089 -0.2582
vn -0.7498 0.6249 -0.2175
vn -0.6635 0.7254 -0.1835
vn -0.5680 0.8089 -0.1516
vn -0.4674 0.8758 -0.1204
vn -0.3646 0.9269 -0.0893
vn -0.2617 0.9634 -0.0586
vn -0.1596 0.9868 -0.0283
vn -0.0573 0.9984 0.0005
vn 0.0663 0.9975 0.0231
vn 0.3173 0.9471 0.0490
vn 0.7997 0.5825 0.1455
vn 0.9714 0.1140 0.2085
vn 0.6882 0.6494 0.3235
vn -0.1998 0.9735 0.1111
vn -0.1057 0.9916 0.0748
vn 0.4651 0.8637 0.1939
vn 0.7713 0.5865 0.2472
vn 0.8796 0.3939 0.2669
vn 0.9302 0.2402 0.2775
vn 0.9553 0.0899 0.2817
vn 0.9582 -0.0624 0.2794
vn 0.9390 -0.2124 0.2707
vn 0.8989 -0.3556 0.2559
vn 0.8402 -0.4884 0.2358
vn 0.7657 -0.6075 0.2113
vn 0.6786 -0.7112 0.1835
vn 0.5830 -0.7978 0.1540
vn 0.4824 -0.8672 0.1234
vn 0.3795 -0.9206 0.0924
vn 0.2763 -0.9591 0.0616
vn 0.1739 -0.9843 0.0315
vn 0.0723 -0.9974 0.0020
vn -0.0287 -0.9992 -0.0270
vn -0.1298 -0.9900 -0.0556
vn -0.2314 -0.9692 -0.0839
vn -0.3339 -0.9359 -0.1120
vn -0.4369 -0.8886 -0.1398
vn -0.5390 -0.8255 -0.1674
vn -0.6631 -0.7452 0.0702
vn -0.7577 -0.6459 0.0935
vn -0.8403 -0.5289 0.1187
vn -0.9064 -0.3971 0.1439
vn -0.9528 -0.2543 0.1658
vn -0.9779 -0.1047 0.1807
vn -0.9813 0.0489 0.1864
vn -0.9627 0.2000 0.1823
vn -0.9231 0.3451 0.1696
vn -0.8637 0.4808 0.1515
vn -0.7868 0.6031 0.1315
vn -0.6962 0.7091 0.1118
vn -0.5963 0.7973 0.0937
vn -0.4911 0.8677 0.0776
vn -0.3836 0.9213 0.0633
vn -0.2761 0.9598 0.0506
vn -0.1696 0.9847 0.0391
vn -0.0549 0.9981 0.0273
vn 0.1384 0.9903 0.0085
vn 0.5029 0.8639 -0.0283
vn 0.8024 0.5934 -0.0632
vn 0.7549 0.6558 -0.0090
vn 0.2051 0.9711 0.1225
vn -0.1087 0.9815 0.1573
vn 0.1978 0.9779 0.0677
vn 0.6331 0.7739 -0.0149
vn 0.8292 0.5565 -0.0523
vn 0.9160 0.3956 -0.0661
vn 0.9652 0.2508 -0.0738
vn 0.9917 0.1010 -0.0793
vn 0.9952 -0.0515 -0.0831
vn 0.9757 -0.2021 -0.0851
vn 0.9342 -0.3463 -0.0852
vn 0.8732 -0.4802 -0.0835
vn 0.7955 -0.6007 -0.0802
vn 0.7047 -0.7055 -0.0754
vn 0.6051 -0.7931 -0.0695
vn 0.5002 -0.8637 -0.0627
vn 0.3928 -0.9180 -0.0552
vn 0.2853 -0.9573 -0.0472
vn 0.1787 -0.9831 -0.0386
vn 0.0731 -0.9969 -0.0295
vn -0.0319 -0.9993 -0.0197
vn -0.1368 -0.9906 -0.0090
vn -0.2423 -0.9702 0.0029
vn -0.3485 -0.9372 0.0163
vn -0.4552 -0.8898 0.0317
vn -0.5611 -0.8263 0.0496
vn -0.6267 -0.7499 0.2121
vn -0.7162 -0.6521 0.2487
vn -0.7953 -0.5366 0.2820
vn -0.8597 -0.4057 0.3102
vn -0.9060 -0.2626 0.3318
vn -0.9317 -0.1115 0.3456
vn -0.9354 0.0430 0.3509
vn -0.9170 0.1958 0.3477
vn -0.8775 0.3421 0.3360
vn -0.8193 0.4779 0.3169
vn -0.7452 0.5998 0.2914
vn -0.6588 0.7056 0.2609
vn -0.5643 0.7937 0.2272
vn -0.4649 0.8644 0.1917
vn -0.3634 0.9186 0.1553
vn -0.2619 0.9577 0.1189
vn -0.1612 0.9835 0.0827
vn -0.0509 0.9977 0.0438
vn 0.1233 0.9923 -0.0155
vn 0.4289 0.8954 -0.1191
vn 0.6631 0.7198 -0.2054
vn 0.7120 0.6754 -0.1922
vn 0.2030 0.9789 0.0240
vn -0.0139 0.9953 0.0960
vn 0.4300 0.8986 -0.0871
vn 0.6825 0.6996 -0.2117
vn 0.7985 0.5393 -0.2675
vn 0.8661 0.4020 -0.2970
vn 0.9121 0.2599 -0.3170
vn 0.9376 0.1101 -0.3298
vn 0.9413 -0.0427 -0.3350
vn 0.9230 -0.1939 -0.3324
vn 0.8839 -0.3389 -0.3224
vn 0.8260 -0.4738 -0.3055
vn 0.7522 -0.5953 -0.2826
vn 0.6660 -0.7011 -0.2549
vn 0.5713 -0.7896 -0.2237
vn 0.4717 -0.8610 -0.1903
vn 0.3699 -0.9160 -0.1556
vn 0.2680 -0.9559 -0.1204
vn 0.1670 -0.9823 -0.0850
vn 0.0671 -0.9965 -0.0496
vn -0.0321 -0.9994 -0.0140
vn -0.1311 -0.9911 0.0221
vn -0.2305 -0.9713 0.0589
vn -0.3306 -0.9388 0.0965
vn -0.4310 -0.8922 0.1349
vn -0.5305 -0.8297 0.1737
vn -0.5758 -0.7531 0.3183
vn -0.6581 -0.6560 0.3697
vn -0.7308 -0.5412 0.4159
vn -0.7902 -0.4110 0.4547
vn -0.8329 -0.2684 0.4839
vn -0.8568 -0.1175 0.5021
vn -0.8603 0.0369 0.5084
vn -0.8435 0.1898 0.5026
vn -0.8072 0.3365 0.4850
vn -0.7535 0.4728 0.4568
vn -0.6852 0.5953 0.4196
vn -0.6056 0.7017 0.3753
vn -0.5184 0.7905 0.3262
vn -0.4269 0.8618 0.2740
vn -0.3336 0.9166 0.2205
vn -0.2404 0.9562 0.1669
vn -0.1478 0.9825 0.1138
vn -0.0520 0.9969 0.0590
vn 0.0831 0.9964 -0.0153
vn 0.3403 0.9280 -0.1517
vn 0.6582 0.6769 -0.3294
vn 0.4526 0.8568 -0.2470
vn -0.0365 0.9981 0.0501
vn 0.1329 0.9909 -0.0226
vn 0.4895 0.8361 -0.2476
vn 0.6525 0.6675 -0.3587
vn 0.7341 0.5383 -0.4140
vn 0.7929 0.4082 -0.4525
vn 0.8352 0.2665 -0.4811
vn 0.8587 0.1169 -0.4990
vn 0.8622 -0.0360 -0.5053
vn 0.8456 -0.1876 -0.4998
vn 0.8098 -0.3332 -0.4830
vn 0.7567 -0.4687 -0.4558
vn 0.6890 -0.5910 -0.4196
vn 0.6098 -0.6975 -0.3763
vn 0.5229 -0.7868 -0.3280
vn 0.4314 -0.8587 -0.2765
vn 0.3379 -0.9143 -0.2234
vn 0.2444 -0.9547 -0.1698
vn 0.1518 -0.9815 -0.1163
vn 0.0602 -0.9962 -0.0630
vn -0.0307 -0.9995 -0.0097
vn -0.1215 -0.9916 0.0438
vn -0.2126 -0.9722 0.0979
vn -0.3043 -0.9402 0.1528
vn -0.3963 -0.8942 0.2084
vn -0.4876 -0.8322 0.2640
vn -0.5149 -0.7561 0.4040
vn -0.5884 -0.6596 0.4677
vn -0.6534 -0.5454 0.5249
vn -0.7065 -0.4157 0.5727
vn -0.7448 -0.2736 0.6086
vn -0.7662 -0.1230 0.6307
vn -0.7695 0.0314 0.6379
vn -0.7544 0.1845 0.6299
vn -0.7220 0.3316 0.6073
vn -0.6738 0.4684 0.5714
vn -0.6126 0.5916 0.5242
vn -0.5412 0.6985 0.4682
vn -0.4630 0.7879 0.4060
vn -0.3811 0.8597 0.3402
vn -0.2976 0.9148 0.2731
vn -0.2146 0.9541 0.2087
vn -0.1310 0.9802 0.1487
vn -0.0430 0.9953 0.0872
vn 0.0571 0.9983 0.0086
vn 0.2271 0.9636 -0.1413
vn 0.5135 0.7588 -0.4006
vn 0.6235 0.5477 -0.5579
vn 0.1746 0.9638 -0.2013
vn -0.0167 0.9997 0.0164
vn 0.3643 0.8881 -0.2805
vn 0.5668 0.6902 -0.4499
vn 0.6535 0.5443 -0.5259
vn 0.7069 0.4132 -0.5741
vn 0.7446 0.2720 -0.6096
vn 0.7656 0.1226 -0.6315
vn 0.7688 -0.0303 -0.6388
vn 0.7540 -0.1821 -0.6311
vn 0.7221 -0.3281 -0.6090
vn 0.6748 -0.4642 -0.5738
vn 0.6143 -0.5870 -0.5273
vn 0.5436 -0.6941 -0.4718
vn 0.4660 -0.7840 -0.4101
vn 0.3842 -0.8566 -0.3444
vn 0.3007 -0.9127 -0.2768
vn 0.2172 -0.9535 -0.2087
vn 0.1345 -0.9808 -0.1410
vn 0.0527 -0.9959 -0.0736
vn -0.0284 -0.9996 -0.0064
vn -0.1094 -0.9921 0.0610
vn -0.1907 -0.9731 0.1290
vn -0.2726 -0.9416 0.1977
vn -0.3547 -0.8960 0.2671
vn -0.4361 -0.8346 0.3364
vn -0.4378 -0.7593 0.4815
vn -0.5003 -0.6634 0.5564
vn -0.5556 -0.5499 0.6237
vn -0.6008 -0.4207 0.6797
vn -0.6335 -0.2789 0.7218
vn -0.6517 -0.1284 0.7475
vn -0.6545 0.0260 0.7556
vn -0.6416 0.1794 0.7458
vn -0.6138 0.3269 0.7186
vn -0.5726 0.4643 0.6756
vn -0.5202 0.5881 0.6193
vn -0.4591 0.6957 0.5525
vn -0.3924 0.7855 0.4785
vn -0.3235 0.8565 0.4021
vn -0.2587 0.9059 0.3354
vn -0.2011 0.9357 0.2897
vn -0.1339 0.9600 0.2461
vn -0.0287 0.9881 0.1514
vn 0.1186 0.9922 -0.0379
vn 0.3181 0.8827 -0.3458
vn 0.5415 0.4784 -0.6914
vn 0.2646 0.8909 -0.3693
vn -0.2730 0.9096 0.3131
vn -0.0256 0.9990 0.0368
vn 0.3418 0.8600 -0.3788
vn 0.4892 0.6764 -0.5506
vn 0.5535 0.5470 -0.6281
vn 0.5979 0.4180 -0.6840
vn 0.6296 0.2772 -0.7257
vn 0.6473 0.1281 -0.7514
vn 0.6500 -0.0247 -0.7595
vn 0.6375 -0.1766 -0.7499
vn 0.6105 -0.3228 -0.7232
vn 0.5705 -0.4594 -0.6808
vn 0.5193 -0.5828 -0.6251
vn 0.4594 -0.6906 -0.5586
vn 0.3936 -0.7811 -0.4847
vn 0.3244 -0.8542 -0.4062
vn 0.2537 -0.9109 -0.3255
vn 0.1829 -0.9523 -0.2443
vn 0.1129 -0.9801 -0.1636
vn 0.0436 -0.9956 -0.0834
vn -0.0252 -0.9997 -0.0036
vn -0.0938 -0.9927 0.0764
vn -0.1627 -0.9741 0.1569
vn -0.2321 -0.9431 0.2382
vn -0.3017 -0.8980 0.3202
vn -0.3709 -0.8372 0.4019
vn -0.3306 -0.7629 0.5555
vn -0.3782 -0.6677 0.6412
vn -0.4204 -0.5548 0.7180
vn -0.4549 -0.4262 0.7819
vn -0.4799 -0.2847 0.8298
vn -0.4938 -0.1344 0.8591
vn -0.4958 0.0201 0.8682
vn -0.4857 0.1739 0.8566
vn -0.4642 0.3219 0.8252
vn -0.4323 0.4600 0.7756
vn -0.3918 0.5845 0.7106
vn -0.3448 0.6928 0.6334
vn -0.2939 0.7821 0.5494
vn -0.2431 0.8461 0.4744
vn -0.1982 0.8783 0.4351
vn -0.1568 0.8867 0.4350
vn -0.0925 0.9085 0.4075
vn 0.0265 0.9796 0.1991
vn 0.1597 0.9698 -0.1842
vn 0.2966 0.7953 -0.5287
vn 0.4416 0.4805 -0.7577
vn 0.3345 0.8360 -0.4351
vn -0.1080 0.9651 0.2387
vn -0.0937 0.9883 0.1204
vn 0.2093 0.8970 -0.3894
vn 0.3556 0.6941 -0.6259
vn 0.4109 0.5528 -0.7250
vn 0.4440 0.4230 -0.7899
vn 0.4673 0.2828 -0.8377
vn 0.4802 0.1341 -0.8669
vn 0.4820 -0.0186 -0.8760
vn 0.4726 -0.1705 -0.8647
vn 0.4524 -0.3170 -0.8336
vn 0.4226 -0.4540 -0.7844
vn 0.3848 -0.5778 -0.7197
vn 0.3417 -0.6858 -0.6426
vn 0.2945 -0.7775 -0.5557
vn 0.2423 -0.8520 -0.4640
vn 0.1879 -0.9090 -0.3720
vn 0.1346 -0.9508 -0.2791
vn 0.0825 -0.9791 -0.1858
vn 0.0309 -0.9952 -0.0933
vn -0.0204 -0.9998 -0.0013
vn -0.0717 -0.9933 0.0908
vn -0.1233 -0.9753 0.1833
vn -0.1753 -0.9448 0.2767
vn -0.2277 -0.9004 0.3708
vn -0.2799 -0.8402 0.4644
vn -0.1720 -0.7671 0.6180
vn -0.1979 -0.6726 0.7130
vn -0.2213 -0.5603 0.7982
vn -0.2407 -0.4322 0.8691
vn -0.2549 -0.2911 0.9221
vn -0.2626 -0.1409 0.9546
vn -0.2633 0.0139 0.9646
vn -0.2570 0.1680 0.9517
vn -0.2439 0.3167 0.9166
vn -0.2250 0.4555 0.8613
vn -0.2016 0.5808 0.7887
vn -0.1751 0.6887 0.7036
vn -0.1479 0.7681 0.6230
vn -0.1223 0.8044 0.5814
vn -0.0991 0.7937 0.6002
vn -0.0721 0.7653 0.6396
vn -0.0253 0.8569 0.5149
vn 0.0327 0.9986 0.0414
vn 0.0829 0.9464 -0.3121
vn 0.1424 0.9081 -0.3938
vn 0.2376 0.7478 -0.6200
vn 0.2620 0.3750 -0.8892
vn 0.0980 0.9551 -0.2798
vn -0.1075 0.9464 0.3044
vn 0.0277 0.9594 -0.2807
vn 0.1473 0.7349 -0.6619
vn 0.1961 0.5620 -0.8036
vn 0.2152 0.4282 -0.8777
vn 0.2260 0.2885 -0.9304
vn 0.2315 0.1402 -0.9627
vn 0.2318 -0.0121 -0.9727
vn 0.2268 -0.1640 -0.9600
vn 0.2167 -0.3107 -0.9255
vn 0.2019 -0.4481 -0.8709
vn 0.1840 -0.5699 -0.8008
vn 0.1672 -0.6685 -0.7246
vn 0.1516 -0.7604 -0.6315
vn 0.1261 -0.8565 -0.5005
vn 0.0912 -0.9198 -0.3816
vn 0.0617 -0.9527 -0.2976
vn 0.0366 -0.9781 -0.2048
vn 0.0114 -0.9947 -0.1023
vn -0.0137 -0.9999 -0.0001
vn -0.0390 -0.9940 0.1021
vn -0.0647 -0.9766 0.2049
vn -0.0910 -0.9468 0.3086
vn -0.1178 -0.9031 0.4130
vn -0.1451 -0.8436 0.5169
vn 0.0578 -0.7715 0.6336
vn 0.0661 -0.6779 0.7322
vn 0.0731 -0.5664 0.8209
vn 0.0786 -0.4387 0.8952
vn 0.0826 -0.2976 0.9511
vn 0.0853 -0.1471 0.9854
vn 0.0869 0.0085 0.9962
vn 0.0873 0.1636 0.9826
vn 0.0864 0.3134 0.9457
vn 0.0838 0.4531 0.8875
vn 0.0793 0.5791 0.8114
vn 0.0735 0.6863 0.7236
vn 0.0681 0.7614 0.6447
vn 0.0643 0.7905 0.6091
vn 0.0588 0.7751 0.6292
vn 0.0407 0.7544 0.6552
vn -0.0180 0.8643 0.5026
vn -0.0952 0.9946 0.0416
vn -0.0927 0.9555 -0.2799
vn -0.0497 0.9427 -0.3300
vn -0.0270 0.8605 -0.5087
vn -0.0690 0.4381 -0.8963
vn -0.1738 0.5171 -0.8381
vn -0.1020 0.9932 -0.0553
vn -0.0120 0.9992 0.0377
vn -0.0542 0.8552 -0.5154
vn -0.0847 0.6041 -0.7924
vn -0.0976 0.4351 -0.8951
vn -0.1046 0.2928 -0.9504
vn -0.1091 0.1449 -0.9834
vn -0.1110 -0.0072 -0.9938
vn -0.1104 -0.1591 -0.9811
vn -0.1072 -0.3060 -0.9460
vn -0.1016 -0.4435 -0.8905
vn -0.0943 -0.5629 -0.8211
vn -0.0890 -0.6464 -0.7578
vn -0.0877 -0.7157 -0.6928
vn -0.0689 -0.8478 -0.5259
vn -0.0332 -0.9489 -0.3138
vn -0.0251 -0.9698 -0.2427
vn -0.0255 -0.9796 -0.1994
vn -0.0165 -0.9943 -0.1054
vn -0.0052 -1.0000 -0.0009
vn 0.0059 -0.9946 0.1037
vn 0.0169 -0.9778 0.2089
vn 0.0277 -0.9486 0.3152
vn 0.0383 -0.9056 0.4223
vn 0.0484 -0.8471 0.5293
vn 0.3116 -0.7719 0.5542
vn 0.3598 -0.6784 0.6405
vn 0.4033 -0.5670 0.7182
vn 0.4397 -0.4394 0.7833
vn 0.4670 -0.2984 0.8324
vn 0.4835 -0.1478 0.8628
vn 0.4882 0.0078 0.8727
vn 0.4807 0.1630 0.8616
vn 0.4616 0.3129 0.8301
vn 0.4319 0.4529 0.7800
vn 0.3935 0.5790 0.7140
vn 0.3482 0.6883 0.6364
vn 0.2985 0.7743 0.5580
vn 0.2480 0.8316 0.4970
vn 0.1962 0.8666 0.4588
vn 0.1329 0.9008 0.4134
vn 0.0513 0.9532 0.2979
vn -0.0224 0.9950 0.0970
vn -0.0626 0.9961 -0.0628
vn -0.0945 0.9819 -0.1640
vn -0.1852 0.9123 -0.3652
vn -0.3854 0.4495 -0.8058
vn -0.4318 -0.0122 -0.9019
vn -0.1873 0.8904 -0.4148
vn 0.0434 0.9939 0.1017
vn -0.2559 0.8534 -0.4541
vn -0.3864 0.5987 -0.7015
vn -0.4323 0.4345 -0.7901
vn -0.4581 0.2931 -0.8392
vn -0.4734 0.1452 -0.8688
vn -0.4777 -0.0070 -0.8785
vn -0.4710 -0.1589 -0.8677
vn -0.4535 -0.3059 -0.8371
vn -0.4264 -0.4433 -0.7885
vn -0.3921 -0.5641 -0.7267
vn -0.3523 -0.6703 -0.6531
vn -0.3060 -0.7703 -0.5595
vn -0.2600 -0.8509 -0.4566
vn -0.2116 -0.9079 -0.3617
vn -0.1542 -0.9488 -0.2756
vn -0.0983 -0.9773 -0.1877
vn -0.0469 -0.9943 -0.0961
vn 0.0036 -1.0000 -0.0039
vn 0.0541 -0.9946 0.0883
vn 0.1050 -0.9779 0.1810
vn 0.1565 -0.9488 0.2745
vn 0.2086 -0.9058 0.3687
vn 0.2606 -0.8474 0.4626
vn 0.4970 -0.7678 0.4042
vn 0.5724 -0.6737 0.4674
vn 0.6401 -0.5615 0.5243
vn 0.6962 -0.4335 0.5722
vn 0.7377 -0.2925 0.6085
vn 0.7622 -0.1424 0.6315
vn 0.7684 0.0125 0.6398
vn 0.7560 0.1668 0.6330
vn 0.7255 0.3158 0.6115
vn 0.6786 0.4550 0.5765
vn 0.6181 0.5807 0.5299
vn 0.5472 0.6899 0.4740
vn 0.4722 0.7780 0.4143
vn 0.4063 0.8382 0.3638
vn 0.3621 0.8699 0.3350
vn 0.3366 0.8846 0.3228
vn 0.3041 0.9039 0.3008
vn 0.2209 0.9464 0.2356
vn 0.0686 0.9894 0.1278
vn -0.0953 0.9954 -0.0007
vn -0.2053 0.9699 -0.1307
vn -0.3466 0.8899 -0.2966
vn -0.5561 0.5842 -0.5912
vn -0.4231 0.7371 -0.5269
vn -0.1241 0.9830 -0.1355
vn -0.3377 0.9051 -0.2584
vn -0.5820 0.6516 -0.4864
vn -0.6810 0.4438 -0.5825
vn -0.7250 0.2894 -0.6250
vn -0.7485 0.1408 -0.6480
vn -0.7547 -0.0118 -0.6560
vn -0.7433 -0.1639 -0.6486
vn -0.7149 -0.3108 -0.6263
vn -0.6712 -0.4483 -0.5904
vn -0.6145 -0.5728 -0.5426
vn -0.5475 -0.6819 -0.4850
vn -0.4726 -0.7742 -0.4210
vn -0.3930 -0.8487 -0.3540
vn -0.3115 -0.9065 -0.2849
vn -0.2301 -0.9491 -0.2150
vn -0.1491 -0.9781 -0.1455
vn -0.0688 -0.9947 -0.0767
vn 0.0110 -0.9999 -0.0082
vn 0.0910 -0.9940 0.0601
vn 0.1715 -0.9767 0.1288
vn 0.2529 -0.9470 0.1980
vn 0.3350 -0.9034 0.2676
vn 0.4170 -0.8441 0.3369
vn 0.5882 -0.7658 0.2601
vn 0.6772 -0.6714 0.3011
vn 0.7570 -0.5590 0.3385
vn 0.8231 -0.4309 0.3699
vn 0.8722 -0.2900 0.3940
vn 0.9016 -0.1400 0.4093
vn 0.9097 0.0145 0.4150
vn 0.8961 0.1684 0.4107
vn 0.8616 0.3170 0.3964
vn 0.8081 0.4558 0.3731
vn 0.7382 0.5813 0.3422
vn 0.6562 0.6901 0.3053
vn 0.5678 0.7794 0.2649
vn 0.4799 0.8480 0.2250
vn 0.3965 0.8982 0.1896
vn 0.3117 0.9369 0.1581
vn 0.1955 0.9739 0.1151
vn 0.0066 0.9995 0.0308
vn -0.1655 0.9846 -0.0570
vn -0.1320 0.9908 -0.0304
vn -0.0831 0.9965 -0.0093
vn -0.2602 0.9599 -0.1046
vn -0.6071 0.7515 -0.2584
vn -0.6974 0.6543 -0.2926
vn -0.3702 0.9147 -0.1623
vn -0.3811 0.9071 -0.1785
vn -0.6793 0.6667 -0.3068
vn -0.8163 0.4482 -0.3645
vn -0.8753 0.2864 -0.3897
vn -0.9052 0.1367 -0.4025
vn -0.9137 -0.0161 -0.4060
vn -0.9010 -0.1682 -0.3999
vn -0.8676 -0.3150 -0.3848
vn -0.8154 -0.4522 -0.3614
vn -0.7471 -0.5764 -0.3310
vn -0.6660 -0.6851 -0.2951
vn -0.5760 -0.7766 -0.2552
vn -0.4807 -0.8506 -0.2131
vn -0.3827 -0.9081 -0.1699
vn -0.2844 -0.9503 -0.1267
vn -0.1868 -0.9788 -0.0837
vn -0.0900 -0.9951 -0.0411
vn 0.0063 -1.0000 0.0012
vn 0.1026 -0.9938 0.0436
vn 0.1994 -0.9761 0.0863
vn 0.2971 -0.9460 0.1295
vn 0.3953 -0.9021 0.1732
vn 0.4931 -0.8424 0.2171
vn 0.6249 -0.7729 0.1105
vn 0.7237 -0.6800 0.1182
vn 0.8127 -0.5690 0.1254
vn 0.8874 -0.4418 0.1316
vn 0.9438 -0.3013 0.1362
vn 0.9787 -0.1513 0.1385
vn 0.9905 0.0033 0.1376
vn 0.9786 0.1575 0.1324
vn 0.9441 0.3063 0.1219
vn 0.8884 0.4464 0.1070
vn 0.8152 0.5725 0.0879
vn 0.7280 0.6824 0.0657
vn 0.6308 0.7747 0.0433
vn 0.5275 0.8492 0.0228
vn 0.4213 0.9069 0.0056
vn 0.3139 0.9494 -0.0092
vn 0.2060 0.9782 -0.0260
vn 0.0989 0.9938 -0.0517
vn -0.0046 0.9964 -0.0850
vn -0.1061 0.9893 -0.0999
vn -0.2835 0.9537 -0.1008
vn -0.6066 0.7884 -0.1020
vn -0.8736 0.4769 -0.0973
vn -0.4708 0.8780 -0.0867
vn -0.0851 0.9958 -0.0334
vn -0.4806 0.8746 -0.0633
vn -0.7685 0.6326 -0.0958
vn -0.8896 0.4446 -0.1043
vn -0.9497 0.2961 -0.1020
vn -0.9843 0.1486 -0.0955
vn -0.9962 -0.0030 -0.0866
vn -0.9851 -0.1544 -0.0757
vn -0.9515 -0.3011 -0.0633
vn -0.8974 -0.4382 -0.0507
vn -0.8248 -0.5641 -0.0370
vn -0.7386 -0.6738 -0.0217
vn -0.6423 -0.7664 -0.0073
vn -0.5395 -0.8419 0.0059
vn -0.4336 -0.9009 0.0184
vn -0.3270 -0.9445 0.0299
vn -0.2210 -0.9744 0.0405
vn -0.1158 -0.9920 0.0505
vn -0.0110 -0.9981 0.0598
vn 0.0938 -0.9932 0.0687
vn 0.1992 -0.9769 0.0774
vn 0.3057 -0.9483 0.0858
vn 0.4130 -0.9058 0.0942
vn 0.5202 -0.8479 0.1024
vn 0.5942 -0.8000 -0.0828
vn 0.6851 -0.7167 -0.1300
vn 0.7672 -0.6164 -0.1773
vn 0.8365 -0.5003 -0.2236
vn 0.8893 -0.3705 -0.2680
vn 0.9227 -0.2299 -0.3095
vn 0.9344 -0.0817 -0.3468
vn 0.9230 0.0689 -0.3785
vn 0.8894 0.2248 -0.3981
vn 0.8367 0.3737 -0.4004
vn 0.7674 0.5094 -0.3893
vn 0.6843 0.6287 -0.3693
vn 0.5912 0.7291 -0.3447
vn 0.4918 0.8107 -0.3176
vn 0.3894 0.8747 -0.2886
vn 0.2867 0.9226 -0.2580
vn 0.1849 0.9564 -0.2262
vn 0.0844 0.9775 -0.1931
vn -0.0150 0.9872 -0.1586
vn -0.1155 0.9857 -0.1228
vn -0.2491 0.9652 -0.0797
vn -0.5092 0.8606 0.0145
vn -0.8244 0.5254 0.2104
vn -0.7793 0.5351 0.3261
vn -0.2394 0.9709 0.0095
vn -0.2060 0.9756 -0.0762
vn -0.6325 0.7682 0.0995
vn -0.8253 0.5251 0.2080
vn -0.8968 0.3560 0.2626
vn -0.9304 0.2117 0.2993
vn -0.9422 0.0644 0.3288
vn -0.9325 -0.0852 0.3511
vn -0.9039 -0.2241 0.3642
vn -0.8583 -0.3553 0.3703
vn -0.7843 -0.4994 0.3681
vn -0.6925 -0.6277 0.3555
vn -0.6026 -0.7224 0.3392
vn -0.5067 -0.8011 0.3187
vn -0.4043 -0.8666 0.2924
vn -0.3015 -0.9164 0.2631
vn -0.1996 -0.9521 0.2317
vn -0.0989 -0.9751 0.1986
vn 0.0008 -0.9864 0.1641
vn 0.1000 -0.9867 0.1279
vn 0.1992 -0.9758 0.0900
vn 0.2988 -0.9530 0.0500
vn 0.3986 -0.9171 0.0077
vn 0.4978 -0.8665 -0.0367
vn 0.4852 -0.8415 -0.2376
vn 0.5427 -0.7729 -0.3289
vn 0.5914 -0.6885 -0.4197
vn 0.6286 -0.5891 -0.5078
vn 0.6518 -0.4759 -0.5905
vn 0.6594 -0.3508 -0.6649
vn 0.6510 -0.2163 -0.7276
vn 0.6296 -0.0758 -0.7732
vn 0.5966 0.0735 -0.7992
vn 0.5550 0.2211 -0.8019
vn 0.5070 0.3660 -0.7804
vn 0.4502 0.5017 -0.7387
vn 0.3843 0.6218 -0.6824
vn 0.3115 0.7227 -0.6171
vn 0.2347 0.8039 -0.5465
vn 0.1569 0.8667 -0.4735
vn 0.0797 0.9133 -0.3995
vn 0.0036 0.9457 -0.3249
vn -0.0713 0.9657 -0.2496
vn -0.1452 0.9741 -0.1732
vn -0.2308 0.9693 -0.0848
vn -0.4187 0.9026 0.1002
vn -0.7275 0.4901 0.4802
vn -0.7684 0.0088 0.6399
vn -0.5297 0.8060 0.2642
vn -0.0357 0.9906 -0.1323
vn -0.4268 0.8706 0.2447
vn -0.6276 0.6246 0.4648
vn -0.6915 0.4568 0.5597
vn -0.7138 0.3217 0.6221
vn -0.7177 0.1824 0.6721
vn -0.7052 0.0370 0.7081
vn -0.6761 -0.1099 0.7286
vn -0.6360 -0.2423 0.7327
vn -0.5823 -0.3743 0.7217
vn -0.5007 -0.5234 0.6895
vn -0.4160 -0.6431 0.6429
vn -0.3425 -0.7276 0.5944
vn -0.2597 -0.8042 0.5347
vn -0.1764 -0.8652 0.4694
vn -0.0950 -0.9112 0.4009
vn -0.0158 -0.9438 0.3300
vn 0.0613 -0.9644 0.2571
vn 0.1366 -0.9738 0.1820
vn 0.2103 -0.9720 0.1044
vn 0.2826 -0.9589 0.0237
vn 0.3533 -0.9336 -0.0603
vn 0.4214 -0.8948 -0.1477
vn 0.3760 -0.8756 -0.3032
vn 0.4021 -0.8186 -0.4100
vn 0.4219 -0.7465 -0.5145
vn 0.4342 -0.6594 -0.6137
vn 0.4383 -0.5576 -0.7049
vn 0.4336 -0.4420 -0.7853
vn 0.4199 -0.3137 -0.8516
vn 0.3973 -0.1748 -0.9009
vn 0.3661 -0.0283 -0.9302
vn 0.3265 0.1219 -0.9373
vn 0.2800 0.2697 -0.9213
vn 0.2283 0.4099 -0.8831
vn 0.1734 0.5370 -0.8256
vn 0.1173 0.6474 -0.7531
vn 0.0614 0.7395 -0.6704
vn 0.0072 0.8134 -0.5816
vn -0.0447 0.8708 -0.4896
vn -0.0943 0.9135 -0.3958
vn -0.1416 0.9431 -0.3009
vn -0.1870 0.9608 -0.2045
vn -0.2306 0.9672 -0.1064
vn -0.2749 0.9614 -0.0059
vn -0.3488 0.9299 0.1164
vn -0.5241 0.7755 0.3519
vn -0.6427 0.4079 0.6485
vn -0.5106 0.5978 0.6180
vn -0.2250 0.9682 0.1089
vn -0.2273 0.9676 0.1096
vn -0.4135 0.7296 0.5447
vn -0.4614 0.4692 0.7530
vn -0.4567 0.2980 0.8382
vn -0.4369 0.1549 0.8861
vn -0.4066 0.0091 0.9136
vn -0.3657 -0.1377 0.9205
vn -0.3155 -0.2822 0.9060
vn -0.2599 -0.4198 0.8696
vn -0.2014 -0.5429 0.8153
vn -0.1401 -0.6501 0.7468
vn -0.0792 -0.7399 0.6680
vn -0.0206 -0.8125 0.5826
vn 0.0352 -0.8692 0.4932
vn 0.0878 -0.9118 0.4012
vn 0.1373 -0.9416 0.3073
vn 0.1841 -0.9599 0.2116
vn 0.2284 -0.9669 0.1136
vn 0.2701 -0.9627 0.0131
vn 0.3090 -0.9468 -0.0902
vn 0.3447 -0.9180 -0.1960
vn 0.3039 -0.8969 -0.3212
vn 0.3077 -0.8478 -0.4320
vn 0.3068 -0.7839 -0.5399
vn 0.3006 -0.7051 -0.6422
vn 0.2889 -0.6116 -0.7365
vn 0.2714 -0.5036 -0.8202
vn 0.2479 -0.3818 -0.8904
vn 0.2185 -0.2478 -0.9439
vn 0.1836 -0.1041 -0.9775
vn 0.1436 0.0455 -0.9886
vn 0.0999 0.1956 -0.9756
vn 0.0542 0.3403 -0.9388
vn 0.0084 0.4735 -0.8807
vn -0.0356 0.5911 -0.8058
vn -0.0767 0.6910 -0.7188
vn -0.1141 0.7727 -0.6244
vn -0.1477 0.8377 -0.5258
vn -0.1777 0.8876 -0.4250
vn -0.2044 0.9241 -0.3228
vn -0.2283 0.9486 -0.2193
vn -0.2495 0.9616 -0.1141
vn -0.2681 0.9634 -0.0070
vn -0.2841 0.9533 0.1024
vn -0.3027 0.9239 0.2343
vn -0.3386 0.8104 0.4781
vn -0.3424 0.4780 0.8088
vn -0.3110 0.4704 0.8258
vn -0.2651 0.9102 0.3183
vn -0.2585 0.9298 0.2620
vn -0.2893 0.6867 0.6669
vn -0.2649 0.4249 0.8656
vn -0.2307 0.2445 0.9418
vn -0.1955 0.0966 0.9759
vn -0.1554 -0.0514 0.9865
vn -0.1111 -0.1995 0.9736
vn -0.0644 -0.3421 0.9375
vn -0.0173 -0.4735 0.8806
vn 0.0283 -0.5897 0.8071
vn 0.0711 -0.6888 0.7214
vn 0.1101 -0.7703 0.6281
vn 0.1451 -0.8354 0.5302
vn 0.1763 -0.8856 0.4298
vn 0.2041 -0.9225 0.3276
vn 0.2285 -0.9474 0.2240
vn 0.2500 -0.9610 0.1186
vn 0.2684 -0.9632 0.0113
vn 0.2838 -0.9538 -0.0982
vn 0.2958 -0.9320 -0.2094
vn 0.2609 -0.9097 -0.3229
vn 0.2471 -0.8666 -0.4336
vn 0.2292 -0.8091 -0.5412
vn 0.2071 -0.7371 -0.6433
vn 0.1809 -0.6505 -0.7377
vn 0.1507 -0.5492 -0.8220
vn 0.1165 -0.4338 -0.8935
vn 0.0787 -0.3050 -0.9491
vn 0.0379 -0.1650 -0.9856
vn -0.0049 -0.0171 -0.9998
vn -0.0482 0.1336 -0.9899
vn -0.0903 0.2813 -0.9554
vn -0.1294 0.4193 -0.8986
vn -0.1641 0.5428 -0.8237
vn -0.1938 0.6492 -0.7356
vn -0.2182 0.7374 -0.6393
vn -0.2377 0.8084 -0.5385
vn -0.2529 0.8641 -0.4352
vn -0.2641 0.9061 -0.3306
vn -0.2719 0.9357 -0.2249
vn -0.2763 0.9538 -0.1177
vn -0.2776 0.9606 -0.0091
vn -0.2757 0.9559 0.1015
vn -0.2696 0.9370 0.2222
vn -0.2505 0.8683 0.4282
vn -0.1817 0.6122 0.7695
vn -0.0890 0.2777 0.9565
vn -0.2109 0.7938 0.5704
vn -0.2463 0.9585 0.1437
vn -0.2025 0.7780 0.5947
vn -0.1360 0.5062 0.8517
vn -0.0835 0.3105 0.9469
vn -0.0401 0.1611 0.9861
vn 0.0030 0.0144 0.9999
vn 0.0466 -0.1347 0.9898
vn 0.0892 -0.2807 0.9556
vn 0.1288 -0.4172 0.8996
vn 0.1641 -0.5398 0.8256
vn 0.1944 -0.6458 0.7384
vn 0.2194 -0.7340 0.6427
vn 0.2394 -0.8055 0.5422
vn 0.2548 -0.8616 0.4389
vn 0.2662 -0.9042 0.3341
vn 0.2740 -0.9343 0.2280
vn 0.2783 -0.9529 0.1206
vn 0.2792 -0.9602 0.0116
vn 0.2768 -0.9558 -0.0990
vn 0.2707 -0.9393 -0.2110
vn 0.2398 -0.9166 -0.3197
vn 0.2092 -0.8793 -0.4278
vn 0.1750 -0.8281 -0.5326
vn 0.1374 -0.7627 -0.6320
vn 0.0968 -0.6828 -0.7241
vn 0.0535 -0.5884 -0.8068
vn 0.0078 -0.4794 -0.8776
vn -0.0395 -0.3563 -0.9335
vn -0.0876 -0.2207 -0.9714
vn -0.1351 -0.0755 -0.9879
vn -0.1804 0.0747 -0.9807
vn -0.2216 0.2241 -0.9490
vn -0.2571 0.3656 -0.8946
vn -0.2857 0.4940 -0.8212
vn -0.3070 0.6061 -0.7338
vn -0.3214 0.6999 -0.6379
vn -0.3300 0.7763 -0.5371
vn -0.3328 0.8374 -0.4335
vn -0.3301 0.8851 -0.3281
vn -0.3265 0.9184 -0.2235
vn -0.3197 0.9404 -0.1161
vn -0.3046 0.9525 -0.0065
vn -0.2859 0.9528 0.1018
vn -0.2636 0.9397 0.2178
vn -0.2195 0.8873 0.4057
vn -0.1094 0.6708 0.7335
vn 0.0105 0.3233 0.9462
vn -0.2463 0.7711 0.5871
vn -0.2938 0.9446 0.1461
vn -0.1065 0.8484 0.5185
vn 0.0081 0.6090 0.7932
vn 0.0595 0.3909 0.9185
vn 0.0996 0.2258 0.9691
vn 0.1459 0.0778 0.9862
vn 0.1927 -0.0704 0.9787
vn 0.2354 -0.2176 0.9472
vn 0.2718 -0.3575 0.8935
vn 0.3008 -0.4850 0.8211
vn 0.3221 -0.5969 0.7348
vn 0.3360 -0.6915 0.6395
vn 0.3434 -0.7692 0.5389
vn 0.3453 -0.8314 0.4354
vn 0.3423 -0.8796 0.3305
vn 0.3350 -0.9151 0.2245
vn 0.3237 -0.9388 0.1175
vn 0.3086 -0.9512 0.0093
vn 0.2896 -0.9519 -0.1000
vn 0.2666 -0.9406 -0.2100
vn 0.2440 -0.9160 -0.3184
vn 0.1894 -0.8882 -0.4186
vn 0.1334 -0.8457 -0.5168
vn 0.0784 -0.7866 -0.6124
vn 0.0291 -0.7062 -0.7074
vn -0.0015 -0.5883 -0.8086
vn 0.0475 -0.3531 -0.9344
vn 0.4296 0.2010 -0.8804
vn 0.6402 0.3755 -0.6702
vn 0.6825 0.4241 -0.5953
vn 0.6933 0.4611 -0.5538
vn 0.6977 0.4928 -0.5200
vn 0.7020 0.5185 -0.4883
vn 0.7067 0.5380 -0.4594
vn 0.7116 0.5575 -0.4277
vn 0.7194 0.5614 -0.4090
vn 0.7197 0.5690 -0.3978
vn 0.7062 0.5803 -0.4056
vn 0.6578 0.6004 -0.4547
vn 0.4175 0.7438 -0.5221
vn -0.1892 0.9521 -0.2403
vn -0.2726 0.9617 -0.0288
vn -0.2602 0.9621 0.0820
vn -0.2336 0.9533 0.1916
vn -0.1920 0.9298 0.3140
vn -0.1408 0.8696 0.4732
vn -0.0285 0.7370 0.6753
vn 0.1771 0.4965 0.8497
vn 0.1900 0.5203 0.8326
vn -0.1188 0.7996 0.5887
vn -0.1678 0.8277 0.5355
vn 0.0783 0.5987 0.7971
vn 0.2470 0.3524 0.9027
vn 0.3368 0.1813 0.9240
vn 0.3977 0.0376 0.9167
vn 0.4484 -0.1061 0.8875
vn 0.4881 -0.2468 0.8372
vn 0.5153 -0.3788 0.7688
vn 0.5300 -0.4979 0.6864
vn 0.5331 -0.6018 0.5947
vn 0.5262 -0.6897 0.4975
vn 0.5109 -0.7623 0.3974
vn 0.4886 -0.8208 0.2960
vn 0.4602 -0.8664 0.1941
vn 0.4263 -0.8999 0.0918
vn 0.3875 -0.9218 -0.0108
vn 0.3439 -0.9321 -0.1136
vn 0.2958 -0.9304 -0.2164
vn 0.3012 -0.8844 -0.3564
vn 0.2020 -0.8861 -0.4172
vn 0.1015 -0.8727 -0.4776
vn 0.0097 -0.8328 -0.5535
vn 0.5025 0.4086 -0.7619
vn 0.5347 0.4272 -0.7291
vn 0.5817 0.4850 -0.6530
vn 0.7202 0.6771 -0.1512
vn 0.6674 0.6596 0.3457
vn 0.7118 0.5473 0.4403
vn 0.7790 0.4277 0.4585
vn 0.8442 0.3013 0.4433
vn 0.8981 0.1708 0.4052
vn 0.9362 0.0406 0.3491
vn 0.9573 -0.0788 0.2782
vn 0.9626 -0.1890 0.1939
vn 0.9542 -0.2812 0.1016
vn 0.9368 -0.3498 -0.0053
vn 0.9241 -0.3573 -0.1352
vn 0.9292 -0.0092 -0.3695
vn 0.6747 0.4740 -0.5658
vn 0.6330 0.4768 -0.6099
vn 0.6549 0.4487 -0.6081
vn 0.7163 0.4303 -0.5493
vn -0.0352 0.9954 0.0887
vn 0.2743 0.9199 0.2803
vn 0.1163 0.9303 0.3479
vn -0.2887 0.8858 0.3632
vn -0.2247 0.8247 0.5191
vn 0.0585 0.7681 0.6376
vn 0.2593 0.7122 0.6524
vn 0.4091 0.6300 0.6601
vn 0.5250 0.5318 0.6644
vn 0.6204 0.4280 0.6572
vn 0.7047 0.3142 0.6361
vn 0.7772 0.1903 0.5998
vn 0.8338 0.0603 0.5488
vn 0.8718 -0.0712 0.4847
vn 0.8898 -0.1991 0.4106
vn 0.8883 -0.3194 0.3300
vn 0.8688 -0.4295 0.2464
vn 0.8336 -0.5280 0.1623
vn 0.7850 -0.6144 0.0795
vn 0.7248 -0.6889 -0.0010
vn 0.6548 -0.7517 -0.0788
vn 0.5762 -0.8028 -0.1534
vn 0.4902 -0.8422 -0.2246
vn 0.3980 -0.8696 -0.2924
vn 0.3174 -0.8056 -0.5002
vn 0.2102 -0.8560 -0.4723
vn 0.1053 -0.8927 -0.4383
vn 0.0235 -0.9100 -0.4139
vn 0.5521 -0.3213 0.7694
vn 0.7141 -0.1295 0.6879
vn 0.4872 0.7649 0.4213
vn 0.4944 0.8117 0.3110
vn 0.5676 0.7886 0.2364
vn 0.6487 0.7424 0.1675
vn 0.7283 0.6782 0.0978
vn 0.8016 0.5973 0.0256
vn 0.8644 0.5005 -0.0484
vn 0.9129 0.3892 -0.1229
vn 0.9441 0.2666 -0.1941
vn 0.9562 0.1349 -0.2597
vn 0.9483 -0.0009 -0.3175
vn 0.9209 -0.1372 -0.3649
vn 0.8763 -0.2701 -0.3989
vn 0.8173 -0.3972 -0.4174
vn 0.7474 -0.5206 -0.4127
vn 0.6846 -0.6369 -0.3546
vn 0.7913 -0.6035 0.0981
vn 0.8333 -0.0355 0.5517
vn 0.2036 0.9785 0.0345
vn 0.0541 0.9881 0.1438
vn -0.3872 0.8355 0.3899
vn -0.5358 0.6778 0.5035
vn -0.2058 0.8556 0.4750
vn 0.1623 0.9217 0.3522
vn 0.3300 0.9042 0.2712
vn 0.4319 0.8754 0.2170
vn 0.5249 0.8354 0.1631
vn 0.6142 0.7822 0.1044
vn 0.6981 0.7149 0.0401
vn 0.7740 0.6325 -0.0291
vn 0.8385 0.5353 -0.1020
vn 0.8882 0.4243 -0.1764
vn 0.9200 0.3020 -0.2496
vn 0.9322 0.1720 -0.3185
vn 0.9240 0.0382 -0.3804
vn 0.8962 -0.0956 -0.4333
vn 0.8501 -0.2260 -0.4757
vn 0.7878 -0.3501 -0.5068
vn 0.7116 -0.4653 -0.5265
vn 0.6238 -0.5699 -0.5348
vn 0.5271 -0.6622 -0.5326
vn 0.4240 -0.7410 -0.5207
vn 0.2146 -0.7694 -0.6017
vn 0.1598 -0.8442 -0.5116
vn 0.1095 -0.9034 -0.4145
vn 0.0701 -0.9491 -0.3071
vn 0.0649 -0.9853 -0.1580
vn 0.3967 -0.8121 0.4279
vn 0.8196 -0.3283 0.4696
vn 0.8635 -0.2717 0.4250
vn 0.8689 -0.2589 0.4218
vn 0.8660 -0.2548 0.4303
vn 0.8598 -0.2523 0.4439
vn 0.8520 -0.2488 0.4607
vn 0.8433 -0.2424 0.4797
vn 0.8341 -0.2327 0.5001
vn 0.8252 -0.2155 0.5221
vn 0.8180 -0.1951 0.5412
vn 0.8121 -0.1710 0.5579
vn 0.8082 -0.1465 0.5703
vn 0.8065 -0.1177 0.5794
vn 0.8058 -0.0770 0.5871
vn 0.8054 -0.0408 0.5913
vn 0.7906 -0.0261 0.6118
vn 0.6482 -0.0309 0.7608
vn -0.0555 0.6697 0.7405
vn 0.0825 0.9681 0.2365
vn 0.2302 0.9694 -0.0857
vn -0.1261 0.9484 0.2908
vn -0.4216 0.5181 0.7442
vn -0.2955 0.7063 0.6433
vn -0.0200 0.9697 0.2433
vn 0.0997 0.9941 0.0428
vn 0.1583 0.9855 -0.0617
vn 0.2085 0.9658 -0.1542
vn 0.2576 0.9339 -0.2480
vn 0.3052 0.8884 -0.3430
vn 0.3507 0.8275 -0.4384
vn 0.3924 0.7502 -0.5321
vn 0.4288 0.6558 -0.6214
vn 0.4578 0.5448 -0.7026
vn 0.4779 0.4189 -0.7721
vn 0.4877 0.2809 -0.8266
vn 0.4864 0.1347 -0.8633
vn 0.4738 -0.0155 -0.8805
vn 0.4501 -0.1652 -0.8776
vn 0.4163 -0.3100 -0.8547
vn 0.3738 -0.4458 -0.8133
vn 0.3244 -0.5692 -0.7555
vn 0.2705 -0.6776 -0.6839
vn 0.1693 -0.7727 -0.6118
vn 0.1428 -0.8478 -0.5108
vn 0.1158 -0.9061 -0.4070
vn 0.0890 -0.9489 -0.3028
vn 0.0625 -0.9780 -0.1992
vn 0.0366 -0.9947 -0.0965
vn 0.0111 -0.9999 0.0057
vn -0.0143 -0.9941 0.1079
vn -0.0396 -0.9767 0.2107
vn -0.0651 -0.9470 0.3144
vn -0.0909 -0.9036 0.4187
vn -0.1169 -0.8446 0.5225
vn -0.1426 -0.7688 0.6233
vn -0.1676 -0.6755 0.7180
vn -0.1907 -0.5646 0.8030
vn -0.2109 -0.4381 0.8738
vn -0.2274 -0.2987 0.9268
vn -0.2392 -0.1500 0.9593
vn -0.2458 0.0036 0.9693
vn -0.2467 0.1574 0.9562
vn -0.2415 0.3066 0.9207
vn -0.2303 0.4464 0.8647
vn -0.2141 0.5730 0.7911
vn -0.1903 0.6914 0.6969
vn -0.1285 0.8523 0.5070
vn 0.0334 0.9991 0.0273
vn 0.1623 0.9076 -0.3872
vn -0.0950 0.8878 0.4503
vn -0.2736 0.3966 0.8763
vn -0.1636 0.8666 0.4714
vn -0.0282 0.9981 0.0550
vn 0.0211 0.9940 -0.1073
vn 0.0502 0.9763 -0.2106
vn 0.0787 0.9468 -0.3122
vn 0.1075 0.9036 -0.4146
vn 0.1363 0.8452 -0.5169
vn 0.1644 0.7698 -0.6167
vn 0.1910 0.6767 -0.7110
vn 0.2148 0.5659 -0.7960
vn 0.2349 0.4392 -0.8671
vn 0.2501 0.2993 -0.9208
vn 0.2594 0.1503 -0.9540
vn 0.2627 -0.0034 -0.9649
vn 0.2597 -0.1567 -0.9529
vn 0.2507 -0.3051 -0.9187
vn 0.2362 -0.4440 -0.8643
vn 0.2171 -0.5699 -0.7925
vn 0.1944 -0.6800 -0.7069
vn 0.2206 -0.7756 -0.5915
vn 0.1851 -0.8501 -0.4931
vn 0.1481 -0.9078 -0.3924
vn 0.1105 -0.9501 -0.2917
vn 0.0728 -0.9787 -0.1920
vn 0.0351 -0.9950 -0.0933
vn -0.0027 -1.0000 0.0047
vn -0.0407 -0.9939 0.1027
vn -0.0790 -0.9764 0.2011
vn -0.1179 -0.9465 0.3004
vn -0.1570 -0.9029 0.4002
vn -0.1960 -0.8438 0.4996
vn -0.2340 -0.7679 0.5963
vn -0.2696 -0.6745 0.6872
vn -0.3016 -0.5638 0.7689
vn -0.3282 -0.4374 0.8373
vn -0.3481 -0.2982 0.8888
vn -0.3603 -0.1497 0.9207
vn -0.3641 0.0036 0.9314
vn -0.3592 0.1570 0.9200
vn -0.3458 0.3058 0.8871
vn -0.3248 0.4453 0.8344
vn -0.2971 0.5720 0.7646
vn -0.2613 0.6915 0.6734
vn -0.1930 0.8472 0.4951
vn -0.0448 0.9944 0.0962
vn 0.0600 0.9817 -0.1808
vn -0.1323 0.9091 0.3950
vn -0.2463 0.6415 0.7265
vn -0.1116 0.9296 0.3513
vn -0.0131 0.9993 0.0364
vn 0.0355 0.9942 -0.1020
vn 0.0720 0.9769 -0.2015
vn 0.1080 0.9475 -0.3009
vn 0.1440 0.9045 -0.4013
vn 0.1796 0.8461 -0.5019
vn 0.2139 0.7706 -0.6003
vn 0.2462 0.6772 -0.6934
vn 0.2753 0.5659 -0.7772
vn 0.2998 0.4387 -0.8472
vn 0.3188 0.2980 -0.8998
vn 0.3311 0.1482 -0.9319
vn 0.3361 -0.0060 -0.9418
vn 0.3335 -0.1600 -0.9291
vn 0.3234 -0.3087 -0.8945
vn 0.3062 -0.4477 -0.8401
vn 0.2825 -0.5735 -0.7690
vn 0.2535 -0.6834 -0.6846
vn 0.3277 -0.7791 -0.5345
vn 0.2681 -0.8535 -0.4469
vn 0.2049 -0.9104 -0.3594
vn 0.1405 -0.9517 -0.2729
vn 0.0762 -0.9793 -0.1876
vn 0.0123 -0.9946 -0.1033
vn -0.0511 -0.9985 -0.0195
vn -0.1144 -0.9913 0.0644
vn -0.1778 -0.9727 0.1489
vn -0.2413 -0.9417 0.2345
vn -0.3046 -0.8968 0.3208
vn -0.3669 -0.8364 0.4072
vn -0.4266 -0.7592 0.4916
vn -0.4815 -0.6645 0.5715
vn -0.5292 -0.5526 0.6438
vn -0.5673 -0.4254 0.7051
vn -0.5937 -0.2858 0.7523
vn -0.6067 -0.1373 0.7830
vn -0.6055 0.0156 0.7957
vn -0.5901 0.1681 0.7896
vn -0.5611 0.3157 0.7652
vn -0.5198 0.4538 0.7238
vn -0.4682 0.5789 0.6676
vn -0.4031 0.6960 0.5942
vn -0.2743 0.8487 0.4522
vn 0.0238 0.9934 0.1118
vn 0.2674 0.9480 -0.1727
vn -0.1624 0.9234 0.3477
vn -0.5005 0.5399 0.6768
vn -0.2333 0.9004 0.3673
vn 0.0117 0.9982 0.0596
vn 0.1017 0.9926 -0.0663
vn 0.1597 0.9748 -0.1560
vn 0.2138 0.9446 -0.2492
vn 0.2608 0.8998 -0.3498
vn 0.2883 0.8366 -0.4658
vn 0.2334 0.7395 -0.6314
vn -0.3228 0.4262 -0.8451
vn -0.6176 0.2225 -0.7544
vn -0.6597 0.1739 -0.7311
vn -0.6628 0.1415 -0.7353
vn -0.6500 0.1087 -0.7521
vn -0.6114 0.0812 -0.7872
vn -0.4488 0.0309 -0.8931
vn 0.2071 -0.2171 -0.9539
vn 0.4073 -0.4271 -0.8073
vn 0.4143 -0.5700 -0.7095
vn 0.3793 -0.6854 -0.6216
vn 0.4540 -0.8035 -0.3850
vn 0.3606 -0.8702 -0.3356
vn 0.2652 -0.9210 -0.2853
vn 0.1700 -0.9571 -0.2346
vn 0.0760 -0.9800 -0.1838
vn -0.0169 -0.9910 -0.1329
vn -0.1091 -0.9907 -0.0819
vn -0.2009 -0.9792 -0.0301
vn -0.2923 -0.9560 0.0229
vn -0.3832 -0.9204 0.0779
vn -0.4741 -0.8702 0.1344
vn -0.5627 -0.8041 0.1915
vn -0.6455 -0.7219 0.2496
vn -0.7197 -0.6224 0.3078
vn -0.7825 -0.5059 0.3631
vn -0.8306 -0.3748 0.4119
vn -0.8612 -0.2325 0.4519
vn -0.8726 -0.0832 0.4813
vn -0.8638 0.0685 0.4992
vn -0.8350 0.2180 0.5052
vn -0.7877 0.3608 0.4993
vn -0.7241 0.4931 0.4822
vn -0.6469 0.6117 0.4553
vn -0.5589 0.7151 0.4198
vn -0.4394 0.8191 0.3687
vn -0.1792 0.9504 0.2542
vn 0.2549 0.9657 0.0500
vn -0.0077 0.9698 0.2436
vn -0.5617 0.6872 0.4607
vn -0.2760 0.9136 0.2987
vn 0.0420 0.9934 0.1071
vn 0.1805 0.9833 0.0232
vn 0.2681 0.9627 -0.0372
vn 0.3435 0.9322 -0.1139
vn -0.5501 0.1777 -0.8160
vn -0.5779 0.1663 -0.7990
vn -0.6581 0.1102 -0.7448
vn -0.9100 -0.2914 -0.2948
vn -0.9002 -0.4185 0.1205
vn -0.9170 -0.3212 0.2366
vn -0.9377 -0.1910 0.2901
vn -0.9512 -0.0486 0.3048
vn -0.9587 0.1007 0.2662
vn -0.9712 0.2342 0.0443
vn -0.7255 0.1662 -0.6679
vn -0.5546 0.1182 -0.8237
vn -0.5155 0.0967 -0.8514
vn 0.5650 -0.7326 -0.3796
vn 0.5067 -0.8475 -0.1579
vn 0.3999 -0.8997 -0.1751
vn 0.2909 -0.9390 -0.1833
vn 0.1819 -0.9654 -0.1870
vn 0.0715 -0.9791 -0.1903
vn -0.0417 -0.9792 -0.1986
vn -0.1560 -0.9637 -0.2166
vn -0.2678 -0.9313 -0.2470
vn -0.3738 -0.8815 -0.2885
vn -0.4701 -0.8185 -0.3301
vn -0.5489 -0.7691 -0.3273
vn -0.6319 -0.7282 -0.2655
vn -0.7221 -0.6649 -0.1911
vn -0.8070 -0.5759 -0.1306
vn -0.8865 -0.4558 -0.0800
vn -0.9504 -0.3090 -0.0347
vn -0.9891 -0.1474 0.0044
vn -0.9992 0.0125 0.0392
vn -0.9831 0.1684 0.0713
vn -0.9441 0.3146 0.0984
vn -0.8853 0.4489 0.1213
vn -0.8097 0.5698 0.1403
vn -0.7204 0.6759 0.1555
vn -0.6207 0.7660 0.1669
vn -0.4952 0.8512 0.1741
vn -0.2259 0.9598 0.1663
vn 0.2501 0.9619 0.1100
vn -0.1071 0.9806 0.1644
vn -0.6379 0.7355 0.2282
vn -0.2676 0.9350 0.2328
vn 0.0763 0.9797 0.1855
vn 0.2240 0.9600 0.1682
vn 0.3278 0.9300 0.1665
vn 0.4205 0.8911 0.1705
vn -0.4727 -0.6003 0.6451
vn -0.6551 -0.7554 -0.0148
vn -0.7512 -0.6593 -0.0303
vn -0.8371 -0.5468 -0.0177
vn -0.9079 -0.4192 0.0041
vn -0.9595 -0.2801 0.0306
vn -0.9891 -0.1344 0.0598
vn -0.9958 0.0134 0.0905
vn -0.9798 0.1587 0.1220
vn -0.9425 0.2965 0.1544
vn -0.8864 0.4215 0.1915
vn -0.8150 0.5206 0.2544
vn -0.5498 0.0743 0.8320
vn 0.6084 -0.7910 -0.0647
vn 0.4644 -0.8853 0.0231
vn 0.3719 -0.9272 -0.0440
vn 0.2750 -0.9562 -0.1000
vn 0.1748 -0.9730 -0.1509
vn 0.0612 -0.9769 -0.2048
vn -0.0835 -0.9587 -0.2720
vn -0.2683 -0.8950 -0.3562
vn -0.4823 -0.7544 -0.4453
vn -0.6883 -0.5178 -0.5081
vn -0.8076 -0.2734 -0.5225
vn -0.6232 -0.5596 -0.5463
vn -0.2412 -0.8627 -0.4445
vn -0.2499 -0.8818 -0.3999
vn -0.4984 -0.7513 -0.4327
vn -0.7000 -0.5561 -0.4480
vn -0.8374 -0.3266 -0.4383
vn -0.9096 -0.0986 -0.4036
vn -0.9278 0.1041 -0.3581
vn -0.9092 0.2764 -0.3114
vn -0.8685 0.4210 -0.2618
vn -0.8114 0.5452 -0.2104
vn -0.7407 0.6532 -0.1575
vn -0.6583 0.7456 -0.1040
vn -0.5510 0.8331 -0.0478
vn -0.3229 0.9462 0.0232
vn 0.1138 0.9879 0.1057
vn -0.0513 0.9908 0.1251
vn -0.6325 0.7693 0.0902
vn -0.4772 0.8688 0.1324
vn -0.0927 0.9728 0.2125
vn 0.1010 0.9601 0.2610
vn 0.2046 0.9304 0.3042
vn 0.3008 0.8862 0.3523
vn 0.3935 0.8147 0.4260
vn 0.1256 0.1685 0.9777
vn -0.2879 -0.1657 0.9432
vn -0.3222 -0.2012 0.9250
vn -0.3488 -0.2337 0.9076
vn -0.3858 -0.2644 0.8839
vn -0.4248 -0.2854 0.8591
vn -0.4404 -0.3021 0.8454
vn -0.4274 -0.3090 0.8496
vn -0.4041 -0.3169 0.8581
vn -0.3848 -0.3251 0.8639
vn -0.3675 -0.3317 0.8689
vn -0.3278 -0.3412 0.8810
vn 0.2293 -0.6082 0.7600
vn 0.5431 -0.8305 0.1236
vn 0.4005 -0.9103 0.1043
vn 0.3252 -0.9454 0.0220
vn 0.2470 -0.9673 -0.0574
vn 0.1644 -0.9769 -0.1368
vn 0.0667 -0.9719 -0.2256
vn -0.0643 -0.9406 -0.3333
vn -0.2360 -0.8597 -0.4530
vn -0.4239 -0.7162 -0.5544
vn -0.5787 -0.5484 -0.6036
vn -0.6629 -0.4668 -0.5854
vn -0.5725 -0.6517 -0.4976
vn -0.3367 -0.8655 -0.3709
vn -0.3234 -0.8467 -0.4224
vn -0.4930 -0.6700 -0.5551
vn -0.6414 -0.4238 -0.6396
vn -0.7261 -0.1791 -0.6638
vn -0.7612 0.0374 -0.6474
vn -0.7646 0.2224 -0.6050
vn -0.7476 0.3756 -0.5478
vn -0.7148 0.5055 -0.4832
vn -0.6693 0.6181 -0.4123
vn -0.6122 0.7158 -0.3361
vn -0.5256 0.8162 -0.2399
vn -0.2976 0.9528 -0.0604
vn 0.1510 0.9739 0.1694
vn -0.1013 0.9889 -0.1086
vn -0.6740 0.6867 -0.2725
vn -0.4408 0.8976 0.0076
vn -0.1460 0.9726 0.1812
vn -0.0099 0.9659 0.2587
vn 0.0718 0.9433 0.3240
vn 0.1517 0.9083 0.3898
vn 0.2331 0.8592 0.4554
vn 0.3153 0.7937 0.5202
vn 0.3964 0.7090 0.5833
vn 0.4726 0.6028 0.6429
vn 0.5374 0.4744 0.6972
vn 0.5836 0.3258 0.7438
vn 0.6070 0.1639 0.7776
vn 0.6153 0.0025 0.7883
vn 0.6268 -0.1496 0.7647
vn 0.6467 -0.2851 0.7075
vn 0.6608 -0.4091 0.6292
vn 0.6562 -0.5243 0.5427
vn 0.6314 -0.6287 0.4540
vn 0.5898 -0.7203 0.3650
vn 0.5354 -0.7980 0.2766
vn 0.4713 -0.8614 0.1893
vn 0.3408 -0.9277 0.1521
vn 0.2850 -0.9570 0.0543
vn 0.2300 -0.9720 -0.0477
vn 0.1770 -0.9712 -0.1592
vn 0.1215 -0.9507 -0.2854
vn 0.0548 -0.9048 -0.4223
vn -0.0319 -0.8323 -0.5534
vn -0.1400 -0.7430 -0.6544
vn -0.2528 -0.6838 -0.6845
vn -0.2894 -0.7426 -0.6040
vn -0.2751 -0.8117 -0.5152
vn -0.3326 -0.7665 -0.5495
vn -0.4167 -0.6225 -0.6624
vn -0.4895 -0.4258 -0.7610
vn -0.5429 -0.2182 -0.8109
vn -0.5768 -0.0234 -0.8166
vn -0.5933 0.1520 -0.7905
vn -0.5949 0.3067 -0.7430
vn -0.5840 0.4435 -0.6799
vn -0.5623 0.5636 -0.6052
vn -0.5274 0.6705 -0.5217
vn -0.4555 0.7827 -0.4242
vn -0.2508 0.9382 -0.2384
vn 0.1392 0.9780 0.1556
vn -0.0750 0.9951 0.0646
vn -0.5786 0.5793 -0.5741
vn -0.5542 0.7232 -0.4121
vn -0.2596 0.9657 0.0091
vn -0.1038 0.9748 0.1976
vn -0.0369 0.9574 0.2864
vn 0.0247 0.9297 0.3675
vn 0.0885 0.8896 0.4480
vn 0.1547 0.8353 0.5276
vn 0.2231 0.7644 0.6049
vn 0.2927 0.6749 0.6773
vn 0.3612 0.5657 0.7413
vn 0.4254 0.4376 0.7922
vn 0.4819 0.2939 0.8255
vn 0.5273 0.1401 0.8380
vn 0.5595 -0.0166 0.8286
vn 0.5777 -0.1697 0.7985
vn 0.5818 -0.3143 0.7501
vn 0.5734 -0.4462 0.6871
vn 0.5541 -0.5640 0.6123
vn 0.5252 -0.6667 0.5288
vn 0.4881 -0.7543 0.4391
vn 0.4442 -0.8268 0.3453
vn 0.3945 -0.8845 0.2491
vn 0.2858 -0.9416 0.1780
vn 0.2479 -0.9670 0.0584
vn 0.2069 -0.9742 -0.0906
vn 0.1632 -0.9473 -0.2755
vn 0.1199 -0.8700 -0.4783
vn 0.0847 -0.7487 -0.6575
vn 0.0680 -0.6350 -0.7695
vn 0.0665 -0.6138 -0.7866
vn 0.1019 -0.8088 -0.5791
vn 0.1039 -0.9211 -0.3751
vn -0.0123 -0.8820 -0.4711
vn -0.1479 -0.7234 -0.6744
vn -0.2445 -0.5181 -0.8196
vn -0.3119 -0.3112 -0.8977
vn -0.3616 -0.1147 -0.9252
vn -0.3945 0.0634 -0.9167
vn -0.4145 0.2233 -0.8823
vn -0.4238 0.3669 -0.8281
vn -0.4237 0.4956 -0.7582
vn -0.4140 0.6108 -0.6749
vn -0.3796 0.7360 -0.5605
vn -0.2362 0.9276 -0.2896
vn 0.0414 0.9751 0.2177
vn -0.0281 0.9960 0.0848
vn -0.3429 0.7913 -0.5063
vn -0.4756 0.6217 -0.6223
vn -0.3293 0.9073 -0.2614
vn -0.1810 0.9799 0.0841
vn -0.1213 0.9686 0.2169
vn -0.0780 0.9475 0.3102
vn -0.0335 0.9154 0.4011
vn 0.0137 0.8707 0.4916
vn 0.0639 0.8113 0.5811
vn 0.1170 0.7349 0.6681
vn 0.1722 0.6394 0.7493
vn 0.2278 0.5241 0.8206
vn 0.2810 0.3906 0.8766
vn 0.3292 0.2422 0.9127
vn 0.3694 0.0856 0.9253
vn 0.3996 -0.0719 0.9139
vn 0.4189 -0.2237 0.8800
vn 0.4278 -0.3650 0.8269
vn 0.4270 -0.4926 0.7583
vn 0.4180 -0.6052 0.6775
vn 0.4019 -0.7024 0.5875
vn 0.3797 -0.7841 0.4909
vn 0.3524 -0.8509 0.3895
vn 0.3208 -0.9032 0.2852
vn 0.2337 -0.9567 0.1738
vn 0.2275 -0.9738 0.0010
vn 0.2211 -0.9474 -0.2313
vn 0.2050 -0.8422 -0.4986
vn 0.1760 -0.6598 -0.7306
vn 0.1537 -0.5029 -0.8506
vn 0.1784 -0.6344 -0.7522
vn 0.1968 -0.9407 -0.2764
vn 0.1263 -0.9911 -0.0425
vn 0.0715 -0.9501 -0.3036
vn 0.0230 -0.8119 -0.5833
vn -0.0277 -0.6157 -0.7875
vn -0.0785 -0.4048 -0.9110
vn -0.1205 -0.2073 -0.9708
vn -0.1547 -0.0258 -0.9876
vn -0.1848 0.1387 -0.9729
vn -0.2094 0.2885 -0.9343
vn -0.2285 0.4249 -0.8759
vn -0.2418 0.5473 -0.8012
vn -0.2451 0.6672 -0.7034
vn -0.2128 0.8526 -0.4773
vn -0.1095 0.9865 0.1214
vn -0.0153 0.9131 0.4074
vn -0.1653 0.9559 -0.2427
vn -0.3436 0.5851 -0.7346
vn -0.3121 0.7393 -0.5967
vn -0.2527 0.9499 -0.1841
vn -0.1867 0.9771 0.1019
vn -0.1586 0.9601 0.2301
vn -0.1357 0.9346 0.3287
vn -0.1102 0.8978 0.4263
vn -0.0813 0.8481 0.5236
vn -0.0482 0.7833 0.6198
vn -0.0107 0.7012 0.7129
vn 0.0312 0.6000 0.7994
vn 0.0762 0.4795 0.8742
vn 0.1222 0.3419 0.9318
vn 0.1650 0.1913 0.9676
vn 0.2016 0.0323 0.9789
vn 0.2301 -0.1247 0.9652
vn 0.2496 -0.2749 0.9285
vn 0.2614 -0.4135 0.8722
vn 0.2673 -0.5375 0.7998
vn 0.2687 -0.6454 0.7150
vn 0.2665 -0.7372 0.6209
vn 0.2613 -0.8133 0.5198
vn 0.2534 -0.8744 0.4137
vn 0.2433 -0.9216 0.3024
vn 0.1840 -0.9719 0.1470
vn 0.2283 -0.9713 -0.0664
vn 0.2741 -0.8987 -0.3424
vn 0.2934 -0.7241 -0.6241
vn 0.2726 -0.5207 -0.8090
vn 0.2592 -0.6097 -0.7490
vn 0.2271 -0.9508 -0.2106
vn 0.1700 -0.9788 0.1146
vn 0.1912 -0.9716 -0.1396
vn 0.2141 -0.8652 -0.4533
vn 0.2189 -0.6837 -0.6962
vn 0.2063 -0.4782 -0.8537
vn 0.1830 -0.2792 -0.9426
vn 0.1533 -0.0979 -0.9833
vn 0.1216 0.0662 -0.9904
vn 0.0888 0.2202 -0.9714
vn 0.0546 0.3630 -0.9302
vn 0.0203 0.4922 -0.8702
vn -0.0129 0.6103 -0.7921
vn -0.0515 0.7590 -0.6490
vn -0.1178 0.9624 -0.2446
vn -0.1919 0.9075 0.3736
vn -0.2182 0.9513 -0.2178
vn 0.0507 0.3435 -0.9378
vn -0.1073 0.6000 -0.7927
vn -0.2472 0.9197 -0.3051
vn -0.2270 0.9737 -0.0175
vn -0.2125 0.9688 0.1275
vn -0.2153 0.9483 0.2330
vn -0.2184 0.9170 0.3339
vn -0.2164 0.8741 0.4348
vn -0.2066 0.8183 0.5363
vn -0.1828 0.7478 0.6383
vn -0.1231 0.6617 0.7396
vn 0.1104 0.5849 0.8035
vn 0.8601 0.3128 0.4029
vn 0.9151 0.3049 0.2638
vn 0.9248 0.2890 0.2474
vn 0.9342 0.2530 0.2515
vn 0.9373 0.2271 0.2644
vn 0.9353 0.1935 0.2961
vn 0.9028 0.1141 0.4146
vn 0.3177 -0.4599 0.8292
vn 0.1324 -0.6702 0.7302
vn 0.1146 -0.7713 0.6261
vn 0.1215 -0.8449 0.5209
vn 0.1354 -0.9006 0.4131
vn 0.1542 -0.9425 0.2965
vn 0.1321 -0.9855 0.1068
vn 0.2432 -0.9648 -0.0998
vn 0.3612 -0.8620 -0.3556
vn 0.4464 -0.6667 -0.5968
vn 0.4742 -0.4759 -0.7407
vn 0.4676 -0.5416 -0.6986
vn 0.3120 -0.9377 -0.1526
vn 0.1411 -0.9720 0.1881
vn 0.2540 -0.9656 -0.0560
vn 0.3950 -0.8411 -0.3695
vn 0.4787 -0.6339 -0.6074
vn 0.5100 -0.4082 -0.7572
vn 0.5079 -0.1964 -0.8387
vn 0.4866 -0.0084 -0.8736
vn 0.4535 0.1588 -0.8770
vn 0.4117 0.3094 -0.8572
vn 0.3627 0.4455 -0.8185
vn 0.3085 0.5663 -0.7643
vn 0.2423 0.6829 -0.6892
vn 0.1006 0.8516 -0.5144
vn -0.1821 0.9817 -0.0558
vn -0.2726 0.9567 0.1018
vn 0.0205 0.8021 -0.5968
vn 0.1404 0.4697 -0.8716
vn -0.0707 0.8570 -0.5105
vn -0.1638 0.9787 -0.1234
vn -0.2038 0.9788 0.0214
vn -0.2468 0.9617 0.1196
vn -0.2886 0.9336 0.2122
vn -0.3270 0.8948 0.3041
vn -0.3613 0.8442 0.3960
vn -0.3910 0.7809 0.4872
vn -0.4159 0.7053 0.5741
vn -0.4881 0.6249 0.6093
vn 0.9823 0.1871 0.0105
vn 0.6519 -0.2828 -0.7037
vn 0.5290 -0.1559 -0.8342
vn 0.4553 -0.0175 -0.8902
vn 0.3625 0.1113 -0.9253
vn 0.1536 0.1837 -0.9709
vn -0.4078 0.0041 -0.9131
vn -0.2686 -0.3778 -0.8861
vn -0.0865 -0.6754 0.7324
vn -0.1829 -0.7719 0.6088
vn -0.1346 -0.8410 0.5240
vn -0.0786 -0.8932 0.4427
vn -0.0193 -0.9355 0.3527
vn 0.0468 -0.9673 0.2495
vn 0.1188 -0.9845 0.1287
vn 0.2651 -0.9641 -0.0172
vn 0.4349 -0.8735 -0.2188
vn 0.5865 -0.6773 -0.4441
vn 0.6623 -0.4235 -0.6181
vn 0.6632 -0.3625 -0.6548
vn 0.5316 -0.7604 -0.3731
vn 0.2370 -0.9660 0.1036
vn 0.2846 -0.9498 0.1304
vn 0.5158 -0.8516 -0.0932
vn 0.6914 -0.6438 -0.3278
vn 0.7735 -0.3915 -0.4984
vn 0.7862 -0.1485 -0.5999
vn 0.7590 0.0612 -0.6482
vn 0.7119 0.2363 -0.6613
vn 0.6533 0.3849 -0.6519
vn 0.5856 0.5140 -0.6268
vn 0.5106 0.6263 -0.5891
vn 0.4288 0.7294 -0.5329
vn 0.3076 0.8585 -0.4104
vn 0.0294 0.9839 -0.1764
vn -0.2114 0.9684 -0.1323
vn 0.1808 0.7889 -0.5873
vn 0.2795 0.7740 -0.5681
vn -0.0107 0.9733 -0.2291
vn -0.1488 0.9871 -0.0596
vn -0.2198 0.9751 0.0302
vn -0.2777 0.9528 0.1228
vn -0.3157 0.9202 0.2314
vn -0.2975 0.8723 0.3880
vn -0.0383 0.7252 0.6875
vn 0.3511 0.4181 0.8378
vn 0.4414 0.2790 0.8528
vn -0.3038 -0.9132 -0.2718
vn -0.6765 -0.1711 -0.7163
vn -0.6852 -0.1998 -0.7004
vn -0.7057 -0.2239 -0.6722
vn -0.7312 -0.2447 -0.6368
vn -0.7740 -0.2708 -0.5724
vn -0.8622 -0.3414 -0.3741
vn -0.8202 -0.5348 0.2029
vn -0.6256 -0.6503 0.4310
vn -0.4947 -0.7377 0.4595
vn -0.3857 -0.8109 0.4401
vn -0.2851 -0.8730 0.3957
vn -0.1909 -0.9179 0.3478
vn -0.0953 -0.9516 0.2923
vn 0.0035 -0.9745 0.2242
vn 0.1658 -0.9437 0.2861
vn 0.2907 -0.9309 0.2209
vn 0.4424 -0.8886 0.1212
vn 0.6119 -0.7906 -0.0233
vn 0.7622 -0.6140 -0.2050
vn 0.8307 -0.3924 -0.3949
vn 0.8345 -0.1882 -0.5179
vn 0.8523 -0.2674 -0.4494
vn 0.6965 -0.7158 -0.0512
vn 0.4749 -0.8552 0.2075
vn 0.6589 -0.7455 0.1005
vn 0.8609 -0.4983 -0.1026
vn 0.9365 -0.2047 -0.2848
vn 0.9132 0.0611 -0.4028
vn 0.8419 0.2723 -0.4659
vn 0.7541 0.4329 -0.4939
vn 0.6621 0.5572 -0.5011
vn 0.5648 0.6601 -0.4952
vn 0.4205 0.7774 -0.4679
vn 0.1085 0.9276 -0.3575
vn -0.0748 0.9633 -0.2579
vn 0.0908 0.8712 -0.4824
vn 0.4561 0.6724 -0.5830
vn 0.1407 0.9015 -0.4092
vn 0.4079 0.3542 0.8415
vn 0.4219 0.3210 0.8479
vn 0.4386 0.3102 0.8435
vn 0.4607 0.2949 0.8371
vn 0.4962 0.2648 0.8268
vn 0.5775 0.1818 0.7959
vn 0.8175 -0.1890 0.5441
vn 0.8682 -0.4880 0.0898
vn 0.8784 -0.4667 -0.1030
vn 0.8195 -0.4340 -0.3743
vn -0.1384 -0.5148 -0.8461
vn -0.0318 0.5364 0.8434
vn -0.9345 -0.0551 0.3518
vn -0.8917 -0.1998 0.4061
vn -0.8294 -0.3383 0.4445
vn -0.7517 -0.4642 0.4684
vn -0.6632 -0.5746 0.4797
vn -0.5675 -0.6687 0.4803
vn -0.4676 -0.7473 0.4721
vn -0.3650 -0.8115 0.4563
vn -0.2608 -0.8623 0.4341
vn -0.1553 -0.9011 0.4048
vn -0.0502 -0.9272 0.3712
vn 0.0562 -0.9414 0.3327
vn 0.2223 -0.8372 0.4996
vn 0.3430 -0.8147 0.4677
vn 0.4753 -0.7759 0.4149
vn 0.6218 -0.7114 0.3276
vn 0.7710 -0.6071 0.1924
vn 0.9074 -0.4195 0.0257
vn 0.9703 -0.1738 -0.1680
vn 0.9436 -0.0215 -0.3303
vn 0.9268 -0.3012 -0.2244
vn 0.7753 -0.6250 0.0911
vn 0.7813 -0.5846 0.2187
vn 0.8926 -0.4287 0.1396
vn 0.9842 -0.1728 -0.0378
vn 0.9672 0.1306 -0.2179
vn 0.8773 0.3475 -0.3311
vn 0.7752 0.4888 -0.4002
vn 0.6730 0.5890 -0.4474
vn 0.5660 0.6683 -0.4828
vn 0.3985 0.7563 -0.5189
vn 0.0438 0.8377 -0.5444
vn 0.0157 0.7875 -0.6161
vn 0.1624 0.7151 -0.6799
vn 0.3462 0.7686 -0.5380
vn 0.1297 0.8241 -0.5515
vn 0.1891 -0.9319 0.3097
vn 0.3352 -0.8488 0.4090
vn 0.4425 -0.8072 0.3907
vn 0.5433 -0.7602 0.3563
vn 0.6377 -0.7039 0.3128
vn 0.7247 -0.6374 0.2620
vn 0.8029 -0.5602 0.2037
vn 0.8707 -0.4721 0.1376
vn 0.9252 -0.3740 0.0635
vn 0.9625 -0.2705 -0.0206
vn 0.9757 -0.1724 -0.1351
vn 0.2156 -0.8621 0.4586
vn -0.9601 -0.1885 0.2067
vn -0.9094 -0.3007 0.2874
vn -0.8402 -0.4112 0.3534
vn -0.7569 -0.5108 0.4076
vn -0.6636 -0.5969 0.4510
vn -0.5634 -0.6691 0.4846
vn -0.4585 -0.7282 0.5094
vn -0.3502 -0.7750 0.5261
vn -0.2391 -0.8101 0.5353
vn -0.1257 -0.8339 0.5374
vn -0.0105 -0.8465 0.5323
vn 0.1057 -0.8476 0.5200
vn 0.2212 -0.6854 0.6938
vn 0.3403 -0.6440 0.6851
vn 0.4562 -0.5921 0.6643
vn 0.5672 -0.5316 0.6291
vn 0.6730 -0.4641 0.5759
vn 0.7821 -0.3961 0.4810
vn 0.8730 -0.3328 0.3565
vn 0.9717 -0.1563 0.1770
vn 0.9865 0.1521 -0.0609
vn 0.9864 0.1605 -0.0341
vn 0.9362 -0.2467 0.2502
vn 0.9334 -0.2380 0.2684
vn 0.9913 0.1270 0.0348
vn 0.9214 0.3630 -0.1390
vn 0.8377 0.4863 -0.2485
vn 0.7530 0.5666 -0.3346
vn 0.6628 0.6269 -0.4095
vn 0.5661 0.6730 -0.4761
vn 0.4395 0.7065 -0.5547
vn 0.2162 0.6941 -0.6867
vn 0.0113 0.6143 -0.7890
vn 0.0064 0.7961 -0.6051
vn 0.3459 0.7839 -0.5157
vn 0.1361 0.6887 -0.7122
vn 0.0749 -0.5140 -0.8545
vn 0.1151 -0.6482 -0.7527
vn 0.1234 -0.6980 -0.7054
vn 0.1584 -0.7592 -0.6313
vn 0.2462 -0.8237 -0.5107
vn 0.3337 -0.8469 -0.4140
vn 0.3064 -0.8400 -0.4478
vn 0.2076 -0.8266 -0.5230
vn 0.1377 -0.8204 -0.5550
vn 0.1040 -0.8198 -0.5632
vn 0.0553 -0.7990 -0.5987
vn -0.9108 -0.3860 -0.1466
vn -0.9298 -0.3655 0.0437
vn -0.8853 -0.4374 0.1578
vn -0.8215 -0.5099 0.2551
vn -0.7445 -0.5742 0.3406
vn -0.6578 -0.6281 0.4157
vn -0.5638 -0.6713 0.4811
vn -0.4640 -0.7042 0.5375
vn -0.3592 -0.7269 0.5854
vn -0.2498 -0.7396 0.6249
vn -0.1363 -0.7423 0.6561
vn -0.0191 -0.7344 0.6785
vn 0.1007 -0.7155 0.6913
vn 0.1773 -0.5356 0.8256
vn 0.2955 -0.4745 0.8292
vn 0.4102 -0.4039 0.8177
vn 0.5180 -0.3252 0.7912
vn 0.6190 -0.2333 0.7499
vn 0.7233 -0.1155 0.6808
vn 0.8440 0.1272 0.5210
vn 0.8512 0.4732 0.2268
vn 0.9034 0.2047 0.3767
vn 0.7834 -0.2703 0.5596
vn 0.8972 -0.0655 0.4366
vn 0.9428 0.2720 0.1926
vn 0.8951 0.4451 0.0246
vn 0.8452 0.5268 -0.0901
vn 0.7882 0.5835 -0.1957
vn 0.7210 0.6269 -0.2952
vn 0.6453 0.6584 -0.3873
vn 0.5621 0.6792 -0.4720
vn 0.4558 0.6909 -0.5611
vn 0.2151 0.6950 -0.6861
vn -0.2130 0.6471 -0.7320
vn 0.1481 0.6980 -0.7006
vn 0.5676 0.5551 -0.6081
vn 0.1389 0.5859 -0.7984
vn -0.1495 0.5188 -0.8417
vn -0.2792 0.4316 -0.8578
vn -0.3799 0.3184 -0.8685
vn -0.4568 0.1603 -0.8750
vn -0.4894 -0.0498 -0.8706
vn -0.5097 -0.2236 -0.8308
vn -0.6061 -0.2609 -0.7514
vn -0.7344 -0.2354 -0.6366
vn -0.8243 -0.2451 -0.5103
vn -0.8753 -0.2908 -0.3865
vn -0.8977 -0.3526 -0.2643
vn -0.8969 -0.4186 -0.1429
vn -0.8760 -0.4818 -0.0238
vn -0.8377 -0.5385 0.0910
vn -0.7849 -0.5866 0.1997
vn -0.7203 -0.6250 0.3008
vn -0.6463 -0.6536 0.3937
vn -0.5644 -0.6727 0.4784
vn -0.4756 -0.6825 0.5550
vn -0.3803 -0.6830 0.6235
vn -0.2789 -0.6741 0.6839
vn -0.1715 -0.6554 0.7355
vn -0.0587 -0.6263 0.7774
vn 0.0584 -0.5864 0.8079
vn 0.1219 -0.4166 0.9009
vn 0.2364 -0.3397 0.9103
vn 0.3476 -0.2547 0.9024
vn 0.4530 -0.1562 0.8777
vn 0.5629 -0.0159 0.8264
vn 0.6945 0.2069 0.6891
vn 0.7701 0.5384 0.3421
vn 0.7775 0.2965 0.5547
vn 0.6303 -0.1522 0.7613
vn 0.7950 0.1276 0.5931
vn 0.8533 0.3804 0.3565
vn 0.8432 0.5027 0.1904
vn 0.8231 0.5640 0.0662
vn 0.7912 0.6093 -0.0517
vn 0.7470 0.6438 -0.1661
vn 0.6922 0.6674 -0.2747
vn 0.6285 0.6806 -0.3766
vn 0.5529 0.6848 -0.4747
vn 0.3984 0.6892 -0.6052
vn 0.0156 0.6577 -0.7531
vn -0.0025 0.6578 -0.7532
vn 0.6064 0.5611 -0.5634
vn 0.4246 0.5402 -0.7266
vn 0.0566 0.4964 -0.8662
vn -0.1187 0.4210 -0.8993
vn -0.2321 0.3394 -0.9115
vn -0.3405 0.2501 -0.9064
vn -0.4429 0.1555 -0.8830
vn -0.5367 0.0585 -0.8418
vn -0.6200 -0.0382 -0.7837
vn -0.6915 -0.1326 -0.7101
vn -0.7499 -0.2225 -0.6230
vn -0.7943 -0.3066 -0.5244
vn -0.8240 -0.3840 -0.4165
vn -0.8385 -0.4538 -0.3016
vn -0.8376 -0.5149 -0.1824
vn -0.8218 -0.5663 -0.0622
vn -0.7922 -0.6077 0.0563
vn -0.7501 -0.6389 0.1708
vn -0.6974 -0.6599 0.2795
vn -0.6355 -0.6712 0.3815
vn -0.5654 -0.6733 0.4765
vn -0.4876 -0.6662 0.5643
vn -0.4025 -0.6498 0.6448
vn -0.3100 -0.6240 0.7173
vn -0.2104 -0.5881 0.7810
vn -0.1042 -0.5416 0.8342
vn 0.0075 -0.4842 0.8749
vn 0.0715 -0.3294 0.9415
vn 0.1819 -0.2399 0.9536
vn 0.2905 -0.1404 0.9465
vn 0.4145 -0.0205 0.9098
vn 0.5800 0.1688 0.7969
vn 0.7048 0.4079 0.5804
vn 0.7218 0.4626 0.5149
vn 0.6205 0.1515 0.7694
vn 0.5874 0.0843 0.8049
vn 0.7250 0.3115 0.6143
vn 0.7818 0.5113 0.3569
vn 0.7838 0.5847 0.2091
vn 0.7727 0.6289 0.0865
vn 0.7490 0.6617 -0.0345
vn 0.7137 0.6836 -0.1525
vn 0.6684 0.6948 -0.2653
vn 0.6138 0.6959 -0.3728
vn 0.5211 0.6886 -0.5042
vn 0.2329 0.6428 -0.7298
vn -0.2038 0.5263 -0.8255
vn 0.0256 0.8613 -0.5074
vn 0.6259 0.7162 -0.3086
vn 0.3006 0.5593 -0.7726
vn 0.0457 0.4283 -0.9025
vn -0.0745 0.3400 -0.9375
vn -0.1818 0.2492 -0.9512
vn -0.2869 0.1519 -0.9458
vn -0.3864 0.0516 -0.9209
vn -0.4778 -0.0487 -0.8771
vn -0.5592 -0.1462 -0.8160
vn -0.6292 -0.2390 -0.7396
vn -0.6868 -0.3252 -0.6500
vn -0.7315 -0.4037 -0.5494
vn -0.7630 -0.4736 -0.4400
vn -0.7809 -0.5341 -0.3239
vn -0.7852 -0.5848 -0.2036
vn -0.7764 -0.6249 -0.0820
vn -0.7551 -0.6545 0.0385
vn -0.7224 -0.6737 0.1558
vn -0.6795 -0.6828 0.2683
vn -0.6275 -0.6824 0.3749
vn -0.5670 -0.6727 0.4754
vn -0.4984 -0.6538 0.5693
vn -0.4218 -0.6255 0.6564
vn -0.3372 -0.5874 0.7357
vn -0.2446 -0.5388 0.8061
vn -0.1446 -0.4795 0.8656
vn -0.0383 -0.4093 0.9116
vn -0.0021 -0.2088 0.9780
vn 0.1012 -0.0857 0.9912
vn 0.1963 0.0767 0.9775
vn 0.2515 0.2479 0.9356
vn 0.3698 0.3924 0.8422
vn 0.6041 0.5494 0.5773
vn 0.6382 0.4773 0.6040
vn 0.4731 0.0923 0.8762
vn 0.5751 0.1894 0.7959
vn 0.7006 0.4765 0.5311
vn 0.7314 0.5883 0.3449
vn 0.7387 0.6379 0.2176
vn 0.7332 0.6734 0.0948
vn 0.7158 0.6978 -0.0274
vn 0.6874 0.7112 -0.1470
vn 0.6494 0.7140 -0.2618
vn 0.5994 0.7066 -0.3760
vn 0.4758 0.6758 -0.5629
vn 0.0516 0.4801 -0.8757
vn -0.3417 0.3327 -0.8790
vn 0.3335 0.8465 -0.4149
vn 0.7143 0.6723 -0.1942
vn 0.2896 0.5110 -0.8093
vn 0.0734 0.3729 -0.9250
vn -0.0347 0.2791 -0.9596
vn -0.1378 0.1801 -0.9739
vn -0.2394 0.0762 -0.9679
vn -0.3361 -0.0287 -0.9414
vn -0.4254 -0.1314 -0.8954
vn -0.5052 -0.2291 -0.8320
vn -0.5746 -0.3199 -0.7533
vn -0.6324 -0.4022 -0.6620
vn -0.6785 -0.4752 -0.5602
vn -0.7125 -0.5383 -0.4501
vn -0.7342 -0.5912 -0.3337
vn -0.7437 -0.6336 -0.2132
vn -0.7410 -0.6652 -0.0914
vn -0.7267 -0.6863 0.0297
vn -0.7016 -0.6970 0.1481
vn -0.6665 -0.6978 0.2623
vn -0.6223 -0.6891 0.3713
vn -0.5695 -0.6711 0.4747
vn -0.5082 -0.6438 0.5720
vn -0.4385 -0.6065 0.6632
vn -0.3611 -0.5556 0.7489
vn -0.2789 -0.4883 0.8269
vn -0.1918 -0.4057 0.8937
vn -0.0993 -0.3113 0.9451
vn -0.0700 -0.0190 0.9974
vn 0.0486 0.1557 0.9866
vn 0.2160 0.4569 0.8629
vn 0.2690 0.7215 0.6381
vn 0.1035 0.6582 0.7457
vn 0.1534 0.5096 0.8466
vn 0.2500 0.3110 0.9169
vn 0.2585 0.1454 0.9550
vn 0.5187 0.4688 0.7150
vn 0.6205 0.6086 0.4945
vn 0.6674 0.6553 0.3538
vn 0.6938 0.6838 0.2259
vn 0.7006 0.7066 0.0991
vn 0.6896 0.7237 -0.0256
vn 0.6666 0.7310 -0.1459
vn 0.6341 0.7276 -0.2616
vn 0.5884 0.7129 -0.3816
vn 0.4489 0.6457 -0.6177
vn 0.0172 0.3050 -0.9522
vn 0.6127 0.4211 -0.6688
vn 0.8550 0.4520 0.2543
vn 0.6262 0.6988 -0.3456
vn 0.2483 0.4755 -0.8440
vn 0.0971 0.3316 -0.9384
vn -0.0009 0.2322 -0.9727
vn -0.1004 0.1269 -0.9868
vn -0.1991 0.0180 -0.9798
vn -0.2936 -0.0903 -0.9516
vn -0.3813 -0.1946 -0.9038
vn -0.4602 -0.2920 -0.8384
vn -0.5293 -0.3809 -0.7581
vn -0.5879 -0.4598 -0.6655
vn -0.6354 -0.5281 -0.5633
vn -0.6718 -0.5863 -0.4528
vn -0.6979 -0.6325 -0.3359
vn -0.7141 -0.6662 -0.2152
vn -0.7190 -0.6886 -0.0937
vn -0.7114 -0.7023 0.0265
vn -0.6909 -0.7084 0.1443
vn -0.6594 -0.7059 0.2586
vn -0.6194 -0.6928 0.3692
vn -0.5726 -0.6688 0.4742
vn -0.5178 -0.6329 0.5757
vn -0.4579 -0.5780 0.6754
vn -0.3886 -0.4980 0.7752
vn -0.3094 -0.3932 0.8658
vn -0.2288 -0.2725 0.9346
vn -0.1498 -0.1460 0.9779
vn -0.1242 0.1588 0.9795
vn 0.0152 0.3584 0.9334
vn 0.3538 0.7087 0.6104
vn 0.5291 0.8451 0.0763
vn 0.1254 0.8573 0.4993
vn -0.3385 0.2143 0.9163
vn -0.1373 0.1584 0.9778
vn 0.1650 0.3880 0.9067
vn 0.3977 0.6247 0.6720
vn 0.5044 0.6874 0.5225
vn 0.5782 0.7135 0.3957
vn 0.6305 0.7336 0.2537
vn 0.6521 0.7503 0.1087
vn 0.6480 0.7613 -0.0234
vn 0.6332 0.7607 -0.1428
vn 0.6125 0.7468 -0.2591
vn 0.5812 0.7191 -0.3808
vn 0.4795 0.6175 -0.6235
vn 0.1363 0.2161 -0.9668
vn 0.7252 0.1797 -0.6647
vn 0.8513 0.5182 0.0824
vn 0.5832 0.7360 -0.3436
vn 0.2736 0.4607 -0.8443
vn 0.1235 0.3003 -0.9458
vn 0.0275 0.1949 -0.9804
vn -0.0692 0.0850 -0.9940
vn -0.1657 -0.0275 -0.9858
vn -0.2585 -0.1382 -0.9561
vn -0.3450 -0.2433 -0.9065
vn -0.4233 -0.3403 -0.8396
vn -0.4924 -0.4273 -0.7583
vn -0.5515 -0.5037 -0.6649
vn -0.5986 -0.5699 -0.5629
vn -0.6370 -0.6243 -0.4522
vn -0.6696 -0.6634 -0.3340
vn -0.6953 -0.6865 -0.2127
vn -0.7113 -0.6967 -0.0928
vn -0.7148 -0.6989 0.0240
vn -0.7037 -0.6969 0.1382
vn -0.6772 -0.6914 0.2520
vn -0.6355 -0.6801 0.3657
vn -0.5837 -0.6604 0.4725
vn -0.5244 -0.6202 0.5834
vn -0.4573 -0.5426 0.7047
vn -0.3862 -0.4288 0.8167
vn -0.3121 -0.2893 0.9049
vn -0.2401 -0.1395 0.9607
vn -0.1765 0.0202 0.9841
vn -0.3395 0.4131 0.8451
vn -0.1902 0.5596 0.8066
vn 0.2291 0.8304 0.5079
vn 0.6635 0.7477 0.0258
vn 0.2995 0.8585 0.4164
vn -0.3808 0.3266 0.8651
vn -0.5132 0.1646 0.8423
vn -0.1142 0.5354 0.8368
vn 0.2144 0.7722 0.5981
vn 0.3412 0.7881 0.5123
vn 0.4542 0.7958 0.4005
vn -0.7178 0.6885 -0.1034
vn -0.6817 0.7309 0.0328
vn -0.6129 0.7885 0.0510
vn -0.5665 0.8234 0.0322
vn -0.5167 0.8561 -0.0039
vn -0.4596 0.8870 -0.0443
vn -0.4192 0.8835 -0.2090
vn -0.6073 0.5821 -0.5407
vn -0.8858 0.2806 -0.3696
vn -0.0527 0.8526 0.5199
vn -0.1127 0.9928 0.0418
vn -0.3809 0.8772 -0.2923
vn -0.4770 0.8069 -0.3485
vn -0.5180 0.7678 -0.3769
vn -0.5657 0.7255 -0.3919
vn -0.6117 0.6863 -0.3934
vn -0.6586 0.6469 -0.3844
vn -0.7077 0.6078 -0.3601
vn -0.7505 0.5780 -0.3203
vn -0.7858 0.5574 -0.2679
vn -0.8120 0.5468 -0.2041
vn -0.8276 0.5451 -0.1340
vn -0.8309 0.5543 -0.0472
vn -0.8153 0.5722 0.0883
vn -0.7020 -0.6834 -0.2003
vn -0.7715 -0.6315 -0.0770
vn -0.8195 -0.5718 0.0383
vn -0.8474 -0.5097 0.1489
vn -0.8562 -0.4483 0.2567
vn -0.8467 -0.3878 0.3644
vn -0.8196 -0.3260 0.4711
vn -0.7764 -0.2620 0.5733
vn -0.7241 -0.1694 0.6686
vn -0.6619 -0.0564 0.7475
vn -0.5916 0.0703 0.8032
vn -0.5158 0.1927 0.8348
vn -0.4212 0.3144 0.8508
vn -0.8569 0.4382 -0.2714
vn -0.7631 0.6031 -0.2324
vn -0.6828 0.6953 -0.2244
vn -0.5924 0.7924 -0.1455
vn -0.4510 0.8925 0.0040
vn -0.2579 0.9538 0.1541
vn -0.0258 0.9410 0.3375
vn 0.2021 0.9269 0.3161
vn 0.1699 0.9641 0.2043
vn -0.0161 0.9218 0.3873
vn 0.2712 0.9188 0.2869
vn -0.5433 -0.7377 -0.4009
vn -0.6976 -0.5592 -0.4478
vn -0.7893 -0.3722 -0.4884
vn -0.8557 -0.1849 -0.4833
vn -0.8607 0.0203 -0.5086
vn -0.8776 0.1110 -0.4664
vn -0.8926 0.2307 -0.3873
vn -0.8775 0.3677 -0.3080
vn -0.8649 0.4549 -0.2122
vn -0.8145 0.5674 -0.1209
vn -0.7447 0.6642 -0.0661
vn -0.6607 0.7505 -0.0154
vn -0.5836 0.8112 0.0369
vn -0.5269 0.8463 0.0790
vn -0.4222 0.9000 0.1088
vn -0.2194 0.9589 0.1801
vn -0.0995 0.9715 0.2150
vn -0.0539 0.9751 0.2151
vn 0.0416 0.9729 0.2275
vn 0.1454 0.9598 0.2399
vn 0.2498 0.9354 0.2501
vn 0.3552 0.8982 0.2589
vn 0.4616 0.8444 0.2720
vn -0.8152 0.5275 0.2393
vn -0.7303 -0.6248 -0.2761
vn -0.8135 -0.5130 -0.2739
vn -0.8806 -0.3884 -0.2714
vn -0.9281 -0.2622 -0.2642
vn -0.9564 -0.1455 -0.2534
vn -0.9705 -0.0654 -0.2321
vn -0.9744 0.0018 -0.2247
vn -0.9705 0.0808 -0.2272
vn -0.9576 0.1532 -0.2441
vn -0.9407 0.1328 -0.3122
vn -0.9280 0.1105 -0.3558
vn -0.9147 0.1642 -0.3692
vn -0.8988 0.2837 -0.3341
vn 0.3100 0.9432 -0.1194
vn 0.3203 0.8657 -0.3846
vn -0.0333 0.4076 -0.9126
vn -0.0388 0.4987 -0.8659
vn 0.2079 0.8652 -0.4562
vn 0.2671 0.9201 -0.2865
vn 0.2817 0.9414 -0.1858
vn 0.2826 0.9543 -0.0970
vn 0.3033 0.9521 -0.0381
vn 0.3595 0.9321 0.0437
vn 0.4232 0.8751 0.2348
vn -0.5398 -0.6388 -0.5482
vn -0.5436 -0.4355 -0.7176
vn -0.4895 -0.1543 -0.8582
vn -0.1454 0.4907 -0.8591
vn -0.1420 0.3342 -0.9317
vn -0.3234 -0.2712 -0.9066
vn -0.1101 -0.9425 0.3156
vn -0.4811 -0.8752 -0.0502
vn -0.6784 -0.3012 -0.6702
vn -0.5967 0.1592 -0.7865
vn -0.5593 0.3110 -0.7684
vn -0.5339 0.4131 -0.7378
vn -0.4831 0.5156 -0.7076
vn -0.3951 0.6429 -0.6562
vn -0.2978 0.7558 -0.5831
vn -0.1747 0.8530 -0.4919
vn -0.0568 0.9192 -0.3897
vn 0.0350 0.9517 -0.3051
vn 0.1156 0.9644 -0.2380
vn 0.1967 0.9657 -0.1693
vn 0.2784 0.9556 -0.0962
vn 0.3627 0.9318 -0.0149
vn 0.4509 0.8890 0.0799
vn 0.5227 0.8245 0.2168
vn -0.6658 -0.6500 -0.3663
vn -0.7007 -0.5168 -0.4919
vn -0.7138 -0.3729 -0.5928
vn -0.7042 -0.2209 -0.6748
vn -0.6736 -0.0726 -0.7355
vn -0.6265 0.0634 -0.7768
vn -0.5666 0.1802 -0.8040
vn -0.4974 0.2845 -0.8195
vn -0.4229 0.3803 -0.8225
vn -0.3459 0.4689 -0.8127
vn -0.2682 0.5508 -0.7904
vn -0.1882 0.6304 -0.7531
vn -0.0345 0.7652 -0.6429
vt 0.009259 1.000000
vt 0.000000 0.979167
vt 0.000000 1.000000
vt 0.009259 0.020833
vt 0.000000 0.000000
vt 0.000000 0.020833
vt 0.009259 0.041667
vt 0.000000 0.041667
vt 0.000000 0.062500
vt 0.000000 0.083333
vt 0.009259 0.062500
vt 0.000000 0.104167
vt 0.009259 0.083333
vt 0.000000 0.125000
vt 0.009259 0.104167
vt 0.000000 0.145833
vt 0.009259 0.125000
vt 0.000000 0.166667
vt 0.009259 0.145833
vt 0.000000 0.187500
vt 0.009259 0.166667
vt 0.000000 0.208333
vt 0.009259 0.187500
vt 0.000000 0.229167
vt 0.009259 0.208333
vt 0.000000 0.250000
vt 0.009259 0.229167
vt 0.000000 0.270833
vt 0.009259 0.250000
vt 0.000000 0.291667
vt 0.009259 0.270833
vt 0.000000 0.312500
vt 0.009259 0.291667
vt 0.000000 0.333333
vt 0.009259 0.312500
vt 0.000000 0.354167
vt 0.009259 0.333333
vt 0.000000 0.375000
vt 0.009259 0.354167
vt 0.000000 0.395833
vt 0.009259 0.375000
vt 0.000000 0.416667
vt 0.009259 0.395833
vt 0.000000 0.437500
vt 0.009259 0.416667
vt 0.000000 0.458333
vt 0.009259 0.437500
vt 0.000000 0.479167
vt 0.009259 0.458333
vt 0.000000 0.500000
vt 0.009259 0.479167
vt 0.000000 0.520833
vt 0.009259 0.500000
vt 0.000000 0.541667
vt 0.009259 0.520833
vt 0.009259 0.562500
vt 0.000000 0.562500
vt 0.009259 0.583333
vt 0.000000 0.583333
vt 0.009259 0.604167
vt 0.000000 0.604167
vt 0.009259 0.625000
vt 0.000000 0.625000
vt 0.009259 0.645833
vt 0.000000 0.645833
vt 0.009259 0.666667
vt 0.000000 0.666667
vt 0.009259 0.687500
vt 0.000000 0.687500
vt 0.009259 0.708333
vt 0.000000 0.708333
vt 0.009259 0.729167
vt 0.000000 0.729167
vt 0.009259 0.750000
vt 0.000000 0.750000
vt 0.009259 0.770833
vt 0.000000 0.770833
vt 0.009259 0.791667
vt 0.000000 0.791667
vt 0.009259 0.812500
vt 0.000000 0.812500
vt 0.009259 0.833333
vt 0.000000 0.833333
vt 0.009259 0.854167
vt 0.000000 0.854167
vt 0.009259 0.875000
vt 0.000000 0.875000
vt 0.009259 0.895833
vt 0.000000 0.895833
vt 0.009259 0.916667
vt 0.000000 0.916667
vt 0.009259 0.937500
vt 0.000000 0.937500
vt 0.009259 0.958333
vt 0.000000 0.958333
vt 0.009259 0.979167
vt 0.018519 1.000000
vt 0.018519 0.020833
vt 0.009259 0.000000
vt 0.018519 0.041667
vt 0.018519 0.062500
vt 0.018519 0.083333
vt 0.018519 0.104167
vt 0.018519 0.125000
vt 0.018519 0.145833
vt 0.018519 0.166667
vt 0.018519 0.187500
vt 0.018519 0.208333
vt 0.018519 0.229167
vt 0.018519 0.250000
vt 0.018519 0.270833
vt 0.018519 0.291667
vt 0.018519 0.312500
vt 0.018519 0.333333
vt 0.018519 0.354167
vt 0.018519 0.375000
vt 0.018519 0.395833
vt 0.018519 0.416667
vt 0.018519 0.437500
vt 0.018519 0.458333
vt 0.018519 0.479167
vt 0.018519 0.500000
vt 0.009259 0.541667
vt 0.018519 0.520833
vt 0.018519 0.562500
vt 0.018519 0.583333
vt 0.018519 0.604167
vt 0.018519 0.625000
vt 0.018519 0.645833
vt 0.018519 0.666667
vt 0.018519 0.687500
vt 0.018519 0.708333
vt 0.018519 0.729167
vt 0.018519 0.750000
vt 0.018519 0.770833
vt 0.018519 0.791667
vt 0.018519 0.812500
vt 0.018519 0.833333
vt 0.018519 0.854167
vt 0.018519 0.875000
vt 0.018519 0.895833
vt 0.018519 0.916667
vt 0.018519 0.937500
vt 0.018519 0.958333
vt 0.018519 0.979167
vt 0.027778 1.000000
vt 0.027778 0.020833
vt 0.018519 0.000000
vt 0.027778 0.041667
vt 0.027778 0.062500
vt 0.027778 0.083333
vt 0.027778 0.104167
vt 0.027778 0.125000
vt 0.027778 0.145833
vt 0.027778 0.166667
vt 0.027778 0.187500
vt 0.027778 0.208333
vt 0.027778 0.229167
vt 0.027778 0.250000
vt 0.027778 0.270833
vt 0.027778 0.291667
vt 0.027778 0.312500
vt 0.027778 0.333333
vt 0.027778 0.354167
vt 0.027778 0.375000
vt 0.027778 0.395833
vt 0.027778 0.416667
vt 0.027778 0.437500
vt 0.027778 0.458333
vt 0.027778 0.479167
vt 0.027778 0.500000
vt 0.018519 0.541667
vt 0.027778 0.520833
vt 0.027778 0.562500
vt 0.027778 0.583333
vt 0.027778 0.604167
vt 0.027778 0.625000
vt 0.027778 0.645833
vt 0.027778 0.666667
vt 0.027778 0.687500
vt 0.027778 0.708333
vt 0.027778 0.729167
vt 0.027778 0.750000
vt 0.027778 0.770833
vt 0.027778 0.791667
vt 0.027778 0.812500
vt 0.027778 0.833333
vt 0.027778 0.854167
vt 0.027778 0.875000
vt 0.027778 0.895833
vt 0.027778 0.916667
vt 0.027778 0.937500
vt 0.027778 0.958333
vt 0.027778 0.979167
vt 0.037037 1.000000
vt 0.037037 0.020833
vt 0.027778 0.000000
vt 0.037037 0.041667
vt 0.037037 0.062500
vt 0.037037 0.083333
vt 0.037037 0.104167
vt 0.037037 0.125000
vt 0.037037 0.145833
vt 0.037037 0.166667
vt 0.037037 0.187500
vt 0.037037 0.208333
vt 0.037037 0.229167
vt 0.037037 0.250000
vt 0.037037 0.270833
vt 0.037037 0.291667
vt 0.037037 0.312500
vt 0.037037 0.333333
vt 0.037037 0.354167
vt 0.037037 0.375000
vt 0.037037 0.395833
vt 0.037037 0.416667
vt 0.037037 0.437500
vt 0.037037 0.458333
vt 0.037037 0.479167
vt 0.037037 0.500000
vt 0.027778 0.541667
vt 0.037037 0.520833
vt 0.037037 0.562500
vt 0.037037 0.583333
vt 0.037037 0.604167
vt 0.037037 0.625000
vt 0.037037 0.645833
vt 0.037037 0.666667
vt 0.037037 0.687500
vt 0.037037 0.708333
vt 0.037037 0.729167
vt 0.037037 0.750000
vt 0.037037 0.770833
vt 0.037037 0.791667
vt 0.037037 0.812500
vt 0.037037 0.833333
vt 0.037037 0.854167
vt 0.037037 0.875000
vt 0.037037 0.895833
vt 0.037037 0.916667
vt 0.037037 0.937500
vt 0.037037 0.958333
vt 0.037037 0.979167
vt 0.046296 1.000000
vt 0.046296 0.020833
vt 0.037037 0.000000
vt 0.046296 0.041667
vt 0.046296 0.062500
vt 0.046296 0.083333
vt 0.046296 0.104167
vt 0.046296 0.125000
vt 0.046296 0.145833
vt 0.046296 0.166667
vt 0.046296 0.187500
vt 0.046296 0.208333
vt 0.046296 0.229167
vt 0.046296 0.250000
vt 0.046296 0.270833
vt 0.046296 0.291667
vt 0.046296 0.312500
vt 0.046296 0.333333
vt 0.046296 0.354167
vt 0.046296 0.375000
vt 0.046296 0.395833
vt 0.046296 0.416667
vt 0.046296 0.437500
vt 0.046296 0.458333
vt 0.046296 0.479167
vt 0.046296 0.500000
vt 0.037037 0.541667
vt 0.046296 0.520833
vt 0.046296 0.562500
vt 0.046296 0.583333
vt 0.046296 0.604167
vt 0.046296 0.625000
vt 0.046296 0.645833
vt 0.046296 0.666667
vt 0.046296 0.687500
vt 0.046296 0.708333
vt 0.046296 0.729167
vt 0.046296 0.750000
vt 0.046296 0.770833
vt 0.046296 0.791667
vt 0.046296 0.812500
vt 0.046296 0.833333
vt 0.046296 0.854167
vt 0.046296 0.875000
vt 0.046296 0.895833
vt 0.046296 0.916667
vt 0.046296 0.937500
vt 0.046296 0.958333
vt 0.046296 0.979167
vt 0.055556 1.000000
vt 0.055556 0.020833
vt 0.046296 0.000000
vt 0.055556 0.041667
vt 0.055556 0.062500
vt 0.055556 0.083333
vt 0.055556 0.104167
vt 0.055556 0.125000
vt 0.055556 0.145833
vt 0.055556 0.166667
vt 0.055556 0.187500
vt 0.055556 0.208333
vt 0.055556 0.229167
vt 0.055556 0.250000
vt 0.055556 0.270833
vt 0.055556 0.291667
vt 0.055556 0.312500
vt 0.055556 0.333333
vt 0.055556 0.354167
vt 0.055556 0.375000
vt 0.055556 0.395833
vt 0.055556 0.416667
vt 0.055556 0.437500
vt 0.055556 0.458333
vt 0.055556 0.479167
vt 0.055556 0.500000
vt 0.055556 0.541667
vt 0.046296 0.541667
vt 0.055556 0.562500
vt 0.055556 0.583333
vt 0.055556 0.604167
vt 0.055556 0.625000
vt 0.055556 0.645833
vt 0.055556 0.666667
vt 0.055556 0.687500
vt 0.055556 0.708333
vt 0.055556 0.729167
vt 0.055556 0.750000
vt 0.055556 0.770833
vt 0.055556 0.791667
vt 0.055556 0.812500
vt 0.055556 0.833333
vt 0.055556 0.854167
vt 0.055556 0.875000
vt 0.055556 0.895833
vt 0.055556 0.916667
vt 0.055556 0.937500
vt 0.055556 0.958333
vt 0.055556 0.979167
vt 0.064815 0.979167
vt 0.064815 0.000000
vt 0.055556 0.000000
vt 0.064815 0.020833
vt 0.064815 0.041667
vt 0.064815 0.083333
vt 0.064815 0.104167
vt 0.064815 0.125000
vt 0.064815 0.145833
vt 0.064815 0.166667
vt 0.064815 0.187500
vt 0.064815 0.208333
vt 0.064815 0.229167
vt 0.064815 0.250000
vt 0.064815 0.270833
vt 0.064815 0.291667
vt 0.064815 0.312500
vt 0.064815 0.333333
vt 0.064815 0.354167
vt 0.064815 0.375000
vt 0.064815 0.395833
vt 0.064815 0.416667
vt 0.064815 0.437500
vt 0.064815 0.458333
vt 0.064815 0.479167
vt 0.064815 0.500000
vt 0.064815 0.520833
vt 0.055556 0.520833
vt 0.064815 0.541667
vt 0.064815 0.562500
vt 0.064815 0.583333
vt 0.064815 0.604167
vt 0.064815 0.625000
vt 0.064815 0.645833
vt 0.064815 0.666667
vt 0.064815 0.687500
vt 0.064815 0.708333
vt 0.064815 0.729167
vt 0.064815 0.750000
vt 0.064815 0.770833
vt 0.064815 0.791667
vt 0.064815 0.812500
vt 0.064815 0.833333
vt 0.064815 0.854167
vt 0.064815 0.875000
vt 0.064815 0.895833
vt 0.064815 0.916667
vt 0.064815 0.937500
vt 0.064815 0.958333
vt 0.064815 1.000000
vt 0.074074 0.979167
vt 0.074074 0.000000
vt 0.074074 0.020833
vt 0.074074 0.062500
vt 0.064815 0.062500
vt 0.074074 0.083333
vt 0.074074 0.104167
vt 0.074074 0.125000
vt 0.074074 0.145833
vt 0.074074 0.166667
vt 0.074074 0.187500
vt 0.074074 0.208333
vt 0.074074 0.229167
vt 0.074074 0.250000
vt 0.074074 0.270833
vt 0.074074 0.291667
vt 0.074074 0.312500
vt 0.074074 0.333333
vt 0.074074 0.354167
vt 0.074074 0.375000
vt 0.074074 0.395833
vt 0.074074 0.416667
vt 0.074074 0.437500
vt 0.074074 0.458333
vt 0.074074 0.479167
vt 0.074074 0.500000
vt 0.074074 0.520833
vt 0.074074 0.541667
vt 0.074074 0.562500
vt 0.074074 0.583333
vt 0.074074 0.604167
vt 0.074074 0.625000
vt 0.074074 0.645833
vt 0.074074 0.666667
vt 0.074074 0.687500
vt 0.074074 0.708333
vt 0.074074 0.729167
vt 0.074074 0.750000
vt 0.074074 0.770833
vt 0.074074 0.791667
vt 0.074074 0.812500
vt 0.074074 0.833333
vt 0.074074 0.854167
vt 0.074074 0.875000
vt 0.074074 0.895833
vt 0.074074 0.916667
vt 0.074074 0.937500
vt 0.074074 0.958333
vt 0.074074 1.000000
vt 0.083333 0.979167
vt 0.083333 0.000000
vt 0.074074 0.041667
vt 0.083333 0.020833
vt 0.083333 0.062500
vt 0.083333 0.083333
vt 0.083333 0.104167
vt 0.083333 0.125000
vt 0.083333 0.145833
vt 0.083333 0.166667
vt 0.083333 0.187500
vt 0.083333 0.208333
vt 0.083333 0.229167
vt 0.083333 0.250000
vt 0.083333 0.270833
vt 0.083333 0.291667
vt 0.083333 0.312500
vt 0.083333 0.333333
vt 0.083333 0.354167
vt 0.083333 0.375000
vt 0.083333 0.395833
vt 0.083333 0.416667
vt 0.083333 0.437500
vt 0.083333 0.458333
vt 0.083333 0.479167
vt 0.083333 0.500000
vt 0.083333 0.520833
vt 0.083333 0.541667
vt 0.083333 0.562500
vt 0.083333 0.583333
vt 0.083333 0.604167
vt 0.083333 0.625000
vt 0.083333 0.645833
vt 0.083333 0.666667
vt 0.083333 0.687500
vt 0.083333 0.708333
vt 0.083333 0.729167
vt 0.083333 0.750000
vt 0.083333 0.770833
vt 0.083333 0.791667
vt 0.083333 0.812500
vt 0.083333 0.833333
vt 0.083333 0.854167
vt 0.083333 0.875000
vt 0.083333 0.895833
vt 0.083333 0.916667
vt 0.083333 0.937500
vt 0.083333 0.958333
vt 0.083333 1.000000
vt 0.092593 0.979167
vt 0.092593 0.000000
vt 0.083333 0.041667
vt 0.092593 0.020833
vt 0.092593 0.062500
vt 0.092593 0.083333
vt 0.092593 0.104167
vt 0.092593 0.125000
vt 0.092593 0.145833
vt 0.092593 0.166667
vt 0.092593 0.187500
vt 0.092593 0.208333
vt 0.092593 0.229167
vt 0.092593 0.250000
vt 0.092593 0.270833
vt 0.092593 0.291667
vt 0.092593 0.312500
vt 0.092593 0.333333
vt 0.092593 0.354167
vt 0.092593 0.375000
vt 0.092593 0.395833
vt 0.092593 0.416667
vt 0.092593 0.437500
vt 0.092593 0.458333
vt 0.092593 0.479167
vt 0.092593 0.500000
vt 0.092593 0.520833
vt 0.092593 0.541667
vt 0.092593 0.562500
vt 0.092593 0.583333
vt 0.092593 0.604167
vt 0.092593 0.625000
vt 0.092593 0.645833
vt 0.092593 0.666667
vt 0.092593 0.687500
vt 0.092593 0.708333
vt 0.092593 0.729167
vt 0.092593 0.750000
vt 0.092593 0.770833
vt 0.092593 0.791667
vt 0.092593 0.812500
vt 0.092593 0.833333
vt 0.092593 0.854167
vt 0.092593 0.875000
vt 0.092593 0.895833
vt 0.092593 0.916667
vt 0.092593 0.937500
vt 0.092593 0.958333
vt 0.092593 1.000000
vt 0.101852 0.979167
vt 0.101852 0.000000
vt 0.092593 0.041667
vt 0.101852 0.020833
vt 0.101852 0.062500
vt 0.101852 0.083333
vt 0.101852 0.104167
vt 0.101852 0.125000
vt 0.101852 0.145833
vt 0.101852 0.166667
vt 0.101852 0.187500
vt 0.101852 0.208333
vt 0.101852 0.229167
vt 0.101852 0.250000
vt 0.101852 0.270833
vt 0.101852 0.291667
vt 0.101852 0.312500
vt 0.101852 0.333333
vt 0.101852 0.354167
vt 0.101852 0.375000
vt 0.101852 0.395833
vt 0.101852 0.416667
vt 0.101852 0.437500
vt 0.101852 0.458333
vt 0.101852 0.479167
vt 0.101852 0.500000
vt 0.101852 0.520833
vt 0.101852 0.541667
vt 0.101852 0.562500
vt 0.101852 0.583333
vt 0.101852 0.604167
vt 0.101852 0.625000
vt 0.101852 0.645833
vt 0.101852 0.666667
vt 0.101852 0.687500
vt 0.101852 0.708333
vt 0.101852 0.729167
vt 0.101852 0.750000
vt 0.101852 0.770833
vt 0.101852 0.791667
vt 0.101852 0.812500
vt 0.101852 0.833333
vt 0.101852 0.854167
vt 0.101852 0.875000
vt 0.101852 0.895833
vt 0.101852 0.916667
vt 0.101852 0.937500
vt 0.101852 0.958333
vt 0.101852 1.000000
vt 0.111111 0.979167
vt 0.111111 0.000000
vt 0.101852 0.041667
vt 0.111111 0.020833
vt 0.111111 0.041667
vt 0.111111 0.062500
vt 0.111111 0.083333
vt 0.111111 0.104167
vt 0.111111 0.125000
vt 0.111111 0.145833
vt 0.111111 0.166667
vt 0.111111 0.187500
vt 0.111111 0.208333
vt 0.111111 0.229167
vt 0.111111 0.250000
vt 0.111111 0.270833
vt 0.111111 0.291667
vt 0.111111 0.312500
vt 0.111111 0.333333
vt 0.111111 0.354167
vt 0.111111 0.375000
vt 0.111111 0.395833
vt 0.111111 0.437500
vt 0.111111 0.458333
vt 0.111111 0.479167
vt 0.111111 0.500000
vt 0.111111 0.520833
vt 0.111111 0.541667
vt 0.111111 0.562500
vt 0.111111 0.583333
vt 0.111111 0.604167
vt 0.111111 0.625000
vt 0.111111 0.645833
vt 0.111111 0.666667
vt 0.111111 0.687500
vt 0.111111 0.708333
vt 0.111111 0.729167
vt 0.111111 0.750000
vt 0.111111 0.770833
vt 0.111111 0.791667
vt 0.111111 0.812500
vt 0.111111 0.833333
vt 0.111111 0.854167
vt 0.111111 0.875000
vt 0.111111 0.895833
vt 0.111111 0.916667
vt 0.111111 0.937500
vt 0.111111 0.958333
vt 0.111111 1.000000
vt 0.120370 0.979167
vt 0.120370 0.000000
vt 0.120370 0.020833
vt 0.120370 0.041667
vt 0.120370 0.062500
vt 0.120370 0.083333
vt 0.120370 0.104167
vt 0.120370 0.125000
vt 0.120370 0.145833
vt 0.120370 0.166667
vt 0.120370 0.187500
vt 0.120370 0.208333
vt 0.120370 0.229167
vt 0.120370 0.250000
vt 0.120370 0.270833
vt 0.120370 0.291667
vt 0.120370 0.312500
vt 0.120370 0.333333
vt 0.120370 0.354167
vt 0.120370 0.375000
vt 0.111111 0.416667
vt 0.120370 0.395833
vt 0.120370 0.416667
vt 0.120370 0.437500
vt 0.120370 0.479167
vt 0.120370 0.500000
vt 0.120370 0.520833
vt 0.120370 0.541667
vt 0.120370 0.562500
vt 0.120370 0.583333
vt 0.120370 0.604167
vt 0.120370 0.625000
vt 0.120370 0.645833
vt 0.120370 0.666667
vt 0.120370 0.687500
vt 0.120370 0.708333
vt 0.120370 0.729167
vt 0.120370 0.750000
vt 0.120370 0.770833
vt 0.120370 0.791667
vt 0.120370 0.812500
vt 0.120370 0.833333
vt 0.120370 0.854167
vt 0.120370 0.875000
vt 0.120370 0.895833
vt 0.120370 0.916667
vt 0.120370 0.937500
vt 0.120370 0.958333
vt 0.129630 1.000000
vt 0.120370 1.000000
vt 0.129630 0.020833
vt 0.129630 0.041667
vt 0.129630 0.062500
vt 0.129630 0.083333
vt 0.129630 0.104167
vt 0.129630 0.125000
vt 0.129630 0.145833
vt 0.129630 0.166667
vt 0.129630 0.187500
vt 0.129630 0.208333
vt 0.129630 0.229167
vt 0.129630 0.250000
vt 0.129630 0.270833
vt 0.129630 0.291667
vt 0.129630 0.312500
vt 0.129630 0.333333
vt 0.129630 0.354167
vt 0.129630 0.375000
vt 0.129630 0.395833
vt 0.129630 0.416667
vt 0.120370 0.458333
vt 0.129630 0.437500
vt 0.129630 0.458333
vt 0.129630 0.479167
vt 0.129630 0.500000
vt 0.129630 0.520833
vt 0.129630 0.541667
vt 0.129630 0.562500
vt 0.129630 0.583333
vt 0.129630 0.604167
vt 0.129630 0.625000
vt 0.129630 0.645833
vt 0.129630 0.666667
vt 0.129630 0.687500
vt 0.129630 0.708333
vt 0.129630 0.729167
vt 0.129630 0.750000
vt 0.129630 0.770833
vt 0.129630 0.791667
vt 0.129630 0.833333
vt 0.129630 0.854167
vt 0.129630 0.875000
vt 0.129630 0.895833
vt 0.129630 0.916667
vt 0.129630 0.937500
vt 0.129630 0.958333
vt 0.129630 0.979167
vt 0.138889 1.000000
vt 0.138889 0.020833
vt 0.129630 0.000000
vt 0.138889 0.041667
vt 0.138889 0.062500
vt 0.138889 0.083333
vt 0.138889 0.104167
vt 0.138889 0.125000
vt 0.138889 0.145833
vt 0.138889 0.166667
vt 0.138889 0.187500
vt 0.138889 0.208333
vt 0.138889 0.229167
vt 0.138889 0.250000
vt 0.138889 0.270833
vt 0.138889 0.291667
vt 0.138889 0.312500
vt 0.138889 0.333333
vt 0.138889 0.354167
vt 0.138889 0.375000
vt 0.138889 0.395833
vt 0.138889 0.416667
vt 0.138889 0.437500
vt 0.138889 0.458333
vt 0.138889 0.479167
vt 0.138889 0.500000
vt 0.138889 0.520833
vt 0.138889 0.541667
vt 0.138889 0.562500
vt 0.138889 0.583333
vt 0.138889 0.604167
vt 0.138889 0.625000
vt 0.138889 0.645833
vt 0.138889 0.666667
vt 0.138889 0.687500
vt 0.138889 0.708333
vt 0.138889 0.729167
vt 0.138889 0.750000
vt 0.138889 0.770833
vt 0.129630 0.812500
vt 0.138889 0.791667
vt 0.138889 0.812500
vt 0.138889 0.854167
vt 0.138889 0.875000
vt 0.138889 0.895833
vt 0.138889 0.916667
vt 0.138889 0.937500
vt 0.138889 0.958333
vt 0.138889 0.979167
vt 0.148148 1.000000
vt 0.148148 0.020833
vt 0.138889 0.000000
vt 0.148148 0.041667
vt 0.148148 0.062500
vt 0.148148 0.083333
vt 0.148148 0.104167
vt 0.148148 0.125000
vt 0.148148 0.145833
vt 0.148148 0.166667
vt 0.148148 0.187500
vt 0.148148 0.208333
vt 0.148148 0.229167
vt 0.148148 0.250000
vt 0.148148 0.270833
vt 0.148148 0.291667
vt 0.148148 0.312500
vt 0.148148 0.333333
vt 0.148148 0.354167
vt 0.148148 0.375000
vt 0.148148 0.395833
vt 0.148148 0.416667
vt 0.148148 0.437500
vt 0.148148 0.458333
vt 0.148148 0.479167
vt 0.148148 0.500000
vt 0.148148 0.520833
vt 0.148148 0.541667
vt 0.148148 0.562500
vt 0.148148 0.583333
vt 0.148148 0.604167
vt 0.148148 0.625000
vt 0.148148 0.645833
vt 0.148148 0.666667
vt 0.148148 0.687500
vt 0.148148 0.708333
vt 0.148148 0.729167
vt 0.148148 0.750000
vt 0.148148 0.770833
vt 0.148148 0.791667
vt 0.138889 0.833333
vt 0.148148 0.812500
vt 0.148148 0.833333
vt 0.148148 0.875000
vt 0.148148 0.895833
vt 0.148148 0.916667
vt 0.148148 0.937500
vt 0.148148 0.958333
vt 0.148148 0.979167
vt 0.157407 1.000000
vt 0.157407 0.020833
vt 0.148148 0.000000
vt 0.157407 0.041667
vt 0.157407 0.062500
vt 0.157407 0.083333
vt 0.157407 0.104167
vt 0.157407 0.125000
vt 0.157407 0.145833
vt 0.157407 0.166667
vt 0.157407 0.187500
vt 0.157407 0.208333
vt 0.157407 0.229167
vt 0.157407 0.250000
vt 0.157407 0.270833
vt 0.157407 0.291667
vt 0.157407 0.312500
vt 0.157407 0.333333
vt 0.157407 0.354167
vt 0.157407 0.375000
vt 0.157407 0.395833
vt 0.157407 0.416667
vt 0.157407 0.437500
vt 0.157407 0.458333
vt 0.157407 0.479167
vt 0.157407 0.500000
vt 0.157407 0.520833
vt 0.157407 0.541667
vt 0.157407 0.562500
vt 0.157407 0.583333
vt 0.157407 0.604167
vt 0.157407 0.625000
vt 0.157407 0.645833
vt 0.157407 0.666667
vt 0.157407 0.687500
vt 0.157407 0.708333
vt 0.157407 0.729167
vt 0.157407 0.750000
vt 0.157407 0.770833
vt 0.157407 0.791667
vt 0.157407 0.812500
vt 0.157407 0.854167
vt 0.148148 0.854167
vt 0.157407 0.875000
vt 0.157407 0.895833
vt 0.157407 0.916667
vt 0.157407 0.937500
vt 0.157407 0.958333
vt 0.157407 0.979167
vt 0.166667 1.000000
vt 0.166667 0.020833
vt 0.157407 0.000000
vt 0.166667 0.041667
vt 0.166667 0.062500
vt 0.166667 0.083333
vt 0.166667 0.104167
vt 0.166667 0.125000
vt 0.166667 0.145833
vt 0.166667 0.166667
vt 0.166667 0.187500
vt 0.166667 0.208333
vt 0.166667 0.229167
vt 0.166667 0.250000
vt 0.166667 0.270833
vt 0.166667 0.291667
vt 0.166667 0.312500
vt 0.166667 0.333333
vt 0.166667 0.354167
vt 0.166667 0.375000
vt 0.166667 0.395833
vt 0.166667 0.416667
vt 0.166667 0.437500
vt 0.166667 0.458333
vt 0.166667 0.479167
vt 0.166667 0.500000
vt 0.166667 0.520833
vt 0.166667 0.541667
vt 0.166667 0.562500
vt 0.166667 0.583333
vt 0.166667 0.604167
vt 0.166667 0.625000
vt 0.166667 0.645833
vt 0.166667 0.666667
vt 0.166667 0.687500
vt 0.166667 0.708333
vt 0.166667 0.729167
vt 0.166667 0.750000
vt 0.166667 0.770833
vt 0.166667 0.791667
vt 0.166667 0.833333
vt 0.157407 0.833333
vt 0.166667 0.854167
vt 0.166667 0.875000
vt 0.166667 0.895833
vt 0.166667 0.916667
vt 0.166667 0.937500
vt 0.166667 0.958333
vt 0.166667 0.979167
vt 0.175926 1.000000
vt 0.175926 0.020833
vt 0.166667 0.000000
vt 0.175926 0.041667
vt 0.175926 0.062500
vt 0.175926 0.083333
vt 0.175926 0.104167
vt 0.175926 0.125000
vt 0.175926 0.145833
vt 0.175926 0.166667
vt 0.175926 0.187500
vt 0.175926 0.208333
vt 0.175926 0.229167
vt 0.175926 0.250000
vt 0.175926 0.270833
vt 0.175926 0.291667
vt 0.175926 0.312500
vt 0.175926 0.333333
vt 0.175926 0.354167
vt 0.175926 0.375000
vt 0.175926 0.395833
vt 0.175926 0.416667
vt 0.175926 0.437500
vt 0.175926 0.458333
vt 0.175926 0.479167
vt 0.175926 0.500000
vt 0.175926 0.520833
vt 0.175926 0.541667
vt 0.175926 0.562500
vt 0.175926 0.583333
vt 0.175926 0.604167
vt 0.175926 0.625000
vt 0.175926 0.645833
vt 0.175926 0.666667
vt 0.175926 0.687500
vt 0.175926 0.708333
vt 0.175926 0.729167
vt 0.175926 0.750000
vt 0.175926 0.770833
vt 0.175926 0.812500
vt 0.166667 0.812500
vt 0.175926 0.833333
vt 0.175926 0.854167
vt 0.175926 0.875000
vt 0.175926 0.895833
vt 0.175926 0.916667
vt 0.175926 0.937500
vt 0.175926 0.958333
vt 0.175926 0.979167
vt 0.185185 1.000000
vt 0.185185 0.020833
vt 0.175926 0.000000
vt 0.185185 0.041667
vt 0.185185 0.062500
vt 0.185185 0.083333
vt 0.185185 0.104167
vt 0.185185 0.125000
vt 0.185185 0.145833
vt 0.185185 0.166667
vt 0.185185 0.187500
vt 0.185185 0.208333
vt 0.185185 0.229167
vt 0.185185 0.250000
vt 0.185185 0.270833
vt 0.185185 0.291667
vt 0.185185 0.312500
vt 0.185185 0.333333
vt 0.185185 0.354167
vt 0.185185 0.375000
vt 0.185185 0.395833
vt 0.185185 0.416667
vt 0.185185 0.437500
vt 0.185185 0.458333
vt 0.185185 0.479167
vt 0.185185 0.500000
vt 0.185185 0.520833
vt 0.185185 0.541667
vt 0.185185 0.562500
vt 0.185185 0.583333
vt 0.185185 0.604167
vt 0.185185 0.625000
vt 0.185185 0.645833
vt 0.185185 0.666667
vt 0.185185 0.687500
vt 0.185185 0.708333
vt 0.185185 0.729167
vt 0.185185 0.750000
vt 0.185185 0.791667
vt 0.175926 0.791667
vt 0.185185 0.812500
vt 0.185185 0.833333
vt 0.185185 0.854167
vt 0.185185 0.875000
vt 0.185185 0.895833
vt 0.185185 0.916667
vt 0.185185 0.937500
vt 0.185185 0.958333
vt 0.185185 0.979167
vt 0.194444 1.000000
vt 0.194444 0.020833
vt 0.185185 0.000000
vt 0.194444 0.041667
vt 0.194444 0.062500
vt 0.194444 0.083333
vt 0.194444 0.104167
vt 0.194444 0.125000
vt 0.194444 0.145833
vt 0.194444 0.166667
vt 0.194444 0.187500
vt 0.194444 0.208333
vt 0.194444 0.229167
vt 0.194444 0.250000
vt 0.194444 0.270833
vt 0.194444 0.291667
vt 0.194444 0.312500
vt 0.194444 0.333333
vt 0.194444 0.354167
vt 0.194444 0.375000
vt 0.194444 0.395833
vt 0.194444 0.416667
vt 0.194444 0.437500
vt 0.194444 0.458333
vt 0.194444 0.479167
vt 0.194444 0.500000
vt 0.194444 0.520833
vt 0.194444 0.541667
vt 0.194444 0.562500
vt 0.194444 0.583333
vt 0.194444 0.604167
vt 0.194444 0.625000
vt 0.194444 0.645833
vt 0.194444 0.666667
vt 0.194444 0.687500
vt 0.194444 0.708333
vt 0.194444 0.729167
vt 0.194444 0.770833
vt 0.185185 0.770833
vt 0.194444 0.791667
vt 0.194444 0.812500
vt 0.194444 0.833333
vt 0.194444 0.854167
vt 0.194444 0.875000
vt 0.194444 0.895833
vt 0.194444 0.916667
vt 0.194444 0.937500
vt 0.194444 0.958333
vt 0.194444 0.979167
vt 0.203704 1.000000
vt 0.203704 0.020833
vt 0.194444 0.000000
vt 0.203704 0.041667
vt 0.203704 0.062500
vt 0.203704 0.083333
vt 0.203704 0.104167
vt 0.203704 0.125000
vt 0.203704 0.145833
vt 0.203704 0.166667
vt 0.203704 0.187500
vt 0.203704 0.208333
vt 0.203704 0.229167
vt 0.203704 0.250000
vt 0.203704 0.270833
vt 0.203704 0.291667
vt 0.203704 0.312500
vt 0.203704 0.333333
vt 0.203704 0.354167
vt 0.203704 0.375000
vt 0.203704 0.395833
vt 0.203704 0.416667
vt 0.203704 0.437500
vt 0.203704 0.458333
vt 0.203704 0.479167
vt 0.203704 0.500000
vt 0.203704 0.520833
vt 0.203704 0.541667
vt 0.203704 0.562500
vt 0.203704 0.583333
vt 0.203704 0.604167
vt 0.203704 0.625000
vt 0.203704 0.645833
vt 0.203704 0.666667
vt 0.203704 0.687500
vt 0.203704 0.708333
vt 0.194444 0.750000
vt 0.203704 0.729167
vt 0.203704 0.770833
vt 0.203704 0.791667
vt 0.203704 0.812500
vt 0.203704 0.833333
vt 0.203704 0.854167
vt 0.203704 0.875000
vt 0.203704 0.895833
vt 0.203704 0.916667
vt 0.203704 0.937500
vt 0.203704 0.958333
vt 0.203704 0.979167
vt 0.212963 1.000000
vt 0.212963 0.020833
vt 0.203704 0.000000
vt 0.212963 0.041667
vt 0.212963 0.062500
vt 0.212963 0.083333
vt 0.212963 0.104167
vt 0.212963 0.125000
vt 0.212963 0.145833
vt 0.212963 0.166667
vt 0.212963 0.187500
vt 0.212963 0.208333
vt 0.212963 0.229167
vt 0.212963 0.250000
vt 0.212963 0.270833
vt 0.212963 0.291667
vt 0.212963 0.312500
vt 0.212963 0.333333
vt 0.212963 0.354167
vt 0.212963 0.375000
vt 0.212963 0.395833
vt 0.212963 0.416667
vt 0.212963 0.437500
vt 0.212963 0.458333
vt 0.212963 0.479167
vt 0.212963 0.500000
vt 0.212963 0.520833
vt 0.212963 0.541667
vt 0.212963 0.562500
vt 0.212963 0.583333
vt 0.212963 0.604167
vt 0.212963 0.625000
vt 0.212963 0.645833
vt 0.212963 0.666667
vt 0.212963 0.687500
vt 0.212963 0.708333
vt 0.203704 0.750000
vt 0.212963 0.729167
vt 0.212963 0.750000
vt 0.212963 0.791667
vt 0.212963 0.812500
vt 0.212963 0.833333
vt 0.212963 0.854167
vt 0.212963 0.875000
vt 0.212963 0.895833
vt 0.212963 0.916667
vt 0.212963 0.937500
vt 0.212963 0.958333
vt 0.212963 0.979167
vt 0.222222 0.979167
vt 0.222222 0.000000
vt 0.212963 0.000000
vt 0.222222 0.020833
vt 0.222222 0.041667
vt 0.222222 0.062500
vt 0.222222 0.083333
vt 0.222222 0.104167
vt 0.222222 0.125000
vt 0.222222 0.145833
vt 0.222222 0.166667
vt 0.222222 0.187500
vt 0.222222 0.208333
vt 0.222222 0.229167
vt 0.222222 0.250000
vt 0.222222 0.270833
vt 0.222222 0.291667
vt 0.222222 0.333333
vt 0.222222 0.354167
vt 0.222222 0.375000
vt 0.222222 0.395833
vt 0.222222 0.416667
vt 0.222222 0.437500
vt 0.222222 0.458333
vt 0.222222 0.479167
vt 0.222222 0.500000
vt 0.222222 0.520833
vt 0.222222 0.541667
vt 0.222222 0.562500
vt 0.222222 0.583333
vt 0.222222 0.604167
vt 0.222222 0.625000
vt 0.222222 0.645833
vt 0.222222 0.666667
vt 0.222222 0.687500
vt 0.222222 0.708333
vt 0.222222 0.729167
vt 0.222222 0.750000
vt 0.222222 0.770833
vt 0.212963 0.770833
vt 0.222222 0.791667
vt 0.222222 0.812500
vt 0.222222 0.833333
vt 0.222222 0.854167
vt 0.222222 0.875000
vt 0.222222 0.895833
vt 0.222222 0.916667
vt 0.222222 0.937500
vt 0.222222 0.958333
vt 0.222222 1.000000
vt 0.231481 0.979167
vt 0.231481 0.000000
vt 0.231481 0.020833
vt 0.231481 0.041667
vt 0.231481 0.062500
vt 0.231481 0.083333
vt 0.231481 0.104167
vt 0.231481 0.125000
vt 0.231481 0.145833
vt 0.231481 0.166667
vt 0.231481 0.187500
vt 0.231481 0.208333
vt 0.231481 0.229167
vt 0.231481 0.250000
vt 0.231481 0.291667
vt 0.231481 0.312500
vt 0.222222 0.312500
vt 0.231481 0.333333
vt 0.231481 0.354167
vt 0.231481 0.375000
vt 0.231481 0.395833
vt 0.231481 0.416667
vt 0.231481 0.437500
vt 0.231481 0.458333
vt 0.231481 0.479167
vt 0.231481 0.500000
vt 0.231481 0.520833
vt 0.231481 0.541667
vt 0.231481 0.562500
vt 0.231481 0.583333
vt 0.231481 0.604167
vt 0.231481 0.625000
vt 0.231481 0.645833
vt 0.231481 0.666667
vt 0.231481 0.687500
vt 0.231481 0.708333
vt 0.231481 0.729167
vt 0.231481 0.750000
vt 0.231481 0.770833
vt 0.231481 0.791667
vt 0.231481 0.812500
vt 0.231481 0.833333
vt 0.231481 0.854167
vt 0.231481 0.875000
vt 0.231481 0.895833
vt 0.231481 0.916667
vt 0.231481 0.937500
vt 0.231481 0.958333
vt 0.240741 1.000000
vt 0.231481 1.000000
vt 0.240741 0.020833
vt 0.240741 0.041667
vt 0.240741 0.062500
vt 0.240741 0.083333
vt 0.240741 0.104167
vt 0.240741 0.125000
vt 0.240741 0.145833
vt 0.240741 0.166667
vt 0.240741 0.187500
vt 0.240741 0.208333
vt 0.240741 0.229167
vt 0.240741 0.250000
vt 0.240741 0.270833
vt 0.231481 0.270833
vt 0.240741 0.291667
vt 0.240741 0.312500
vt 0.240741 0.333333
vt 0.240741 0.354167
vt 0.240741 0.375000
vt 0.240741 0.395833
vt 0.240741 0.416667
vt 0.240741 0.437500
vt 0.240741 0.458333
vt 0.240741 0.479167
vt 0.240741 0.500000
vt 0.240741 0.520833
vt 0.240741 0.541667
vt 0.240741 0.562500
vt 0.240741 0.583333
vt 0.240741 0.604167
vt 0.240741 0.625000
vt 0.240741 0.645833
vt 0.240741 0.666667
vt 0.240741 0.687500
vt 0.240741 0.708333
vt 0.240741 0.729167
vt 0.240741 0.750000
vt 0.240741 0.770833
vt 0.240741 0.791667
vt 0.240741 0.812500
vt 0.240741 0.833333
vt 0.240741 0.854167
vt 0.240741 0.875000
vt 0.240741 0.916667
vt 0.240741 0.937500
vt 0.240741 0.958333
vt 0.240741 0.979167
vt 0.250000 1.000000
vt 0.250000 0.020833
vt 0.240741 0.000000
vt 0.250000 0.041667
vt 0.250000 0.062500
vt 0.250000 0.083333
vt 0.250000 0.104167
vt 0.250000 0.125000
vt 0.250000 0.145833
vt 0.250000 0.166667
vt 0.250000 0.187500
vt 0.250000 0.208333
vt 0.250000 0.229167
vt 0.250000 0.250000
vt 0.250000 0.270833
vt 0.250000 0.291667
vt 0.250000 0.312500
vt 0.250000 0.333333
vt 0.250000 0.354167
vt 0.250000 0.375000
vt 0.250000 0.395833
vt 0.250000 0.416667
vt 0.250000 0.437500
vt 0.250000 0.458333
vt 0.250000 0.479167
vt 0.250000 0.500000
vt 0.250000 0.520833
vt 0.250000 0.541667
vt 0.250000 0.562500
vt 0.250000 0.583333
vt 0.250000 0.604167
vt 0.250000 0.625000
vt 0.250000 0.645833
vt 0.250000 0.666667
vt 0.250000 0.687500
vt 0.250000 0.708333
vt 0.250000 0.729167
vt 0.250000 0.750000
vt 0.250000 0.770833
vt 0.250000 0.791667
vt 0.250000 0.812500
vt 0.250000 0.833333
vt 0.250000 0.854167
vt 0.240741 0.895833
vt 0.250000 0.875000
vt 0.250000 0.916667
vt 0.250000 0.937500
vt 0.250000 0.958333
vt 0.250000 0.979167
vt 0.259259 1.000000
vt 0.259259 0.020833
vt 0.250000 0.000000
vt 0.259259 0.041667
vt 0.259259 0.062500
vt 0.259259 0.083333
vt 0.259259 0.104167
vt 0.259259 0.125000
vt 0.259259 0.145833
vt 0.259259 0.166667
vt 0.259259 0.187500
vt 0.259259 0.208333
vt 0.259259 0.229167
vt 0.259259 0.250000
vt 0.259259 0.270833
vt 0.259259 0.291667
vt 0.259259 0.312500
vt 0.259259 0.333333
vt 0.259259 0.354167
vt 0.259259 0.375000
vt 0.259259 0.395833
vt 0.259259 0.416667
vt 0.259259 0.437500
vt 0.259259 0.458333
vt 0.259259 0.479167
vt 0.259259 0.500000
vt 0.259259 0.520833
vt 0.259259 0.541667
vt 0.259259 0.562500
vt 0.259259 0.583333
vt 0.259259 0.604167
vt 0.259259 0.625000
vt 0.259259 0.645833
vt 0.259259 0.666667
vt 0.259259 0.687500
vt 0.259259 0.708333
vt 0.259259 0.729167
vt 0.259259 0.750000
vt 0.259259 0.770833
vt 0.259259 0.791667
vt 0.259259 0.812500
vt 0.259259 0.833333
vt 0.259259 0.854167
vt 0.250000 0.895833
vt 0.259259 0.875000
vt 0.259259 0.916667
vt 0.259259 0.937500
vt 0.259259 0.958333
vt 0.259259 0.979167
vt 0.268519 1.000000
vt 0.268519 0.020833
vt 0.259259 0.000000
vt 0.268519 0.041667
vt 0.268519 0.062500
vt 0.268519 0.083333
vt 0.268519 0.104167
vt 0.268519 0.125000
vt 0.268519 0.145833
vt 0.268519 0.166667
vt 0.268519 0.187500
vt 0.268519 0.208333
vt 0.268519 0.229167
vt 0.268519 0.250000
vt 0.268519 0.270833
vt 0.268519 0.291667
vt 0.268519 0.312500
vt 0.268519 0.333333
vt 0.268519 0.354167
vt 0.268519 0.375000
vt 0.268519 0.395833
vt 0.268519 0.416667
vt 0.268519 0.437500
vt 0.268519 0.458333
vt 0.268519 0.479167
vt 0.268519 0.500000
vt 0.268519 0.520833
vt 0.268519 0.541667
vt 0.268519 0.562500
vt 0.268519 0.583333
vt 0.268519 0.604167
vt 0.268519 0.625000
vt 0.268519 0.645833
vt 0.268519 0.666667
vt 0.268519 0.687500
vt 0.268519 0.708333
vt 0.268519 0.729167
vt 0.268519 0.750000
vt 0.268519 0.770833
vt 0.268519 0.791667
vt 0.268519 0.812500
vt 0.268519 0.833333
vt 0.268519 0.854167
vt 0.259259 0.895833
vt 0.268519 0.875000
vt 0.268519 0.916667
vt 0.268519 0.937500
vt 0.268519 0.958333
vt 0.268519 0.979167
vt 0.277778 1.000000
vt 0.277778 0.020833
vt 0.268519 0.000000
vt 0.277778 0.041667
vt 0.277778 0.062500
vt 0.277778 0.083333
vt 0.277778 0.104167
vt 0.277778 0.125000
vt 0.277778 0.145833
vt 0.277778 0.166667
vt 0.277778 0.187500
vt 0.277778 0.208333
vt 0.277778 0.229167
vt 0.277778 0.250000
vt 0.277778 0.270833
vt 0.277778 0.291667
vt 0.277778 0.312500
vt 0.277778 0.333333
vt 0.277778 0.354167
vt 0.277778 0.375000
vt 0.277778 0.395833
vt 0.277778 0.416667
vt 0.277778 0.437500
vt 0.277778 0.458333
vt 0.277778 0.479167
vt 0.277778 0.500000
vt 0.277778 0.520833
vt 0.277778 0.541667
vt 0.277778 0.562500
vt 0.277778 0.583333
vt 0.277778 0.604167
vt 0.277778 0.625000
vt 0.277778 0.645833
vt 0.277778 0.666667
vt 0.277778 0.687500
vt 0.277778 0.708333
vt 0.277778 0.729167
vt 0.277778 0.750000
vt 0.277778 0.770833
vt 0.277778 0.791667
vt 0.277778 0.812500
vt 0.277778 0.833333
vt 0.277778 0.854167
vt 0.277778 0.895833
vt 0.268519 0.895833
vt 0.277778 0.916667
vt 0.277778 0.937500
vt 0.277778 0.958333
vt 0.277778 0.979167
vt 0.287037 1.000000
vt 0.287037 0.020833
vt 0.277778 0.000000
vt 0.287037 0.041667
vt 0.287037 0.062500
vt 0.287037 0.083333
vt 0.287037 0.104167
vt 0.287037 0.125000
vt 0.287037 0.145833
vt 0.287037 0.166667
vt 0.287037 0.187500
vt 0.287037 0.208333
vt 0.287037 0.229167
vt 0.287037 0.250000
vt 0.287037 0.270833
vt 0.287037 0.291667
vt 0.287037 0.312500
vt 0.287037 0.333333
vt 0.287037 0.354167
vt 0.287037 0.375000
vt 0.287037 0.395833
vt 0.287037 0.416667
vt 0.287037 0.437500
vt 0.287037 0.458333
vt 0.287037 0.479167
vt 0.287037 0.500000
vt 0.287037 0.520833
vt 0.287037 0.541667
vt 0.287037 0.562500
vt 0.287037 0.583333
vt 0.287037 0.604167
vt 0.287037 0.625000
vt 0.287037 0.645833
vt 0.287037 0.666667
vt 0.287037 0.687500
vt 0.287037 0.708333
vt 0.287037 0.729167
vt 0.287037 0.750000
vt 0.287037 0.770833
vt 0.287037 0.791667
vt 0.287037 0.812500
vt 0.287037 0.854167
vt 0.287037 0.875000
vt 0.277778 0.875000
vt 0.287037 0.895833
vt 0.287037 0.916667
vt 0.287037 0.937500
vt 0.287037 0.958333
vt 0.287037 0.979167
vt 0.296296 1.000000
vt 0.296296 0.020833
vt 0.287037 0.000000
vt 0.296296 0.041667
vt 0.296296 0.062500
vt 0.296296 0.083333
vt 0.296296 0.104167
vt 0.296296 0.125000
vt 0.296296 0.145833
vt 0.296296 0.166667
vt 0.296296 0.187500
vt 0.296296 0.208333
vt 0.296296 0.229167
vt 0.296296 0.250000
vt 0.296296 0.270833
vt 0.296296 0.291667
vt 0.296296 0.312500
vt 0.296296 0.333333
vt 0.296296 0.354167
vt 0.296296 0.375000
vt 0.296296 0.395833
vt 0.296296 0.416667
vt 0.296296 0.437500
vt 0.296296 0.458333
vt 0.296296 0.479167
vt 0.296296 0.500000
vt 0.296296 0.520833
vt 0.296296 0.541667
vt 0.296296 0.562500
vt 0.296296 0.583333
vt 0.296296 0.604167
vt 0.296296 0.625000
vt 0.296296 0.645833
vt 0.296296 0.666667
vt 0.296296 0.687500
vt 0.296296 0.708333
vt 0.296296 0.729167
vt 0.296296 0.750000
vt 0.296296 0.770833
vt 0.296296 0.812500
vt 0.296296 0.833333
vt 0.287037 0.833333
vt 0.296296 0.854167
vt 0.296296 0.875000
vt 0.296296 0.895833
vt 0.296296 0.916667
vt 0.296296 0.937500
vt 0.296296 0.958333
vt 0.296296 0.979167
vt 0.305556 1.000000
vt 0.305556 0.020833
vt 0.296296 0.000000
vt 0.305556 0.041667
vt 0.305556 0.062500
vt 0.305556 0.083333
vt 0.305556 0.104167
vt 0.305556 0.125000
vt 0.305556 0.145833
vt 0.305556 0.166667
vt 0.305556 0.187500
vt 0.305556 0.208333
vt 0.305556 0.229167
vt 0.305556 0.250000
vt 0.305556 0.270833
vt 0.305556 0.291667
vt 0.305556 0.312500
vt 0.305556 0.333333
vt 0.305556 0.354167
vt 0.305556 0.375000
vt 0.305556 0.395833
vt 0.305556 0.416667
vt 0.305556 0.437500
vt 0.305556 0.458333
vt 0.305556 0.479167
vt 0.305556 0.500000
vt 0.305556 0.520833
vt 0.305556 0.541667
vt 0.305556 0.562500
vt 0.305556 0.583333
vt 0.305556 0.604167
vt 0.305556 0.625000
vt 0.305556 0.645833
vt 0.305556 0.666667
vt 0.305556 0.687500
vt 0.305556 0.708333
vt 0.305556 0.729167
vt 0.305556 0.770833
vt 0.305556 0.791667
vt 0.296296 0.791667
vt 0.305556 0.812500
vt 0.305556 0.833333
vt 0.305556 0.854167
vt 0.305556 0.875000
vt 0.305556 0.895833
vt 0.305556 0.916667
vt 0.305556 0.937500
vt 0.305556 0.958333
vt 0.305556 0.979167
vt 0.314815 1.000000
vt 0.314815 0.020833
vt 0.305556 0.000000
vt 0.314815 0.041667
vt 0.314815 0.062500
vt 0.314815 0.083333
vt 0.314815 0.104167
vt 0.314815 0.125000
vt 0.314815 0.145833
vt 0.314815 0.166667
vt 0.314815 0.187500
vt 0.314815 0.208333
vt 0.314815 0.229167
vt 0.314815 0.250000
vt 0.314815 0.270833
vt 0.314815 0.291667
vt 0.314815 0.312500
vt 0.314815 0.333333
vt 0.314815 0.354167
vt 0.314815 0.375000
vt 0.314815 0.395833
vt 0.314815 0.416667
vt 0.314815 0.437500
vt 0.314815 0.458333
vt 0.314815 0.479167
vt 0.314815 0.500000
vt 0.314815 0.520833
vt 0.314815 0.541667
vt 0.314815 0.562500
vt 0.314815 0.583333
vt 0.314815 0.604167
vt 0.314815 0.625000
vt 0.314815 0.645833
vt 0.314815 0.666667
vt 0.314815 0.687500
vt 0.314815 0.708333
vt 0.314815 0.750000
vt 0.305556 0.750000
vt 0.314815 0.770833
vt 0.314815 0.791667
vt 0.314815 0.812500
vt 0.314815 0.833333
vt 0.314815 0.854167
vt 0.314815 0.875000
vt 0.314815 0.895833
vt 0.314815 0.916667
vt 0.314815 0.937500
vt 0.314815 0.958333
vt 0.314815 0.979167
vt 0.324074 1.000000
vt 0.324074 0.020833
vt 0.314815 0.000000
vt 0.324074 0.041667
vt 0.324074 0.062500
vt 0.324074 0.083333
vt 0.324074 0.104167
vt 0.324074 0.125000
vt 0.324074 0.145833
vt 0.324074 0.166667
vt 0.324074 0.187500
vt 0.324074 0.208333
vt 0.324074 0.229167
vt 0.324074 0.250000
vt 0.324074 0.270833
vt 0.324074 0.291667
vt 0.324074 0.312500
vt 0.324074 0.333333
vt 0.324074 0.354167
vt 0.324074 0.375000
vt 0.324074 0.395833
vt 0.324074 0.416667
vt 0.324074 0.437500
vt 0.324074 0.458333
vt 0.324074 0.479167
vt 0.324074 0.500000
vt 0.324074 0.520833
vt 0.324074 0.541667
vt 0.324074 0.562500
vt 0.324074 0.583333
vt 0.324074 0.604167
vt 0.324074 0.625000
vt 0.324074 0.645833
vt 0.324074 0.666667
vt 0.324074 0.687500
vt 0.324074 0.729167
vt 0.314815 0.729167
vt 0.324074 0.750000
vt 0.324074 0.770833
vt 0.324074 0.791667
vt 0.324074 0.812500
vt 0.324074 0.833333
vt 0.324074 0.854167
vt 0.324074 0.875000
vt 0.324074 0.895833
vt 0.324074 0.916667
vt 0.324074 0.937500
vt 0.324074 0.958333
vt 0.324074 0.979167
vt 0.333333 0.979167
vt 0.333333 0.000000
vt 0.324074 0.000000
vt 0.333333 0.020833
vt 0.333333 0.041667
vt 0.333333 0.062500
vt 0.333333 0.083333
vt 0.333333 0.104167
vt 0.333333 0.125000
vt 0.333333 0.145833
vt 0.333333 0.166667
vt 0.333333 0.187500
vt 0.333333 0.208333
vt 0.333333 0.229167
vt 0.333333 0.250000
vt 0.333333 0.270833
vt 0.333333 0.291667
vt 0.333333 0.312500
vt 0.333333 0.333333
vt 0.333333 0.354167
vt 0.333333 0.395833
vt 0.333333 0.416667
vt 0.333333 0.437500
vt 0.333333 0.458333
vt 0.333333 0.479167
vt 0.333333 0.500000
vt 0.333333 0.520833
vt 0.333333 0.541667
vt 0.333333 0.562500
vt 0.333333 0.583333
vt 0.333333 0.604167
vt 0.333333 0.625000
vt 0.333333 0.645833
vt 0.333333 0.666667
vt 0.333333 0.687500
vt 0.333333 0.708333
vt 0.324074 0.708333
vt 0.333333 0.729167
vt 0.333333 0.750000
vt 0.333333 0.770833
vt 0.333333 0.791667
vt 0.333333 0.812500
vt 0.333333 0.833333
vt 0.333333 0.854167
vt 0.333333 0.875000
vt 0.333333 0.895833
vt 0.333333 0.916667
vt 0.333333 0.937500
vt 0.333333 0.958333
vt 0.333333 1.000000
vt 0.342593 0.979167
vt 0.342593 0.000000
vt 0.342593 0.020833
vt 0.342593 0.041667
vt 0.342593 0.062500
vt 0.342593 0.083333
vt 0.342593 0.104167
vt 0.342593 0.125000
vt 0.342593 0.145833
vt 0.342593 0.166667
vt 0.342593 0.187500
vt 0.342593 0.208333
vt 0.342593 0.229167
vt 0.342593 0.250000
vt 0.342593 0.270833
vt 0.342593 0.291667
vt 0.342593 0.312500
vt 0.342593 0.354167
vt 0.342593 0.375000
vt 0.333333 0.375000
vt 0.342593 0.395833
vt 0.342593 0.416667
vt 0.342593 0.437500
vt 0.342593 0.458333
vt 0.342593 0.479167
vt 0.342593 0.500000
vt 0.342593 0.520833
vt 0.342593 0.541667
vt 0.342593 0.562500
vt 0.342593 0.583333
vt 0.342593 0.604167
vt 0.342593 0.625000
vt 0.342593 0.645833
vt 0.342593 0.666667
vt 0.342593 0.687500
vt 0.342593 0.708333
vt 0.342593 0.729167
vt 0.342593 0.750000
vt 0.342593 0.770833
vt 0.342593 0.791667
vt 0.342593 0.812500
vt 0.342593 0.833333
vt 0.342593 0.854167
vt 0.342593 0.875000
vt 0.342593 0.895833
vt 0.342593 0.916667
vt 0.342593 0.937500
vt 0.342593 0.958333
vt 0.351852 1.000000
vt 0.342593 1.000000
vt 0.351852 0.020833
vt 0.351852 0.041667
vt 0.351852 0.062500
vt 0.351852 0.083333
vt 0.351852 0.104167
vt 0.351852 0.125000
vt 0.351852 0.145833
vt 0.351852 0.166667
vt 0.351852 0.187500
vt 0.351852 0.208333
vt 0.351852 0.229167
vt 0.351852 0.250000
vt 0.351852 0.270833
vt 0.351852 0.291667
vt 0.342593 0.333333
vt 0.351852 0.312500
vt 0.351852 0.333333
vt 0.351852 0.354167
vt 0.351852 0.375000
vt 0.351852 0.395833
vt 0.351852 0.416667
vt 0.351852 0.437500
vt 0.351852 0.458333
vt 0.351852 0.479167
vt 0.351852 0.500000
vt 0.351852 0.520833
vt 0.351852 0.541667
vt 0.351852 0.562500
vt 0.351852 0.583333
vt 0.351852 0.604167
vt 0.351852 0.625000
vt 0.351852 0.645833
vt 0.351852 0.666667
vt 0.351852 0.687500
vt 0.351852 0.708333
vt 0.351852 0.750000
vt 0.351852 0.770833
vt 0.351852 0.791667
vt 0.351852 0.812500
vt 0.351852 0.833333
vt 0.351852 0.854167
vt 0.351852 0.875000
vt 0.351852 0.895833
vt 0.351852 0.916667
vt 0.351852 0.937500
vt 0.351852 0.958333
vt 0.351852 0.979167
vt 0.361111 1.000000
vt 0.361111 0.020833
vt 0.351852 0.000000
vt 0.361111 0.041667
vt 0.361111 0.062500
vt 0.361111 0.083333
vt 0.361111 0.104167
vt 0.361111 0.125000
vt 0.361111 0.145833
vt 0.361111 0.166667
vt 0.361111 0.187500
vt 0.361111 0.208333
vt 0.361111 0.229167
vt 0.361111 0.250000
vt 0.361111 0.270833
vt 0.361111 0.291667
vt 0.361111 0.312500
vt 0.361111 0.333333
vt 0.361111 0.354167
vt 0.361111 0.375000
vt 0.361111 0.395833
vt 0.361111 0.416667
vt 0.361111 0.437500
vt 0.361111 0.458333
vt 0.361111 0.479167
vt 0.361111 0.500000
vt 0.361111 0.520833
vt 0.361111 0.541667
vt 0.361111 0.562500
vt 0.361111 0.583333
vt 0.361111 0.604167
vt 0.361111 0.625000
vt 0.361111 0.645833
vt 0.361111 0.666667
vt 0.361111 0.687500
vt 0.351852 0.729167
vt 0.361111 0.708333
vt 0.361111 0.750000
vt 0.361111 0.770833
vt 0.361111 0.791667
vt 0.361111 0.812500
vt 0.361111 0.833333
vt 0.361111 0.854167
vt 0.361111 0.875000
vt 0.361111 0.895833
vt 0.361111 0.916667
vt 0.361111 0.937500
vt 0.361111 0.958333
vt 0.361111 0.979167
vt 0.370370 1.000000
vt 0.370370 0.020833
vt 0.361111 0.000000
vt 0.370370 0.041667
vt 0.370370 0.062500
vt 0.370370 0.083333
vt 0.370370 0.104167
vt 0.370370 0.125000
vt 0.370370 0.145833
vt 0.370370 0.166667
vt 0.370370 0.187500
vt 0.370370 0.208333
vt 0.370370 0.229167
vt 0.370370 0.250000
vt 0.370370 0.270833
vt 0.370370 0.291667
vt 0.370370 0.312500
vt 0.370370 0.333333
vt 0.370370 0.354167
vt 0.370370 0.375000
vt 0.370370 0.395833
vt 0.370370 0.416667
vt 0.370370 0.437500
vt 0.370370 0.458333
vt 0.370370 0.479167
vt 0.370370 0.500000
vt 0.370370 0.520833
vt 0.370370 0.541667
vt 0.370370 0.562500
vt 0.370370 0.583333
vt 0.370370 0.604167
vt 0.370370 0.625000
vt 0.370370 0.645833
vt 0.370370 0.666667
vt 0.370370 0.687500
vt 0.361111 0.729167
vt 0.370370 0.708333
vt 0.370370 0.750000
vt 0.370370 0.770833
vt 0.370370 0.791667
vt 0.370370 0.812500
vt 0.370370 0.833333
vt 0.370370 0.854167
vt 0.370370 0.875000
vt 0.370370 0.895833
vt 0.370370 0.916667
vt 0.370370 0.937500
vt 0.370370 0.958333
vt 0.370370 0.979167
vt 0.379630 1.000000
vt 0.379630 0.020833
vt 0.370370 0.000000
vt 0.379630 0.041667
vt 0.379630 0.062500
vt 0.379630 0.083333
vt 0.379630 0.104167
vt 0.379630 0.125000
vt 0.379630 0.145833
vt 0.379630 0.166667
vt 0.379630 0.187500
vt 0.379630 0.208333
vt 0.379630 0.229167
vt 0.379630 0.250000
vt 0.379630 0.270833
vt 0.379630 0.291667
vt 0.379630 0.312500
vt 0.379630 0.333333
vt 0.379630 0.354167
vt 0.379630 0.375000
vt 0.379630 0.395833
vt 0.379630 0.416667
vt 0.379630 0.437500
vt 0.379630 0.458333
vt 0.379630 0.479167
vt 0.379630 0.500000
vt 0.379630 0.520833
vt 0.379630 0.541667
vt 0.379630 0.562500
vt 0.379630 0.583333
vt 0.379630 0.604167
vt 0.379630 0.625000
vt 0.379630 0.645833
vt 0.379630 0.666667
vt 0.379630 0.687500
vt 0.370370 0.729167
vt 0.379630 0.708333
vt 0.379630 0.729167
vt 0.379630 0.770833
vt 0.379630 0.791667
vt 0.379630 0.812500
vt 0.379630 0.833333
vt 0.379630 0.854167
vt 0.379630 0.875000
vt 0.379630 0.895833
vt 0.379630 0.916667
vt 0.379630 0.937500
vt 0.379630 0.958333
vt 0.379630 0.979167
vt 0.388889 1.000000
vt 0.388889 0.020833
vt 0.379630 0.000000
vt 0.388889 0.041667
vt 0.388889 0.062500
vt 0.388889 0.083333
vt 0.388889 0.104167
vt 0.388889 0.125000
vt 0.388889 0.145833
vt 0.388889 0.166667
vt 0.388889 0.187500
vt 0.388889 0.208333
vt 0.388889 0.229167
vt 0.388889 0.250000
vt 0.388889 0.270833
vt 0.388889 0.291667
vt 0.388889 0.312500
vt 0.388889 0.333333
vt 0.388889 0.354167
vt 0.388889 0.375000
vt 0.388889 0.395833
vt 0.388889 0.416667
vt 0.388889 0.437500
vt 0.388889 0.458333
vt 0.388889 0.479167
vt 0.388889 0.500000
vt 0.388889 0.520833
vt 0.388889 0.541667
vt 0.388889 0.562500
vt 0.388889 0.583333
vt 0.388889 0.604167
vt 0.388889 0.625000
vt 0.388889 0.645833
vt 0.388889 0.666667
vt 0.388889 0.687500
vt 0.388889 0.708333
vt 0.379630 0.750000
vt 0.388889 0.729167
vt 0.388889 0.770833
vt 0.388889 0.791667
vt 0.388889 0.812500
vt 0.388889 0.833333
vt 0.388889 0.854167
vt 0.388889 0.875000
vt 0.388889 0.895833
vt 0.388889 0.916667
vt 0.388889 0.937500
vt 0.388889 0.958333
vt 0.388889 0.979167
vt 0.398148 1.000000
vt 0.398148 0.020833
vt 0.388889 0.000000
vt 0.398148 0.041667
vt 0.398148 0.062500
vt 0.398148 0.083333
vt 0.398148 0.104167
vt 0.398148 0.125000
vt 0.398148 0.145833
vt 0.398148 0.166667
vt 0.398148 0.187500
vt 0.398148 0.208333
vt 0.398148 0.229167
vt 0.398148 0.250000
vt 0.398148 0.270833
vt 0.398148 0.291667
vt 0.398148 0.312500
vt 0.398148 0.333333
vt 0.398148 0.354167
vt 0.398148 0.375000
vt 0.398148 0.395833
vt 0.398148 0.416667
vt 0.398148 0.437500
vt 0.398148 0.458333
vt 0.398148 0.479167
vt 0.398148 0.500000
vt 0.398148 0.520833
vt 0.398148 0.541667
vt 0.398148 0.562500
vt 0.398148 0.583333
vt 0.398148 0.604167
vt 0.398148 0.625000
vt 0.398148 0.645833
vt 0.398148 0.666667
vt 0.398148 0.687500
vt 0.398148 0.708333
vt 0.388889 0.750000
vt 0.398148 0.729167
vt 0.398148 0.750000
vt 0.398148 0.791667
vt 0.398148 0.812500
vt 0.398148 0.833333
vt 0.398148 0.854167
vt 0.398148 0.875000
vt 0.398148 0.895833
vt 0.398148 0.916667
vt 0.398148 0.937500
vt 0.398148 0.958333
vt 0.398148 0.979167
vt 0.407407 1.000000
vt 0.407407 0.020833
vt 0.398148 0.000000
vt 0.407407 0.041667
vt 0.407407 0.062500
vt 0.407407 0.083333
vt 0.407407 0.104167
vt 0.407407 0.125000
vt 0.407407 0.145833
vt 0.407407 0.166667
vt 0.407407 0.187500
vt 0.407407 0.208333
vt 0.407407 0.229167
vt 0.407407 0.250000
vt 0.407407 0.270833
vt 0.407407 0.291667
vt 0.407407 0.312500
vt 0.407407 0.333333
vt 0.407407 0.354167
vt 0.407407 0.375000
vt 0.407407 0.395833
vt 0.407407 0.416667
vt 0.407407 0.437500
vt 0.407407 0.458333
vt 0.407407 0.479167
vt 0.407407 0.500000
vt 0.407407 0.520833
vt 0.407407 0.541667
vt 0.407407 0.562500
vt 0.407407 0.583333
vt 0.407407 0.604167
vt 0.407407 0.625000
vt 0.407407 0.645833
vt 0.407407 0.666667
vt 0.407407 0.687500
vt 0.407407 0.708333
vt 0.407407 0.729167
vt 0.398148 0.770833
vt 0.407407 0.750000
vt 0.407407 0.770833
vt 0.407407 0.812500
vt 0.407407 0.833333
vt 0.407407 0.854167
vt 0.407407 0.875000
vt 0.407407 0.895833
vt 0.407407 0.916667
vt 0.407407 0.937500
vt 0.407407 0.958333
vt 0.407407 0.979167
vt 0.416667 1.000000
vt 0.416667 0.020833
vt 0.407407 0.000000
vt 0.416667 0.041667
vt 0.416667 0.062500
vt 0.416667 0.083333
vt 0.416667 0.104167
vt 0.416667 0.125000
vt 0.416667 0.145833
vt 0.416667 0.166667
vt 0.416667 0.187500
vt 0.416667 0.208333
vt 0.416667 0.229167
vt 0.416667 0.250000
vt 0.416667 0.270833
vt 0.416667 0.291667
vt 0.416667 0.312500
vt 0.416667 0.333333
vt 0.416667 0.354167
vt 0.416667 0.375000
vt 0.416667 0.395833
vt 0.416667 0.416667
vt 0.416667 0.437500
vt 0.416667 0.458333
vt 0.416667 0.479167
vt 0.416667 0.500000
vt 0.416667 0.520833
vt 0.416667 0.541667
vt 0.416667 0.562500
vt 0.416667 0.583333
vt 0.416667 0.604167
vt 0.416667 0.625000
vt 0.416667 0.645833
vt 0.416667 0.666667
vt 0.416667 0.687500
vt 0.416667 0.708333
vt 0.416667 0.729167
vt 0.416667 0.750000
vt 0.407407 0.791667
vt 0.416667 0.770833
vt 0.416667 0.791667
vt 0.416667 0.812500
vt 0.416667 0.854167
vt 0.416667 0.875000
vt 0.416667 0.895833
vt 0.416667 0.916667
vt 0.416667 0.937500
vt 0.416667 0.958333
vt 0.416667 0.979167
vt 0.425926 1.000000
vt 0.425926 0.020833
vt 0.416667 0.000000
vt 0.425926 0.041667
vt 0.425926 0.062500
vt 0.425926 0.083333
vt 0.425926 0.104167
vt 0.425926 0.125000
vt 0.425926 0.145833
vt 0.425926 0.166667
vt 0.425926 0.187500
vt 0.425926 0.208333
vt 0.425926 0.229167
vt 0.425926 0.250000
vt 0.425926 0.270833
vt 0.425926 0.291667
vt 0.425926 0.312500
vt 0.425926 0.333333
vt 0.425926 0.354167
vt 0.425926 0.375000
vt 0.425926 0.395833
vt 0.425926 0.416667
vt 0.425926 0.437500
vt 0.425926 0.458333
vt 0.425926 0.479167
vt 0.425926 0.500000
vt 0.425926 0.520833
vt 0.425926 0.541667
vt 0.425926 0.562500
vt 0.425926 0.583333
vt 0.425926 0.604167
vt 0.425926 0.625000
vt 0.425926 0.645833
vt 0.425926 0.666667
vt 0.425926 0.687500
vt 0.425926 0.708333
vt 0.425926 0.729167
vt 0.425926 0.750000
vt 0.425926 0.770833
vt 0.425926 0.791667
vt 0.416667 0.833333
vt 0.425926 0.812500
vt 0.425926 0.833333
vt 0.425926 0.854167
vt 0.425926 0.875000
vt 0.425926 0.916667
vt 0.425926 0.937500
vt 0.425926 0.958333
vt 0.425926 0.979167
vt 0.435185 1.000000
vt 0.435185 0.020833
vt 0.425926 0.000000
vt 0.435185 0.041667
vt 0.435185 0.062500
vt 0.435185 0.083333
vt 0.435185 0.104167
vt 0.435185 0.125000
vt 0.435185 0.145833
vt 0.435185 0.166667
vt 0.435185 0.187500
vt 0.435185 0.208333
vt 0.435185 0.229167
vt 0.435185 0.250000
vt 0.435185 0.270833
vt 0.435185 0.291667
vt 0.435185 0.312500
vt 0.435185 0.333333
vt 0.435185 0.354167
vt 0.435185 0.375000
vt 0.435185 0.395833
vt 0.435185 0.416667
vt 0.435185 0.437500
vt 0.435185 0.458333
vt 0.435185 0.479167
vt 0.435185 0.500000
vt 0.435185 0.520833
vt 0.435185 0.541667
vt 0.435185 0.562500
vt 0.435185 0.583333
vt 0.435185 0.604167
vt 0.435185 0.625000
vt 0.435185 0.645833
vt 0.435185 0.666667
vt 0.435185 0.687500
vt 0.435185 0.708333
vt 0.435185 0.729167
vt 0.435185 0.750000
vt 0.435185 0.770833
vt 0.435185 0.791667
vt 0.435185 0.812500
vt 0.435185 0.833333
vt 0.435185 0.854167
vt 0.425926 0.895833
vt 0.435185 0.875000
vt 0.435185 0.895833
vt 0.435185 0.916667
vt 0.435185 0.937500
vt 0.435185 0.979167
vt 0.444444 1.000000
vt 0.444444 0.020833
vt 0.435185 0.000000
vt 0.444444 0.041667
vt 0.444444 0.062500
vt 0.444444 0.083333
vt 0.444444 0.104167
vt 0.444444 0.125000
vt 0.444444 0.145833
vt 0.444444 0.166667
vt 0.444444 0.187500
vt 0.444444 0.208333
vt 0.444444 0.229167
vt 0.444444 0.250000
vt 0.444444 0.270833
vt 0.444444 0.291667
vt 0.444444 0.312500
vt 0.444444 0.333333
vt 0.444444 0.354167
vt 0.444444 0.375000
vt 0.444444 0.395833
vt 0.444444 0.416667
vt 0.444444 0.437500
vt 0.444444 0.458333
vt 0.444444 0.479167
vt 0.444444 0.500000
vt 0.444444 0.520833
vt 0.444444 0.562500
vt 0.444444 0.583333
vt 0.444444 0.604167
vt 0.444444 0.625000
vt 0.444444 0.645833
vt 0.444444 0.666667
vt 0.444444 0.687500
vt 0.444444 0.708333
vt 0.444444 0.729167
vt 0.444444 0.750000
vt 0.444444 0.770833
vt 0.444444 0.791667
vt 0.444444 0.812500
vt 0.444444 0.833333
vt 0.444444 0.854167
vt 0.444444 0.875000
vt 0.444444 0.895833
vt 0.444444 0.916667
vt 0.444444 0.937500
vt 0.444444 0.958333
vt 0.435185 0.958333
vt 0.444444 0.979167
vt 0.453704 0.979167
vt 0.453704 0.000000
vt 0.444444 0.000000
vt 0.453704 0.020833
vt 0.453704 0.041667
vt 0.453704 0.062500
vt 0.453704 0.083333
vt 0.453704 0.104167
vt 0.453704 0.125000
vt 0.453704 0.145833
vt 0.453704 0.166667
vt 0.453704 0.187500
vt 0.453704 0.208333
vt 0.453704 0.229167
vt 0.453704 0.250000
vt 0.453704 0.270833
vt 0.453704 0.291667
vt 0.453704 0.312500
vt 0.453704 0.333333
vt 0.453704 0.354167
vt 0.453704 0.395833
vt 0.453704 0.416667
vt 0.453704 0.437500
vt 0.453704 0.458333
vt 0.453704 0.479167
vt 0.453704 0.500000
vt 0.453704 0.520833
vt 0.453704 0.541667
vt 0.444444 0.541667
vt 0.453704 0.562500
vt 0.453704 0.583333
vt 0.453704 0.604167
vt 0.453704 0.625000
vt 0.453704 0.645833
vt 0.453704 0.666667
vt 0.453704 0.687500
vt 0.453704 0.708333
vt 0.453704 0.729167
vt 0.453704 0.750000
vt 0.453704 0.770833
vt 0.453704 0.791667
vt 0.453704 0.812500
vt 0.453704 0.833333
vt 0.453704 0.854167
vt 0.453704 0.875000
vt 0.453704 0.895833
vt 0.453704 0.916667
vt 0.453704 0.937500
vt 0.453704 0.958333
vt 0.453704 1.000000
vt 0.462963 0.979167
vt 0.462963 0.000000
vt 0.462963 0.020833
vt 0.462963 0.041667
vt 0.462963 0.062500
vt 0.462963 0.104167
vt 0.462963 0.125000
vt 0.462963 0.145833
vt 0.462963 0.166667
vt 0.462963 0.187500
vt 0.462963 0.208333
vt 0.462963 0.229167
vt 0.462963 0.250000
vt 0.462963 0.270833
vt 0.462963 0.291667
vt 0.462963 0.312500
vt 0.462963 0.333333
vt 0.462963 0.354167
vt 0.462963 0.375000
vt 0.453704 0.375000
vt 0.462963 0.395833
vt 0.462963 0.416667
vt 0.462963 0.437500
vt 0.462963 0.458333
vt 0.462963 0.479167
vt 0.462963 0.500000
vt 0.462963 0.520833
vt 0.462963 0.541667
vt 0.462963 0.562500
vt 0.462963 0.583333
vt 0.462963 0.604167
vt 0.462963 0.625000
vt 0.462963 0.645833
vt 0.462963 0.666667
vt 0.462963 0.687500
vt 0.462963 0.708333
vt 0.462963 0.729167
vt 0.462963 0.750000
vt 0.462963 0.770833
vt 0.462963 0.791667
vt 0.462963 0.812500
vt 0.462963 0.833333
vt 0.462963 0.854167
vt 0.462963 0.875000
vt 0.462963 0.895833
vt 0.462963 0.916667
vt 0.462963 0.937500
vt 0.462963 0.958333
vt 0.462963 1.000000
vt 0.472222 0.979167
vt 0.472222 0.000000
vt 0.472222 0.020833
vt 0.472222 0.041667
vt 0.462963 0.083333
vt 0.472222 0.062500
vt 0.472222 0.104167
vt 0.472222 0.125000
vt 0.472222 0.145833
vt 0.472222 0.166667
vt 0.472222 0.187500
vt 0.472222 0.208333
vt 0.472222 0.229167
vt 0.472222 0.250000
vt 0.472222 0.270833
vt 0.472222 0.291667
vt 0.472222 0.312500
vt 0.472222 0.333333
vt 0.472222 0.354167
vt 0.472222 0.375000
vt 0.472222 0.395833
vt 0.472222 0.416667
vt 0.472222 0.437500
vt 0.472222 0.458333
vt 0.472222 0.479167
vt 0.472222 0.500000
vt 0.472222 0.520833
vt 0.472222 0.541667
vt 0.472222 0.562500
vt 0.472222 0.583333
vt 0.472222 0.604167
vt 0.472222 0.625000
vt 0.472222 0.645833
vt 0.472222 0.666667
vt 0.472222 0.687500
vt 0.472222 0.708333
vt 0.472222 0.729167
vt 0.472222 0.750000
vt 0.472222 0.770833
vt 0.472222 0.791667
vt 0.472222 0.812500
vt 0.472222 0.833333
vt 0.472222 0.854167
vt 0.472222 0.875000
vt 0.472222 0.895833
vt 0.472222 0.916667
vt 0.472222 0.937500
vt 0.472222 0.958333
vt 0.472222 1.000000
vt 0.481481 0.979167
vt 0.481481 0.000000
vt 0.481481 0.020833
vt 0.481481 0.041667
vt 0.472222 0.083333
vt 0.481481 0.062500
vt 0.481481 0.083333
vt 0.481481 0.104167
vt 0.481481 0.125000
vt 0.481481 0.145833
vt 0.481481 0.166667
vt 0.481481 0.187500
vt 0.481481 0.208333
vt 0.481481 0.250000
vt 0.481481 0.270833
vt 0.481481 0.291667
vt 0.481481 0.312500
vt 0.481481 0.333333
vt 0.481481 0.354167
vt 0.481481 0.375000
vt 0.481481 0.395833
vt 0.481481 0.416667
vt 0.481481 0.437500
vt 0.481481 0.458333
vt 0.481481 0.479167
vt 0.481481 0.500000
vt 0.481481 0.520833
vt 0.481481 0.541667
vt 0.481481 0.562500
vt 0.481481 0.583333
vt 0.481481 0.604167
vt 0.481481 0.625000
vt 0.481481 0.645833
vt 0.481481 0.666667
vt 0.481481 0.687500
vt 0.481481 0.708333
vt 0.481481 0.729167
vt 0.481481 0.750000
vt 0.481481 0.770833
vt 0.481481 0.791667
vt 0.481481 0.812500
vt 0.481481 0.833333
vt 0.481481 0.854167
vt 0.481481 0.875000
vt 0.481481 0.895833
vt 0.481481 0.916667
vt 0.481481 0.937500
vt 0.481481 0.958333
vt 0.490741 1.000000
vt 0.481481 1.000000
vt 0.490741 0.020833
vt 0.490741 0.041667
vt 0.490741 0.062500
vt 0.490741 0.083333
vt 0.490741 0.104167
vt 0.490741 0.125000
vt 0.490741 0.145833
vt 0.490741 0.166667
vt 0.490741 0.187500
vt 0.481481 0.229167
vt 0.490741 0.208333
vt 0.490741 0.229167
vt 0.490741 0.250000
vt 0.490741 0.270833
vt 0.490741 0.291667
vt 0.490741 0.312500
vt 0.490741 0.333333
vt 0.490741 0.354167
vt 0.490741 0.375000
vt 0.490741 0.395833
vt 0.490741 0.416667
vt 0.490741 0.437500
vt 0.490741 0.458333
vt 0.490741 0.479167
vt 0.490741 0.500000
vt 0.490741 0.520833
vt 0.490741 0.562500
vt 0.490741 0.583333
vt 0.490741 0.604167
vt 0.490741 0.625000
vt 0.490741 0.645833
vt 0.490741 0.666667
vt 0.490741 0.687500
vt 0.490741 0.708333
vt 0.490741 0.729167
vt 0.490741 0.750000
vt 0.490741 0.770833
vt 0.490741 0.791667
vt 0.490741 0.812500
vt 0.490741 0.833333
vt 0.490741 0.854167
vt 0.490741 0.875000
vt 0.490741 0.895833
vt 0.490741 0.916667
vt 0.490741 0.937500
vt 0.490741 0.958333
vt 0.490741 0.979167
vt 0.500000 1.000000
vt 0.500000 0.020833
vt 0.490741 0.000000
vt 0.500000 0.041667
vt 0.500000 0.062500
vt 0.500000 0.083333
vt 0.500000 0.104167
vt 0.500000 0.125000
vt 0.500000 0.145833
vt 0.500000 0.166667
vt 0.500000 0.187500
vt 0.500000 0.208333
vt 0.500000 0.229167
vt 0.500000 0.250000
vt 0.500000 0.270833
vt 0.500000 0.291667
vt 0.500000 0.312500
vt 0.500000 0.333333
vt 0.500000 0.354167
vt 0.500000 0.375000
vt 0.500000 0.395833
vt 0.500000 0.416667
vt 0.500000 0.437500
vt 0.500000 0.458333
vt 0.500000 0.479167
vt 0.500000 0.500000
vt 0.490741 0.541667
vt 0.500000 0.520833
vt 0.500000 0.541667
vt 0.500000 0.583333
vt 0.500000 0.604167
vt 0.500000 0.625000
vt 0.500000 0.645833
vt 0.500000 0.666667
vt 0.500000 0.687500
vt 0.500000 0.708333
vt 0.500000 0.729167
vt 0.500000 0.750000
vt 0.500000 0.770833
vt 0.500000 0.791667
vt 0.500000 0.812500
vt 0.500000 0.833333
vt 0.500000 0.854167
vt 0.500000 0.875000
vt 0.500000 0.895833
vt 0.500000 0.916667
vt 0.500000 0.937500
vt 0.500000 0.958333
vt 0.500000 0.979167
vt 0.509259 1.000000
vt 0.509259 0.020833
vt 0.500000 0.000000
vt 0.509259 0.041667
vt 0.509259 0.062500
vt 0.509259 0.083333
vt 0.509259 0.104167
vt 0.509259 0.125000
vt 0.509259 0.145833
vt 0.509259 0.166667
vt 0.509259 0.187500
vt 0.509259 0.208333
vt 0.509259 0.229167
vt 0.509259 0.250000
vt 0.509259 0.270833
vt 0.509259 0.291667
vt 0.509259 0.312500
vt 0.509259 0.333333
vt 0.509259 0.354167
vt 0.509259 0.375000
vt 0.509259 0.395833
vt 0.509259 0.416667
vt 0.509259 0.437500
vt 0.509259 0.458333
vt 0.509259 0.479167
vt 0.509259 0.500000
vt 0.509259 0.520833
vt 0.500000 0.562500
vt 0.509259 0.541667
vt 0.509259 0.583333
vt 0.509259 0.604167
vt 0.509259 0.625000
vt 0.509259 0.645833
vt 0.509259 0.666667
vt 0.509259 0.687500
vt 0.509259 0.708333
vt 0.509259 0.729167
vt 0.509259 0.750000
vt 0.509259 0.770833
vt 0.509259 0.791667
vt 0.509259 0.812500
vt 0.509259 0.833333
vt 0.509259 0.854167
vt 0.509259 0.875000
vt 0.509259 0.895833
vt 0.509259 0.916667
vt 0.509259 0.937500
vt 0.509259 0.958333
vt 0.509259 0.979167
vt 0.518519 1.000000
vt 0.518519 0.020833
vt 0.509259 0.000000
vt 0.518519 0.041667
vt 0.518519 0.062500
vt 0.518519 0.083333
vt 0.518519 0.104167
vt 0.518519 0.125000
vt 0.518519 0.145833
vt 0.518519 0.166667
vt 0.518519 0.187500
vt 0.518519 0.208333
vt 0.518519 0.229167
vt 0.518519 0.250000
vt 0.518519 0.270833
vt 0.518519 0.291667
vt 0.518519 0.312500
vt 0.518519 0.333333
vt 0.518519 0.354167
vt 0.518519 0.375000
vt 0.518519 0.395833
vt 0.518519 0.416667
vt 0.518519 0.437500
vt 0.518519 0.458333
vt 0.518519 0.479167
vt 0.518519 0.500000
vt 0.518519 0.520833
vt 0.509259 0.562500
vt 0.518519 0.541667
vt 0.518519 0.583333
vt 0.518519 0.604167
vt 0.518519 0.625000
vt 0.518519 0.645833
vt 0.518519 0.666667
vt 0.518519 0.687500
vt 0.518519 0.708333
vt 0.518519 0.729167
vt 0.518519 0.750000
vt 0.518519 0.770833
vt 0.518519 0.791667
vt 0.518519 0.812500
vt 0.518519 0.833333
vt 0.518519 0.854167
vt 0.518519 0.875000
vt 0.518519 0.895833
vt 0.518519 0.916667
vt 0.518519 0.937500
vt 0.518519 0.958333
vt 0.518519 0.979167
vt 0.527778 1.000000
vt 0.527778 0.020833
vt 0.518519 0.000000
vt 0.527778 0.041667
vt 0.527778 0.062500
vt 0.527778 0.083333
vt 0.527778 0.104167
vt 0.527778 0.125000
vt 0.527778 0.145833
vt 0.527778 0.166667
vt 0.527778 0.187500
vt 0.527778 0.208333
vt 0.527778 0.229167
vt 0.527778 0.250000
vt 0.527778 0.270833
vt 0.527778 0.291667
vt 0.527778 0.312500
vt 0.527778 0.333333
vt 0.527778 0.354167
vt 0.527778 0.375000
vt 0.527778 0.395833
vt 0.527778 0.416667
vt 0.527778 0.437500
vt 0.527778 0.458333
vt 0.527778 0.479167
vt 0.527778 0.500000
vt 0.527778 0.520833
vt 0.518519 0.562500
vt 0.527778 0.541667
vt 0.527778 0.583333
vt 0.527778 0.604167
vt 0.527778 0.625000
vt 0.527778 0.645833
vt 0.527778 0.666667
vt 0.527778 0.687500
vt 0.527778 0.708333
vt 0.527778 0.729167
vt 0.527778 0.750000
vt 0.527778 0.770833
vt 0.527778 0.791667
vt 0.527778 0.812500
vt 0.527778 0.833333
vt 0.527778 0.854167
vt 0.527778 0.875000
vt 0.527778 0.895833
vt 0.527778 0.916667
vt 0.527778 0.937500
vt 0.527778 0.958333
vt 0.527778 0.979167
vt 0.537037 0.979167
vt 0.537037 0.000000
vt 0.527778 0.000000
vt 0.537037 0.020833
vt 0.537037 0.041667
vt 0.537037 0.083333
vt 0.537037 0.104167
vt 0.537037 0.125000
vt 0.537037 0.145833
vt 0.537037 0.166667
vt 0.537037 0.187500
vt 0.537037 0.208333
vt 0.537037 0.229167
vt 0.537037 0.250000
vt 0.537037 0.270833
vt 0.537037 0.291667
vt 0.537037 0.312500
vt 0.537037 0.333333
vt 0.537037 0.354167
vt 0.537037 0.375000
vt 0.537037 0.395833
vt 0.537037 0.416667
vt 0.537037 0.437500
vt 0.537037 0.458333
vt 0.537037 0.479167
vt 0.537037 0.500000
vt 0.537037 0.520833
vt 0.537037 0.541667
vt 0.537037 0.562500
vt 0.527778 0.562500
vt 0.537037 0.583333
vt 0.537037 0.604167
vt 0.537037 0.625000
vt 0.537037 0.645833
vt 0.537037 0.666667
vt 0.537037 0.687500
vt 0.537037 0.708333
vt 0.537037 0.729167
vt 0.537037 0.750000
vt 0.537037 0.770833
vt 0.537037 0.791667
vt 0.537037 0.812500
vt 0.537037 0.833333
vt 0.537037 0.854167
vt 0.537037 0.875000
vt 0.537037 0.895833
vt 0.537037 0.916667
vt 0.537037 0.937500
vt 0.537037 0.958333
vt 0.537037 1.000000
vt 0.546296 0.979167
vt 0.546296 0.000000
vt 0.546296 0.020833
vt 0.537037 0.062500
vt 0.546296 0.041667
vt 0.546296 0.083333
vt 0.546296 0.104167
vt 0.546296 0.125000
vt 0.546296 0.145833
vt 0.546296 0.166667
vt 0.546296 0.187500
vt 0.546296 0.208333
vt 0.546296 0.229167
vt 0.546296 0.250000
vt 0.546296 0.270833
vt 0.546296 0.291667
vt 0.546296 0.312500
vt 0.546296 0.333333
vt 0.546296 0.354167
vt 0.546296 0.375000
vt 0.546296 0.395833
vt 0.546296 0.416667
vt 0.546296 0.437500
vt 0.546296 0.458333
vt 0.546296 0.479167
vt 0.546296 0.500000
vt 0.546296 0.520833
vt 0.546296 0.541667
vt 0.546296 0.562500
vt 0.546296 0.583333
vt 0.546296 0.604167
vt 0.546296 0.625000
vt 0.546296 0.645833
vt 0.546296 0.666667
vt 0.546296 0.687500
vt 0.546296 0.708333
vt 0.546296 0.729167
vt 0.546296 0.750000
vt 0.546296 0.770833
vt 0.546296 0.791667
vt 0.546296 0.812500
vt 0.546296 0.833333
vt 0.546296 0.854167
vt 0.546296 0.875000
vt 0.546296 0.895833
vt 0.546296 0.916667
vt 0.546296 0.937500
vt 0.546296 0.958333
vt 0.555556 1.000000
vt 0.546296 1.000000
vt 0.555556 0.020833
vt 0.555556 0.041667
vt 0.555556 0.062500
vt 0.546296 0.062500
vt 0.555556 0.083333
vt 0.555556 0.104167
vt 0.555556 0.125000
vt 0.555556 0.145833
vt 0.555556 0.166667
vt 0.555556 0.187500
vt 0.555556 0.208333
vt 0.555556 0.229167
vt 0.555556 0.250000
vt 0.555556 0.270833
vt 0.555556 0.291667
vt 0.555556 0.312500
vt 0.555556 0.333333
vt 0.555556 0.354167
vt 0.555556 0.375000
vt 0.555556 0.395833
vt 0.555556 0.416667
vt 0.555556 0.437500
vt 0.555556 0.458333
vt 0.555556 0.479167
vt 0.555556 0.500000
vt 0.555556 0.520833
vt 0.555556 0.541667
vt 0.555556 0.562500
vt 0.555556 0.583333
vt 0.555556 0.604167
vt 0.555556 0.625000
vt 0.555556 0.645833
vt 0.555556 0.687500
vt 0.555556 0.708333
vt 0.555556 0.729167
vt 0.555556 0.750000
vt 0.555556 0.770833
vt 0.555556 0.791667
vt 0.555556 0.812500
vt 0.555556 0.833333
vt 0.555556 0.854167
vt 0.555556 0.875000
vt 0.555556 0.895833
vt 0.555556 0.916667
vt 0.555556 0.937500
vt 0.555556 0.958333
vt 0.555556 0.979167
vt 0.564815 1.000000
vt 0.564815 0.020833
vt 0.555556 0.000000
vt 0.564815 0.041667
vt 0.564815 0.062500
vt 0.564815 0.083333
vt 0.564815 0.104167
vt 0.564815 0.125000
vt 0.564815 0.145833
vt 0.564815 0.166667
vt 0.564815 0.187500
vt 0.564815 0.208333
vt 0.564815 0.229167
vt 0.564815 0.250000
vt 0.564815 0.270833
vt 0.564815 0.291667
vt 0.564815 0.312500
vt 0.564815 0.333333
vt 0.564815 0.354167
vt 0.564815 0.375000
vt 0.564815 0.395833
vt 0.564815 0.416667
vt 0.564815 0.437500
vt 0.564815 0.458333
vt 0.564815 0.479167
vt 0.564815 0.500000
vt 0.564815 0.520833
vt 0.564815 0.541667
vt 0.564815 0.562500
vt 0.564815 0.583333
vt 0.564815 0.604167
vt 0.564815 0.625000
vt 0.555556 0.666667
vt 0.564815 0.645833
vt 0.564815 0.687500
vt 0.564815 0.708333
vt 0.564815 0.729167
vt 0.564815 0.750000
vt 0.564815 0.770833
vt 0.564815 0.791667
vt 0.564815 0.812500
vt 0.564815 0.833333
vt 0.564815 0.854167
vt 0.564815 0.875000
vt 0.564815 0.895833
vt 0.564815 0.916667
vt 0.564815 0.937500
vt 0.564815 0.958333
vt 0.564815 0.979167
vt 0.574074 0.979167
vt 0.574074 0.000000
vt 0.564815 0.000000
vt 0.574074 0.020833
vt 0.574074 0.041667
vt 0.574074 0.062500
vt 0.574074 0.083333
vt 0.574074 0.104167
vt 0.574074 0.145833
vt 0.574074 0.166667
vt 0.574074 0.187500
vt 0.574074 0.208333
vt 0.574074 0.229167
vt 0.574074 0.250000
vt 0.574074 0.270833
vt 0.574074 0.291667
vt 0.574074 0.312500
vt 0.574074 0.333333
vt 0.574074 0.354167
vt 0.574074 0.375000
vt 0.574074 0.395833
vt 0.574074 0.416667
vt 0.574074 0.437500
vt 0.574074 0.458333
vt 0.574074 0.479167
vt 0.574074 0.500000
vt 0.574074 0.520833
vt 0.574074 0.541667
vt 0.574074 0.562500
vt 0.574074 0.583333
vt 0.574074 0.604167
vt 0.574074 0.625000
vt 0.564815 0.666667
vt 0.574074 0.645833
vt 0.574074 0.666667
vt 0.574074 0.687500
vt 0.574074 0.708333
vt 0.574074 0.729167
vt 0.574074 0.750000
vt 0.574074 0.770833
vt 0.574074 0.791667
vt 0.574074 0.812500
vt 0.574074 0.833333
vt 0.574074 0.854167
vt 0.574074 0.875000
vt 0.574074 0.895833
vt 0.574074 0.916667
vt 0.574074 0.937500
vt 0.574074 0.958333
vt 0.574074 1.000000
vt 0.583333 0.979167
vt 0.583333 0.000000
vt 0.583333 0.020833
vt 0.583333 0.041667
vt 0.583333 0.062500
vt 0.583333 0.083333
vt 0.574074 0.125000
vt 0.583333 0.104167
vt 0.583333 0.145833
vt 0.583333 0.166667
vt 0.583333 0.187500
vt 0.583333 0.208333
vt 0.583333 0.229167
vt 0.583333 0.250000
vt 0.583333 0.270833
vt 0.583333 0.291667
vt 0.583333 0.312500
vt 0.583333 0.333333
vt 0.583333 0.354167
vt 0.583333 0.375000
vt 0.583333 0.395833
vt 0.583333 0.416667
vt 0.583333 0.437500
vt 0.583333 0.458333
vt 0.583333 0.479167
vt 0.583333 0.500000
vt 0.583333 0.520833
vt 0.583333 0.541667
vt 0.583333 0.562500
vt 0.583333 0.583333
vt 0.583333 0.604167
vt 0.583333 0.625000
vt 0.583333 0.645833
vt 0.583333 0.666667
vt 0.583333 0.687500
vt 0.583333 0.708333
vt 0.583333 0.729167
vt 0.583333 0.750000
vt 0.583333 0.770833
vt 0.583333 0.791667
vt 0.583333 0.812500
vt 0.583333 0.833333
vt 0.583333 0.854167
vt 0.583333 0.875000
vt 0.583333 0.895833
vt 0.583333 0.916667
vt 0.583333 0.937500
vt 0.583333 0.958333
vt 0.583333 1.000000
vt 0.592593 0.979167
vt 0.592593 0.000000
vt 0.592593 0.020833
vt 0.592593 0.041667
vt 0.592593 0.062500
vt 0.592593 0.083333
vt 0.583333 0.125000
vt 0.592593 0.104167
vt 0.592593 0.145833
vt 0.592593 0.166667
vt 0.592593 0.187500
vt 0.592593 0.208333
vt 0.592593 0.229167
vt 0.592593 0.250000
vt 0.592593 0.270833
vt 0.592593 0.291667
vt 0.592593 0.312500
vt 0.592593 0.333333
vt 0.592593 0.354167
vt 0.592593 0.375000
vt 0.592593 0.395833
vt 0.592593 0.416667
vt 0.592593 0.437500
vt 0.592593 0.458333
vt 0.592593 0.479167
vt 0.592593 0.500000
vt 0.592593 0.520833
vt 0.592593 0.541667
vt 0.592593 0.562500
vt 0.592593 0.583333
vt 0.592593 0.604167
vt 0.592593 0.625000
vt 0.592593 0.645833
vt 0.592593 0.666667
vt 0.592593 0.687500
vt 0.592593 0.708333
vt 0.592593 0.729167
vt 0.592593 0.750000
vt 0.592593 0.770833
vt 0.592593 0.791667
vt 0.592593 0.812500
vt 0.592593 0.833333
vt 0.592593 0.854167
vt 0.592593 0.875000
vt 0.592593 0.895833
vt 0.592593 0.916667
vt 0.592593 0.937500
vt 0.592593 0.958333
vt 0.592593 1.000000
vt 0.601852 0.979167
vt 0.601852 0.000000
vt 0.601852 0.020833
vt 0.601852 0.041667
vt 0.601852 0.062500
vt 0.601852 0.083333
vt 0.592593 0.125000
vt 0.601852 0.104167
vt 0.601852 0.145833
vt 0.601852 0.166667
vt 0.601852 0.187500
vt 0.601852 0.208333
vt 0.601852 0.229167
vt 0.601852 0.250000
vt 0.601852 0.270833
vt 0.601852 0.291667
vt 0.601852 0.312500
vt 0.601852 0.333333
vt 0.601852 0.354167
vt 0.601852 0.375000
vt 0.601852 0.395833
vt 0.601852 0.416667
vt 0.601852 0.437500
vt 0.601852 0.458333
vt 0.601852 0.479167
vt 0.601852 0.500000
vt 0.601852 0.520833
vt 0.601852 0.541667
vt 0.601852 0.562500
vt 0.601852 0.583333
vt 0.601852 0.604167
vt 0.601852 0.625000
vt 0.601852 0.645833
vt 0.601852 0.666667
vt 0.601852 0.687500
vt 0.601852 0.708333
vt 0.601852 0.729167
vt 0.601852 0.750000
vt 0.601852 0.770833
vt 0.601852 0.791667
vt 0.601852 0.812500
vt 0.601852 0.833333
vt 0.601852 0.854167
vt 0.601852 0.875000
vt 0.601852 0.895833
vt 0.601852 0.916667
vt 0.601852 0.937500
vt 0.601852 0.958333
vt 0.611111 1.000000
vt 0.601852 1.000000
vt 0.611111 0.020833
vt 0.611111 0.041667
vt 0.611111 0.062500
vt 0.611111 0.083333
vt 0.611111 0.104167
vt 0.611111 0.125000
vt 0.601852 0.125000
vt 0.611111 0.145833
vt 0.611111 0.166667
vt 0.611111 0.187500
vt 0.611111 0.208333
vt 0.611111 0.229167
vt 0.611111 0.250000
vt 0.611111 0.270833
vt 0.611111 0.291667
vt 0.611111 0.312500
vt 0.611111 0.333333
vt 0.611111 0.354167
vt 0.611111 0.375000
vt 0.611111 0.395833
vt 0.611111 0.416667
vt 0.611111 0.437500
vt 0.611111 0.458333
vt 0.611111 0.479167
vt 0.611111 0.500000
vt 0.611111 0.520833
vt 0.611111 0.541667
vt 0.611111 0.562500
vt 0.611111 0.583333
vt 0.611111 0.604167
vt 0.611111 0.645833
vt 0.611111 0.666667
vt 0.611111 0.687500
vt 0.611111 0.708333
vt 0.611111 0.729167
vt 0.611111 0.750000
vt 0.611111 0.770833
vt 0.611111 0.791667
vt 0.611111 0.812500
vt 0.611111 0.833333
vt 0.611111 0.854167
vt 0.611111 0.875000
vt 0.611111 0.895833
vt 0.611111 0.916667
vt 0.611111 0.937500
vt 0.611111 0.958333
vt 0.611111 0.979167
vt 0.620370 1.000000
vt 0.620370 0.020833
vt 0.611111 0.000000
vt 0.620370 0.041667
vt 0.620370 0.062500
vt 0.620370 0.083333
vt 0.620370 0.104167
vt 0.620370 0.125000
vt 0.620370 0.145833
vt 0.620370 0.166667
vt 0.620370 0.187500
vt 0.620370 0.208333
vt 0.620370 0.229167
vt 0.620370 0.250000
vt 0.620370 0.270833
vt 0.620370 0.291667
vt 0.620370 0.312500
vt 0.620370 0.333333
vt 0.620370 0.354167
vt 0.620370 0.375000
vt 0.620370 0.395833
vt 0.620370 0.416667
vt 0.620370 0.437500
vt 0.620370 0.458333
vt 0.620370 0.479167
vt 0.620370 0.500000
vt 0.620370 0.520833
vt 0.620370 0.541667
vt 0.620370 0.562500
vt 0.620370 0.583333
vt 0.611111 0.625000
vt 0.620370 0.604167
vt 0.620370 0.645833
vt 0.620370 0.666667
vt 0.620370 0.687500
vt 0.620370 0.708333
vt 0.620370 0.729167
vt 0.620370 0.750000
vt 0.620370 0.770833
vt 0.620370 0.791667
vt 0.620370 0.812500
vt 0.620370 0.833333
vt 0.620370 0.854167
vt 0.620370 0.875000
vt 0.620370 0.895833
vt 0.620370 0.916667
vt 0.620370 0.937500
vt 0.620370 0.958333
vt 0.620370 0.979167
vt 0.629630 1.000000
vt 0.629630 0.020833
vt 0.620370 0.000000
vt 0.629630 0.041667
vt 0.629630 0.062500
vt 0.629630 0.083333
vt 0.629630 0.104167
vt 0.629630 0.125000
vt 0.629630 0.145833
vt 0.629630 0.166667
vt 0.629630 0.187500
vt 0.629630 0.208333
vt 0.629630 0.229167
vt 0.629630 0.250000
vt 0.629630 0.270833
vt 0.629630 0.291667
vt 0.629630 0.312500
vt 0.629630 0.333333
vt 0.629630 0.354167
vt 0.629630 0.375000
vt 0.629630 0.395833
vt 0.629630 0.416667
vt 0.629630 0.437500
vt 0.629630 0.458333
vt 0.629630 0.479167
vt 0.629630 0.500000
vt 0.629630 0.520833
vt 0.629630 0.541667
vt 0.629630 0.562500
vt 0.629630 0.583333
vt 0.620370 0.625000
vt 0.629630 0.604167
vt 0.629630 0.645833
vt 0.629630 0.666667
vt 0.629630 0.687500
vt 0.629630 0.708333
vt 0.629630 0.729167
vt 0.629630 0.750000
vt 0.629630 0.770833
vt 0.629630 0.791667
vt 0.629630 0.812500
vt 0.629630 0.833333
vt 0.629630 0.854167
vt 0.629630 0.875000
vt 0.629630 0.895833
vt 0.629630 0.916667
vt 0.629630 0.937500
vt 0.629630 0.958333
vt 0.629630 0.979167
vt 0.638889 1.000000
vt 0.638889 0.020833
vt 0.629630 0.000000
vt 0.638889 0.041667
vt 0.638889 0.062500
vt 0.638889 0.083333
vt 0.638889 0.104167
vt 0.638889 0.125000
vt 0.638889 0.145833
vt 0.638889 0.166667
vt 0.638889 0.187500
vt 0.638889 0.208333
vt 0.638889 0.229167
vt 0.638889 0.250000
vt 0.638889 0.270833
vt 0.638889 0.291667
vt 0.638889 0.312500
vt 0.638889 0.333333
vt 0.638889 0.354167
vt 0.638889 0.375000
vt 0.638889 0.395833
vt 0.638889 0.416667
vt 0.638889 0.437500
vt 0.638889 0.458333
vt 0.638889 0.479167
vt 0.638889 0.500000
vt 0.638889 0.520833
vt 0.638889 0.541667
vt 0.638889 0.562500
vt 0.638889 0.583333
vt 0.629630 0.625000
vt 0.638889 0.604167
vt 0.638889 0.645833
vt 0.638889 0.666667
vt 0.638889 0.687500
vt 0.638889 0.708333
vt 0.638889 0.729167
vt 0.638889 0.750000
vt 0.638889 0.770833
vt 0.638889 0.791667
vt 0.638889 0.812500
vt 0.638889 0.833333
vt 0.638889 0.854167
vt 0.638889 0.875000
vt 0.638889 0.895833
vt 0.638889 0.916667
vt 0.638889 0.937500
vt 0.638889 0.958333
vt 0.638889 0.979167
vt 0.648148 1.000000
vt 0.648148 0.020833
vt 0.638889 0.000000
vt 0.648148 0.041667
vt 0.648148 0.062500
vt 0.648148 0.083333
vt 0.648148 0.104167
vt 0.648148 0.125000
vt 0.648148 0.145833
vt 0.648148 0.166667
vt 0.648148 0.187500
vt 0.648148 0.208333
vt 0.648148 0.229167
vt 0.648148 0.250000
vt 0.648148 0.270833
vt 0.648148 0.291667
vt 0.648148 0.312500
vt 0.648148 0.333333
vt 0.648148 0.354167
vt 0.648148 0.375000
vt 0.648148 0.395833
vt 0.648148 0.416667
vt 0.648148 0.437500
vt 0.648148 0.458333
vt 0.648148 0.479167
vt 0.648148 0.500000
vt 0.648148 0.520833
vt 0.648148 0.541667
vt 0.648148 0.562500
vt 0.648148 0.583333
vt 0.638889 0.625000
vt 0.648148 0.604167
vt 0.648148 0.645833
vt 0.648148 0.666667
vt 0.648148 0.687500
vt 0.648148 0.708333
vt 0.648148 0.729167
vt 0.648148 0.750000
vt 0.648148 0.770833
vt 0.648148 0.791667
vt 0.648148 0.812500
vt 0.648148 0.833333
vt 0.648148 0.854167
vt 0.648148 0.875000
vt 0.648148 0.895833
vt 0.648148 0.916667
vt 0.648148 0.937500
vt 0.648148 0.958333
vt 0.648148 0.979167
vt 0.657407 0.979167
vt 0.657407 0.000000
vt 0.648148 0.000000
vt 0.657407 0.020833
vt 0.657407 0.041667
vt 0.657407 0.062500
vt 0.657407 0.083333
vt 0.657407 0.104167
vt 0.657407 0.145833
vt 0.657407 0.166667
vt 0.657407 0.187500
vt 0.657407 0.208333
vt 0.657407 0.229167
vt 0.657407 0.250000
vt 0.657407 0.270833
vt 0.657407 0.291667
vt 0.657407 0.312500
vt 0.657407 0.333333
vt 0.657407 0.354167
vt 0.657407 0.375000
vt 0.657407 0.395833
vt 0.657407 0.416667
vt 0.657407 0.437500
vt 0.657407 0.458333
vt 0.657407 0.479167
vt 0.657407 0.500000
vt 0.657407 0.520833
vt 0.657407 0.541667
vt 0.657407 0.562500
vt 0.657407 0.583333
vt 0.657407 0.604167
vt 0.657407 0.625000
vt 0.648148 0.625000
vt 0.657407 0.645833
vt 0.657407 0.666667
vt 0.657407 0.687500
vt 0.657407 0.708333
vt 0.657407 0.729167
vt 0.657407 0.750000
vt 0.657407 0.770833
vt 0.657407 0.791667
vt 0.657407 0.812500
vt 0.657407 0.833333
vt 0.657407 0.854167
vt 0.657407 0.875000
vt 0.657407 0.895833
vt 0.657407 0.916667
vt 0.657407 0.937500
vt 0.657407 0.958333
vt 0.657407 1.000000
vt 0.666667 0.979167
vt 0.666667 0.000000
vt 0.666667 0.041667
vt 0.666667 0.062500
vt 0.666667 0.083333
vt 0.666667 0.104167
vt 0.666667 0.125000
vt 0.657407 0.125000
vt 0.666667 0.145833
vt 0.666667 0.166667
vt 0.666667 0.187500
vt 0.666667 0.208333
vt 0.666667 0.229167
vt 0.666667 0.250000
vt 0.666667 0.270833
vt 0.666667 0.291667
vt 0.666667 0.312500
vt 0.666667 0.333333
vt 0.666667 0.354167
vt 0.666667 0.375000
vt 0.666667 0.395833
vt 0.666667 0.416667
vt 0.666667 0.437500
vt 0.666667 0.458333
vt 0.666667 0.479167
vt 0.666667 0.500000
vt 0.666667 0.520833
vt 0.666667 0.541667
vt 0.666667 0.562500
vt 0.666667 0.583333
vt 0.666667 0.604167
vt 0.666667 0.625000
vt 0.666667 0.645833
vt 0.666667 0.666667
vt 0.666667 0.687500
vt 0.666667 0.708333
vt 0.666667 0.729167
vt 0.666667 0.750000
vt 0.666667 0.770833
vt 0.666667 0.791667
vt 0.666667 0.812500
vt 0.666667 0.833333
vt 0.666667 0.854167
vt 0.666667 0.875000
vt 0.666667 0.895833
vt 0.666667 0.916667
vt 0.666667 0.937500
vt 0.666667 0.958333
vt 0.675926 1.000000
vt 0.666667 1.000000
vt 0.675926 0.020833
vt 0.666667 0.020833
vt 0.675926 0.041667
vt 0.675926 0.062500
vt 0.675926 0.083333
vt 0.675926 0.104167
vt 0.675926 0.125000
vt 0.675926 0.145833
vt 0.675926 0.166667
vt 0.675926 0.187500
vt 0.675926 0.208333
vt 0.675926 0.229167
vt 0.675926 0.250000
vt 0.675926 0.270833
vt 0.675926 0.291667
vt 0.675926 0.312500
vt 0.675926 0.333333
vt 0.675926 0.354167
vt 0.675926 0.375000
vt 0.675926 0.395833
vt 0.675926 0.416667
vt 0.675926 0.437500
vt 0.675926 0.458333
vt 0.675926 0.479167
vt 0.675926 0.500000
vt 0.675926 0.520833
vt 0.675926 0.541667
vt 0.675926 0.562500
vt 0.675926 0.583333
vt 0.675926 0.604167
vt 0.675926 0.625000
vt 0.675926 0.645833
vt 0.675926 0.666667
vt 0.675926 0.687500
vt 0.675926 0.729167
vt 0.675926 0.750000
vt 0.675926 0.770833
vt 0.675926 0.791667
vt 0.675926 0.812500
vt 0.675926 0.833333
vt 0.675926 0.854167
vt 0.675926 0.875000
vt 0.675926 0.895833
vt 0.675926 0.916667
vt 0.675926 0.937500
vt 0.675926 0.958333
vt 0.675926 0.979167
vt 0.685185 1.000000
vt 0.685185 0.020833
vt 0.675926 0.000000
vt 0.685185 0.041667
vt 0.685185 0.062500
vt 0.685185 0.083333
vt 0.685185 0.104167
vt 0.685185 0.125000
vt 0.685185 0.145833
vt 0.685185 0.166667
vt 0.685185 0.187500
vt 0.685185 0.208333
vt 0.685185 0.229167
vt 0.685185 0.250000
vt 0.685185 0.270833
vt 0.685185 0.291667
vt 0.685185 0.312500
vt 0.685185 0.333333
vt 0.685185 0.354167
vt 0.685185 0.375000
vt 0.685185 0.395833
vt 0.685185 0.416667
vt 0.685185 0.437500
vt 0.685185 0.458333
vt 0.685185 0.479167
vt 0.685185 0.500000
vt 0.685185 0.520833
vt 0.685185 0.541667
vt 0.685185 0.562500
vt 0.685185 0.583333
vt 0.685185 0.604167
vt 0.685185 0.625000
vt 0.685185 0.645833
vt 0.685185 0.666667
vt 0.685185 0.708333
vt 0.675926 0.708333
vt 0.685185 0.729167
vt 0.685185 0.750000
vt 0.685185 0.770833
vt 0.685185 0.791667
vt 0.685185 0.812500
vt 0.685185 0.833333
vt 0.685185 0.854167
vt 0.685185 0.875000
vt 0.685185 0.895833
vt 0.685185 0.916667
vt 0.685185 0.937500
vt 0.685185 0.958333
vt 0.685185 0.979167
vt 0.694444 0.979167
vt 0.694444 0.000000
vt 0.685185 0.000000
vt 0.694444 0.020833
vt 0.694444 0.041667
vt 0.694444 0.062500
vt 0.694444 0.083333
vt 0.694444 0.104167
vt 0.694444 0.125000
vt 0.694444 0.166667
vt 0.694444 0.187500
vt 0.694444 0.208333
vt 0.694444 0.229167
vt 0.694444 0.250000
vt 0.694444 0.270833
vt 0.694444 0.291667
vt 0.694444 0.312500
vt 0.694444 0.333333
vt 0.694444 0.354167
vt 0.694444 0.375000
vt 0.694444 0.395833
vt 0.694444 0.416667
vt 0.694444 0.437500
vt 0.694444 0.458333
vt 0.694444 0.479167
vt 0.694444 0.500000
vt 0.694444 0.520833
vt 0.694444 0.541667
vt 0.694444 0.562500
vt 0.694444 0.583333
vt 0.694444 0.604167
vt 0.694444 0.625000
vt 0.694444 0.645833
vt 0.685185 0.687500
vt 0.694444 0.666667
vt 0.694444 0.687500
vt 0.694444 0.708333
vt 0.694444 0.729167
vt 0.694444 0.750000
vt 0.694444 0.770833
vt 0.694444 0.791667
vt 0.694444 0.812500
vt 0.694444 0.833333
vt 0.694444 0.854167
vt 0.694444 0.875000
vt 0.694444 0.895833
vt 0.694444 0.916667
vt 0.694444 0.937500
vt 0.694444 0.958333
vt 0.694444 1.000000
vt 0.703704 0.979167
vt 0.703704 0.000000
vt 0.703704 0.020833
vt 0.703704 0.041667
vt 0.703704 0.062500
vt 0.703704 0.083333
vt 0.703704 0.104167
vt 0.694444 0.145833
vt 0.703704 0.125000
vt 0.703704 0.145833
vt 0.703704 0.187500
vt 0.703704 0.208333
vt 0.703704 0.229167
vt 0.703704 0.250000
vt 0.703704 0.270833
vt 0.703704 0.291667
vt 0.703704 0.312500
vt 0.703704 0.333333
vt 0.703704 0.354167
vt 0.703704 0.375000
vt 0.703704 0.395833
vt 0.703704 0.416667
vt 0.703704 0.437500
vt 0.703704 0.458333
vt 0.703704 0.479167
vt 0.703704 0.500000
vt 0.703704 0.520833
vt 0.703704 0.541667
vt 0.703704 0.562500
vt 0.703704 0.583333
vt 0.703704 0.604167
vt 0.703704 0.625000
vt 0.703704 0.645833
vt 0.703704 0.666667
vt 0.703704 0.687500
vt 0.703704 0.708333
vt 0.703704 0.729167
vt 0.703704 0.750000
vt 0.703704 0.770833
vt 0.703704 0.791667
vt 0.703704 0.812500
vt 0.703704 0.833333
vt 0.703704 0.854167
vt 0.703704 0.875000
vt 0.703704 0.895833
vt 0.703704 0.916667
vt 0.703704 0.937500
vt 0.703704 0.958333
vt 0.703704 1.000000
vt 0.712963 0.979167
vt 0.712963 0.000000
vt 0.712963 0.020833
vt 0.712963 0.041667
vt 0.712963 0.062500
vt 0.712963 0.083333
vt 0.712963 0.104167
vt 0.712963 0.125000
vt 0.703704 0.166667
vt 0.712963 0.145833
vt 0.712963 0.187500
vt 0.712963 0.208333
vt 0.712963 0.229167
vt 0.712963 0.250000
vt 0.712963 0.270833
vt 0.712963 0.291667
vt 0.712963 0.312500
vt 0.712963 0.333333
vt 0.712963 0.354167
vt 0.712963 0.375000
vt 0.712963 0.395833
vt 0.712963 0.416667
vt 0.712963 0.437500
vt 0.712963 0.458333
vt 0.712963 0.479167
vt 0.712963 0.500000
vt 0.712963 0.520833
vt 0.712963 0.541667
vt 0.712963 0.562500
vt 0.712963 0.583333
vt 0.712963 0.604167
vt 0.712963 0.625000
vt 0.712963 0.645833
vt 0.712963 0.666667
vt 0.712963 0.687500
vt 0.712963 0.708333
vt 0.712963 0.729167
vt 0.712963 0.750000
vt 0.712963 0.770833
vt 0.712963 0.791667
vt 0.712963 0.812500
vt 0.712963 0.833333
vt 0.712963 0.854167
vt 0.712963 0.875000
vt 0.712963 0.895833
vt 0.712963 0.916667
vt 0.712963 0.937500
vt 0.712963 0.958333
vt 0.712963 1.000000
vt 0.722222 0.979167
vt 0.722222 0.000000
vt 0.722222 0.020833
vt 0.722222 0.041667
vt 0.722222 0.062500
vt 0.722222 0.083333
vt 0.722222 0.104167
vt 0.722222 0.145833
vt 0.722222 0.166667
vt 0.712963 0.166667
vt 0.722222 0.187500
vt 0.722222 0.208333
vt 0.722222 0.229167
vt 0.722222 0.250000
vt 0.722222 0.270833
vt 0.722222 0.291667
vt 0.722222 0.312500
vt 0.722222 0.333333
vt 0.722222 0.354167
vt 0.722222 0.375000
vt 0.722222 0.395833
vt 0.722222 0.416667
vt 0.722222 0.437500
vt 0.722222 0.458333
vt 0.722222 0.479167
vt 0.722222 0.500000
vt 0.722222 0.520833
vt 0.722222 0.541667
vt 0.722222 0.562500
vt 0.722222 0.583333
vt 0.722222 0.604167
vt 0.722222 0.625000
vt 0.722222 0.645833
vt 0.722222 0.666667
vt 0.722222 0.687500
vt 0.722222 0.708333
vt 0.722222 0.729167
vt 0.722222 0.750000
vt 0.722222 0.770833
vt 0.722222 0.791667
vt 0.722222 0.812500
vt 0.722222 0.833333
vt 0.722222 0.854167
vt 0.722222 0.875000
vt 0.722222 0.895833
vt 0.722222 0.916667
vt 0.722222 0.937500
vt 0.722222 0.958333
vt 0.731481 1.000000
vt 0.722222 1.000000
vt 0.731481 0.020833
vt 0.731481 0.041667
vt 0.731481 0.062500
vt 0.731481 0.083333
vt 0.731481 0.104167
vt 0.731481 0.125000
vt 0.722222 0.125000
vt 0.731481 0.145833
vt 0.731481 0.166667
vt 0.731481 0.187500
vt 0.731481 0.208333
vt 0.731481 0.229167
vt 0.731481 0.250000
vt 0.731481 0.270833
vt 0.731481 0.291667
vt 0.731481 0.312500
vt 0.731481 0.333333
vt 0.731481 0.354167
vt 0.731481 0.375000
vt 0.731481 0.395833
vt 0.731481 0.416667
vt 0.731481 0.437500
vt 0.731481 0.458333
vt 0.731481 0.479167
vt 0.731481 0.500000
vt 0.731481 0.520833
vt 0.731481 0.541667
vt 0.731481 0.562500
vt 0.731481 0.583333
vt 0.731481 0.604167
vt 0.731481 0.625000
vt 0.731481 0.645833
vt 0.731481 0.666667
vt 0.731481 0.687500
vt 0.731481 0.708333
vt 0.731481 0.729167
vt 0.731481 0.750000
vt 0.731481 0.770833
vt 0.731481 0.791667
vt 0.731481 0.812500
vt 0.731481 0.833333
vt 0.731481 0.854167
vt 0.731481 0.875000
vt 0.731481 0.895833
vt 0.731481 0.937500
vt 0.731481 0.958333
vt 0.731481 0.979167
vt 0.740741 1.000000
vt 0.740741 0.020833
vt 0.731481 0.000000
vt 0.740741 0.041667
vt 0.740741 0.062500
vt 0.740741 0.083333
vt 0.740741 0.104167
vt 0.740741 0.125000
vt 0.740741 0.145833
vt 0.740741 0.166667
vt 0.740741 0.187500
vt 0.740741 0.208333
vt 0.740741 0.229167
vt 0.740741 0.250000
vt 0.740741 0.270833
vt 0.740741 0.291667
vt 0.740741 0.312500
vt 0.740741 0.333333
vt 0.740741 0.354167
vt 0.740741 0.375000
vt 0.740741 0.395833
vt 0.740741 0.416667
vt 0.740741 0.437500
vt 0.740741 0.458333
vt 0.740741 0.479167
vt 0.740741 0.500000
vt 0.740741 0.520833
vt 0.740741 0.541667
vt 0.740741 0.562500
vt 0.740741 0.583333
vt 0.740741 0.604167
vt 0.740741 0.625000
vt 0.740741 0.645833
vt 0.740741 0.666667
vt 0.740741 0.687500
vt 0.740741 0.708333
vt 0.740741 0.729167
vt 0.740741 0.750000
vt 0.740741 0.770833
vt 0.740741 0.812500
vt 0.740741 0.833333
vt 0.740741 0.854167
vt 0.740741 0.875000
vt 0.740741 0.895833
vt 0.740741 0.916667
vt 0.731481 0.916667
vt 0.740741 0.937500
vt 0.740741 0.958333
vt 0.740741 0.979167
vt 0.750000 1.000000
vt 0.750000 0.020833
vt 0.740741 0.000000
vt 0.750000 0.041667
vt 0.750000 0.062500
vt 0.750000 0.083333
vt 0.750000 0.104167
vt 0.750000 0.125000
vt 0.750000 0.145833
vt 0.750000 0.166667
vt 0.750000 0.187500
vt 0.750000 0.208333
vt 0.750000 0.229167
vt 0.750000 0.250000
vt 0.750000 0.270833
vt 0.750000 0.291667
vt 0.750000 0.312500
vt 0.750000 0.333333
vt 0.750000 0.354167
vt 0.750000 0.375000
vt 0.750000 0.395833
vt 0.750000 0.416667
vt 0.750000 0.437500
vt 0.750000 0.458333
vt 0.750000 0.479167
vt 0.750000 0.500000
vt 0.750000 0.520833
vt 0.750000 0.541667
vt 0.750000 0.562500
vt 0.750000 0.583333
vt 0.750000 0.604167
vt 0.750000 0.625000
vt 0.750000 0.645833
vt 0.750000 0.666667
vt 0.750000 0.687500
vt 0.750000 0.708333
vt 0.750000 0.729167
vt 0.750000 0.750000
vt 0.740741 0.791667
vt 0.750000 0.770833
vt 0.750000 0.812500
vt 0.750000 0.833333
vt 0.750000 0.854167
vt 0.750000 0.875000
vt 0.750000 0.895833
vt 0.750000 0.916667
vt 0.750000 0.937500
vt 0.750000 0.958333
vt 0.750000 0.979167
vt 0.759259 1.000000
vt 0.759259 0.020833
vt 0.750000 0.000000
vt 0.759259 0.041667
vt 0.759259 0.062500
vt 0.759259 0.104167
vt 0.759259 0.125000
vt 0.759259 0.145833
vt 0.759259 0.166667
vt 0.759259 0.187500
vt 0.759259 0.208333
vt 0.759259 0.229167
vt 0.759259 0.250000
vt 0.759259 0.270833
vt 0.759259 0.291667
vt 0.759259 0.312500
vt 0.759259 0.333333
vt 0.759259 0.354167
vt 0.759259 0.375000
vt 0.759259 0.395833
vt 0.759259 0.416667
vt 0.759259 0.437500
vt 0.759259 0.458333
vt 0.759259 0.479167
vt 0.759259 0.500000
vt 0.759259 0.520833
vt 0.759259 0.541667
vt 0.759259 0.562500
vt 0.759259 0.583333
vt 0.759259 0.604167
vt 0.759259 0.625000
vt 0.759259 0.645833
vt 0.759259 0.666667
vt 0.759259 0.687500
vt 0.759259 0.708333
vt 0.759259 0.729167
vt 0.759259 0.750000
vt 0.750000 0.791667
vt 0.759259 0.770833
vt 0.759259 0.812500
vt 0.759259 0.833333
vt 0.759259 0.854167
vt 0.759259 0.875000
vt 0.759259 0.895833
vt 0.759259 0.916667
vt 0.759259 0.937500
vt 0.759259 0.958333
vt 0.759259 0.979167
vt 0.768519 0.979167
vt 0.768519 0.000000
vt 0.759259 0.000000
vt 0.768519 0.020833
vt 0.768519 0.041667
vt 0.759259 0.083333
vt 0.768519 0.062500
vt 0.768519 0.083333
vt 0.768519 0.104167
vt 0.768519 0.125000
vt 0.768519 0.145833
vt 0.768519 0.166667
vt 0.768519 0.187500
vt 0.768519 0.208333
vt 0.768519 0.229167
vt 0.768519 0.250000
vt 0.768519 0.291667
vt 0.768519 0.312500
vt 0.768519 0.333333
vt 0.768519 0.354167
vt 0.768519 0.375000
vt 0.768519 0.395833
vt 0.768519 0.416667
vt 0.768519 0.437500
vt 0.768519 0.458333
vt 0.768519 0.479167
vt 0.768519 0.500000
vt 0.768519 0.520833
vt 0.768519 0.541667
vt 0.768519 0.562500
vt 0.768519 0.583333
vt 0.768519 0.604167
vt 0.768519 0.625000
vt 0.768519 0.645833
vt 0.768519 0.666667
vt 0.768519 0.687500
vt 0.768519 0.708333
vt 0.768519 0.729167
vt 0.768519 0.750000
vt 0.768519 0.770833
vt 0.759259 0.791667
vt 0.768519 0.791667
vt 0.768519 0.812500
vt 0.768519 0.833333
vt 0.768519 0.854167
vt 0.768519 0.875000
vt 0.768519 0.895833
vt 0.768519 0.916667
vt 0.768519 0.937500
vt 0.768519 0.958333
vt 0.768519 1.000000
vt 0.777778 0.979167
vt 0.777778 0.000000
vt 0.777778 0.020833
vt 0.777778 0.041667
vt 0.777778 0.062500
vt 0.777778 0.083333
vt 0.777778 0.104167
vt 0.777778 0.125000
vt 0.777778 0.145833
vt 0.777778 0.166667
vt 0.777778 0.187500
vt 0.777778 0.208333
vt 0.777778 0.229167
vt 0.768519 0.270833
vt 0.777778 0.250000
vt 0.777778 0.270833
vt 0.777778 0.312500
vt 0.777778 0.333333
vt 0.777778 0.354167
vt 0.777778 0.375000
vt 0.777778 0.395833
vt 0.777778 0.416667
vt 0.777778 0.437500
vt 0.777778 0.458333
vt 0.777778 0.479167
vt 0.777778 0.500000
vt 0.777778 0.520833
vt 0.777778 0.541667
vt 0.777778 0.562500
vt 0.777778 0.583333
vt 0.777778 0.604167
vt 0.777778 0.625000
vt 0.777778 0.645833
vt 0.777778 0.666667
vt 0.777778 0.687500
vt 0.777778 0.708333
vt 0.777778 0.729167
vt 0.777778 0.750000
vt 0.777778 0.770833
vt 0.777778 0.791667
vt 0.777778 0.812500
vt 0.777778 0.833333
vt 0.777778 0.854167
vt 0.777778 0.875000
vt 0.777778 0.895833
vt 0.777778 0.916667
vt 0.777778 0.937500
vt 0.777778 0.958333
vt 0.777778 1.000000
vt 0.787037 0.979167
vt 0.787037 0.000000
vt 0.787037 0.020833
vt 0.787037 0.041667
vt 0.787037 0.062500
vt 0.787037 0.083333
vt 0.787037 0.104167
vt 0.787037 0.125000
vt 0.787037 0.145833
vt 0.787037 0.166667
vt 0.787037 0.187500
vt 0.787037 0.208333
vt 0.787037 0.229167
vt 0.787037 0.250000
vt 0.777778 0.291667
vt 0.787037 0.270833
vt 0.787037 0.291667
vt 0.787037 0.333333
vt 0.787037 0.354167
vt 0.787037 0.375000
vt 0.787037 0.395833
vt 0.787037 0.416667
vt 0.787037 0.437500
vt 0.787037 0.458333
vt 0.787037 0.479167
vt 0.787037 0.500000
vt 0.787037 0.520833
vt 0.787037 0.541667
vt 0.787037 0.562500
vt 0.787037 0.583333
vt 0.787037 0.604167
vt 0.787037 0.625000
vt 0.787037 0.645833
vt 0.787037 0.666667
vt 0.787037 0.687500
vt 0.787037 0.708333
vt 0.787037 0.729167
vt 0.787037 0.750000
vt 0.787037 0.770833
vt 0.787037 0.791667
vt 0.787037 0.812500
vt 0.787037 0.833333
vt 0.787037 0.854167
vt 0.787037 0.875000
vt 0.787037 0.895833
vt 0.787037 0.916667
vt 0.787037 0.937500
vt 0.787037 0.958333
vt 0.787037 1.000000
vt 0.796296 0.979167
vt 0.796296 0.000000
vt 0.796296 0.020833
vt 0.796296 0.041667
vt 0.796296 0.062500
vt 0.796296 0.083333
vt 0.796296 0.104167
vt 0.796296 0.125000
vt 0.796296 0.145833
vt 0.796296 0.166667
vt 0.796296 0.187500
vt 0.796296 0.208333
vt 0.796296 0.229167
vt 0.796296 0.250000
vt 0.796296 0.270833
vt 0.787037 0.312500
vt 0.796296 0.291667
vt 0.796296 0.312500
vt 0.796296 0.354167
vt 0.796296 0.375000
vt 0.796296 0.395833
vt 0.796296 0.416667
vt 0.796296 0.437500
vt 0.796296 0.458333
vt 0.796296 0.479167
vt 0.796296 0.500000
vt 0.796296 0.520833
vt 0.796296 0.541667
vt 0.796296 0.562500
vt 0.796296 0.583333
vt 0.796296 0.604167
vt 0.796296 0.625000
vt 0.796296 0.645833
vt 0.796296 0.666667
vt 0.796296 0.687500
vt 0.796296 0.708333
vt 0.796296 0.729167
vt 0.796296 0.750000
vt 0.796296 0.770833
vt 0.796296 0.791667
vt 0.796296 0.812500
vt 0.796296 0.833333
vt 0.796296 0.854167
vt 0.796296 0.875000
vt 0.796296 0.895833
vt 0.796296 0.916667
vt 0.796296 0.937500
vt 0.796296 0.958333
vt 0.796296 1.000000
vt 0.805556 0.979167
vt 0.805556 0.000000
vt 0.805556 0.020833
vt 0.805556 0.041667
vt 0.805556 0.062500
vt 0.805556 0.083333
vt 0.805556 0.104167
vt 0.805556 0.125000
vt 0.805556 0.145833
vt 0.805556 0.166667
vt 0.805556 0.187500
vt 0.805556 0.208333
vt 0.805556 0.229167
vt 0.805556 0.250000
vt 0.805556 0.270833
vt 0.805556 0.291667
vt 0.796296 0.333333
vt 0.805556 0.312500
vt 0.805556 0.354167
vt 0.805556 0.375000
vt 0.805556 0.395833
vt 0.805556 0.416667
vt 0.805556 0.437500
vt 0.805556 0.458333
vt 0.805556 0.479167
vt 0.805556 0.500000
vt 0.805556 0.520833
vt 0.805556 0.541667
vt 0.805556 0.562500
vt 0.805556 0.583333
vt 0.805556 0.604167
vt 0.805556 0.625000
vt 0.805556 0.645833
vt 0.805556 0.666667
vt 0.805556 0.687500
vt 0.805556 0.708333
vt 0.805556 0.729167
vt 0.805556 0.750000
vt 0.805556 0.770833
vt 0.805556 0.791667
vt 0.805556 0.812500
vt 0.805556 0.833333
vt 0.805556 0.854167
vt 0.805556 0.875000
vt 0.805556 0.895833
vt 0.805556 0.916667
vt 0.805556 0.937500
vt 0.805556 0.958333
vt 0.805556 1.000000
vt 0.814815 0.979167
vt 0.814815 0.000000
vt 0.814815 0.020833
vt 0.814815 0.041667
vt 0.814815 0.062500
vt 0.814815 0.083333
vt 0.814815 0.104167
vt 0.814815 0.125000
vt 0.814815 0.145833
vt 0.814815 0.166667
vt 0.814815 0.208333
vt 0.814815 0.229167
vt 0.814815 0.250000
vt 0.814815 0.270833
vt 0.814815 0.291667
vt 0.814815 0.312500
vt 0.814815 0.333333
vt 0.805556 0.333333
vt 0.814815 0.354167
vt 0.814815 0.375000
vt 0.814815 0.395833
vt 0.814815 0.416667
vt 0.814815 0.437500
vt 0.814815 0.458333
vt 0.814815 0.479167
vt 0.814815 0.500000
vt 0.814815 0.520833
vt 0.814815 0.541667
vt 0.814815 0.562500
vt 0.814815 0.583333
vt 0.814815 0.604167
vt 0.814815 0.625000
vt 0.814815 0.645833
vt 0.814815 0.666667
vt 0.814815 0.687500
vt 0.814815 0.708333
vt 0.814815 0.729167
vt 0.814815 0.750000
vt 0.814815 0.770833
vt 0.814815 0.791667
vt 0.814815 0.812500
vt 0.814815 0.833333
vt 0.814815 0.854167
vt 0.814815 0.875000
vt 0.814815 0.895833
vt 0.814815 0.916667
vt 0.814815 0.937500
vt 0.814815 0.958333
vt 0.824074 1.000000
vt 0.814815 1.000000
vt 0.824074 0.020833
vt 0.824074 0.041667
vt 0.824074 0.062500
vt 0.824074 0.083333
vt 0.824074 0.104167
vt 0.824074 0.125000
vt 0.824074 0.145833
vt 0.824074 0.166667
vt 0.824074 0.187500
vt 0.814815 0.187500
vt 0.824074 0.208333
vt 0.824074 0.229167
vt 0.824074 0.250000
vt 0.824074 0.270833
vt 0.824074 0.291667
vt 0.824074 0.312500
vt 0.824074 0.333333
vt 0.824074 0.354167
vt 0.824074 0.375000
vt 0.824074 0.395833
vt 0.824074 0.416667
vt 0.824074 0.437500
vt 0.824074 0.458333
vt 0.824074 0.479167
vt 0.824074 0.500000
vt 0.824074 0.520833
vt 0.824074 0.541667
vt 0.824074 0.562500
vt 0.824074 0.583333
vt 0.824074 0.604167
vt 0.824074 0.625000
vt 0.824074 0.645833
vt 0.824074 0.666667
vt 0.824074 0.687500
vt 0.824074 0.708333
vt 0.824074 0.729167
vt 0.824074 0.750000
vt 0.824074 0.770833
vt 0.824074 0.791667
vt 0.824074 0.812500
vt 0.824074 0.854167
vt 0.824074 0.875000
vt 0.824074 0.895833
vt 0.824074 0.916667
vt 0.824074 0.937500
vt 0.824074 0.958333
vt 0.824074 0.979167
vt 0.833333 1.000000
vt 0.833333 0.020833
vt 0.824074 0.000000
vt 0.833333 0.041667
vt 0.833333 0.062500
vt 0.833333 0.083333
vt 0.833333 0.104167
vt 0.833333 0.125000
vt 0.833333 0.145833
vt 0.833333 0.166667
vt 0.833333 0.187500
vt 0.833333 0.208333
vt 0.833333 0.229167
vt 0.833333 0.250000
vt 0.833333 0.270833
vt 0.833333 0.291667
vt 0.833333 0.312500
vt 0.833333 0.333333
vt 0.833333 0.354167
vt 0.833333 0.375000
vt 0.833333 0.395833
vt 0.833333 0.416667
vt 0.833333 0.437500
vt 0.833333 0.458333
vt 0.833333 0.479167
vt 0.833333 0.500000
vt 0.833333 0.520833
vt 0.833333 0.541667
vt 0.833333 0.562500
vt 0.833333 0.583333
vt 0.833333 0.604167
vt 0.833333 0.625000
vt 0.833333 0.645833
vt 0.833333 0.666667
vt 0.833333 0.687500
vt 0.833333 0.708333
vt 0.833333 0.729167
vt 0.833333 0.750000
vt 0.833333 0.770833
vt 0.833333 0.791667
vt 0.824074 0.833333
vt 0.833333 0.812500
vt 0.833333 0.854167
vt 0.833333 0.875000
vt 0.833333 0.895833
vt 0.833333 0.916667
vt 0.833333 0.937500
vt 0.833333 0.958333
vt 0.833333 0.979167
vt 0.842593 1.000000
vt 0.842593 0.020833
vt 0.833333 0.000000
vt 0.842593 0.041667
vt 0.842593 0.062500
vt 0.842593 0.083333
vt 0.842593 0.104167
vt 0.842593 0.125000
vt 0.842593 0.145833
vt 0.842593 0.166667
vt 0.842593 0.187500
vt 0.842593 0.208333
vt 0.842593 0.229167
vt 0.842593 0.250000
vt 0.842593 0.270833
vt 0.842593 0.291667
vt 0.842593 0.312500
vt 0.842593 0.333333
vt 0.842593 0.354167
vt 0.842593 0.375000
vt 0.842593 0.395833
vt 0.842593 0.416667
vt 0.842593 0.437500
vt 0.842593 0.458333
vt 0.842593 0.479167
vt 0.842593 0.500000
vt 0.842593 0.520833
vt 0.842593 0.541667
vt 0.842593 0.562500
vt 0.842593 0.583333
vt 0.842593 0.604167
vt 0.842593 0.625000
vt 0.842593 0.645833
vt 0.842593 0.666667
vt 0.842593 0.687500
vt 0.842593 0.708333
vt 0.842593 0.729167
vt 0.842593 0.750000
vt 0.842593 0.770833
vt 0.842593 0.791667
vt 0.833333 0.833333
vt 0.842593 0.812500
vt 0.842593 0.833333
vt 0.842593 0.875000
vt 0.842593 0.895833
vt 0.842593 0.916667
vt 0.842593 0.937500
vt 0.842593 0.958333
vt 0.842593 0.979167
vt 0.851852 0.979167
vt 0.851852 0.020833
vt 0.842593 0.000000
vt 0.851852 0.041667
vt 0.851852 0.062500
vt 0.851852 0.083333
vt 0.851852 0.104167
vt 0.851852 0.125000
vt 0.851852 0.145833
vt 0.851852 0.166667
vt 0.851852 0.187500
vt 0.851852 0.208333
vt 0.851852 0.229167
vt 0.851852 0.250000
vt 0.851852 0.270833
vt 0.851852 0.291667
vt 0.851852 0.312500
vt 0.851852 0.333333
vt 0.851852 0.354167
vt 0.851852 0.375000
vt 0.851852 0.395833
vt 0.851852 0.416667
vt 0.851852 0.437500
vt 0.851852 0.458333
vt 0.851852 0.479167
vt 0.851852 0.500000
vt 0.851852 0.520833
vt 0.851852 0.541667
vt 0.851852 0.562500
vt 0.851852 0.583333
vt 0.851852 0.604167
vt 0.851852 0.625000
vt 0.851852 0.645833
vt 0.851852 0.666667
vt 0.851852 0.687500
vt 0.851852 0.708333
vt 0.851852 0.729167
vt 0.851852 0.750000
vt 0.851852 0.770833
vt 0.851852 0.791667
vt 0.851852 0.812500
vt 0.842593 0.854167
vt 0.851852 0.833333
vt 0.851852 0.854167
vt 0.851852 0.875000
vt 0.851852 0.895833
vt 0.851852 0.916667
vt 0.851852 0.937500
vt 0.851852 0.958333
vt 0.851852 1.000000
vt 0.861111 0.979167
vt 0.861111 0.000000
vt 0.851852 0.000000
vt 0.861111 0.020833
vt 0.861111 0.041667
vt 0.861111 0.062500
vt 0.861111 0.083333
vt 0.861111 0.104167
vt 0.861111 0.125000
vt 0.861111 0.145833
vt 0.861111 0.166667
vt 0.861111 0.187500
vt 0.861111 0.208333
vt 0.861111 0.229167
vt 0.861111 0.270833
vt 0.861111 0.291667
vt 0.861111 0.312500
vt 0.861111 0.333333
vt 0.861111 0.354167
vt 0.861111 0.375000
vt 0.861111 0.395833
vt 0.861111 0.416667
vt 0.861111 0.437500
vt 0.861111 0.458333
vt 0.861111 0.479167
vt 0.861111 0.500000
vt 0.861111 0.520833
vt 0.861111 0.541667
vt 0.861111 0.562500
vt 0.861111 0.583333
vt 0.861111 0.604167
vt 0.861111 0.625000
vt 0.861111 0.645833
vt 0.861111 0.666667
vt 0.861111 0.687500
vt 0.861111 0.708333
vt 0.861111 0.729167
vt 0.861111 0.750000
vt 0.861111 0.770833
vt 0.861111 0.791667
vt 0.861111 0.812500
vt 0.861111 0.833333
vt 0.861111 0.854167
vt 0.861111 0.875000
vt 0.861111 0.895833
vt 0.861111 0.916667
vt 0.861111 0.937500
vt 0.861111 0.958333
vt 0.861111 1.000000
vt 0.870370 0.979167
vt 0.870370 0.000000
vt 0.870370 0.020833
vt 0.870370 0.041667
vt 0.870370 0.062500
vt 0.870370 0.083333
vt 0.870370 0.104167
vt 0.870370 0.125000
vt 0.870370 0.145833
vt 0.870370 0.166667
vt 0.870370 0.187500
vt 0.870370 0.208333
vt 0.861111 0.250000
vt 0.870370 0.229167
vt 0.870370 0.250000
vt 0.870370 0.291667
vt 0.870370 0.312500
vt 0.870370 0.333333
vt 0.870370 0.354167
vt 0.870370 0.375000
vt 0.870370 0.395833
vt 0.870370 0.416667
vt 0.870370 0.437500
vt 0.870370 0.458333
vt 0.870370 0.479167
vt 0.870370 0.500000
vt 0.870370 0.520833
vt 0.870370 0.541667
vt 0.870370 0.562500
vt 0.870370 0.583333
vt 0.870370 0.604167
vt 0.870370 0.625000
vt 0.870370 0.645833
vt 0.870370 0.666667
vt 0.870370 0.687500
vt 0.870370 0.708333
vt 0.870370 0.729167
vt 0.870370 0.750000
vt 0.870370 0.770833
vt 0.870370 0.791667
vt 0.870370 0.812500
vt 0.870370 0.833333
vt 0.870370 0.854167
vt 0.870370 0.875000
vt 0.870370 0.895833
vt 0.870370 0.916667
vt 0.870370 0.937500
vt 0.870370 0.958333
vt 0.870370 1.000000
vt 0.879630 0.979167
vt 0.879630 0.000000
vt 0.879630 0.020833
vt 0.879630 0.041667
vt 0.879630 0.062500
vt 0.879630 0.083333
vt 0.879630 0.104167
vt 0.879630 0.125000
vt 0.879630 0.145833
vt 0.879630 0.166667
vt 0.879630 0.187500
vt 0.879630 0.208333
vt 0.879630 0.229167
vt 0.870370 0.270833
vt 0.879630 0.250000
vt 0.879630 0.291667
vt 0.879630 0.312500
vt 0.879630 0.333333
vt 0.879630 0.354167
vt 0.879630 0.375000
vt 0.879630 0.395833
vt 0.879630 0.416667
vt 0.879630 0.437500
vt 0.879630 0.458333
vt 0.879630 0.479167
vt 0.879630 0.500000
vt 0.879630 0.520833
vt 0.879630 0.541667
vt 0.879630 0.562500
vt 0.879630 0.583333
vt 0.879630 0.604167
vt 0.879630 0.625000
vt 0.879630 0.645833
vt 0.879630 0.666667
vt 0.879630 0.687500
vt 0.879630 0.708333
vt 0.879630 0.750000
vt 0.879630 0.770833
vt 0.879630 0.791667
vt 0.879630 0.812500
vt 0.879630 0.833333
vt 0.879630 0.854167
vt 0.879630 0.875000
vt 0.879630 0.895833
vt 0.879630 0.916667
vt 0.879630 0.937500
vt 0.879630 0.958333
vt 0.888889 1.000000
vt 0.879630 1.000000
vt 0.888889 0.020833
vt 0.888889 0.041667
vt 0.888889 0.062500
vt 0.888889 0.083333
vt 0.888889 0.104167
vt 0.888889 0.125000
vt 0.888889 0.145833
vt 0.888889 0.166667
vt 0.888889 0.187500
vt 0.888889 0.208333
vt 0.888889 0.229167
vt 0.888889 0.250000
vt 0.888889 0.270833
vt 0.879630 0.270833
vt 0.888889 0.291667
vt 0.888889 0.312500
vt 0.888889 0.333333
vt 0.888889 0.354167
vt 0.888889 0.375000
vt 0.888889 0.395833
vt 0.888889 0.416667
vt 0.888889 0.437500
vt 0.888889 0.458333
vt 0.888889 0.479167
vt 0.888889 0.500000
vt 0.888889 0.520833
vt 0.888889 0.541667
vt 0.888889 0.562500
vt 0.888889 0.583333
vt 0.888889 0.604167
vt 0.888889 0.625000
vt 0.888889 0.645833
vt 0.888889 0.666667
vt 0.888889 0.687500
vt 0.879630 0.729167
vt 0.888889 0.708333
vt 0.888889 0.729167
vt 0.888889 0.750000
vt 0.888889 0.770833
vt 0.888889 0.791667
vt 0.888889 0.812500
vt 0.888889 0.833333
vt 0.888889 0.854167
vt 0.888889 0.875000
vt 0.888889 0.895833
vt 0.888889 0.937500
vt 0.888889 0.958333
vt 0.888889 0.979167
vt 0.898148 1.000000
vt 0.898148 0.020833
vt 0.888889 0.000000
vt 0.898148 0.041667
vt 0.898148 0.062500
vt 0.898148 0.083333
vt 0.898148 0.104167
vt 0.898148 0.125000
vt 0.898148 0.145833
vt 0.898148 0.166667
vt 0.898148 0.187500
vt 0.898148 0.208333
vt 0.898148 0.229167
vt 0.898148 0.250000
vt 0.898148 0.270833
vt 0.898148 0.291667
vt 0.898148 0.312500
vt 0.898148 0.333333
vt 0.898148 0.354167
vt 0.898148 0.375000
vt 0.898148 0.395833
vt 0.898148 0.416667
vt 0.898148 0.437500
vt 0.898148 0.458333
vt 0.898148 0.479167
vt 0.898148 0.500000
vt 0.898148 0.520833
vt 0.898148 0.541667
vt 0.898148 0.562500
vt 0.898148 0.583333
vt 0.898148 0.604167
vt 0.898148 0.625000
vt 0.898148 0.645833
vt 0.898148 0.666667
vt 0.898148 0.687500
vt 0.898148 0.708333
vt 0.898148 0.729167
vt 0.898148 0.750000
vt 0.898148 0.770833
vt 0.898148 0.791667
vt 0.898148 0.812500
vt 0.898148 0.833333
vt 0.898148 0.854167
vt 0.898148 0.875000
vt 0.888889 0.916667
vt 0.898148 0.895833
vt 0.898148 0.916667
vt 0.898148 0.958333
vt 0.898148 0.979167
vt 0.907407 0.979167
vt 0.907407 0.000000
vt 0.898148 0.000000
vt 0.907407 0.020833
vt 0.907407 0.041667
vt 0.907407 0.062500
vt 0.907407 0.083333
vt 0.907407 0.125000
vt 0.907407 0.145833
vt 0.907407 0.166667
vt 0.907407 0.187500
vt 0.907407 0.208333
vt 0.907407 0.229167
vt 0.907407 0.250000
vt 0.907407 0.270833
vt 0.907407 0.291667
vt 0.907407 0.312500
vt 0.907407 0.333333
vt 0.907407 0.354167
vt 0.907407 0.375000
vt 0.907407 0.395833
vt 0.907407 0.416667
vt 0.907407 0.437500
vt 0.907407 0.458333
vt 0.907407 0.479167
vt 0.907407 0.520833
vt 0.907407 0.541667
vt 0.907407 0.562500
vt 0.907407 0.583333
vt 0.907407 0.604167
vt 0.907407 0.625000
vt 0.907407 0.645833
vt 0.907407 0.666667
vt 0.907407 0.687500
vt 0.907407 0.708333
vt 0.907407 0.729167
vt 0.907407 0.750000
vt 0.907407 0.770833
vt 0.907407 0.791667
vt 0.907407 0.812500
vt 0.907407 0.833333
vt 0.907407 0.854167
vt 0.907407 0.875000
vt 0.907407 0.895833
vt 0.898148 0.937500
vt 0.907407 0.916667
vt 0.907407 0.937500
vt 0.907407 0.958333
vt 0.916667 1.000000
vt 0.907407 1.000000
vt 0.916667 0.020833
vt 0.916667 0.041667
vt 0.916667 0.062500
vt 0.916667 0.083333
vt 0.916667 0.104167
vt 0.907407 0.104167
vt 0.916667 0.125000
vt 0.916667 0.145833
vt 0.916667 0.166667
vt 0.916667 0.187500
vt 0.916667 0.208333
vt 0.916667 0.229167
vt 0.916667 0.250000
vt 0.916667 0.270833
vt 0.916667 0.291667
vt 0.916667 0.312500
vt 0.916667 0.333333
vt 0.916667 0.354167
vt 0.916667 0.375000
vt 0.916667 0.395833
vt 0.916667 0.416667
vt 0.916667 0.437500
vt 0.916667 0.458333
vt 0.907407 0.500000
vt 0.916667 0.479167
vt 0.916667 0.500000
vt 0.916667 0.520833
vt 0.916667 0.541667
vt 0.916667 0.562500
vt 0.916667 0.583333
vt 0.916667 0.625000
vt 0.916667 0.645833
vt 0.916667 0.666667
vt 0.916667 0.687500
vt 0.916667 0.708333
vt 0.916667 0.750000
vt 0.916667 0.770833
vt 0.916667 0.791667
vt 0.916667 0.812500
vt 0.916667 0.833333
vt 0.916667 0.854167
vt 0.916667 0.875000
vt 0.916667 0.895833
vt 0.916667 0.916667
vt 0.916667 0.937500
vt 0.916667 0.958333
vt 0.916667 0.979167
vt 0.925926 1.000000
vt 0.925926 0.020833
vt 0.916667 0.000000
vt 0.925926 0.041667
vt 0.925926 0.062500
vt 0.925926 0.083333
vt 0.925926 0.104167
vt 0.925926 0.125000
vt 0.925926 0.145833
vt 0.925926 0.166667
vt 0.925926 0.187500
vt 0.925926 0.208333
vt 0.925926 0.229167
vt 0.925926 0.250000
vt 0.925926 0.270833
vt 0.925926 0.291667
vt 0.925926 0.312500
vt 0.925926 0.333333
vt 0.925926 0.354167
vt 0.925926 0.375000
vt 0.925926 0.395833
vt 0.925926 0.416667
vt 0.925926 0.437500
vt 0.925926 0.458333
vt 0.925926 0.479167
vt 0.925926 0.500000
vt 0.925926 0.520833
vt 0.925926 0.541667
vt 0.925926 0.562500
vt 0.916667 0.604167
vt 0.925926 0.583333
vt 0.925926 0.625000
vt 0.925926 0.645833
vt 0.925926 0.666667
vt 0.925926 0.687500
vt 0.925926 0.708333
vt 0.925926 0.729167
vt 0.916667 0.729167
vt 0.925926 0.750000
vt 0.925926 0.770833
vt 0.925926 0.791667
vt 0.925926 0.812500
vt 0.925926 0.833333
vt 0.925926 0.854167
vt 0.925926 0.875000
vt 0.925926 0.895833
vt 0.925926 0.916667
vt 0.925926 0.937500
vt 0.925926 0.958333
vt 0.925926 0.979167
vt 0.935185 1.000000
vt 0.935185 0.020833
vt 0.925926 0.000000
vt 0.935185 0.041667
vt 0.935185 0.062500
vt 0.935185 0.083333
vt 0.935185 0.104167
vt 0.935185 0.125000
vt 0.935185 0.145833
vt 0.935185 0.166667
vt 0.935185 0.187500
vt 0.935185 0.208333
vt 0.935185 0.229167
vt 0.935185 0.250000
vt 0.935185 0.270833
vt 0.935185 0.291667
vt 0.935185 0.312500
vt 0.935185 0.333333
vt 0.935185 0.354167
vt 0.935185 0.375000
vt 0.935185 0.395833
vt 0.935185 0.416667
vt 0.935185 0.437500
vt 0.935185 0.458333
vt 0.935185 0.479167
vt 0.935185 0.500000
vt 0.935185 0.520833
vt 0.935185 0.541667
vt 0.935185 0.562500
vt 0.925926 0.604167
vt 0.935185 0.583333
vt 0.935185 0.625000
vt 0.935185 0.645833
vt 0.935185 0.666667
vt 0.935185 0.687500
vt 0.935185 0.708333
vt 0.935185 0.729167
vt 0.935185 0.750000
vt 0.935185 0.770833
vt 0.935185 0.791667
vt 0.935185 0.812500
vt 0.935185 0.833333
vt 0.935185 0.854167
vt 0.935185 0.875000
vt 0.935185 0.895833
vt 0.935185 0.916667
vt 0.935185 0.937500
vt 0.935185 0.958333
vt 0.935185 0.979167
vt 0.944444 1.000000
vt 0.944444 0.020833
vt 0.935185 0.000000
vt 0.944444 0.041667
vt 0.944444 0.062500
vt 0.944444 0.083333
vt 0.944444 0.104167
vt 0.944444 0.125000
vt 0.944444 0.145833
vt 0.944444 0.166667
vt 0.944444 0.187500
vt 0.944444 0.208333
vt 0.944444 0.229167
vt 0.944444 0.250000
vt 0.944444 0.270833
vt 0.944444 0.291667
vt 0.944444 0.312500
vt 0.944444 0.333333
vt 0.944444 0.354167
vt 0.944444 0.375000
vt 0.944444 0.395833
vt 0.944444 0.416667
vt 0.944444 0.437500
vt 0.944444 0.458333
vt 0.944444 0.479167
vt 0.944444 0.500000
vt 0.944444 0.520833
vt 0.944444 0.541667
vt 0.944444 0.562500
vt 0.935185 0.604167
vt 0.944444 0.583333
vt 0.944444 0.625000
vt 0.944444 0.645833
vt 0.944444 0.666667
vt 0.944444 0.687500
vt 0.944444 0.708333
vt 0.944444 0.729167
vt 0.944444 0.750000
vt 0.944444 0.770833
vt 0.944444 0.791667
vt 0.944444 0.812500
vt 0.944444 0.833333
vt 0.944444 0.854167
vt 0.944444 0.875000
vt 0.944444 0.895833
vt 0.944444 0.916667
vt 0.944444 0.937500
vt 0.944444 0.958333
vt 0.944444 0.979167
vt 0.953704 1.000000
vt 0.953704 0.020833
vt 0.944444 0.000000
vt 0.953704 0.041667
vt 0.953704 0.062500
vt 0.953704 0.083333
vt 0.953704 0.104167
vt 0.953704 0.125000
vt 0.953704 0.145833
vt 0.953704 0.166667
vt 0.953704 0.187500
vt 0.953704 0.208333
vt 0.953704 0.229167
vt 0.953704 0.250000
vt 0.953704 0.270833
vt 0.953704 0.291667
vt 0.953704 0.312500
vt 0.953704 0.333333
vt 0.953704 0.354167
vt 0.953704 0.375000
vt 0.953704 0.395833
vt 0.953704 0.416667
vt 0.953704 0.437500
vt 0.953704 0.458333
vt 0.953704 0.479167
vt 0.953704 0.500000
vt 0.953704 0.520833
vt 0.953704 0.541667
vt 0.953704 0.562500
vt 0.944444 0.604167
vt 0.953704 0.583333
vt 0.953704 0.625000
vt 0.953704 0.645833
vt 0.953704 0.666667
vt 0.953704 0.687500
vt 0.953704 0.708333
vt 0.953704 0.729167
vt 0.953704 0.750000
vt 0.953704 0.770833
vt 0.953704 0.791667
vt 0.953704 0.812500
vt 0.953704 0.833333
vt 0.953704 0.854167
vt 0.953704 0.875000
vt 0.953704 0.895833
vt 0.953704 0.916667
vt 0.953704 0.937500
vt 0.953704 0.958333
vt 0.953704 0.979167
vt 0.962963 1.000000
vt 0.962963 0.020833
vt 0.953704 0.000000
vt 0.962963 0.041667
vt 0.962963 0.062500
vt 0.962963 0.083333
vt 0.962963 0.104167
vt 0.962963 0.125000
vt 0.962963 0.145833
vt 0.962963 0.166667
vt 0.962963 0.187500
vt 0.962963 0.208333
vt 0.962963 0.229167
vt 0.962963 0.250000
vt 0.962963 0.270833
vt 0.962963 0.291667
vt 0.962963 0.312500
vt 0.962963 0.333333
vt 0.962963 0.354167
vt 0.962963 0.375000
vt 0.962963 0.395833
vt 0.962963 0.416667
vt 0.962963 0.437500
vt 0.962963 0.458333
vt 0.962963 0.479167
vt 0.962963 0.500000
vt 0.962963 0.520833
vt 0.962963 0.541667
vt 0.962963 0.562500
vt 0.953704 0.604167
vt 0.962963 0.583333
vt 0.962963 0.604167
vt 0.962963 0.645833
vt 0.962963 0.666667
vt 0.962963 0.687500
vt 0.962963 0.708333
vt 0.962963 0.729167
vt 0.962963 0.750000
vt 0.962963 0.770833
vt 0.962963 0.791667
vt 0.962963 0.812500
vt 0.962963 0.833333
vt 0.962963 0.854167
vt 0.962963 0.875000
vt 0.962963 0.895833
vt 0.962963 0.916667
vt 0.962963 0.937500
vt 0.962963 0.958333
vt 0.962963 0.979167
vt 0.972222 1.000000
vt 0.972222 0.020833
vt 0.962963 0.000000
vt 0.972222 0.041667
vt 0.972222 0.062500
vt 0.972222 0.083333
vt 0.972222 0.104167
vt 0.972222 0.125000
vt 0.972222 0.145833
vt 0.972222 0.166667
vt 0.972222 0.187500
vt 0.972222 0.208333
vt 0.972222 0.229167
vt 0.972222 0.250000
vt 0.972222 0.270833
vt 0.972222 0.291667
vt 0.972222 0.312500
vt 0.972222 0.333333
vt 0.972222 0.354167
vt 0.972222 0.375000
vt 0.972222 0.395833
vt 0.972222 0.416667
vt 0.972222 0.437500
vt 0.972222 0.458333
vt 0.972222 0.479167
vt 0.972222 0.500000
vt 0.972222 0.520833
vt 0.972222 0.541667
vt 0.972222 0.562500
vt 0.972222 0.583333
vt 0.962963 0.625000
vt 0.972222 0.604167
vt 0.972222 0.625000
vt 0.972222 0.666667
vt 0.972222 0.687500
vt 0.972222 0.708333
vt 0.972222 0.729167
vt 0.972222 0.750000
vt 0.972222 0.770833
vt 0.972222 0.791667
vt 0.972222 0.812500
vt 0.972222 0.833333
vt 0.972222 0.854167
vt 0.972222 0.875000
vt 0.972222 0.895833
vt 0.972222 0.916667
vt 0.972222 0.937500
vt 0.972222 0.958333
vt 0.972222 0.979167
vt 0.981481 1.000000
vt 0.981481 0.020833
vt 0.972222 0.000000
vt 0.981481 0.041667
vt 0.981481 0.062500
vt 0.981481 0.083333
vt 0.981481 0.104167
vt 0.981481 0.125000
vt 0.981481 0.145833
vt 0.981481 0.166667
vt 0.981481 0.187500
vt 0.981481 0.208333
vt 0.981481 0.229167
vt 0.981481 0.250000
vt 0.981481 0.270833
vt 0.981481 0.291667
vt 0.981481 0.312500
vt 0.981481 0.333333
vt 0.981481 0.354167
vt 0.981481 0.375000
vt 0.981481 0.395833
vt 0.981481 0.416667
vt 0.981481 0.437500
vt 0.981481 0.458333
vt 0.981481 0.479167
vt 0.981481 0.500000
vt 0.981481 0.520833
vt 0.981481 0.541667
vt 0.981481 0.562500
vt 0.981481 0.583333
vt 0.981481 0.604167
vt 0.972222 0.645833
vt 0.981481 0.625000
vt 0.981481 0.645833
vt 0.981481 0.666667
vt 0.981481 0.687500
vt 0.981481 0.708333
vt 0.981481 0.729167
vt 0.981481 0.750000
vt 0.981481 0.770833
vt 0.981481 0.791667
vt 0.981481 0.812500
vt 0.981481 0.833333
vt 0.981481 0.854167
vt 0.981481 0.875000
vt 0.981481 0.895833
vt 0.981481 0.916667
vt 0.981481 0.937500
vt 0.981481 0.958333
vt 0.990741 1.000000
vt 0.981481 0.979167
vt 0.990741 0.020833
vt 0.981481 0.000000
vt 0.990741 0.041667
vt 0.990741 0.062500
vt 0.990741 0.083333
vt 0.990741 0.104167
vt 0.990741 0.125000
vt 0.990741 0.145833
vt 0.990741 0.166667
vt 0.990741 0.187500
vt 0.990741 0.208333
vt 0.990741 0.250000
vt 0.990741 0.270833
vt 0.990741 0.291667
vt 0.990741 0.312500
vt 0.990741 0.333333
vt 0.990741 0.354167
vt 0.990741 0.375000
vt 0.990741 0.395833
vt 0.990741 0.416667
vt 0.990741 0.437500
vt 0.990741 0.458333
vt 0.990741 0.479167
vt 0.990741 0.500000
vt 0.990741 0.520833
vt 0.990741 0.541667
vt 0.990741 0.562500
vt 0.990741 0.583333
vt 0.990741 0.604167
vt 0.990741 0.625000
vt 0.990741 0.645833
vt 0.990741 0.666667
vt 0.990741 0.687500
vt 0.990741 0.708333
vt 0.990741 0.729167
vt 0.990741 0.750000
vt 0.990741 0.770833
vt 0.990741 0.791667
vt 0.990741 0.812500
vt 0.990741 0.833333
vt 0.990741 0.854167
vt 0.990741 0.875000
vt 0.990741 0.895833
vt 0.990741 0.916667
vt 0.990741 0.937500
vt 0.990741 0.979167
vt 1.000000 0.979167
vt 1.000000 0.000000
vt 0.990741 0.000000
vt 1.000000 0.020833
vt 1.000000 0.041667
vt 1.000000 0.062500
vt 1.000000 0.083333
vt 1.000000 0.104167
vt 1.000000 0.125000
vt 1.000000 0.145833
vt 1.000000 0.166667
vt 1.000000 0.187500
vt 0.990741 0.229167
vt 1.000000 0.208333
vt 1.000000 0.229167
vt 1.000000 0.250000
vt 1.000000 0.270833
vt 1.000000 0.291667
vt 1.000000 0.312500
vt 1.000000 0.333333
vt 1.000000 0.354167
vt 1.000000 0.375000
vt 1.000000 0.395833
vt 1.000000 0.416667
vt 1.000000 0.437500
vt 1.000000 0.458333
vt 1.000000 0.500000
vt 1.000000 0.520833
vt 1.000000 0.541667
vt 1.000000 0.562500
vt 1.000000 0.583333
vt 1.000000 0.604167
vt 1.000000 0.625000
vt 1.000000 0.645833
vt 1.000000 0.666667
vt 1.000000 0.687500
vt 1.000000 0.708333
vt 1.000000 0.729167
vt 1.000000 0.750000
vt 1.000000 0.770833
vt 1.000000 0.791667
vt 1.000000 0.812500
vt 1.000000 0.833333
vt 1.000000 0.854167
vt 1.000000 0.875000
vt 1.000000 0.895833
vt 1.000000 0.916667
vt 1.000000 0.937500
vt 1.000000 0.958333
vt 0.990741 0.958333
vt 1.000000 1.000000
vt 1.000000 0.479167
s 1
usemtl Material.012
f 49/1/49 48/2/48 1/3/1
f 50/4/50 1/5/1 2/6/2
f 51/7/51 2/6/2 3/8/3
f 4/9/4 51/7/51 3/8/3
f 5/10/5 52/11/52 4/9/4
f 6/12/6 53/13/53 5/10/5
f 7/14/7 54/15/54 6/12/6
f 8/16/8 55/17/55 7/14/7
f 9/18/9 56/19/56 8/16/8
f 10/20/10 57/21/57 9/18/9
f 11/22/11 58/23/58 10/20/10
f 12/24/12 59/25/59 11/22/11
f 13/26/13 60/27/60 12/24/12
f 14/28/14 61/29/61 13/26/13
f 15/30/15 62/31/62 14/28/14
f 16/32/16 63/33/63 15/30/15
f 17/34/17 64/35/64 16/32/16
f 18/36/18 65/37/65 17/34/17
f 19/38/19 66/39/66 18/36/18
f 20/40/20 67/41/67 19/38/19
f 21/42/21 68/43/68 20/40/20
f 22/44/22 69/45/69 21/42/21
f 23/46/23 70/47/70 22/44/22
f 24/48/24 71/49/71 23/46/23
f 25/50/25 72/51/72 24/48/24
f 26/52/26 73/53/73 25/50/25
f 27/54/27 74/55/74 26/52/26
f 76/56/76 27/54/27 28/57/28
f 77/58/77 28/57/28 29/59/29
f 78/60/78 29/59/29 30/61/30
f 79/62/79 30/61/30 31/63/31
f 80/64/80 31/63/31 32/65/32
f 81/66/81 32/65/32 33/67/33
f 82/68/82 33/67/33 34/69/34
f 83/70/83 34/69/34 35/71/35
f 84/72/84 35/71/35 36/73/36
f 85/74/85 36/73/36 37/75/37
f 86/76/86 37/75/37 38/77/38
f 87/78/87 38/77/38 39/79/39
f 88/80/88 39/79/39 40/81/40
f 89/82/89 40/81/40 41/83/41
f 90/84/90 41/83/41 42/85/42
f 91/86/91 42/85/42 43/87/43
f 92/88/92 43/87/43 44/89/44
f 93/90/93 44/89/44 45/91/45
f 94/92/94 45/91/45 46/93/46
f 95/94/95 46/93/46 47/95/47
f 96/96/96 47/95/47 48/2/48
f 97/97/97 96/96/96 49/1/49
f 98/98/98 49/99/49 50/4/50
f 99/100/99 50/4/50 51/7/51
f 52/11/52 99/100/99 51/7/51
f 53/13/53 100/101/100 52/11/52
f 54/15/54 101/102/101 53/13/53
f 55/17/55 102/103/102 54/15/54
f 56/19/56 103/104/103 55/17/55
f 57/21/57 104/105/104 56/19/56
f 58/23/58 105/106/105 57/21/57
f 59/25/59 106/107/106 58/23/58
f 60/27/60 107/108/107 59/25/59
f 61/29/61 108/109/108 60/27/60
f 62/31/62 109/110/109 61/29/61
f 63/33/63 110/111/110 62/31/62
f 64/35/64 111/112/111 63/33/63
f 65/37/65 112/113/112 64/35/64
f 66/39/66 113/114/113 65/37/65
f 67/41/67 114/115/114 66/39/66
f 68/43/68 115/116/115 67/41/67
f 69/45/69 116/117/116 68/43/68
f 70/47/70 117/118/117 69/45/69
f 71/49/71 118/119/118 70/47/70
f 72/51/72 119/120/119 71/49/71
f 73/53/73 120/121/120 72/51/72
f 74/55/74 121/122/121 73/53/73
f 75/123/75 122/124/122 74/55/74
f 124/125/124 75/123/75 76/56/76
f 125/126/125 76/56/76 77/58/77
f 126/127/126 77/58/77 78/60/78
f 127/128/127 78/60/78 79/62/79
f 128/129/128 79/62/79 80/64/80
f 129/130/129 80/64/80 81/66/81
f 130/131/130 81/66/81 82/68/82
f 131/132/131 82/68/82 83/70/83
f 132/133/132 83/70/83 84/72/84
f 133/134/133 84/72/84 85/74/85
f 134/135/134 85/74/85 86/76/86
f 135/136/135 86/76/86 87/78/87
f 136/137/136 87/78/87 88/80/88
f 137/138/137 88/80/88 89/82/89
f 138/139/138 89/82/89 90/84/90
f 139/140/139 90/84/90 91/86/91
f 140/141/140 91/86/91 92/88/92
f 141/142/141 92/88/92 93/90/93
f 142/143/142 93/90/93 94/92/94
f 143/144/143 94/92/94 95/94/95
f 144/145/144 95/94/95 96/96/96
f 145/146/145 144/145/144 97/97/97
f 146/147/146 97/148/97 98/98/98
f 147/149/147 98/98/98 99/100/99
f 100/101/100 147/149/147 99/100/99
f 101/102/101 148/150/148 100/101/100
f 102/103/102 149/151/149 101/102/101
f 103/104/103 150/152/150 102/103/102
f 104/105/104 151/153/151 103/104/103
f 105/106/105 152/154/152 104/105/104
f 106/107/106 153/155/153 105/106/105
f 107/108/107 154/156/154 106/107/106
f 108/109/108 155/157/155 107/108/107
f 109/110/109 156/158/156 108/109/108
f 110/111/110 157/159/157 109/110/109
f 111/112/111 158/160/158 110/111/110
f 112/113/112 159/161/159 111/112/111
f 113/114/113 160/162/160 112/113/112
f 114/115/114 161/163/161 113/114/113
f 115/116/115 162/164/162 114/115/114
f 116/117/116 163/165/163 115/116/115
f 117/118/117 164/166/164 116/117/116
f 118/119/118 165/167/165 117/118/117
f 119/120/119 166/168/166 118/119/118
f 120/121/120 167/169/167 119/120/119
f 121/122/121 168/170/168 120/121/120
f 122/124/122 169/171/169 121/122/121
f 123/172/123 170/173/170 122/124/122
f 172/174/172 123/172/123 124/125/124
f 173/175/173 124/125/124 125/126/125
f 174/176/174 125/126/125 126/127/126
f 175/177/175 126/127/126 127/128/127
f 176/178/176 127/128/127 128/129/128
f 177/179/177 128/129/128 129/130/129
f 178/180/178 129/130/129 130/131/130
f 179/181/179 130/131/130 131/132/131
f 180/182/180 131/132/131 132/133/132
f 181/183/181 132/133/132 133/134/133
f 182/184/182 133/134/133 134/135/134
f 183/185/183 134/135/134 135/136/135
f 184/186/184 135/136/135 136/137/136
f 185/187/185 136/137/136 137/138/137
f 186/188/186 137/138/137 138/139/138
f 187/189/187 138/139/138 139/140/139
f 188/190/188 139/140/139 140/141/140
f 189/191/189 140/141/140 141/142/141
f 190/192/190 141/142/141 142/143/142
f 191/193/191 142/143/142 143/144/143
f 192/194/192 143/144/143 144/145/144
f 193/195/193 192/194/192 145/146/145
f 194/196/194 145/197/145 146/147/146
f 195/198/195 146/147/146 147/149/147
f 148/150/148 195/198/195 147/149/147
f 149/151/149 196/199/196 148/150/148
f 150/152/150 197/200/197 149/151/149
f 151/153/151 198/201/198 150/152/150
f 152/154/152 199/202/199 151/153/151
f 153/155/153 200/203/200 152/154/152
f 154/156/154 201/204/201 153/155/153
f 155/157/155 202/205/202 154/156/154
f 156/158/156 203/206/203 155/157/155
f 157/159/157 204/207/204 156/158/156
f 158/160/158 205/208/205 157/159/157
f 159/161/159 206/209/206 158/160/158
f 160/162/160 207/210/207 159/161/159
f 161/163/161 208/211/208 160/162/160
f 162/164/162 209/212/209 161/163/161
f 163/165/163 210/213/210 162/164/162
f 164/166/164 211/214/211 163/165/163
f 165/167/165 212/215/212 164/166/164
f 166/168/166 213/216/213 165/167/165
f 167/169/167 214/217/214 166/168/166
f 168/170/168 215/218/215 167/169/167
f 169/171/169 216/219/216 168/170/168
f 170/173/170 217/220/217 169/171/169
f 171/221/171 218/222/218 170/173/170
f 220/223/220 171/221/171 172/174/172
f 221/224/221 172/174/172 173/175/173
f 222/225/222 173/175/173 174/176/174
f 223/226/223 174/176/174 175/177/175
f 224/227/224 175/177/175 176/178/176
f 225/228/225 176/178/176 177/179/177
f 226/229/226 177/179/177 178/180/178
f 227/230/227 178/180/178 179/181/179
f 228/231/228 179/181/179 180/182/180
f 229/232/229 180/182/180 181/183/181
f 230/233/230 181/183/181 182/184/182
f 231/234/231 182/184/182 183/185/183
f 232/235/232 183/185/183 184/186/184
f 233/236/233 184/186/184 185/187/185
f 234/237/234 185/187/185 186/188/186
f 235/238/235 186/188/186 187/189/187
f 236/239/236 187/189/187 188/190/188
f 237/240/237 188/190/188 189/191/189
f 238/241/238 189/191/189 190/192/190
f 239/242/239 190/192/190 191/193/191
f 240/243/240 191/193/191 192/194/192
f 241/244/241 240/243/240 193/195/193
f 242/245/242 193/246/193 194/196/194
f 243/247/243 194/196/194 195/198/195
f 196/199/196 243/247/243 195/198/195
f 197/200/197 244/248/244 196/199/196
f 198/201/198 245/249/245 197/200/197
f 199/202/199 246/250/246 198/201/198
f 200/203/200 247/251/247 199/202/199
f 201/204/201 248/252/248 200/203/200
f 202/205/202 249/253/249 201/204/201
f 203/206/203 250/254/250 202/205/202
f 204/207/204 251/255/251 203/206/203
f 205/208/205 252/256/252 204/207/204
f 206/209/206 253/257/253 205/208/205
f 207/210/207 254/258/254 206/209/206
f 208/211/208 255/259/255 207/210/207
f 209/212/209 256/260/256 208/211/208
f 210/213/210 257/261/257 209/212/209
f 211/214/211 258/262/258 210/213/210
f 212/215/212 259/263/259 211/214/211
f 213/216/213 260/264/260 212/215/212
f 214/217/214 261/265/261 213/216/213
f 215/218/215 262/266/262 214/217/214
f 216/219/216 263/267/263 215/218/215
f 217/220/217 264/268/264 216/219/216
f 218/222/218 265/269/265 217/220/217
f 219/270/219 266/271/266 218/222/218
f 268/272/268 219/270/219 220/223/220
f 269/273/269 220/223/220 221/224/221
f 270/274/270 221/224/221 222/225/222
f 271/275/271 222/225/222 223/226/223
f 272/276/272 223/226/223 224/227/224
f 273/277/273 224/227/224 225/228/225
f 274/278/274 225/228/225 226/229/226
f 275/279/275 226/229/226 227/230/227
f 276/280/276 227/230/227 228/231/228
f 277/281/277 228/231/228 229/232/229
f 278/282/278 229/232/229 230/233/230
f 279/283/279 230/233/230 231/234/231
f 280/284/280 231/234/231 232/235/232
f 281/285/281 232/235/232 233/236/233
f 282/286/282 233/236/233 234/237/234
f 283/287/283 234/237/234 235/238/235
f 284/288/284 235/238/235 236/239/236
f 285/289/285 236/239/236 237/240/237
f 286/290/286 237/240/237 238/241/238
f 287/291/287 238/241/238 239/242/239
f 288/292/288 239/242/239 240/243/240
f 289/293/289 288/292/288 241/244/241
f 290/294/290 241/295/241 242/245/242
f 243/247/243 290/294/290 242/245/242
f 244/248/244 291/296/291 243/247/243
f 245/249/245 292/297/292 244/248/244
f 246/250/246 293/298/293 245/249/245
f 247/251/247 294/299/294 246/250/246
f 248/252/248 295/300/295 247/251/247
f 249/253/249 296/301/296 248/252/248
f 250/254/250 297/302/297 249/253/249
f 251/255/251 298/303/298 250/254/250
f 252/256/252 299/304/299 251/255/251
f 253/257/253 300/305/300 252/256/252
f 254/258/254 301/306/301 253/257/253
f 255/259/255 302/307/302 254/258/254
f 256/260/256 303/308/303 255/259/255
f 257/261/257 304/309/304 256/260/256
f 258/262/258 305/310/305 257/261/257
f 259/263/259 306/311/306 258/262/258
f 260/264/260 307/312/307 259/263/259
f 261/265/261 308/313/308 260/264/260
f 262/266/262 309/314/309 261/265/261
f 263/267/263 310/315/310 262/266/262
f 264/268/264 311/316/311 263/267/263
f 265/269/265 312/317/312 264/268/264
f 266/271/266 313/318/313 265/269/265
f 315/319/315 266/271/266 267/320/267
f 316/321/316 267/320/267 268/272/268
f 317/322/317 268/272/268 269/273/269
f 318/323/318 269/273/269 270/274/270
f 319/324/319 270/274/270 271/275/271
f 320/325/320 271/275/271 272/276/272
f 321/326/321 272/276/272 273/277/273
f 322/327/322 273/277/273 274/278/274
f 323/328/323 274/278/274 275/279/275
f 324/329/324 275/279/275 276/280/276
f 325/330/325 276/280/276 277/281/277
f 326/331/326 277/281/277 278/282/278
f 327/332/327 278/282/278 279/283/279
f 328/333/328 279/283/279 280/284/280
f 329/334/329 280/284/280 281/285/281
f 330/335/330 281/285/281 282/286/282
f 331/336/331 282/286/282 283/287/283
f 332/337/332 283/287/283 284/288/284
f 333/338/333 284/288/284 285/289/285
f 334/339/334 285/289/285 286/290/286
f 335/340/335 286/290/286 287/291/287
f 336/341/336 287/291/287 288/292/288
f 289/293/289 384/342/384 336/341/336
f 290/294/290 337/343/337 289/344/289
f 291/296/291 338/345/338 290/294/290
f 292/297/292 339/346/339 291/296/291
f 341/347/341 292/297/292 293/298/293
f 342/348/342 293/298/293 294/299/294
f 343/349/343 294/299/294 295/300/295
f 344/350/344 295/300/295 296/301/296
f 345/351/345 296/301/296 297/302/297
f 346/352/346 297/302/297 298/303/298
f 347/353/347 298/303/298 299/304/299
f 348/354/348 299/304/299 300/305/300
f 349/355/349 300/305/300 301/306/301
f 350/356/350 301/306/301 302/307/302
f 351/357/351 302/307/302 303/308/303
f 352/358/352 303/308/303 304/309/304
f 353/359/353 304/309/304 305/310/305
f 354/360/354 305/310/305 306/311/306
f 355/361/355 306/311/306 307/312/307
f 356/362/356 307/312/307 308/313/308
f 357/363/357 308/313/308 309/314/309
f 358/364/358 309/314/309 310/315/310
f 359/365/359 310/315/310 311/316/311
f 360/366/360 311/316/311 312/317/312
f 361/367/361 312/317/312 313/318/313
f 362/368/362 313/318/313 314/369/314
f 363/370/363 314/369/314 315/319/315
f 364/371/364 315/319/315 316/321/316
f 317/322/317 364/371/364 316/321/316
f 318/323/318 365/372/365 317/322/317
f 319/324/319 366/373/366 318/323/318
f 320/325/320 367/374/367 319/324/319
f 321/326/321 368/375/368 320/325/320
f 322/327/322 369/376/369 321/326/321
f 323/328/323 370/377/370 322/327/322
f 324/329/324 371/378/371 323/328/323
f 325/330/325 372/379/372 324/329/324
f 326/331/326 373/380/373 325/330/325
f 327/332/327 374/381/374 326/331/326
f 328/333/328 375/382/375 327/332/327
f 329/334/329 376/383/376 328/333/328
f 330/335/330 377/384/377 329/334/329
f 331/336/331 378/385/378 330/335/330
f 332/337/332 379/386/379 331/336/331
f 333/338/333 380/387/380 332/337/332
f 334/339/334 381/388/381 333/338/333
f 335/340/335 382/389/382 334/339/334
f 336/341/336 383/390/383 335/340/335
f 337/391/337 432/392/432 384/342/384
f 338/345/338 385/393/385 337/343/337
f 339/346/339 386/394/386 338/345/338
f 388/395/388 339/346/339 340/396/340
f 389/397/389 340/396/340 341/347/341
f 390/398/390 341/347/341 342/348/342
f 391/399/391 342/348/342 343/349/343
f 392/400/392 343/349/343 344/350/344
f 393/401/393 344/350/344 345/351/345
f 394/402/394 345/351/345 346/352/346
f 395/403/395 346/352/346 347/353/347
f 396/404/396 347/353/347 348/354/348
f 397/405/397 348/354/348 349/355/349
f 398/406/398 349/355/349 350/356/350
f 399/407/399 350/356/350 351/357/351
f 400/408/400 351/357/351 352/358/352
f 401/409/401 352/358/352 353/359/353
f 402/410/402 353/359/353 354/360/354
f 403/411/403 354/360/354 355/361/355
f 404/412/404 355/361/355 356/362/356
f 405/413/405 356/362/356 357/363/357
f 406/414/406 357/363/357 358/364/358
f 407/415/407 358/364/358 359/365/359
f 408/416/408 359/365/359 360/366/360
f 409/417/409 360/366/360 361/367/361
f 410/418/410 361/367/361 362/368/362
f 411/419/411 362/368/362 363/370/363
f 364/371/364 411/419/411 363/370/363
f 365/372/365 412/420/412 364/371/364
f 366/373/366 413/421/413 365/372/365
f 367/374/367 414/422/414 366/373/366
f 368/375/368 415/423/415 367/374/367
f 369/376/369 416/424/416 368/375/368
f 370/377/370 417/425/417 369/376/369
f 371/378/371 418/426/418 370/377/370
f 372/379/372 419/427/419 371/378/371
f 373/380/373 420/428/420 372/379/372
f 374/381/374 421/429/421 373/380/373
f 375/382/375 422/430/422 374/381/374
f 376/383/376 423/431/423 375/382/375
f 377/384/377 424/432/424 376/383/376
f 378/385/378 425/433/425 377/384/377
f 379/386/379 426/434/426 378/385/378
f 380/387/380 427/435/427 379/386/379
f 381/388/381 428/436/428 380/387/380
f 382/389/382 429/437/429 381/388/381
f 383/390/383 430/438/430 382/389/382
f 384/342/384 431/439/431 383/390/383
f 385/440/385 480/441/480 432/392/432
f 386/394/386 433/442/433 385/393/385
f 387/443/387 434/444/434 386/394/386
f 436/445/436 387/443/387 388/395/388
f 437/446/437 388/395/388 389/397/389
f 438/447/438 389/397/389 390/398/390
f 439/448/439 390/398/390 391/399/391
f 440/449/440 391/399/391 392/400/392
f 441/450/441 392/400/392 393/401/393
f 442/451/442 393/401/393 394/402/394
f 443/452/443 394/402/394 395/403/395
f 444/453/444 395/403/395 396/404/396
f 445/454/445 396/404/396 397/405/397
f 446/455/446 397/405/397 398/406/398
f 447/456/447 398/406/398 399/407/399
f 448/457/448 399/407/399 400/408/400
f 449/458/449 400/408/400 401/409/401
f 450/459/450 401/409/401 402/410/402
f 451/460/451 402/410/402 403/411/403
f 452/461/452 403/411/403 404/412/404
f 453/462/453 404/412/404 405/413/405
f 454/463/454 405/413/405 406/414/406
f 455/464/455 406/414/406 407/415/407
f 456/465/456 407/415/407 408/416/408
f 457/466/457 408/416/408 409/417/409
f 458/467/458 409/417/409 410/418/410
f 459/468/459 410/418/410 411/419/411
f 412/420/412 459/468/459 411/419/411
f 413/421/413 460/469/460 412/420/412
f 414/422/414 461/470/461 413/421/413
f 415/423/415 462/471/462 414/422/414
f 416/424/416 463/472/463 415/423/415
f 417/425/417 464/473/464 416/424/416
f 418/426/418 465/474/465 417/425/417
f 419/427/419 466/475/466 418/426/418
f 420/428/420 467/476/467 419/427/419
f 421/429/421 468/477/468 420/428/420
f 422/430/422 469/478/469 421/429/421
f 423/431/423 470/479/470 422/430/422
f 424/432/424 471/480/471 423/431/423
f 425/433/425 472/481/472 424/432/424
f 426/434/426 473/482/473 425/433/425
f 427/435/427 474/483/474 426/434/426
f 428/436/428 475/484/475 427/435/427
f 429/437/429 476/485/476 428/436/428
f 430/438/430 477/486/477 429/437/429
f 431/439/431 478/487/478 430/438/430
f 432/392/432 479/488/479 431/439/431
f 433/489/433 528/490/528 480/441/480
f 434/444/434 481/491/481 433/442/433
f 435/492/435 482/493/482 434/444/434
f 484/494/484 435/492/435 436/445/436
f 485/495/485 436/445/436 437/446/437
f 486/496/486 437/446/437 438/447/438
f 487/497/487 438/447/438 439/448/439
f 488/498/488 439/448/439 440/449/440
f 489/499/489 440/449/440 441/450/441
f 490/500/490 441/450/441 442/451/442
f 491/501/491 442/451/442 443/452/443
f 492/502/492 443/452/443 444/453/444
f 493/503/493 444/453/444 445/454/445
f 494/504/494 445/454/445 446/455/446
f 495/505/495 446/455/446 447/456/447
f 496/506/496 447/456/447 448/457/448
f 497/507/497 448/457/448 449/458/449
f 498/508/498 449/458/449 450/459/450
f 499/509/499 450/459/450 451/460/451
f 500/510/500 451/460/451 452/461/452
f 501/511/501 452/461/452 453/462/453
f 502/512/502 453/462/453 454/463/454
f 503/513/503 454/463/454 455/464/455
f 504/514/504 455/464/455 456/465/456
f 505/515/505 456/465/456 457/466/457
f 506/516/506 457/466/457 458/467/458
f 507/517/507 458/467/458 459/468/459
f 460/469/460 507/517/507 459/468/459
f 461/470/461 508/518/508 460/469/460
f 462/471/462 509/519/509 461/470/461
f 463/472/463 510/520/510 462/471/462
f 464/473/464 511/521/511 463/472/463
f 465/474/465 512/522/512 464/473/464
f 466/475/466 513/523/513 465/474/465
f 467/476/467 514/524/514 466/475/466
f 468/477/468 515/525/515 467/476/467
f 469/478/469 516/526/516 468/477/468
f 470/479/470 517/527/517 469/478/469
f 471/480/471 518/528/518 470/479/470
f 472/481/472 519/529/519 471/480/471
f 473/482/473 520/530/520 472/481/472
f 474/483/474 521/531/521 473/482/473
f 475/484/475 522/532/522 474/483/474
f 476/485/476 523/533/523 475/484/475
f 477/486/477 524/534/524 476/485/476
f 478/487/478 525/535/525 477/486/477
f 479/488/479 526/536/526 478/487/478
f 480/441/480 527/537/527 479/488/479
f 481/538/481 576/539/576 528/490/528
f 482/493/482 529/540/529 481/491/481
f 483/541/483 530/542/530 482/493/482
f 532/543/532 483/541/483 484/494/484
f 533/544/533 484/494/484 485/495/485
f 534/545/534 485/495/485 486/496/486
f 535/546/535 486/496/486 487/497/487
f 536/547/536 487/497/487 488/498/488
f 537/548/537 488/498/488 489/499/489
f 538/549/538 489/499/489 490/500/490
f 539/550/539 490/500/490 491/501/491
f 540/551/540 491/501/491 492/502/492
f 541/552/541 492/502/492 493/503/493
f 542/553/542 493/503/493 494/504/494
f 543/554/543 494/504/494 495/505/495
f 544/555/544 495/505/495 496/506/496
f 545/556/545 496/506/496 497/507/497
f 546/557/546 497/507/497 498/508/498
f 547/558/547 498/508/498 499/509/499
f 548/559/548 499/509/499 500/510/500
f 549/560/549 500/510/500 501/511/501
f 550/561/550 501/511/501 502/512/502
f 551/562/551 502/512/502 503/513/503
f 552/563/552 503/513/503 504/514/504
f 553/564/553 504/514/504 505/515/505
f 554/565/554 505/515/505 506/516/506
f 555/566/555 506/516/506 507/517/507
f 508/518/508 555/566/555 507/517/507
f 509/519/509 556/567/556 508/518/508
f 510/520/510 557/568/557 509/519/509
f 511/521/511 558/569/558 510/520/510
f 512/522/512 559/570/559 511/521/511
f 513/523/513 560/571/560 512/522/512
f 514/524/514 561/572/561 513/523/513
f 515/525/515 562/573/562 514/524/514
f 516/526/516 563/574/563 515/525/515
f 517/527/517 564/575/564 516/526/516
f 518/528/518 565/576/565 517/527/517
f 519/529/519 566/577/566 518/528/518
f 520/530/520 567/578/567 519/529/519
f 521/531/521 568/579/568 520/530/520
f 522/532/522 569/580/569 521/531/521
f 523/533/523 570/581/570 522/532/522
f 524/534/524 571/582/571 523/533/523
f 525/535/525 572/583/572 524/534/524
f 526/536/526 573/584/573 525/535/525
f 527/537/527 574/585/574 526/536/526
f 528/490/528 575/586/575 527/537/527
f 529/587/529 624/588/624 576/539/576
f 530/542/530 577/589/577 529/540/529
f 531/590/531 578/591/578 530/542/530
f 532/543/532 579/592/579 531/590/531
f 533/544/533 580/593/580 532/543/532
f 534/545/534 581/594/581 533/544/533
f 535/546/535 582/595/582 534/545/534
f 536/547/536 583/596/583 535/546/535
f 537/548/537 584/597/584 536/547/536
f 538/549/538 585/598/585 537/548/537
f 539/550/539 586/599/586 538/549/538
f 540/551/540 587/600/587 539/550/539
f 541/552/541 588/601/588 540/551/540
f 542/553/542 589/602/589 541/552/541
f 543/554/543 590/603/590 542/553/542
f 544/555/544 591/604/591 543/554/543
f 545/556/545 592/605/592 544/555/544
f 546/557/546 593/606/593 545/556/545
f 547/558/547 594/607/594 546/557/546
f 548/559/548 595/608/595 547/558/547
f 549/560/549 596/609/596 548/559/548
f 598/610/598 549/560/549 550/561/550
f 599/611/599 550/561/550 551/562/551
f 600/612/600 551/562/551 552/563/552
f 601/613/601 552/563/552 553/564/553
f 602/614/602 553/564/553 554/565/554
f 603/615/603 554/565/554 555/566/555
f 604/616/604 555/566/555 556/567/556
f 605/617/605 556/567/556 557/568/557
f 606/618/606 557/568/557 558/569/558
f 607/619/607 558/569/558 559/570/559
f 608/620/608 559/570/559 560/571/560
f 609/621/609 560/571/560 561/572/561
f 610/622/610 561/572/561 562/573/562
f 611/623/611 562/573/562 563/574/563
f 612/624/612 563/574/563 564/575/564
f 613/625/613 564/575/564 565/576/565
f 614/626/614 565/576/565 566/577/566
f 615/627/615 566/577/566 567/578/567
f 616/628/616 567/578/567 568/579/568
f 617/629/617 568/579/568 569/580/569
f 618/630/618 569/580/569 570/581/570
f 619/631/619 570/581/570 571/582/571
f 620/632/620 571/582/571 572/583/572
f 621/633/621 572/583/572 573/584/573
f 574/585/574 621/633/621 573/584/573
f 575/586/575 622/634/622 574/585/574
f 576/539/576 623/635/623 575/586/575
f 577/636/577 672/637/672 624/588/624
f 578/591/578 625/638/625 577/589/577
f 579/592/579 626/639/626 578/591/578
f 580/593/580 627/640/627 579/592/579
f 581/594/581 628/641/628 580/593/580
f 582/595/582 629/642/629 581/594/581
f 583/596/583 630/643/630 582/595/582
f 584/597/584 631/644/631 583/596/583
f 585/598/585 632/645/632 584/597/584
f 586/599/586 633/646/633 585/598/585
f 587/600/587 634/647/634 586/599/586
f 588/601/588 635/648/635 587/600/587
f 589/602/589 636/649/636 588/601/588
f 590/603/590 637/650/637 589/602/589
f 591/604/591 638/651/638 590/603/590
f 592/605/592 639/652/639 591/604/591
f 593/606/593 640/653/640 592/605/592
f 594/607/594 641/654/641 593/606/593
f 595/608/595 642/655/642 594/607/594
f 596/609/596 643/656/643 595/608/595
f 597/657/597 644/658/644 596/609/596
f 598/610/598 645/659/645 597/657/597
f 599/611/599 646/660/646 598/610/598
f 648/661/648 599/611/599 600/612/600
f 649/662/649 600/612/600 601/613/601
f 650/663/650 601/613/601 602/614/602
f 651/664/651 602/614/602 603/615/603
f 652/665/652 603/615/603 604/616/604
f 653/666/653 604/616/604 605/617/605
f 654/667/654 605/617/605 606/618/606
f 655/668/655 606/618/606 607/619/607
f 656/669/656 607/619/607 608/620/608
f 657/670/657 608/620/608 609/621/609
f 658/671/658 609/621/609 610/622/610
f 659/672/659 610/622/610 611/623/611
f 660/673/660 611/623/611 612/624/612
f 661/674/661 612/624/612 613/625/613
f 662/675/662 613/625/613 614/626/614
f 663/676/663 614/626/614 615/627/615
f 664/677/664 615/627/615 616/628/616
f 665/678/665 616/628/616 617/629/617
f 666/679/666 617/629/617 618/630/618
f 667/680/667 618/630/618 619/631/619
f 668/681/668 619/631/619 620/632/620
f 669/682/669 620/632/620 621/633/621
f 670/683/670 621/633/621 622/634/622
f 671/684/671 622/634/622 623/635/623
f 624/588/624 671/684/671 623/635/623
f 673/685/673 672/637/672 625/686/625
f 674/687/674 625/638/625 626/639/626
f 675/688/675 626/639/626 627/640/627
f 676/689/676 627/640/627 628/641/628
f 677/690/677 628/641/628 629/642/629
f 678/691/678 629/642/629 630/643/630
f 679/692/679 630/643/630 631/644/631
f 680/693/680 631/644/631 632/645/632
f 681/694/681 632/645/632 633/646/633
f 682/695/682 633/646/633 634/647/634
f 683/696/683 634/647/634 635/648/635
f 684/697/684 635/648/635 636/649/636
f 685/698/685 636/649/636 637/650/637
f 686/699/686 637/650/637 638/651/638
f 687/700/687 638/651/638 639/652/639
f 688/701/688 639/652/639 640/653/640
f 641/654/641 688/701/688 640/653/640
f 642/655/642 689/702/689 641/654/641
f 643/656/643 690/703/690 642/655/642
f 644/658/644 691/704/691 643/656/643
f 645/659/645 692/705/692 644/658/644
f 646/660/646 693/706/693 645/659/645
f 647/707/647 694/708/694 646/660/646
f 648/661/648 695/709/695 647/707/647
f 649/662/649 696/710/696 648/661/648
f 650/663/650 697/711/697 649/662/649
f 651/664/651 698/712/698 650/663/650
f 652/665/652 699/713/699 651/664/651
f 653/666/653 700/714/700 652/665/652
f 654/667/654 701/715/701 653/666/653
f 655/668/655 702/716/702 654/667/654
f 656/669/656 703/717/703 655/668/655
f 657/670/657 704/718/704 656/669/656
f 658/671/658 705/719/705 657/670/657
f 659/672/659 706/720/706 658/671/658
f 660/673/660 707/721/707 659/672/659
f 661/674/661 708/722/708 660/673/660
f 662/675/662 709/723/709 661/674/661
f 663/676/663 710/724/710 662/675/662
f 664/677/664 711/725/711 663/676/663
f 713/726/713 664/677/664 665/678/665
f 714/727/714 665/678/665 666/679/666
f 715/728/715 666/679/666 667/680/667
f 716/729/716 667/680/667 668/681/668
f 717/730/717 668/681/668 669/682/669
f 718/731/718 669/682/669 670/683/670
f 719/732/719 670/683/670 671/684/671
f 720/733/720 671/684/671 672/637/672
f 721/734/721 720/733/720 673/685/673
f 722/735/722 673/736/673 674/687/674
f 723/737/723 674/687/674 675/688/675
f 724/738/724 675/688/675 676/689/676
f 725/739/725 676/689/676 677/690/677
f 726/740/726 677/690/677 678/691/678
f 727/741/727 678/691/678 679/692/679
f 728/742/728 679/692/679 680/693/680
f 729/743/729 680/693/680 681/694/681
f 730/744/730 681/694/681 682/695/682
f 731/745/731 682/695/682 683/696/683
f 732/746/732 683/696/683 684/697/684
f 733/747/733 684/697/684 685/698/685
f 734/748/734 685/698/685 686/699/686
f 735/749/735 686/699/686 687/700/687
f 736/750/736 687/700/687 688/701/688
f 737/751/737 688/701/688 689/702/689
f 690/703/690 737/751/737 689/702/689
f 691/704/691 738/752/738 690/703/690
f 692/705/692 739/753/739 691/704/691
f 693/706/693 740/754/740 692/705/692
f 694/708/694 741/755/741 693/706/693
f 695/709/695 742/756/742 694/708/694
f 696/710/696 743/757/743 695/709/695
f 697/711/697 744/758/744 696/710/696
f 698/712/698 745/759/745 697/711/697
f 699/713/699 746/760/746 698/712/698
f 700/714/700 747/761/747 699/713/699
f 701/715/701 748/762/748 700/714/700
f 702/716/702 749/763/749 701/715/701
f 703/717/703 750/764/750 702/716/702
f 704/718/704 751/765/751 703/717/703
f 705/719/705 752/766/752 704/718/704
f 706/720/706 753/767/753 705/719/705
f 707/721/707 754/768/754 706/720/706
f 708/722/708 755/769/755 707/721/707
f 709/723/709 756/770/756 708/722/708
f 710/724/710 757/771/757 709/723/709
f 711/725/711 758/772/758 710/724/710
f 712/773/712 759/774/759 711/725/711
f 713/726/713 760/775/760 712/773/712
f 762/776/762 713/726/713 714/727/714
f 763/777/763 714/727/714 715/728/715
f 764/778/764 715/728/715 716/729/716
f 765/779/765 716/729/716 717/730/717
f 766/780/766 717/730/717 718/731/718
f 767/781/767 718/731/718 719/732/719
f 768/782/768 719/732/719 720/733/720
f 769/783/769 768/782/768 721/734/721
f 770/784/770 721/785/721 722/735/722
f 771/786/771 722/735/722 723/737/723
f 772/787/772 723/737/723 724/738/724
f 773/788/773 724/738/724 725/739/725
f 774/789/774 725/739/725 726/740/726
f 775/790/775 726/740/726 727/741/727
f 776/791/776 727/741/727 728/742/728
f 777/792/777 728/742/728 729/743/729
f 778/793/778 729/743/729 730/744/730
f 779/794/779 730/744/730 731/745/731
f 780/795/780 731/745/731 732/746/732
f 781/796/781 732/746/732 733/747/733
f 782/797/782 733/747/733 734/748/734
f 783/798/783 734/748/734 735/749/735
f 784/799/784 735/749/735 736/750/736
f 785/800/785 736/750/736 737/751/737
f 786/801/786 737/751/737 738/752/738
f 739/753/739 786/801/786 738/752/738
f 740/754/740 787/802/787 739/753/739
f 741/755/741 788/803/788 740/754/740
f 742/756/742 789/804/789 741/755/741
f 743/757/743 790/805/790 742/756/742
f 744/758/744 791/806/791 743/757/743
f 745/759/745 792/807/792 744/758/744
f 746/760/746 793/808/793 745/759/745
f 747/761/747 794/809/794 746/760/746
f 748/762/748 795/810/795 747/761/747
f 749/763/749 796/811/796 748/762/748
f 750/764/750 797/812/797 749/763/749
f 751/765/751 798/813/798 750/764/750
f 752/766/752 799/814/799 751/765/751
f 753/767/753 800/815/800 752/766/752
f 754/768/754 801/816/801 753/767/753
f 755/769/755 802/817/802 754/768/754
f 756/770/756 803/818/803 755/769/755
f 757/771/757 804/819/804 756/770/756
f 758/772/758 805/820/805 757/771/757
f 759/774/759 806/821/806 758/772/758
f 760/775/760 807/822/807 759/774/759
f 761/823/761 808/824/808 760/775/760
f 762/776/762 809/825/809 761/823/761
f 811/826/811 762/776/762 763/777/763
f 812/827/812 763/777/763 764/778/764
f 813/828/813 764/778/764 765/779/765
f 814/829/814 765/779/765 766/780/766
f 815/830/815 766/780/766 767/781/767
f 816/831/816 767/781/767 768/782/768
f 817/832/817 816/831/816 769/783/769
f 818/833/818 769/834/769 770/784/770
f 819/835/819 770/784/770 771/786/771
f 820/836/820 771/786/771 772/787/772
f 821/837/821 772/787/772 773/788/773
f 822/838/822 773/788/773 774/789/774
f 823/839/823 774/789/774 775/790/775
f 824/840/824 775/790/775 776/791/776
f 825/841/825 776/791/776 777/792/777
f 826/842/826 777/792/777 778/793/778
f 827/843/827 778/793/778 779/794/779
f 828/844/828 779/794/779 780/795/780
f 829/845/829 780/795/780 781/796/781
f 830/846/830 781/796/781 782/797/782
f 831/847/831 782/797/782 783/798/783
f 832/848/832 783/798/783 784/799/784
f 833/849/833 784/799/784 785/800/785
f 786/801/786 833/849/833 785/800/785
f 787/802/787 834/850/834 786/801/786
f 788/803/788 835/851/835 787/802/787
f 789/804/789 836/852/836 788/803/788
f 790/805/790 837/853/837 789/804/789
f 791/806/791 838/854/838 790/805/790
f 792/807/792 839/855/839 791/806/791
f 793/808/793 840/856/840 792/807/792
f 794/809/794 841/857/841 793/808/793
f 795/810/795 842/858/842 794/809/794
f 796/811/796 843/859/843 795/810/795
f 797/812/797 844/860/844 796/811/796
f 798/813/798 845/861/845 797/812/797
f 799/814/799 846/862/846 798/813/798
f 800/815/800 847/863/847 799/814/799
f 801/816/801 848/864/848 800/815/800
f 802/817/802 849/865/849 801/816/801
f 803/818/803 850/866/850 802/817/802
f 804/819/804 851/867/851 803/818/803
f 805/820/805 852/868/852 804/819/804
f 806/821/806 853/869/853 805/820/805
f 807/822/807 854/870/854 806/821/806
f 808/824/808 855/871/855 807/822/807
f 809/825/809 856/872/856 808/824/808
f 858/873/858 809/825/809 810/874/810
f 859/875/859 810/874/810 811/826/811
f 860/876/860 811/826/811 812/827/812
f 861/877/861 812/827/812 813/828/813
f 862/878/862 813/828/813 814/829/814
f 863/879/863 814/829/814 815/830/815
f 864/880/864 815/830/815 816/831/816
f 865/881/865 864/880/864 817/832/817
f 866/882/866 817/883/817 818/833/818
f 867/884/867 818/833/818 819/835/819
f 868/885/868 819/835/819 820/836/820
f 869/886/869 820/836/820 821/837/821
f 870/887/870 821/837/821 822/838/822
f 871/888/871 822/838/822 823/839/823
f 872/889/872 823/839/823 824/840/824
f 873/890/873 824/840/824 825/841/825
f 874/891/874 825/841/825 826/842/826
f 875/892/875 826/842/826 827/843/827
f 876/893/876 827/843/827 828/844/828
f 877/894/877 828/844/828 829/845/829
f 878/895/878 829/845/829 830/846/830
f 879/896/879 830/846/830 831/847/831
f 880/897/880 831/847/831 832/848/832
f 833/849/833 880/897/880 832/848/832
f 834/850/834 881/898/881 833/849/833
f 835/851/835 882/899/882 834/850/834
f 836/852/836 883/900/883 835/851/835
f 837/853/837 884/901/884 836/852/836
f 838/854/838 885/902/885 837/853/837
f 839/855/839 886/903/886 838/854/838
f 840/856/840 887/904/887 839/855/839
f 841/857/841 888/905/888 840/856/840
f 842/858/842 889/906/889 841/857/841
f 843/859/843 890/907/890 842/858/842
f 844/860/844 891/908/891 843/859/843
f 845/861/845 892/909/892 844/860/844
f 846/862/846 893/910/893 845/861/845
f 847/863/847 894/911/894 846/862/846
f 848/864/848 895/912/895 847/863/847
f 849/865/849 896/913/896 848/864/848
f 850/866/850 897/914/897 849/865/849
f 851/867/851 898/915/898 850/866/850
f 852/868/852 899/916/899 851/867/851
f 853/869/853 900/917/900 852/868/852
f 854/870/854 901/918/901 853/869/853
f 855/871/855 902/919/902 854/870/854
f 856/872/856 903/920/903 855/871/855
f 905/921/905 856/872/856 857/922/857
f 906/923/906 857/922/857 858/873/858
f 907/924/907 858/873/858 859/875/859
f 908/925/908 859/875/859 860/876/860
f 909/926/909 860/876/860 861/877/861
f 910/927/910 861/877/861 862/878/862
f 911/928/911 862/878/862 863/879/863
f 912/929/912 863/879/863 864/880/864
f 913/930/913 912/929/912 865/881/865
f 914/931/914 865/932/865 866/882/866
f 915/933/915 866/882/866 867/884/867
f 916/934/916 867/884/867 868/885/868
f 917/935/917 868/885/868 869/886/869
f 918/936/918 869/886/869 870/887/870
f 919/937/919 870/887/870 871/888/871
f 920/938/920 871/888/871 872/889/872
f 921/939/921 872/889/872 873/890/873
f 922/940/922 873/890/873 874/891/874
f 923/941/923 874/891/874 875/892/875
f 924/942/924 875/892/875 876/893/876
f 925/943/925 876/893/876 877/894/877
f 926/944/926 877/894/877 878/895/878
f 927/945/927 878/895/878 879/896/879
f 880/897/880 927/945/927 879/896/879
f 881/898/881 928/946/928 880/897/880
f 882/899/882 929/947/929 881/898/881
f 883/900/883 930/948/930 882/899/882
f 884/901/884 931/949/931 883/900/883
f 885/902/885 932/950/932 884/901/884
f 886/903/886 933/951/933 885/902/885
f 887/904/887 934/952/934 886/903/886
f 888/905/888 935/953/935 887/904/887
f 889/906/889 936/954/936 888/905/888
f 890/907/890 937/955/937 889/906/889
f 891/908/891 938/956/938 890/907/890
f 892/909/892 939/957/939 891/908/891
f 893/910/893 940/958/940 892/909/892
f 894/911/894 941/959/941 893/910/893
f 895/912/895 942/960/942 894/911/894
f 896/913/896 943/961/943 895/912/895
f 897/914/897 944/962/944 896/913/896
f 898/915/898 945/963/945 897/914/897
f 899/916/899 946/964/946 898/915/898
f 900/917/900 947/965/947 899/916/899
f 901/918/901 948/966/948 900/917/900
f 902/919/902 949/967/949 901/918/901
f 903/920/903 950/968/950 902/919/902
f 952/969/952 903/920/903 904/970/904
f 953/971/953 904/970/904 905/921/905
f 954/972/954 905/921/905 906/923/906
f 955/973/955 906/923/906 907/924/907
f 956/974/956 907/924/907 908/925/908
f 957/975/957 908/925/908 909/926/909
f 958/976/958 909/926/909 910/927/910
f 959/977/959 910/927/910 911/928/911
f 960/978/960 911/928/911 912/929/912
f 961/979/961 960/978/960 913/930/913
f 962/980/962 913/981/913 914/931/914
f 963/982/963 914/931/914 915/933/915
f 964/983/964 915/933/915 916/934/916
f 965/984/965 916/934/916 917/935/917
f 966/985/966 917/935/917 918/936/918
f 967/986/967 918/936/918 919/937/919
f 968/987/968 919/937/919 920/938/920
f 969/988/969 920/938/920 921/939/921
f 970/989/970 921/939/921 922/940/922
f 971/990/971 922/940/922 923/941/923
f 972/991/972 923/941/923 924/942/924
f 973/992/973 924/942/924 925/943/925
f 974/993/974 925/943/925 926/944/926
f 927/945/927 974/993/974 926/944/926
f 928/946/928 975/994/975 927/945/927
f 929/947/929 976/995/976 928/946/928
f 930/948/930 977/996/977 929/947/929
f 931/949/931 978/997/978 930/948/930
f 932/950/932 979/998/979 931/949/931
f 933/951/933 980/999/980 932/950/932
f 934/952/934 981/1000/981 933/951/933
f 935/953/935 982/1001/982 934/952/934
f 936/954/936 983/1002/983 935/953/935
f 937/955/937 984/1003/984 936/954/936
f 938/956/938 985/1004/985 937/955/937
f 939/957/939 986/1005/986 938/956/938
f 940/958/940 987/1006/987 939/957/939
f 941/959/941 988/1007/988 940/958/940
f 942/960/942 989/1008/989 941/959/941
f 943/961/943 990/1009/990 942/960/942
f 944/962/944 991/1010/991 943/961/943
f 945/963/945 992/1011/992 944/962/944
f 946/964/946 993/1012/993 945/963/945
f 947/965/947 994/1013/994 946/964/946
f 948/966/948 995/1014/995 947/965/947
f 949/967/949 996/1015/996 948/966/948
f 950/968/950 997/1016/997 949/967/949
f 999/1017/999 950/968/950 951/1018/951
f 1000/1019/1000 951/1018/951 952/969/952
f 1001/1020/1001 952/969/952 953/971/953
f 1002/1021/1002 953/971/953 954/972/954
f 1003/1022/1003 954/972/954 955/973/955
f 1004/1023/1004 955/973/955 956/974/956
f 1005/1024/1005 956/974/956 957/975/957
f 1006/1025/1006 957/975/957 958/976/958
f 1007/1026/1007 958/976/958 959/977/959
f 1008/1027/1008 959/977/959 960/978/960
f 1009/1028/1009 1008/1027/1008 961/979/961
f 1010/1029/1010 961/1030/961 962/980/962
f 1011/1031/1011 962/980/962 963/982/963
f 1012/1032/1012 963/982/963 964/983/964
f 1013/1033/1013 964/983/964 965/984/965
f 1014/1034/1014 965/984/965 966/985/966
f 1015/1035/1015 966/985/966 967/986/967
f 1016/1036/1016 967/986/967 968/987/968
f 1017/1037/1017 968/987/968 969/988/969
f 1018/1038/1018 969/988/969 970/989/970
f 1019/1039/1019 970/989/970 971/990/971
f 1020/1040/1020 971/990/971 972/991/972
f 1021/1041/1021 972/991/972 973/992/973
f 974/993/974 1021/1041/1021 973/992/973
f 975/994/975 1022/1042/1022 974/993/974
f 976/995/976 1023/1043/1023 975/994/975
f 977/996/977 1024/1044/1024 976/995/976
f 978/997/978 1025/1045/1025 977/996/977
f 979/998/979 1026/1046/1026 978/997/978
f 980/999/980 1027/1047/1027 979/998/979
f 981/1000/981 1028/1048/1028 980/999/980
f 982/1001/982 1029/1049/1029 981/1000/981
f 983/1002/983 1030/1050/1030 982/1001/982
f 984/1003/984 1031/1051/1031 983/1002/983
f 985/1004/985 1032/1052/1032 984/1003/984
f 986/1005/986 1033/1053/1033 985/1004/985
f 987/1006/987 1034/1054/1034 986/1005/986
f 988/1007/988 1035/1055/1035 987/1006/987
f 989/1008/989 1036/1056/1036 988/1007/988
f 990/1009/990 1037/1057/1037 989/1008/989
f 991/1010/991 1038/1058/1038 990/1009/990
f 992/1011/992 1039/1059/1039 991/1010/991
f 993/1012/993 1040/1060/1040 992/1011/992
f 994/1013/994 1041/1061/1041 993/1012/993
f 995/1014/995 1042/1062/1042 994/1013/994
f 996/1015/996 1043/1063/1043 995/1014/995
f 997/1016/997 1044/1064/1044 996/1015/996
f 1046/1065/1046 997/1016/997 998/1066/998
f 1047/1067/1047 998/1066/998 999/1017/999
f 1048/1068/1048 999/1017/999 1000/1019/1000
f 1049/1069/1049 1000/1019/1000 1001/1020/1001
f 1050/1070/1050 1001/1020/1001 1002/1021/1002
f 1051/1071/1051 1002/1021/1002 1003/1022/1003
f 1052/1072/1052 1003/1022/1003 1004/1023/1004
f 1053/1073/1053 1004/1023/1004 1005/1024/1005
f 1054/1074/1054 1005/1024/1005 1006/1025/1006
f 1055/1075/1055 1006/1025/1006 1007/1026/1007
f 1056/1076/1056 1007/1026/1007 1008/1027/1008
f 1057/1077/1057 1056/1076/1056 1009/1028/1009
f 1058/1078/1058 1009/1079/1009 1010/1029/1010
f 1059/1080/1059 1010/1029/1010 1011/1031/1011
f 1060/1081/1060 1011/1031/1011 1012/1032/1012
f 1061/1082/1061 1012/1032/1012 1013/1033/1013
f 1062/1083/1062 1013/1033/1013 1014/1034/1014
f 1063/1084/1063 1014/1034/1014 1015/1035/1015
f 1064/1085/1064 1015/1035/1015 1016/1036/1016
f 1065/1086/1065 1016/1036/1016 1017/1037/1017
f 1066/1087/1066 1017/1037/1017 1018/1038/1018
f 1067/1088/1067 1018/1038/1018 1019/1039/1019
f 1068/1089/1068 1019/1039/1019 1020/1040/1020
f 1069/1090/1069 1020/1040/1020 1021/1041/1021
f 1022/1042/1022 1069/1090/1069 1021/1041/1021
f 1023/1043/1023 1070/1091/1070 1022/1042/1022
f 1024/1044/1024 1071/1092/1071 1023/1043/1023
f 1025/1045/1025 1072/1093/1072 1024/1044/1024
f 1026/1046/1026 1073/1094/1073 1025/1045/1025
f 1027/1047/1027 1074/1095/1074 1026/1046/1026
f 1028/1048/1028 1075/1096/1075 1027/1047/1027
f 1029/1049/1029 1076/1097/1076 1028/1048/1028
f 1030/1050/1030 1077/1098/1077 1029/1049/1029
f 1031/1051/1031 1078/1099/1078 1030/1050/1030
f 1032/1052/1032 1079/1100/1079 1031/1051/1031
f 1033/1053/1033 1080/1101/1080 1032/1052/1032
f 1034/1054/1034 1081/1102/1081 1033/1053/1033
f 1035/1055/1035 1082/1103/1082 1034/1054/1034
f 1036/1056/1036 1083/1104/1083 1035/1055/1035
f 1037/1057/1037 1084/1105/1084 1036/1056/1036
f 1038/1058/1038 1085/1106/1085 1037/1057/1037
f 1039/1059/1039 1086/1107/1086 1038/1058/1038
f 1040/1060/1040 1087/1108/1087 1039/1059/1039
f 1041/1061/1041 1088/1109/1088 1040/1060/1040
f 1042/1062/1042 1089/1110/1089 1041/1061/1041
f 1043/1063/1043 1090/1111/1090 1042/1062/1042
f 1044/1064/1044 1091/1112/1091 1043/1063/1043
f 1045/1113/1045 1092/1114/1092 1044/1064/1044
f 1094/1115/1094 1045/1113/1045 1046/1065/1046
f 1095/1116/1095 1046/1065/1046 1047/1067/1047
f 1096/1117/1096 1047/1067/1047 1048/1068/1048
f 1097/1118/1097 1048/1068/1048 1049/1069/1049
f 1098/1119/1098 1049/1069/1049 1050/1070/1050
f 1099/1120/1099 1050/1070/1050 1051/1071/1051
f 1100/1121/1100 1051/1071/1051 1052/1072/1052
f 1101/1122/1101 1052/1072/1052 1053/1073/1053
f 1102/1123/1102 1053/1073/1053 1054/1074/1054
f 1103/1124/1103 1054/1074/1054 1055/1075/1055
f 1104/1125/1104 1055/1075/1055 1056/1076/1056
f 1105/1126/1105 1104/1125/1104 1057/1077/1057
f 1106/1127/1106 1057/1128/1057 1058/1078/1058
f 1107/1129/1107 1058/1078/1058 1059/1080/1059
f 1108/1130/1108 1059/1080/1059 1060/1081/1060
f 1109/1131/1109 1060/1081/1060 1061/1082/1061
f 1110/1132/1110 1061/1082/1061 1062/1083/1062
f 1111/1133/1111 1062/1083/1062 1063/1084/1063
f 1112/1134/1112 1063/1084/1063 1064/1085/1064
f 1113/1135/1113 1064/1085/1064 1065/1086/1065
f 1114/1136/1114 1065/1086/1065 1066/1087/1066
f 1115/1137/1115 1066/1087/1066 1067/1088/1067
f 1116/1138/1116 1067/1088/1067 1068/1089/1068
f 1117/1139/1117 1068/1089/1068 1069/1090/1069
f 1118/1140/1118 1069/1090/1069 1070/1091/1070
f 1071/1092/1071 1118/1140/1118 1070/1091/1070
f 1072/1093/1072 1119/1141/1119 1071/1092/1071
f 1073/1094/1073 1120/1142/1120 1072/1093/1072
f 1074/1095/1074 1121/1143/1121 1073/1094/1073
f 1075/1096/1075 1122/1144/1122 1074/1095/1074
f 1076/1097/1076 1123/1145/1123 1075/1096/1075
f 1077/1098/1077 1124/1146/1124 1076/1097/1076
f 1078/1099/1078 1125/1147/1125 1077/1098/1077
f 1079/1100/1079 1126/1148/1126 1078/1099/1078
f 1080/1101/1080 1127/1149/1127 1079/1100/1079
f 1081/1102/1081 1128/1150/1128 1080/1101/1080
f 1082/1103/1082 1129/1151/1129 1081/1102/1081
f 1083/1104/1083 1130/1152/1130 1082/1103/1082
f 1084/1105/1084 1131/1153/1131 1083/1104/1083
f 1085/1106/1085 1132/1154/1132 1084/1105/1084
f 1086/1107/1086 1133/1155/1133 1085/1106/1085
f 1087/1108/1087 1134/1156/1134 1086/1107/1086
f 1088/1109/1088 1135/1157/1135 1087/1108/1087
f 1089/1110/1089 1136/1158/1136 1088/1109/1088
f 1090/1111/1090 1137/1159/1137 1089/1110/1089
f 1091/1112/1091 1138/1160/1138 1090/1111/1090
f 1092/1114/1092 1139/1161/1139 1091/1112/1091
f 1093/1162/1093 1140/1163/1140 1092/1114/1092
f 1094/1115/1094 1141/1164/1141 1093/1162/1093
f 1143/1165/1143 1094/1115/1094 1095/1116/1095
f 1144/1166/1144 1095/1116/1095 1096/1117/1096
f 1145/1167/1145 1096/1117/1096 1097/1118/1097
f 1146/1168/1146 1097/1118/1097 1098/1119/1098
f 1147/1169/1147 1098/1119/1098 1099/1120/1099
f 1148/1170/1148 1099/1120/1099 1100/1121/1100
f 1149/1171/1149 1100/1121/1100 1101/1122/1101
f 1150/1172/1150 1101/1122/1101 1102/1123/1102
f 1151/1173/1151 1102/1123/1102 1103/1124/1103
f 1152/1174/1152 1103/1124/1103 1104/1125/1104
f 1105/1126/1105 1200/1175/1200 1152/1174/1152
f 1106/1127/1106 1153/1176/1153 1105/1177/1105
f 1107/1129/1107 1154/1178/1154 1106/1127/1106
f 1108/1130/1108 1155/1179/1155 1107/1129/1107
f 1109/1131/1109 1156/1180/1156 1108/1130/1108
f 1110/1132/1110 1157/1181/1157 1109/1131/1109
f 1111/1133/1111 1158/1182/1158 1110/1132/1110
f 1112/1134/1112 1159/1183/1159 1111/1133/1111
f 1113/1135/1113 1160/1184/1160 1112/1134/1112
f 1114/1136/1114 1161/1185/1161 1113/1135/1113
f 1115/1137/1115 1162/1186/1162 1114/1136/1114
f 1116/1138/1116 1163/1187/1163 1115/1137/1115
f 1117/1139/1117 1164/1188/1164 1116/1138/1116
f 1118/1140/1118 1165/1189/1165 1117/1139/1117
f 1119/1141/1119 1166/1190/1166 1118/1140/1118
f 1120/1142/1120 1167/1191/1167 1119/1141/1119
f 1169/1192/1169 1120/1142/1120 1121/1143/1121
f 1170/1193/1170 1121/1143/1121 1122/1144/1122
f 1171/1194/1171 1122/1144/1122 1123/1145/1123
f 1172/1195/1172 1123/1145/1123 1124/1146/1124
f 1173/1196/1173 1124/1146/1124 1125/1147/1125
f 1174/1197/1174 1125/1147/1125 1126/1148/1126
f 1175/1198/1175 1126/1148/1126 1127/1149/1127
f 1176/1199/1176 1127/1149/1127 1128/1150/1128
f 1177/1200/1177 1128/1150/1128 1129/1151/1129
f 1178/1201/1178 1129/1151/1129 1130/1152/1130
f 1179/1202/1179 1130/1152/1130 1131/1153/1131
f 1180/1203/1180 1131/1153/1131 1132/1154/1132
f 1181/1204/1181 1132/1154/1132 1133/1155/1133
f 1182/1205/1182 1133/1155/1133 1134/1156/1134
f 1183/1206/1183 1134/1156/1134 1135/1157/1135
f 1184/1207/1184 1135/1157/1135 1136/1158/1136
f 1185/1208/1185 1136/1158/1136 1137/1159/1137
f 1186/1209/1186 1137/1159/1137 1138/1160/1138
f 1187/1210/1187 1138/1160/1138 1139/1161/1139
f 1188/1211/1188 1139/1161/1139 1140/1163/1140
f 1189/1212/1189 1140/1163/1140 1141/1164/1141
f 1190/1213/1190 1141/1164/1141 1142/1214/1142
f 1191/1215/1191 1142/1214/1142 1143/1165/1143
f 1192/1216/1192 1143/1165/1143 1144/1166/1144
f 1145/1167/1145 1192/1216/1192 1144/1166/1144
f 1146/1168/1146 1193/1217/1193 1145/1167/1145
f 1147/1169/1147 1194/1218/1194 1146/1168/1146
f 1148/1170/1148 1195/1219/1195 1147/1169/1147
f 1149/1171/1149 1196/1220/1196 1148/1170/1148
f 1150/1172/1150 1197/1221/1197 1149/1171/1149
f 1151/1173/1151 1198/1222/1198 1150/1172/1150
f 1152/1174/1152 1199/1223/1199 1151/1173/1151
f 1153/1224/1153 1248/1225/1248 1200/1175/1200
f 1154/1178/1154 1201/1226/1201 1153/1176/1153
f 1155/1179/1155 1202/1227/1202 1154/1178/1154
f 1156/1180/1156 1203/1228/1203 1155/1179/1155
f 1157/1181/1157 1204/1229/1204 1156/1180/1156
f 1158/1182/1158 1205/1230/1205 1157/1181/1157
f 1159/1183/1159 1206/1231/1206 1158/1182/1158
f 1160/1184/1160 1207/1232/1207 1159/1183/1159
f 1161/1185/1161 1208/1233/1208 1160/1184/1160
f 1162/1186/1162 1209/1234/1209 1161/1185/1161
f 1163/1187/1163 1210/1235/1210 1162/1186/1162
f 1164/1188/1164 1211/1236/1211 1163/1187/1163
f 1165/1189/1165 1212/1237/1212 1164/1188/1164
f 1166/1190/1166 1213/1238/1213 1165/1189/1165
f 1215/1239/1215 1166/1190/1166 1167/1191/1167
f 1216/1240/1216 1167/1191/1167 1168/1241/1168
f 1217/1242/1217 1168/1241/1168 1169/1192/1169
f 1218/1243/1218 1169/1192/1169 1170/1193/1170
f 1219/1244/1219 1170/1193/1170 1171/1194/1171
f 1220/1245/1220 1171/1194/1171 1172/1195/1172
f 1221/1246/1221 1172/1195/1172 1173/1196/1173
f 1222/1247/1222 1173/1196/1173 1174/1197/1174
f 1223/1248/1223 1174/1197/1174 1175/1198/1175
f 1224/1249/1224 1175/1198/1175 1176/1199/1176
f 1225/1250/1225 1176/1199/1176 1177/1200/1177
f 1226/1251/1226 1177/1200/1177 1178/1201/1178
f 1227/1252/1227 1178/1201/1178 1179/1202/1179
f 1228/1253/1228 1179/1202/1179 1180/1203/1180
f 1229/1254/1229 1180/1203/1180 1181/1204/1181
f 1230/1255/1230 1181/1204/1181 1182/1205/1182
f 1231/1256/1231 1182/1205/1182 1183/1206/1183
f 1232/1257/1232 1183/1206/1183 1184/1207/1184
f 1233/1258/1233 1184/1207/1184 1185/1208/1185
f 1234/1259/1234 1185/1208/1185 1186/1209/1186
f 1235/1260/1235 1186/1209/1186 1187/1210/1187
f 1236/1261/1236 1187/1210/1187 1188/1211/1188
f 1237/1262/1237 1188/1211/1188 1189/1212/1189
f 1238/1263/1238 1189/1212/1189 1190/1213/1190
f 1191/1215/1191 1238/1263/1238 1190/1213/1190
f 1192/1216/1192 1239/1264/1239 1191/1215/1191
f 1193/1217/1193 1240/1265/1240 1192/1216/1192
f 1194/1218/1194 1241/1266/1241 1193/1217/1193
f 1195/1219/1195 1242/1267/1242 1194/1218/1194
f 1196/1220/1196 1243/1268/1243 1195/1219/1195
f 1197/1221/1197 1244/1269/1244 1196/1220/1196
f 1198/1222/1198 1245/1270/1245 1197/1221/1197
f 1199/1223/1199 1246/1271/1246 1198/1222/1198
f 1200/1175/1200 1247/1272/1247 1199/1223/1199
f 1249/1273/1249 1248/1225/1248 1201/1274/1201
f 1250/1275/1250 1201/1226/1201 1202/1227/1202
f 1251/1276/1251 1202/1227/1202 1203/1228/1203
f 1252/1277/1252 1203/1228/1203 1204/1229/1204
f 1253/1278/1253 1204/1229/1204 1205/1230/1205
f 1254/1279/1254 1205/1230/1205 1206/1231/1206
f 1255/1280/1255 1206/1231/1206 1207/1232/1207
f 1256/1281/1256 1207/1232/1207 1208/1233/1208
f 1257/1282/1257 1208/1233/1208 1209/1234/1209
f 1258/1283/1258 1209/1234/1209 1210/1235/1210
f 1259/1284/1259 1210/1235/1210 1211/1236/1211
f 1260/1285/1260 1211/1236/1211 1212/1237/1212
f 1261/1286/1261 1212/1237/1212 1213/1238/1213
f 1262/1287/1262 1213/1238/1213 1214/1288/1214
f 1263/1289/1263 1214/1288/1214 1215/1239/1215
f 1264/1290/1264 1215/1239/1215 1216/1240/1216
f 1265/1291/1265 1216/1240/1216 1217/1242/1217
f 1266/1292/1266 1217/1242/1217 1218/1243/1218
f 1267/1293/1267 1218/1243/1218 1219/1244/1219
f 1268/1294/1268 1219/1244/1219 1220/1245/1220
f 1221/1246/1221 1268/1294/1268 1220/1245/1220
f 1222/1247/1222 1269/1295/1269 1221/1246/1221
f 1223/1248/1223 1270/1296/1270 1222/1247/1222
f 1224/1249/1224 1271/1297/1271 1223/1248/1223
f 1225/1250/1225 1272/1298/1272 1224/1249/1224
f 1226/1251/1226 1273/1299/1273 1225/1250/1225
f 1227/1252/1227 1274/1300/1274 1226/1251/1226
f 1228/1253/1228 1275/1301/1275 1227/1252/1227
f 1229/1254/1229 1276/1302/1276 1228/1253/1228
f 1230/1255/1230 1277/1303/1277 1229/1254/1229
f 1231/1256/1231 1278/1304/1278 1230/1255/1230
f 1232/1257/1232 1279/1305/1279 1231/1256/1231
f 1233/1258/1233 1280/1306/1280 1232/1257/1232
f 1234/1259/1234 1281/1307/1281 1233/1258/1233
f 1235/1260/1235 1282/1308/1282 1234/1259/1234
f 1236/1261/1236 1283/1309/1283 1235/1260/1235
f 1237/1262/1237 1284/1310/1284 1236/1261/1236
f 1238/1263/1238 1285/1311/1285 1237/1262/1237
f 1239/1264/1239 1286/1312/1286 1238/1263/1238
f 1240/1265/1240 1287/1313/1287 1239/1264/1239
f 1241/1266/1241 1288/1314/1288 1240/1265/1240
f 1242/1267/1242 1289/1315/1289 1241/1266/1241
f 1243/1268/1243 1290/1316/1290 1242/1267/1242
f 1244/1269/1244 1291/1317/1291 1243/1268/1243
f 1293/1318/1293 1244/1269/1244 1245/1270/1245
f 1294/1319/1294 1245/1270/1245 1246/1271/1246
f 1295/1320/1295 1246/1271/1246 1247/1272/1247
f 1296/1321/1296 1247/1272/1247 1248/1225/1248
f 1297/1322/1297 1296/1321/1296 1249/1273/1249
f 1298/1323/1298 1249/1324/1249 1250/1275/1250
f 1299/1325/1299 1250/1275/1250 1251/1276/1251
f 1300/1326/1300 1251/1276/1251 1252/1277/1252
f 1301/1327/1301 1252/1277/1252 1253/1278/1253
f 1302/1328/1302 1253/1278/1253 1254/1279/1254
f 1303/1329/1303 1254/1279/1254 1255/1280/1255
f 1304/1330/1304 1255/1280/1255 1256/1281/1256
f 1305/1331/1305 1256/1281/1256 1257/1282/1257
f 1306/1332/1306 1257/1282/1257 1258/1283/1258
f 1307/1333/1307 1258/1283/1258 1259/1284/1259
f 1308/1334/1308 1259/1284/1259 1260/1285/1260
f 1309/1335/1309 1260/1285/1260 1261/1286/1261
f 1310/1336/1310 1261/1286/1261 1262/1287/1262
f 1311/1337/1311 1262/1287/1262 1263/1289/1263
f 1312/1338/1312 1263/1289/1263 1264/1290/1264
f 1313/1339/1313 1264/1290/1264 1265/1291/1265
f 1314/1340/1314 1265/1291/1265 1266/1292/1266
f 1315/1341/1315 1266/1292/1266 1267/1293/1267
f 1316/1342/1316 1267/1293/1267 1268/1294/1268
f 1269/1295/1269 1316/1342/1316 1268/1294/1268
f 1270/1296/1270 1317/1343/1317 1269/1295/1269
f 1271/1297/1271 1318/1344/1318 1270/1296/1270
f 1272/1298/1272 1319/1345/1319 1271/1297/1271
f 1273/1299/1273 1320/1346/1320 1272/1298/1272
f 1274/1300/1274 1321/1347/1321 1273/1299/1273
f 1275/1301/1275 1322/1348/1322 1274/1300/1274
f 1276/1302/1276 1323/1349/1323 1275/1301/1275
f 1277/1303/1277 1324/1350/1324 1276/1302/1276
f 1278/1304/1278 1325/1351/1325 1277/1303/1277
f 1279/1305/1279 1326/1352/1326 1278/1304/1278
f 1280/1306/1280 1327/1353/1327 1279/1305/1279
f 1281/1307/1281 1328/1354/1328 1280/1306/1280
f 1282/1308/1282 1329/1355/1329 1281/1307/1281
f 1283/1309/1283 1330/1356/1330 1282/1308/1282
f 1284/1310/1284 1331/1357/1331 1283/1309/1283
f 1285/1311/1285 1332/1358/1332 1284/1310/1284
f 1286/1312/1286 1333/1359/1333 1285/1311/1285
f 1287/1313/1287 1334/1360/1334 1286/1312/1286
f 1288/1314/1288 1335/1361/1335 1287/1313/1287
f 1289/1315/1289 1336/1362/1336 1288/1314/1288
f 1290/1316/1290 1337/1363/1337 1289/1315/1289
f 1291/1317/1291 1338/1364/1338 1290/1316/1290
f 1292/1365/1292 1339/1366/1339 1291/1317/1291
f 1341/1367/1341 1292/1365/1292 1293/1318/1293
f 1342/1368/1342 1293/1318/1293 1294/1319/1294
f 1343/1369/1343 1294/1319/1294 1295/1320/1295
f 1344/1370/1344 1295/1320/1295 1296/1321/1296
f 1345/1371/1345 1344/1370/1344 1297/1322/1297
f 1346/1372/1346 1297/1373/1297 1298/1323/1298
f 1347/1374/1347 1298/1323/1298 1299/1325/1299
f 1348/1375/1348 1299/1325/1299 1300/1326/1300
f 1349/1376/1349 1300/1326/1300 1301/1327/1301
f 1350/1377/1350 1301/1327/1301 1302/1328/1302
f 1351/1378/1351 1302/1328/1302 1303/1329/1303
f 1352/1379/1352 1303/1329/1303 1304/1330/1304
f 1353/1380/1353 1304/1330/1304 1305/1331/1305
f 1354/1381/1354 1305/1331/1305 1306/1332/1306
f 1355/1382/1355 1306/1332/1306 1307/1333/1307
f 1356/1383/1356 1307/1333/1307 1308/1334/1308
f 1357/1384/1357 1308/1334/1308 1309/1335/1309
f 1358/1385/1358 1309/1335/1309 1310/1336/1310
f 1359/1386/1359 1310/1336/1310 1311/1337/1311
f 1360/1387/1360 1311/1337/1311 1312/1338/1312
f 1361/1388/1361 1312/1338/1312 1313/1339/1313
f 1362/1389/1362 1313/1339/1313 1314/1340/1314
f 1363/1390/1363 1314/1340/1314 1315/1341/1315
f 1364/1391/1364 1315/1341/1315 1316/1342/1316
f 1317/1343/1317 1364/1391/1364 1316/1342/1316
f 1318/1344/1318 1365/1392/1365 1317/1343/1317
f 1319/1345/1319 1366/1393/1366 1318/1344/1318
f 1320/1346/1320 1367/1394/1367 1319/1345/1319
f 1321/1347/1321 1368/1395/1368 1320/1346/1320
f 1322/1348/1322 1369/1396/1369 1321/1347/1321
f 1323/1349/1323 1370/1397/1370 1322/1348/1322
f 1324/1350/1324 1371/1398/1371 1323/1349/1323
f 1325/1351/1325 1372/1399/1372 1324/1350/1324
f 1326/1352/1326 1373/1400/1373 1325/1351/1325
f 1327/1353/1327 1374/1401/1374 1326/1352/1326
f 1328/1354/1328 1375/1402/1375 1327/1353/1327
f 1329/1355/1329 1376/1403/1376 1328/1354/1328
f 1330/1356/1330 1377/1404/1377 1329/1355/1329
f 1331/1357/1331 1378/1405/1378 1330/1356/1330
f 1332/1358/1332 1379/1406/1379 1331/1357/1331
f 1333/1359/1333 1380/1407/1380 1332/1358/1332
f 1334/1360/1334 1381/1408/1381 1333/1359/1333
f 1335/1361/1335 1382/1409/1382 1334/1360/1334
f 1336/1362/1336 1383/1410/1383 1335/1361/1335
f 1337/1363/1337 1384/1411/1384 1336/1362/1336
f 1338/1364/1338 1385/1412/1385 1337/1363/1337
f 1339/1366/1339 1386/1413/1386 1338/1364/1338
f 1340/1414/1340 1387/1415/1387 1339/1366/1339
f 1389/1416/1389 1340/1414/1340 1341/1367/1341
f 1390/1417/1390 1341/1367/1341 1342/1368/1342
f 1391/1418/1391 1342/1368/1342 1343/1369/1343
f 1392/1419/1392 1343/1369/1343 1344/1370/1344
f 1393/1420/1393 1392/1419/1392 1345/1371/1345
f 1394/1421/1394 1345/1422/1345 1346/1372/1346
f 1395/1423/1395 1346/1372/1346 1347/1374/1347
f 1396/1424/1396 1347/1374/1347 1348/1375/1348
f 1397/1425/1397 1348/1375/1348 1349/1376/1349
f 1398/1426/1398 1349/1376/1349 1350/1377/1350
f 1399/1427/1399 1350/1377/1350 1351/1378/1351
f 1400/1428/1400 1351/1378/1351 1352/1379/1352
f 1401/1429/1401 1352/1379/1352 1353/1380/1353
f 1402/1430/1402 1353/1380/1353 1354/1381/1354
f 1403/1431/1403 1354/1381/1354 1355/1382/1355
f 1404/1432/1404 1355/1382/1355 1356/1383/1356
f 1405/1433/1405 1356/1383/1356 1357/1384/1357
f 1406/1434/1406 1357/1384/1357 1358/1385/1358
f 1407/1435/1407 1358/1385/1358 1359/1386/1359
f 1408/1436/1408 1359/1386/1359 1360/1387/1360
f 1409/1437/1409 1360/1387/1360 1361/1388/1361
f 1410/1438/1410 1361/1388/1361 1362/1389/1362
f 1411/1439/1411 1362/1389/1362 1363/1390/1363
f 1412/1440/1412 1363/1390/1363 1364/1391/1364
f 1365/1392/1365 1412/1440/1412 1364/1391/1364
f 1366/1393/1366 1413/1441/1413 1365/1392/1365
f 1367/1394/1367 1414/1442/1414 1366/1393/1366
f 1368/1395/1368 1415/1443/1415 1367/1394/1367
f 1369/1396/1369 1416/1444/1416 1368/1395/1368
f 1370/1397/1370 1417/1445/1417 1369/1396/1369
f 1371/1398/1371 1418/1446/1418 1370/1397/1370
f 1372/1399/1372 1419/1447/1419 1371/1398/1371
f 1373/1400/1373 1420/1448/1420 1372/1399/1372
f 1374/1401/1374 1421/1449/1421 1373/1400/1373
f 1375/1402/1375 1422/1450/1422 1374/1401/1374
f 1376/1403/1376 1423/1451/1423 1375/1402/1375
f 1377/1404/1377 1424/1452/1424 1376/1403/1376
f 1378/1405/1378 1425/1453/1425 1377/1404/1377
f 1379/1406/1379 1426/1454/1426 1378/1405/1378
f 1380/1407/1380 1427/1455/1427 1379/1406/1379
f 1381/1408/1381 1428/1456/1428 1380/1407/1380
f 1382/1409/1382 1429/1457/1429 1381/1408/1381
f 1383/1410/1383 1430/1458/1430 1382/1409/1382
f 1384/1411/1384 1431/1459/1431 1383/1410/1383
f 1385/1412/1385 1432/1460/1432 1384/1411/1384
f 1386/1413/1386 1433/1461/1433 1385/1412/1385
f 1387/1415/1387 1434/1462/1434 1386/1413/1386
f 1388/1463/1388 1435/1464/1435 1387/1415/1387
f 1437/1465/1437 1388/1463/1388 1389/1416/1389
f 1438/1466/1438 1389/1416/1389 1390/1417/1390
f 1439/1467/1439 1390/1417/1390 1391/1418/1391
f 1440/1468/1440 1391/1418/1391 1392/1419/1392
f 1441/1469/1441 1440/1468/1440 1393/1420/1393
f 1442/1470/1442 1393/1471/1393 1394/1421/1394
f 1443/1472/1443 1394/1421/1394 1395/1423/1395
f 1444/1473/1444 1395/1423/1395 1396/1424/1396
f 1445/1474/1445 1396/1424/1396 1397/1425/1397
f 1446/1475/1446 1397/1425/1397 1398/1426/1398
f 1447/1476/1447 1398/1426/1398 1399/1427/1399
f 1448/1477/1448 1399/1427/1399 1400/1428/1400
f 1449/1478/1449 1400/1428/1400 1401/1429/1401
f 1450/1479/1450 1401/1429/1401 1402/1430/1402
f 1451/1480/1451 1402/1430/1402 1403/1431/1403
f 1452/1481/1452 1403/1431/1403 1404/1432/1404
f 1453/1482/1453 1404/1432/1404 1405/1433/1405
f 1454/1483/1454 1405/1433/1405 1406/1434/1406
f 1455/1484/1455 1406/1434/1406 1407/1435/1407
f 1456/1485/1456 1407/1435/1407 1408/1436/1408
f 1457/1486/1457 1408/1436/1408 1409/1437/1409
f 1458/1487/1458 1409/1437/1409 1410/1438/1410
f 1459/1488/1459 1410/1438/1410 1411/1439/1411
f 1412/1440/1412 1459/1488/1459 1411/1439/1411
f 1413/1441/1413 1460/1489/1460 1412/1440/1412
f 1414/1442/1414 1461/1490/1461 1413/1441/1413
f 1415/1443/1415 1462/1491/1462 1414/1442/1414
f 1416/1444/1416 1463/1492/1463 1415/1443/1415
f 1417/1445/1417 1464/1493/1464 1416/1444/1416
f 1418/1446/1418 1465/1494/1465 1417/1445/1417
f 1419/1447/1419 1466/1495/1466 1418/1446/1418
f 1420/1448/1420 1467/1496/1467 1419/1447/1419
f 1421/1449/1421 1468/1497/1468 1420/1448/1420
f 1422/1450/1422 1469/1498/1469 1421/1449/1421
f 1423/1451/1423 1470/1499/1470 1422/1450/1422
f 1424/1452/1424 1471/1500/1471 1423/1451/1423
f 1425/1453/1425 1472/1501/1472 1424/1452/1424
f 1426/1454/1426 1473/1502/1473 1425/1453/1425
f 1427/1455/1427 1474/1503/1474 1426/1454/1426
f 1428/1456/1428 1475/1504/1475 1427/1455/1427
f 1429/1457/1429 1476/1505/1476 1428/1456/1428
f 1430/1458/1430 1477/1506/1477 1429/1457/1429
f 1431/1459/1431 1478/1507/1478 1430/1458/1430
f 1432/1460/1432 1479/1508/1479 1431/1459/1431
f 1433/1461/1433 1480/1509/1480 1432/1460/1432
f 1434/1462/1434 1481/1510/1481 1433/1461/1433
f 1435/1464/1435 1482/1511/1482 1434/1462/1434
f 1484/1512/1484 1435/1464/1435 1436/1513/1436
f 1485/1514/1485 1436/1513/1436 1437/1465/1437
f 1486/1515/1486 1437/1465/1437 1438/1466/1438
f 1487/1516/1487 1438/1466/1438 1439/1467/1439
f 1488/1517/1488 1439/1467/1439 1440/1468/1440
f 1489/1518/1489 1488/1517/1488 1441/1469/1441
f 1490/1519/1490 1441/1520/1441 1442/1470/1442
f 1491/1521/1491 1442/1470/1442 1443/1472/1443
f 1492/1522/1492 1443/1472/1443 1444/1473/1444
f 1493/1523/1493 1444/1473/1444 1445/1474/1445
f 1494/1524/1494 1445/1474/1445 1446/1475/1446
f 1495/1525/1495 1446/1475/1446 1447/1476/1447
f 1496/1526/1496 1447/1476/1447 1448/1477/1448
f 1497/1527/1497 1448/1477/1448 1449/1478/1449
f 1498/1528/1498 1449/1478/1449 1450/1479/1450
f 1499/1529/1499 1450/1479/1450 1451/1480/1451
f 1500/1530/1500 1451/1480/1451 1452/1481/1452
f 1501/1531/1501 1452/1481/1452 1453/1482/1453
f 1502/1532/1502 1453/1482/1453 1454/1483/1454
f 1503/1533/1503 1454/1483/1454 1455/1484/1455
f 1504/1534/1504 1455/1484/1455 1456/1485/1456
f 1505/1535/1505 1456/1485/1456 1457/1486/1457
f 1458/1487/1458 1505/1535/1505 1457/1486/1457
f 1459/1488/1459 1506/1536/1506 1458/1487/1458
f 1460/1489/1460 1507/1537/1507 1459/1488/1459
f 1461/1490/1461 1508/1538/1508 1460/1489/1460
f 1462/1491/1462 1509/1539/1509 1461/1490/1461
f 1463/1492/1463 1510/1540/1510 1462/1491/1462
f 1464/1493/1464 1511/1541/1511 1463/1492/1463
f 1465/1494/1465 1512/1542/1512 1464/1493/1464
f 1466/1495/1466 1513/1543/1513 1465/1494/1465
f 1467/1496/1467 1514/1544/1514 1466/1495/1466
f 1468/1497/1468 1515/1545/1515 1467/1496/1467
f 1469/1498/1469 1516/1546/1516 1468/1497/1468
f 1470/1499/1470 1517/1547/1517 1469/1498/1469
f 1471/1500/1471 1518/1548/1518 1470/1499/1470
f 1472/1501/1472 1519/1549/1519 1471/1500/1471
f 1473/1502/1473 1520/1550/1520 1472/1501/1472
f 1474/1503/1474 1521/1551/1521 1473/1502/1473
f 1475/1504/1475 1522/1552/1522 1474/1503/1474
f 1476/1505/1476 1523/1553/1523 1475/1504/1475
f 1477/1506/1477 1524/1554/1524 1476/1505/1476
f 1478/1507/1478 1525/1555/1525 1477/1506/1477
f 1479/1508/1479 1526/1556/1526 1478/1507/1478
f 1480/1509/1480 1527/1557/1527 1479/1508/1479
f 1481/1510/1481 1528/1558/1528 1480/1509/1480
f 1530/1559/1530 1481/1510/1481 1482/1511/1482
f 1531/1560/1531 1482/1511/1482 1483/1561/1483
f 1532/1562/1532 1483/1561/1483 1484/1512/1484
f 1533/1563/1533 1484/1512/1484 1485/1514/1485
f 1534/1564/1534 1485/1514/1485 1486/1515/1486
f 1535/1565/1535 1486/1515/1486 1487/1516/1487
f 1536/1566/1536 1487/1516/1487 1488/1517/1488
f 1537/1567/1537 1536/1566/1536 1489/1518/1489
f 1538/1568/1538 1489/1569/1489 1490/1519/1490
f 1539/1570/1539 1490/1519/1490 1491/1521/1491
f 1540/1571/1540 1491/1521/1491 1492/1522/1492
f 1541/1572/1541 1492/1522/1492 1493/1523/1493
f 1542/1573/1542 1493/1523/1493 1494/1524/1494
f 1543/1574/1543 1494/1524/1494 1495/1525/1495
f 1544/1575/1544 1495/1525/1495 1496/1526/1496
f 1545/1576/1545 1496/1526/1496 1497/1527/1497
f 1546/1577/1546 1497/1527/1497 1498/1528/1498
f 1547/1578/1547 1498/1528/1498 1499/1529/1499
f 1548/1579/1548 1499/1529/1499 1500/1530/1500
f 1549/1580/1549 1500/1530/1500 1501/1531/1501
f 1550/1581/1550 1501/1531/1501 1502/1532/1502
f 1551/1582/1551 1502/1532/1502 1503/1533/1503
f 1504/1534/1504 1551/1582/1551 1503/1533/1503
f 1505/1535/1505 1552/1583/1552 1504/1534/1504
f 1506/1536/1506 1553/1584/1553 1505/1535/1505
f 1507/1537/1507 1554/1585/1554 1506/1536/1506
f 1508/1538/1508 1555/1586/1555 1507/1537/1507
f 1509/1539/1509 1556/1587/1556 1508/1538/1508
f 1510/1540/1510 1557/1588/1557 1509/1539/1509
f 1511/1541/1511 1558/1589/1558 1510/1540/1510
f 1512/1542/1512 1559/1590/1559 1511/1541/1511
f 1513/1543/1513 1560/1591/1560 1512/1542/1512
f 1514/1544/1514 1561/1592/1561 1513/1543/1513
f 1515/1545/1515 1562/1593/1562 1514/1544/1514
f 1516/1546/1516 1563/1594/1563 1515/1545/1515
f 1517/1547/1517 1564/1595/1564 1516/1546/1516
f 1518/1548/1518 1565/1596/1565 1517/1547/1517
f 1519/1549/1519 1566/1597/1566 1518/1548/1518
f 1520/1550/1520 1567/1598/1567 1519/1549/1519
f 1521/1551/1521 1568/1599/1568 1520/1550/1520
f 1522/1552/1522 1569/1600/1569 1521/1551/1521
f 1523/1553/1523 1570/1601/1570 1522/1552/1522
f 1524/1554/1524 1571/1602/1571 1523/1553/1523
f 1525/1555/1525 1572/1603/1572 1524/1554/1524
f 1526/1556/1526 1573/1604/1573 1525/1555/1525
f 1527/1557/1527 1574/1605/1574 1526/1556/1526
f 1576/1606/1576 1527/1557/1527 1528/1558/1528
f 1577/1607/1577 1528/1558/1528 1529/1608/1529
f 1578/1609/1578 1529/1608/1529 1530/1559/1530
f 1579/1610/1579 1530/1559/1530 1531/1560/1531
f 1580/1611/1580 1531/1560/1531 1532/1562/1532
f 1581/1612/1581 1532/1562/1532 1533/1563/1533
f 1582/1613/1582 1533/1563/1533 1534/1564/1534
f 1583/1614/1583 1534/1564/1534 1535/1565/1535
f 1584/1615/1584 1535/1565/1535 1536/1566/1536
f 1585/1616/1585 1584/1615/1584 1537/1567/1537
f 1586/1617/1586 1537/1618/1537 1538/1568/1538
f 1587/1619/1587 1538/1568/1538 1539/1570/1539
f 1588/1620/1588 1539/1570/1539 1540/1571/1540
f 1589/1621/1589 1540/1571/1540 1541/1572/1541
f 1590/1622/1590 1541/1572/1541 1542/1573/1542
f 1591/1623/1591 1542/1573/1542 1543/1574/1543
f 1592/1624/1592 1543/1574/1543 1544/1575/1544
f 1593/1625/1593 1544/1575/1544 1545/1576/1545
f 1594/1626/1594 1545/1576/1545 1546/1577/1546
f 1595/1627/1595 1546/1577/1546 1547/1578/1547
f 1596/1628/1596 1547/1578/1547 1548/1579/1548
f 1597/1629/1597 1548/1579/1548 1549/1580/1549
f 1550/1581/1550 1597/1629/1597 1549/1580/1549
f 1551/1582/1551 1598/1630/1598 1550/1581/1550
f 1552/1583/1552 1599/1631/1599 1551/1582/1551
f 1553/1584/1553 1600/1632/1600 1552/1583/1552
f 1554/1585/1554 1601/1633/1601 1553/1584/1553
f 1555/1586/1555 1602/1634/1602 1554/1585/1554
f 1556/1587/1556 1603/1635/1603 1555/1586/1555
f 1557/1588/1557 1604/1636/1604 1556/1587/1556
f 1558/1589/1558 1605/1637/1605 1557/1588/1557
f 1559/1590/1559 1606/1638/1606 1558/1589/1558
f 1560/1591/1560 1607/1639/1607 1559/1590/1559
f 1561/1592/1561 1608/1640/1608 1560/1591/1560
f 1562/1593/1562 1609/1641/1609 1561/1592/1561
f 1563/1594/1563 1610/1642/1610 1562/1593/1562
f 1564/1595/1564 1611/1643/1611 1563/1594/1563
f 1565/1596/1565 1612/1644/1612 1564/1595/1564
f 1566/1597/1566 1613/1645/1613 1565/1596/1565
f 1567/1598/1567 1614/1646/1614 1566/1597/1566
f 1568/1599/1568 1615/1647/1615 1567/1598/1567
f 1569/1600/1569 1616/1648/1616 1568/1599/1568
f 1570/1601/1570 1617/1649/1617 1569/1600/1569
f 1571/1602/1571 1618/1650/1618 1570/1601/1570
f 1572/1603/1572 1619/1651/1619 1571/1602/1571
f 1573/1604/1573 1620/1652/1620 1572/1603/1572
f 1622/1653/1622 1573/1604/1573 1574/1605/1574
f 1623/1654/1623 1574/1605/1574 1575/1655/1575
f 1624/1656/1624 1575/1655/1575 1576/1606/1576
f 1625/1657/1625 1576/1606/1576 1577/1607/1577
f 1626/1658/1626 1577/1607/1577 1578/1609/1578
f 1627/1659/1627 1578/1609/1578 1579/1610/1579
f 1628/1660/1628 1579/1610/1579 1580/1611/1580
f 1629/1661/1629 1580/1611/1580 1581/1612/1581
f 1630/1662/1630 1581/1612/1581 1582/1613/1582
f 1631/1663/1631 1582/1613/1582 1583/1614/1583
f 1632/1664/1632 1583/1614/1583 1584/1615/1584
f 1633/1665/1633 1632/1664/1632 1585/1616/1585
f 1634/1666/1634 1585/1667/1585 1586/1617/1586
f 1635/1668/1635 1586/1617/1586 1587/1619/1587
f 1636/1669/1636 1587/1619/1587 1588/1620/1588
f 1637/1670/1637 1588/1620/1588 1589/1621/1589
f 1638/1671/1638 1589/1621/1589 1590/1622/1590
f 1639/1672/1639 1590/1622/1590 1591/1623/1591
f 1640/1673/1640 1591/1623/1591 1592/1624/1592
f 1641/1674/1641 1592/1624/1592 1593/1625/1593
f 1642/1675/1642 1593/1625/1593 1594/1626/1594
f 1643/1676/1643 1594/1626/1594 1595/1627/1595
f 1644/1677/1644 1595/1627/1595 1596/1628/1596
f 1597/1629/1597 1644/1677/1644 1596/1628/1596
f 1598/1630/1598 1645/1678/1645 1597/1629/1597
f 1599/1631/1599 1646/1679/1646 1598/1630/1598
f 1600/1632/1600 1647/1680/1647 1599/1631/1599
f 1601/1633/1601 1648/1681/1648 1600/1632/1600
f 1602/1634/1602 1649/1682/1649 1601/1633/1601
f 1603/1635/1603 1650/1683/1650 1602/1634/1602
f 1604/1636/1604 1651/1684/1651 1603/1635/1603
f 1605/1637/1605 1652/1685/1652 1604/1636/1604
f 1606/1638/1606 1653/1686/1653 1605/1637/1605
f 1607/1639/1607 1654/1687/1654 1606/1638/1606
f 1608/1640/1608 1655/1688/1655 1607/1639/1607
f 1609/1641/1609 1656/1689/1656 1608/1640/1608
f 1610/1642/1610 1657/1690/1657 1609/1641/1609
f 1611/1643/1611 1658/1691/1658 1610/1642/1610
f 1612/1644/1612 1659/1692/1659 1611/1643/1611
f 1613/1645/1613 1660/1693/1660 1612/1644/1612
f 1614/1646/1614 1661/1694/1661 1613/1645/1613
f 1615/1647/1615 1662/1695/1662 1614/1646/1614
f 1616/1648/1616 1663/1696/1663 1615/1647/1615
f 1617/1649/1617 1664/1697/1664 1616/1648/1616
f 1618/1650/1618 1665/1698/1665 1617/1649/1617
f 1619/1651/1619 1666/1699/1666 1618/1650/1618
f 1620/1652/1620 1667/1700/1667 1619/1651/1619
f 1669/1701/1669 1620/1652/1620 1621/1702/1621
f 1670/1703/1670 1621/1702/1621 1622/1653/1622
f 1671/1704/1671 1622/1653/1622 1623/1654/1623
f 1672/1705/1672 1623/1654/1623 1624/1656/1624
f 1673/1706/1673 1624/1656/1624 1625/1657/1625
f 1674/1707/1674 1625/1657/1625 1626/1658/1626
f 1675/1708/1675 1626/1658/1626 1627/1659/1627
f 1676/1709/1676 1627/1659/1627 1628/1660/1628
f 1677/1710/1677 1628/1660/1628 1629/1661/1629
f 1678/1711/1678 1629/1661/1629 1630/1662/1630
f 1679/1712/1679 1630/1662/1630 1631/1663/1631
f 1680/1713/1680 1631/1663/1631 1632/1664/1632
f 1681/1714/1681 1680/1713/1680 1633/1665/1633
f 1682/1715/1682 1633/1716/1633 1634/1666/1634
f 1683/1717/1683 1634/1666/1634 1635/1668/1635
f 1684/1718/1684 1635/1668/1635 1636/1669/1636
f 1685/1719/1685 1636/1669/1636 1637/1670/1637
f 1686/1720/1686 1637/1670/1637 1638/1671/1638
f 1687/1721/1687 1638/1671/1638 1639/1672/1639
f 1688/1722/1688 1639/1672/1639 1640/1673/1640
f 1689/1723/1689 1640/1673/1640 1641/1674/1641
f 1690/1724/1690 1641/1674/1641 1642/1675/1642
f 1691/1725/1691 1642/1675/1642 1643/1676/1643
f 1644/1677/1644 1691/1725/1691 1643/1676/1643
f 1645/1678/1645 1692/1726/1692 1644/1677/1644
f 1646/1679/1646 1693/1727/1693 1645/1678/1645
f 1647/1680/1647 1694/1728/1694 1646/1679/1646
f 1648/1681/1648 1695/1729/1695 1647/1680/1647
f 1649/1682/1649 1696/1730/1696 1648/1681/1648
f 1650/1683/1650 1697/1731/1697 1649/1682/1649
f 1651/1684/1651 1698/1732/1698 1650/1683/1650
f 1652/1685/1652 1699/1733/1699 1651/1684/1651
f 1653/1686/1653 1700/1734/1700 1652/1685/1652
f 1654/1687/1654 1701/1735/1701 1653/1686/1653
f 1655/1688/1655 1702/1736/1702 1654/1687/1654
f 1656/1689/1656 1703/1737/1703 1655/1688/1655
f 1657/1690/1657 1704/1738/1704 1656/1689/1656
f 1658/1691/1658 1705/1739/1705 1657/1690/1657
f 1659/1692/1659 1706/1740/1706 1658/1691/1658
f 1660/1693/1660 1707/1741/1707 1659/1692/1659
f 1661/1694/1661 1708/1742/1708 1660/1693/1660
f 1662/1695/1662 1709/1743/1709 1661/1694/1661
f 1663/1696/1663 1710/1744/1710 1662/1695/1662
f 1664/1697/1664 1711/1745/1711 1663/1696/1663
f 1665/1698/1665 1712/1746/1712 1664/1697/1664
f 1666/1699/1666 1713/1747/1713 1665/1698/1665
f 1667/1700/1667 1714/1748/1714 1666/1699/1666
f 1716/1749/1716 1667/1700/1667 1668/1750/1668
f 1717/1751/1717 1668/1750/1668 1669/1701/1669
f 1718/1752/1718 1669/1701/1669 1670/1703/1670
f 1719/1753/1719 1670/1703/1670 1671/1704/1671
f 1720/1754/1720 1671/1704/1671 1672/1705/1672
f 1721/1755/1721 1672/1705/1672 1673/1706/1673
f 1722/1756/1722 1673/1706/1673 1674/1707/1674
f 1723/1757/1723 1674/1707/1674 1675/1708/1675
f 1724/1758/1724 1675/1708/1675 1676/1709/1676
f 1725/1759/1725 1676/1709/1676 1677/1710/1677
f 1726/1760/1726 1677/1710/1677 1678/1711/1678
f 1727/1761/1727 1678/1711/1678 1679/1712/1679
f 1728/1762/1728 1679/1712/1679 1680/1713/1680
f 1681/1714/1681 1776/1763/1776 1728/1762/1728
f 1682/1715/1682 1729/1764/1729 1681/1765/1681
f 1683/1717/1683 1730/1766/1730 1682/1715/1682
f 1684/1718/1684 1731/1767/1731 1683/1717/1683
f 1685/1719/1685 1732/1768/1732 1684/1718/1684
f 1686/1720/1686 1733/1769/1733 1685/1719/1685
f 1687/1721/1687 1734/1770/1734 1686/1720/1686
f 1688/1722/1688 1735/1771/1735 1687/1721/1687
f 1689/1723/1689 1736/1772/1736 1688/1722/1688
f 1690/1724/1690 1737/1773/1737 1689/1723/1689
f 1691/1725/1691 1738/1774/1738 1690/1724/1690
f 1692/1726/1692 1739/1775/1739 1691/1725/1691
f 1693/1727/1693 1740/1776/1740 1692/1726/1692
f 1694/1728/1694 1741/1777/1741 1693/1727/1693
f 1695/1729/1695 1742/1778/1742 1694/1728/1694
f 1696/1730/1696 1743/1779/1743 1695/1729/1695
f 1697/1731/1697 1744/1780/1744 1696/1730/1696
f 1698/1732/1698 1745/1781/1745 1697/1731/1697
f 1699/1733/1699 1746/1782/1746 1698/1732/1698
f 1748/1783/1748 1699/1733/1699 1700/1734/1700
f 1749/1784/1749 1700/1734/1700 1701/1735/1701
f 1750/1785/1750 1701/1735/1701 1702/1736/1702
f 1751/1786/1751 1702/1736/1702 1703/1737/1703
f 1752/1787/1752 1703/1737/1703 1704/1738/1704
f 1753/1788/1753 1704/1738/1704 1705/1739/1705
f 1754/1789/1754 1705/1739/1705 1706/1740/1706
f 1755/1790/1755 1706/1740/1706 1707/1741/1707
f 1756/1791/1756 1707/1741/1707 1708/1742/1708
f 1757/1792/1757 1708/1742/1708 1709/1743/1709
f 1758/1793/1758 1709/1743/1709 1710/1744/1710
f 1759/1794/1759 1710/1744/1710 1711/1745/1711
f 1760/1795/1760 1711/1745/1711 1712/1746/1712
f 1761/1796/1761 1712/1746/1712 1713/1747/1713
f 1762/1797/1762 1713/1747/1713 1714/1748/1714
f 1763/1798/1763 1714/1748/1714 1715/1799/1715
f 1764/1800/1764 1715/1799/1715 1716/1749/1716
f 1765/1801/1765 1716/1749/1716 1717/1751/1717
f 1766/1802/1766 1717/1751/1717 1718/1752/1718
f 1767/1803/1767 1718/1752/1718 1719/1753/1719
f 1768/1804/1768 1719/1753/1719 1720/1754/1720
f 1769/1805/1769 1720/1754/1720 1721/1755/1721
f 1770/1806/1770 1721/1755/1721 1722/1756/1722
f 1771/1807/1771 1722/1756/1722 1723/1757/1723
f 1724/1758/1724 1771/1807/1771 1723/1757/1723
f 1725/1759/1725 1772/1808/1772 1724/1758/1724
f 1726/1760/1726 1773/1809/1773 1725/1759/1725
f 1727/1761/1727 1774/1810/1774 1726/1760/1726
f 1728/1762/1728 1775/1811/1775 1727/1761/1727
f 1729/1812/1729 1824/1813/1824 1776/1763/1776
f 1730/1766/1730 1777/1814/1777 1729/1764/1729
f 1731/1767/1731 1778/1815/1778 1730/1766/1730
f 1732/1768/1732 1779/1816/1779 1731/1767/1731
f 1733/1769/1733 1780/1817/1780 1732/1768/1732
f 1734/1770/1734 1781/1818/1781 1733/1769/1733
f 1735/1771/1735 1782/1819/1782 1734/1770/1734
f 1736/1772/1736 1783/1820/1783 1735/1771/1735
f 1737/1773/1737 1784/1821/1784 1736/1772/1736
f 1738/1774/1738 1785/1822/1785 1737/1773/1737
f 1739/1775/1739 1786/1823/1786 1738/1774/1738
f 1740/1776/1740 1787/1824/1787 1739/1775/1739
f 1741/1777/1741 1788/1825/1788 1740/1776/1740
f 1742/1778/1742 1789/1826/1789 1741/1777/1741
f 1743/1779/1743 1790/1827/1790 1742/1778/1742
f 1744/1780/1744 1791/1828/1791 1743/1779/1743
f 1745/1781/1745 1792/1829/1792 1744/1780/1744
f 1794/1830/1794 1745/1781/1745 1746/1782/1746
f 1795/1831/1795 1746/1782/1746 1747/1832/1747
f 1796/1833/1796 1747/1832/1747 1748/1783/1748
f 1797/1834/1797 1748/1783/1748 1749/1784/1749
f 1798/1835/1798 1749/1784/1749 1750/1785/1750
f 1799/1836/1799 1750/1785/1750 1751/1786/1751
f 1800/1837/1800 1751/1786/1751 1752/1787/1752
f 1801/1838/1801 1752/1787/1752 1753/1788/1753
f 1802/1839/1802 1753/1788/1753 1754/1789/1754
f 1803/1840/1803 1754/1789/1754 1755/1790/1755
f 1804/1841/1804 1755/1790/1755 1756/1791/1756
f 1805/1842/1805 1756/1791/1756 1757/1792/1757
f 1806/1843/1806 1757/1792/1757 1758/1793/1758
f 1807/1844/1807 1758/1793/1758 1759/1794/1759
f 1808/1845/1808 1759/1794/1759 1760/1795/1760
f 1809/1846/1809 1760/1795/1760 1761/1796/1761
f 1810/1847/1810 1761/1796/1761 1762/1797/1762
f 1811/1848/1811 1762/1797/1762 1763/1798/1763
f 1812/1849/1812 1763/1798/1763 1764/1800/1764
f 1813/1850/1813 1764/1800/1764 1765/1801/1765
f 1814/1851/1814 1765/1801/1765 1766/1802/1766
f 1815/1852/1815 1766/1802/1766 1767/1803/1767
f 1816/1853/1816 1767/1803/1767 1768/1804/1768
f 1817/1854/1817 1768/1804/1768 1769/1805/1769
f 1770/1806/1770 1817/1854/1817 1769/1805/1769
f 1771/1807/1771 1818/1855/1818 1770/1806/1770
f 1772/1808/1772 1819/1856/1819 1771/1807/1771
f 1773/1809/1773 1820/1857/1820 1772/1808/1772
f 1774/1810/1774 1821/1858/1821 1773/1809/1773
f 1775/1811/1775 1822/1859/1822 1774/1810/1774
f 1776/1763/1776 1823/1860/1823 1775/1811/1775
f 1825/1861/1825 1824/1813/1824 1777/1862/1777
f 1826/1863/1826 1777/1814/1777 1778/1815/1778
f 1827/1864/1827 1778/1815/1778 1779/1816/1779
f 1828/1865/1828 1779/1816/1779 1780/1817/1780
f 1829/1866/1829 1780/1817/1780 1781/1818/1781
f 1830/1867/1830 1781/1818/1781 1782/1819/1782
f 1831/1868/1831 1782/1819/1782 1783/1820/1783
f 1832/1869/1832 1783/1820/1783 1784/1821/1784
f 1833/1870/1833 1784/1821/1784 1785/1822/1785
f 1834/1871/1834 1785/1822/1785 1786/1823/1786
f 1835/1872/1835 1786/1823/1786 1787/1824/1787
f 1836/1873/1836 1787/1824/1787 1788/1825/1788
f 1789/1826/1789 1836/1873/1836 1788/1825/1788
f 1790/1827/1790 1837/1874/1837 1789/1826/1789
f 1791/1828/1791 1838/1875/1838 1790/1827/1790
f 1792/1829/1792 1839/1876/1839 1791/1828/1791
f 1793/1877/1793 1840/1878/1840 1792/1829/1792
f 1794/1830/1794 1841/1879/1841 1793/1877/1793
f 1795/1831/1795 1842/1880/1842 1794/1830/1794
f 1796/1833/1796 1843/1881/1843 1795/1831/1795
f 1797/1834/1797 1844/1882/1844 1796/1833/1796
f 1798/1835/1798 1845/1883/1845 1797/1834/1797
f 1799/1836/1799 1846/1884/1846 1798/1835/1798
f 1800/1837/1800 1847/1885/1847 1799/1836/1799
f 1801/1838/1801 1848/1886/1848 1800/1837/1800
f 1802/1839/1802 1849/1887/1849 1801/1838/1801
f 1803/1840/1803 1850/1888/1850 1802/1839/1802
f 1804/1841/1804 1851/1889/1851 1803/1840/1803
f 1805/1842/1805 1852/1890/1852 1804/1841/1804
f 1806/1843/1806 1853/1891/1853 1805/1842/1805
f 1807/1844/1807 1854/1892/1854 1806/1843/1806
f 1808/1845/1808 1855/1893/1855 1807/1844/1807
f 1809/1846/1809 1856/1894/1856 1808/1845/1808
f 1810/1847/1810 1857/1895/1857 1809/1846/1809
f 1811/1848/1811 1858/1896/1858 1810/1847/1810
f 1812/1849/1812 1859/1897/1859 1811/1848/1811
f 1861/1898/1861 1812/1849/1812 1813/1850/1813
f 1862/1899/1862 1813/1850/1813 1814/1851/1814
f 1863/1900/1863 1814/1851/1814 1815/1852/1815
f 1864/1901/1864 1815/1852/1815 1816/1853/1816
f 1865/1902/1865 1816/1853/1816 1817/1854/1817
f 1866/1903/1866 1817/1854/1817 1818/1855/1818
f 1867/1904/1867 1818/1855/1818 1819/1856/1819
f 1868/1905/1868 1819/1856/1819 1820/1857/1820
f 1869/1906/1869 1820/1857/1820 1821/1858/1821
f 1870/1907/1870 1821/1858/1821 1822/1859/1822
f 1871/1908/1871 1822/1859/1822 1823/1860/1823
f 1872/1909/1872 1823/1860/1823 1824/1813/1824
f 1873/1910/1873 1872/1909/1872 1825/1861/1825
f 1874/1911/1874 1825/1912/1825 1826/1863/1826
f 1875/1913/1875 1826/1863/1826 1827/1864/1827
f 1876/1914/1876 1827/1864/1827 1828/1865/1828
f 1877/1915/1877 1828/1865/1828 1829/1866/1829
f 1878/1916/1878 1829/1866/1829 1830/1867/1830
f 1879/1917/1879 1830/1867/1830 1831/1868/1831
f 1880/1918/1880 1831/1868/1831 1832/1869/1832
f 1881/1919/1881 1832/1869/1832 1833/1870/1833
f 1882/1920/1882 1833/1870/1833 1834/1871/1834
f 1883/1921/1883 1834/1871/1834 1835/1872/1835
f 1884/1922/1884 1835/1872/1835 1836/1873/1836
f 1837/1874/1837 1884/1922/1884 1836/1873/1836
f 1838/1875/1838 1885/1923/1885 1837/1874/1837
f 1839/1876/1839 1886/1924/1886 1838/1875/1838
f 1840/1878/1840 1887/1925/1887 1839/1876/1839
f 1841/1879/1841 1888/1926/1888 1840/1878/1840
f 1842/1880/1842 1889/1927/1889 1841/1879/1841
f 1843/1881/1843 1890/1928/1890 1842/1880/1842
f 1844/1882/1844 1891/1929/1891 1843/1881/1843
f 1845/1883/1845 1892/1930/1892 1844/1882/1844
f 1846/1884/1846 1893/1931/1893 1845/1883/1845
f 1847/1885/1847 1894/1932/1894 1846/1884/1846
f 1848/1886/1848 1895/1933/1895 1847/1885/1847
f 1849/1887/1849 1896/1934/1896 1848/1886/1848
f 1850/1888/1850 1897/1935/1897 1849/1887/1849
f 1851/1889/1851 1898/1936/1898 1850/1888/1850
f 1852/1890/1852 1899/1937/1899 1851/1889/1851
f 1853/1891/1853 1900/1938/1900 1852/1890/1852
f 1854/1892/1854 1901/1939/1901 1853/1891/1853
f 1855/1893/1855 1902/1940/1902 1854/1892/1854
f 1856/1894/1856 1903/1941/1903 1855/1893/1855
f 1857/1895/1857 1904/1942/1904 1856/1894/1856
f 1858/1896/1858 1905/1943/1905 1857/1895/1857
f 1859/1897/1859 1906/1944/1906 1858/1896/1858
f 1860/1945/1860 1907/1946/1907 1859/1897/1859
f 1909/1947/1909 1860/1945/1860 1861/1898/1861
f 1910/1948/1910 1861/1898/1861 1862/1899/1862
f 1911/1949/1911 1862/1899/1862 1863/1900/1863
f 1912/1950/1912 1863/1900/1863 1864/1901/1864
f 1913/1951/1913 1864/1901/1864 1865/1902/1865
f 1914/1952/1914 1865/1902/1865 1866/1903/1866
f 1915/1953/1915 1866/1903/1866 1867/1904/1867
f 1916/1954/1916 1867/1904/1867 1868/1905/1868
f 1917/1955/1917 1868/1905/1868 1869/1906/1869
f 1918/1956/1918 1869/1906/1869 1870/1907/1870
f 1919/1957/1919 1870/1907/1870 1871/1908/1871
f 1920/1958/1920 1871/1908/1871 1872/1909/1872
f 1921/1959/1921 1920/1958/1920 1873/1910/1873
f 1922/1960/1922 1873/1961/1873 1874/1911/1874
f 1923/1962/1923 1874/1911/1874 1875/1913/1875
f 1924/1963/1924 1875/1913/1875 1876/1914/1876
f 1925/1964/1925 1876/1914/1876 1877/1915/1877
f 1926/1965/1926 1877/1915/1877 1878/1916/1878
f 1927/1966/1927 1878/1916/1878 1879/1917/1879
f 1928/1967/1928 1879/1917/1879 1880/1918/1880
f 1929/1968/1929 1880/1918/1880 1881/1919/1881
f 1930/1969/1930 1881/1919/1881 1882/1920/1882
f 1931/1970/1931 1882/1920/1882 1883/1921/1883
f 1932/1971/1932 1883/1921/1883 1884/1922/1884
f 1885/1923/1885 1932/1971/1932 1884/1922/1884
f 1886/1924/1886 1933/1972/1933 1885/1923/1885
f 1887/1925/1887 1934/1973/1934 1886/1924/1886
f 1888/1926/1888 1935/1974/1935 1887/1925/1887
f 1889/1927/1889 1936/1975/1936 1888/1926/1888
f 1890/1928/1890 1937/1976/1937 1889/1927/1889
f 1891/1929/1891 1938/1977/1938 1890/1928/1890
f 1892/1930/1892 1939/1978/1939 1891/1929/1891
f 1893/1931/1893 1940/1979/1940 1892/1930/1892
f 1894/1932/1894 1941/1980/1941 1893/1931/1893
f 1895/1933/1895 1942/1981/1942 1894/1932/1894
f 1896/1934/1896 1943/1982/1943 1895/1933/1895
f 1897/1935/1897 1944/1983/1944 1896/1934/1896
f 1898/1936/1898 1945/1984/1945 1897/1935/1897
f 1899/1937/1899 1946/1985/1946 1898/1936/1898
f 1900/1938/1900 1947/1986/1947 1899/1937/1899
f 1901/1939/1901 1948/1987/1948 1900/1938/1900
f 1902/1940/1902 1949/1988/1949 1901/1939/1901
f 1903/1941/1903 1950/1989/1950 1902/1940/1902
f 1904/1942/1904 1951/1990/1951 1903/1941/1903
f 1905/1943/1905 1952/1991/1952 1904/1942/1904
f 1906/1944/1906 1953/1992/1953 1905/1943/1905
f 1907/1946/1907 1954/1993/1954 1906/1944/1906
f 1908/1994/1908 1955/1995/1955 1907/1946/1907
f 1957/1996/1957 1908/1994/1908 1909/1947/1909
f 1958/1997/1958 1909/1947/1909 1910/1948/1910
f 1959/1998/1959 1910/1948/1910 1911/1949/1911
f 1960/1999/1960 1911/1949/1911 1912/1950/1912
f 1961/2000/1961 1912/1950/1912 1913/1951/1913
f 1962/2001/1962 1913/1951/1913 1914/1952/1914
f 1963/2002/1963 1914/1952/1914 1915/1953/1915
f 1964/2003/1964 1915/1953/1915 1916/1954/1916
f 1965/2004/1965 1916/1954/1916 1917/1955/1917
f 1966/2005/1966 1917/1955/1917 1918/1956/1918
f 1967/2006/1967 1918/1956/1918 1919/1957/1919
f 1968/2007/1968 1919/1957/1919 1920/1958/1920
f 1969/2008/1969 1968/2007/1968 1921/1959/1921
f 1970/2009/1970 1921/2010/1921 1922/1960/1922
f 1971/2011/1971 1922/1960/1922 1923/1962/1923
f 1972/2012/1972 1923/1962/1923 1924/1963/1924
f 1973/2013/1973 1924/1963/1924 1925/1964/1925
f 1974/2014/1974 1925/1964/1925 1926/1965/1926
f 1975/2015/1975 1926/1965/1926 1927/1966/1927
f 1976/2016/1976 1927/1966/1927 1928/1967/1928
f 1977/2017/1977 1928/1967/1928 1929/1968/1929
f 1978/2018/1978 1929/1968/1929 1930/1969/1930
f 1979/2019/1979 1930/1969/1930 1931/1970/1931
f 1980/2020/1980 1931/1970/1931 1932/1971/1932
f 1981/2021/1981 1932/1971/1932 1933/1972/1933
f 1934/1973/1934 1981/2021/1981 1933/1972/1933
f 1935/1974/1935 1982/2022/1982 1934/1973/1934
f 1936/1975/1936 1983/2023/1983 1935/1974/1935
f 1937/1976/1937 1984/2024/1984 1936/1975/1936
f 1938/1977/1938 1985/2025/1985 1937/1976/1937
f 1939/1978/1939 1986/2026/1986 1938/1977/1938
f 1940/1979/1940 1987/2027/1987 1939/1978/1939
f 1941/1980/1941 1988/2028/1988 1940/1979/1940
f 1942/1981/1942 1989/2029/1989 1941/1980/1941
f 1943/1982/1943 1990/2030/1990 1942/1981/1942
f 1944/1983/1944 1991/2031/1991 1943/1982/1943
f 1945/1984/1945 1992/2032/1992 1944/1983/1944
f 1946/1985/1946 1993/2033/1993 1945/1984/1945
f 1947/1986/1947 1994/2034/1994 1946/1985/1946
f 1948/1987/1948 1995/2035/1995 1947/1986/1947
f 1949/1988/1949 1996/2036/1996 1948/1987/1948
f 1950/1989/1950 1997/2037/1997 1949/1988/1949
f 1951/1990/1951 1998/2038/1998 1950/1989/1950
f 1952/1991/1952 1999/2039/1999 1951/1990/1951
f 1953/1992/1953 2000/2040/2000 1952/1991/1952
f 1954/1993/1954 2001/2041/2001 1953/1992/1953
f 1955/1995/1955 2002/2042/2002 1954/1993/1954
f 1956/2043/1956 2003/2044/2003 1955/1995/1955
f 1957/1996/1957 2004/2045/2004 1956/2043/1956
f 2006/2046/2006 1957/1996/1957 1958/1997/1958
f 2007/2047/2007 1958/1997/1958 1959/1998/1959
f 2008/2048/2008 1959/1998/1959 1960/1999/1960
f 2009/2049/2009 1960/1999/1960 1961/2000/1961
f 2010/2050/2010 1961/2000/1961 1962/2001/1962
f 2011/2051/2011 1962/2001/1962 1963/2002/1963
f 2012/2052/2012 1963/2002/1963 1964/2003/1964
f 2013/2053/2013 1964/2003/1964 1965/2004/1965
f 2014/2054/2014 1965/2004/1965 1966/2005/1966
f 2015/2055/2015 1966/2005/1966 1967/2006/1967
f 2016/2056/2016 1967/2006/1967 1968/2007/1968
f 2017/2057/2017 2016/2056/2016 1969/2008/1969
f 2018/2058/2018 1969/2059/1969 1970/2009/1970
f 2019/2060/2019 1970/2009/1970 1971/2011/1971
f 2020/2061/2020 1971/2011/1971 1972/2012/1972
f 2021/2062/2021 1972/2012/1972 1973/2013/1973
f 2022/2063/2022 1973/2013/1973 1974/2014/1974
f 2023/2064/2023 1974/2014/1974 1975/2015/1975
f 2024/2065/2024 1975/2015/1975 1976/2016/1976
f 2025/2066/2025 1976/2016/1976 1977/2017/1977
f 2026/2067/2026 1977/2017/1977 1978/2018/1978
f 2027/2068/2027 1978/2018/1978 1979/2019/1979
f 2028/2069/2028 1979/2019/1979 1980/2020/1980
f 2029/2070/2029 1980/2020/1980 1981/2021/1981
f 1982/2022/1982 2029/2070/2029 1981/2021/1981
f 1983/2023/1983 2030/2071/2030 1982/2022/1982
f 1984/2024/1984 2031/2072/2031 1983/2023/1983
f 1985/2025/1985 2032/2073/2032 1984/2024/1984
f 1986/2026/1986 2033/2074/2033 1985/2025/1985
f 1987/2027/1987 2034/2075/2034 1986/2026/1986
f 1988/2028/1988 2035/2076/2035 1987/2027/1987
f 1989/2029/1989 2036/2077/2036 1988/2028/1988
f 1990/2030/1990 2037/2078/2037 1989/2029/1989
f 1991/2031/1991 2038/2079/2038 1990/2030/1990
f 1992/2032/1992 2039/2080/2039 1991/2031/1991
f 1993/2033/1993 2040/2081/2040 1992/2032/1992
f 1994/2034/1994 2041/2082/2041 1993/2033/1993
f 1995/2035/1995 2042/2083/2042 1994/2034/1994
f 1996/2036/1996 2043/2084/2043 1995/2035/1995
f 1997/2037/1997 2044/2085/2044 1996/2036/1996
f 1998/2038/1998 2045/2086/2045 1997/2037/1997
f 1999/2039/1999 2046/2087/2046 1998/2038/1998
f 2000/2040/2000 2047/2088/2047 1999/2039/1999
f 2001/2041/2001 2048/2089/2048 2000/2040/2000
f 2002/2042/2002 2049/2090/2049 2001/2041/2001
f 2003/2044/2003 2050/2091/2050 2002/2042/2002
f 2004/2045/2004 2051/2092/2051 2003/2044/2003
f 2005/2093/2005 2052/2094/2052 2004/2045/2004
f 2054/2095/2054 2005/2093/2005 2006/2046/2006
f 2055/2096/2055 2006/2046/2006 2007/2047/2007
f 2056/2097/2056 2007/2047/2007 2008/2048/2008
f 2057/2098/2057 2008/2048/2008 2009/2049/2009
f 2058/2099/2058 2009/2049/2009 2010/2050/2010
f 2059/2100/2059 2010/2050/2010 2011/2051/2011
f 2060/2101/2060 2011/2051/2011 2012/2052/2012
f 2061/2102/2061 2012/2052/2012 2013/2053/2013
f 2062/2103/2062 2013/2053/2013 2014/2054/2014
f 2063/2104/2063 2014/2054/2014 2015/2055/2015
f 2064/2105/2064 2015/2055/2015 2016/2056/2016
f 2065/2106/2065 2064/2105/2064 2017/2057/2017
f 2066/2107/2066 2017/2108/2017 2018/2058/2018
f 2067/2109/2067 2018/2058/2018 2019/2060/2019
f 2068/2110/2068 2019/2060/2019 2020/2061/2020
f 2069/2111/2069 2020/2061/2020 2021/2062/2021
f 2070/2112/2070 2021/2062/2021 2022/2063/2022
f 2071/2113/2071 2022/2063/2022 2023/2064/2023
f 2072/2114/2072 2023/2064/2023 2024/2065/2024
f 2073/2115/2073 2024/2065/2024 2025/2066/2025
f 2074/2116/2074 2025/2066/2025 2026/2067/2026
f 2075/2117/2075 2026/2067/2026 2027/2068/2027
f 2076/2118/2076 2027/2068/2027 2028/2069/2028
f 2077/2119/2077 2028/2069/2028 2029/2070/2029
f 2078/2120/2078 2029/2070/2029 2030/2071/2030
f 2031/2072/2031 2078/2120/2078 2030/2071/2030
f 2032/2073/2032 2079/2121/2079 2031/2072/2031
f 2033/2074/2033 2080/2122/2080 2032/2073/2032
f 2034/2075/2034 2081/2123/2081 2033/2074/2033
f 2035/2076/2035 2082/2124/2082 2034/2075/2034
f 2036/2077/2036 2083/2125/2083 2035/2076/2035
f 2037/2078/2037 2084/2126/2084 2036/2077/2036
f 2038/2079/2038 2085/2127/2085 2037/2078/2037
f 2039/2080/2039 2086/2128/2086 2038/2079/2038
f 2040/2081/2040 2087/2129/2087 2039/2080/2039
f 2041/2082/2041 2088/2130/2088 2040/2081/2040
f 2042/2083/2042 2089/2131/2089 2041/2082/2041
f 2043/2084/2043 2090/2132/2090 2042/2083/2042
f 2044/2085/2044 2091/2133/2091 2043/2084/2043
f 2045/2086/2045 2092/2134/2092 2044/2085/2044
f 2046/2087/2046 2093/2135/2093 2045/2086/2045
f 2047/2088/2047 2094/2136/2094 2046/2087/2046
f 2048/2089/2048 2095/2137/2095 2047/2088/2047
f 2049/2090/2049 2096/2138/2096 2048/2089/2048
f 2050/2091/2050 2097/2139/2097 2049/2090/2049
f 2051/2092/2051 2098/2140/2098 2050/2091/2050
f 2052/2094/2052 2099/2141/2099 2051/2092/2051
f 2053/2142/2053 2100/2143/2100 2052/2094/2052
f 2054/2095/2054 2101/2144/2101 2053/2142/2053
f 2103/2145/2103 2054/2095/2054 2055/2096/2055
f 2104/2146/2104 2055/2096/2055 2056/2097/2056
f 2105/2147/2105 2056/2097/2056 2057/2098/2057
f 2106/2148/2106 2057/2098/2057 2058/2099/2058
f 2107/2149/2107 2058/2099/2058 2059/2100/2059
f 2108/2150/2108 2059/2100/2059 2060/2101/2060
f 2109/2151/2109 2060/2101/2060 2061/2102/2061
f 2110/2152/2110 2061/2102/2061 2062/2103/2062
f 2111/2153/2111 2062/2103/2062 2063/2104/2063
f 2112/2154/2112 2063/2104/2063 2064/2105/2064
f 2113/2155/2113 2112/2154/2112 2065/2106/2065
f 2114/2156/2114 2065/2157/2065 2066/2107/2066
f 2115/2158/2115 2066/2107/2066 2067/2109/2067
f 2116/2159/2116 2067/2109/2067 2068/2110/2068
f 2117/2160/2117 2068/2110/2068 2069/2111/2069
f 2118/2161/2118 2069/2111/2069 2070/2112/2070
f 2119/2162/2119 2070/2112/2070 2071/2113/2071
f 2120/2163/2120 2071/2113/2071 2072/2114/2072
f 2121/2164/2121 2072/2114/2072 2073/2115/2073
f 2122/2165/2122 2073/2115/2073 2074/2116/2074
f 2123/2166/2123 2074/2116/2074 2075/2117/2075
f 2124/2167/2124 2075/2117/2075 2076/2118/2076
f 2125/2168/2125 2076/2118/2076 2077/2119/2077
f 2126/2169/2126 2077/2119/2077 2078/2120/2078
f 2127/2170/2127 2078/2120/2078 2079/2121/2079
f 2080/2122/2080 2127/2170/2127 2079/2121/2079
f 2081/2123/2081 2128/2171/2128 2080/2122/2080
f 2082/2124/2082 2129/2172/2129 2081/2123/2081
f 2083/2125/2083 2130/2173/2130 2082/2124/2082
f 2084/2126/2084 2131/2174/2131 2083/2125/2083
f 2085/2127/2085 2132/2175/2132 2084/2126/2084
f 2086/2128/2086 2133/2176/2133 2085/2127/2085
f 2087/2129/2087 2134/2177/2134 2086/2128/2086
f 2088/2130/2088 2135/2178/2135 2087/2129/2087
f 2089/2131/2089 2136/2179/2136 2088/2130/2088
f 2090/2132/2090 2137/2180/2137 2089/2131/2089
f 2091/2133/2091 2138/2181/2138 2090/2132/2090
f 2092/2134/2092 2139/2182/2139 2091/2133/2091
f 2093/2135/2093 2140/2183/2140 2092/2134/2092
f 2094/2136/2094 2141/2184/2141 2093/2135/2093
f 2095/2137/2095 2142/2185/2142 2094/2136/2094
f 2096/2138/2096 2143/2186/2143 2095/2137/2095
f 2097/2139/2097 2144/2187/2144 2096/2138/2096
f 2098/2140/2098 2145/2188/2145 2097/2139/2097
f 2099/2141/2099 2146/2189/2146 2098/2140/2098
f 2100/2143/2100 2147/2190/2147 2099/2141/2099
f 2101/2144/2101 2148/2191/2148 2100/2143/2100
f 2102/2192/2102 2149/2193/2149 2101/2144/2101
f 2103/2145/2103 2150/2194/2150 2102/2192/2102
f 2152/2195/2152 2103/2145/2103 2104/2146/2104
f 2153/2196/2153 2104/2146/2104 2105/2147/2105
f 2154/2197/2154 2105/2147/2105 2106/2148/2106
f 2155/2198/2155 2106/2148/2106 2107/2149/2107
f 2156/2199/2156 2107/2149/2107 2108/2150/2108
f 2157/2200/2157 2108/2150/2108 2109/2151/2109
f 2158/2201/2158 2109/2151/2109 2110/2152/2110
f 2159/2202/2159 2110/2152/2110 2111/2153/2111
f 2160/2203/2160 2111/2153/2111 2112/2154/2112
f 2161/2204/2161 2160/2203/2160 2113/2155/2113
f 2162/2205/2162 2113/2206/2113 2114/2156/2114
f 2163/2207/2163 2114/2156/2114 2115/2158/2115
f 2164/2208/2164 2115/2158/2115 2116/2159/2116
f 2165/2209/2165 2116/2159/2116 2117/2160/2117
f 2166/2210/2166 2117/2160/2117 2118/2161/2118
f 2167/2211/2167 2118/2161/2118 2119/2162/2119
f 2168/2212/2168 2119/2162/2119 2120/2163/2120
f 2169/2213/2169 2120/2163/2120 2121/2164/2121
f 2170/2214/2170 2121/2164/2121 2122/2165/2122
f 2171/2215/2171 2122/2165/2122 2123/2166/2123
f 2172/2216/2172 2123/2166/2123 2124/2167/2124
f 2173/2217/2173 2124/2167/2124 2125/2168/2125
f 2174/2218/2174 2125/2168/2125 2126/2169/2126
f 2175/2219/2175 2126/2169/2126 2127/2170/2127
f 2176/2220/2176 2127/2170/2127 2128/2171/2128
f 2177/2221/2177 2128/2171/2128 2129/2172/2129
f 2130/2173/2130 2177/2221/2177 2129/2172/2129
f 2131/2174/2131 2178/2222/2178 2130/2173/2130
f 2132/2175/2132 2179/2223/2179 2131/2174/2131
f 2133/2176/2133 2180/2224/2180 2132/2175/2132
f 2134/2177/2134 2181/2225/2181 2133/2176/2133
f 2135/2178/2135 2182/2226/2182 2134/2177/2134
f 2136/2179/2136 2183/2227/2183 2135/2178/2135
f 2137/2180/2137 2184/2228/2184 2136/2179/2136
f 2138/2181/2138 2185/2229/2185 2137/2180/2137
f 2139/2182/2139 2186/2230/2186 2138/2181/2138
f 2140/2183/2140 2187/2231/2187 2139/2182/2139
f 2141/2184/2141 2188/2232/2188 2140/2183/2140
f 2142/2185/2142 2189/2233/2189 2141/2184/2141
f 2143/2186/2143 2190/2234/2190 2142/2185/2142
f 2144/2187/2144 2191/2235/2191 2143/2186/2143
f 2145/2188/2145 2192/2236/2192 2144/2187/2144
f 2146/2189/2146 2193/2237/2193 2145/2188/2145
f 2147/2190/2147 2194/2238/2194 2146/2189/2146
f 2148/2191/2148 2195/2239/2195 2147/2190/2147
f 2149/2193/2149 2196/2240/2196 2148/2191/2148
f 2150/2194/2150 2197/2241/2197 2149/2193/2149
f 2151/2242/2151 2198/2243/2198 2150/2194/2150
f 2152/2195/2152 2199/2244/2199 2151/2242/2151
f 2153/2196/2153 2200/2245/2200 2152/2195/2152
f 2202/2246/2202 2153/2196/2153 2154/2197/2154
f 2203/2247/2203 2154/2197/2154 2155/2198/2155
f 2204/2248/2204 2155/2198/2155 2156/2199/2156
f 2205/2249/2205 2156/2199/2156 2157/2200/2157
f 2206/2250/2206 2157/2200/2157 2158/2201/2158
f 2207/2251/2207 2158/2201/2158 2159/2202/2159
f 2208/2252/2208 2159/2202/2159 2160/2203/2160
f 2209/2253/2209 2208/2252/2208 2161/2204/2161
f 2210/2254/2210 2161/2255/2161 2162/2205/2162
f 2211/2256/2211 2162/2205/2162 2163/2207/2163
f 2212/2257/2212 2163/2207/2163 2164/2208/2164
f 2213/2258/2213 2164/2208/2164 2165/2209/2165
f 2214/2259/2214 2165/2209/2165 2166/2210/2166
f 2215/2260/2215 2166/2210/2166 2167/2211/2167
f 2216/2261/2216 2167/2211/2167 2168/2212/2168
f 2217/2262/2217 2168/2212/2168 2169/2213/2169
f 2218/2263/2218 2169/2213/2169 2170/2214/2170
f 2219/2264/2219 2170/2214/2170 2171/2215/2171
f 2220/2265/2220 2171/2215/2171 2172/2216/2172
f 2221/2266/2221 2172/2216/2172 2173/2217/2173
f 2222/2267/2222 2173/2217/2173 2174/2218/2174
f 2223/2268/2223 2174/2218/2174 2175/2219/2175
f 2224/2269/2224 2175/2219/2175 2176/2220/2176
f 2225/2270/2225 2176/2220/2176 2177/2221/2177
f 2226/2271/2226 2177/2221/2177 2178/2222/2178
f 2227/2272/2227 2178/2222/2178 2179/2223/2179
f 2228/2273/2228 2179/2223/2179 2180/2224/2180
f 2181/2225/2181 2228/2273/2228 2180/2224/2180
f 2182/2226/2182 2229/2274/2229 2181/2225/2181
f 2183/2227/2183 2230/2275/2230 2182/2226/2182
f 2184/2228/2184 2231/2276/2231 2183/2227/2183
f 2185/2229/2185 2232/2277/2232 2184/2228/2184
f 2186/2230/2186 2233/2278/2233 2185/2229/2185
f 2187/2231/2187 2234/2279/2234 2186/2230/2186
f 2188/2232/2188 2235/2280/2235 2187/2231/2187
f 2189/2233/2189 2236/2281/2236 2188/2232/2188
f 2190/2234/2190 2237/2282/2237 2189/2233/2189
f 2191/2235/2191 2238/2283/2238 2190/2234/2190
f 2192/2236/2192 2239/2284/2239 2191/2235/2191
f 2193/2237/2193 2240/2285/2240 2192/2236/2192
f 2194/2238/2194 2241/2286/2241 2193/2237/2193
f 2195/2239/2195 2242/2287/2242 2194/2238/2194
f 2196/2240/2196 2243/2288/2243 2195/2239/2195
f 2197/2241/2197 2244/2289/2244 2196/2240/2196
f 2198/2243/2198 2245/2290/2245 2197/2241/2197
f 2199/2244/2199 2246/2291/2246 2198/2243/2198
f 2200/2245/2200 2247/2292/2247 2199/2244/2199
f 2201/2293/2201 2248/2294/2248 2200/2245/2200
f 2202/2246/2202 2249/2295/2249 2201/2293/2201
f 2203/2247/2203 2250/2296/2250 2202/2246/2202
f 2204/2248/2204 2251/2297/2251 2203/2247/2203
f 2253/2298/2253 2204/2248/2204 2205/2249/2205
f 2254/2299/2254 2205/2249/2205 2206/2250/2206
f 2255/2300/2255 2206/2250/2206 2207/2251/2207
f 2256/2301/2256 2207/2251/2207 2208/2252/2208
f 2257/2302/2257 2256/2301/2256 2209/2253/2209
f 2258/2303/2258 2209/2304/2209 2210/2254/2210
f 2259/2305/2259 2210/2254/2210 2211/2256/2211
f 2260/2306/2260 2211/2256/2211 2212/2257/2212
f 2261/2307/2261 2212/2257/2212 2213/2258/2213
f 2262/2308/2262 2213/2258/2213 2214/2259/2214
f 2263/2309/2263 2214/2259/2214 2215/2260/2215
f 2264/2310/2264 2215/2260/2215 2216/2261/2216
f 2265/2311/2265 2216/2261/2216 2217/2262/2217
f 2266/2312/2266 2217/2262/2217 2218/2263/2218
f 2267/2313/2267 2218/2263/2218 2219/2264/2219
f 2268/2314/2268 2219/2264/2219 2220/2265/2220
f 2269/2315/2269 2220/2265/2220 2221/2266/2221
f 2270/2316/2270 2221/2266/2221 2222/2267/2222
f 2271/2317/2271 2222/2267/2222 2223/2268/2223
f 2272/2318/2272 2223/2268/2223 2224/2269/2224
f 2273/2319/2273 2224/2269/2224 2225/2270/2225
f 2274/2320/2274 2225/2270/2225 2226/2271/2226
f 2275/2321/2275 2226/2271/2226 2227/2272/2227
f 2276/2322/2276 2227/2272/2227 2228/2273/2228
f 2277/2323/2277 2228/2273/2228 2229/2274/2229
f 2278/2324/2278 2229/2274/2229 2230/2275/2230
f 2279/2325/2279 2230/2275/2230 2231/2276/2231
f 2232/2277/2232 2279/2325/2279 2231/2276/2231
f 2233/2278/2233 2280/2326/2280 2232/2277/2232
f 2234/2279/2234 2281/2327/2281 2233/2278/2233
f 2235/2280/2235 2282/2328/2282 2234/2279/2234
f 2236/2281/2236 2283/2329/2283 2235/2280/2235
f 2237/2282/2237 2284/2330/2284 2236/2281/2236
f 2238/2283/2238 2285/2331/2285 2237/2282/2237
f 2239/2284/2239 2286/2332/2286 2238/2283/2238
f 2240/2285/2240 2287/2333/2287 2239/2284/2239
f 2241/2286/2241 2288/2334/2288 2240/2285/2240
f 2242/2287/2242 2289/2335/2289 2241/2286/2241
f 2243/2288/2243 2290/2336/2290 2242/2287/2242
f 2244/2289/2244 2291/2337/2291 2243/2288/2243
f 2245/2290/2245 2292/2338/2292 2244/2289/2244
f 2246/2291/2246 2293/2339/2293 2245/2290/2245
f 2247/2292/2247 2294/2340/2294 2246/2291/2246
f 2248/2294/2248 2295/2341/2295 2247/2292/2247
f 2249/2295/2249 2296/2342/2296 2248/2294/2248
f 2250/2296/2250 2297/2343/2297 2249/2295/2249
f 2251/2297/2251 2298/2344/2298 2250/2296/2250
f 2252/2345/2252 2299/2346/2299 2251/2297/2251
f 2253/2298/2253 2300/2347/2300 2252/2345/2252
f 2254/2299/2254 2301/2348/2301 2253/2298/2253
f 2255/2300/2255 2302/2349/2302 2254/2299/2254
f 2304/2350/2304 2255/2300/2255 2256/2301/2256
f 2305/2351/2305 2304/2350/2304 2257/2302/2257
f 2306/2352/2306 2257/2353/2257 2258/2303/2258
f 2307/2354/2307 2258/2303/2258 2259/2305/2259
f 2260/2306/2260 2307/2354/2307 2259/2305/2259
f 2261/2307/2261 2308/2355/2308 2260/2306/2260
f 2262/2308/2262 2309/2356/2309 2261/2307/2261
f 2263/2309/2263 2310/2357/2310 2262/2308/2262
f 2264/2310/2264 2311/2358/2311 2263/2309/2263
f 2265/2311/2265 2312/2359/2312 2264/2310/2264
f 2266/2312/2266 2313/2360/2313 2265/2311/2265
f 2267/2313/2267 2314/2361/2314 2266/2312/2266
f 2268/2314/2268 2315/2362/2315 2267/2313/2267
f 2269/2315/2269 2316/2363/2316 2268/2314/2268
f 2270/2316/2270 2317/2364/2317 2269/2315/2269
f 2271/2317/2271 2318/2365/2318 2270/2316/2270
f 2272/2318/2272 2319/2366/2319 2271/2317/2271
f 2273/2319/2273 2320/2367/2320 2272/2318/2272
f 2274/2320/2274 2321/2368/2321 2273/2319/2273
f 2275/2321/2275 2322/2369/2322 2274/2320/2274
f 2276/2322/2276 2323/2370/2323 2275/2321/2275
f 2277/2323/2277 2324/2371/2324 2276/2322/2276
f 2278/2324/2278 2325/2372/2325 2277/2323/2277
f 2279/2325/2279 2326/2373/2326 2278/2324/2278
f 2280/2326/2280 2327/2374/2327 2279/2325/2279
f 2281/2327/2281 2328/2375/2328 2280/2326/2280
f 2282/2328/2282 2329/2376/2329 2281/2327/2281
f 2283/2329/2283 2330/2377/2330 2282/2328/2282
f 2332/2378/2332 2283/2329/2283 2284/2330/2284
f 2333/2379/2333 2284/2330/2284 2285/2331/2285
f 2334/2380/2334 2285/2331/2285 2286/2332/2286
f 2335/2381/2335 2286/2332/2286 2287/2333/2287
f 2336/2382/2336 2287/2333/2287 2288/2334/2288
f 2337/2383/2337 2288/2334/2288 2289/2335/2289
f 2338/2384/2338 2289/2335/2289 2290/2336/2290
f 2339/2385/2339 2290/2336/2290 2291/2337/2291
f 2340/2386/2340 2291/2337/2291 2292/2338/2292
f 2341/2387/2341 2292/2338/2292 2293/2339/2293
f 2342/2388/2342 2293/2339/2293 2294/2340/2294
f 2343/2389/2343 2294/2340/2294 2295/2341/2295
f 2344/2390/2344 2295/2341/2295 2296/2342/2296
f 2345/2391/2345 2296/2342/2296 2297/2343/2297
f 2346/2392/2346 2297/2343/2297 2298/2344/2298
f 2347/2393/2347 2298/2344/2298 2299/2346/2299
f 2348/2394/2348 2299/2346/2299 2300/2347/2300
f 2349/2395/2349 2300/2347/2300 2301/2348/2301
f 2350/2396/2350 2301/2348/2301 2302/2349/2302
f 2351/2397/2351 2302/2349/2302 2303/2398/2303
f 2352/2399/2352 2303/2398/2303 2304/2350/2304
f 2305/2351/2305 2400/2400/2400 2352/2399/2352
f 2306/2352/2306 2353/2401/2353 2305/2402/2305
f 2307/2354/2307 2354/2403/2354 2306/2352/2306
f 2308/2355/2308 2355/2404/2355 2307/2354/2307
f 2309/2356/2309 2356/2405/2356 2308/2355/2308
f 2310/2357/2310 2357/2406/2357 2309/2356/2309
f 2311/2358/2311 2358/2407/2358 2310/2357/2310
f 2312/2359/2312 2359/2408/2359 2311/2358/2311
f 2313/2360/2313 2360/2409/2360 2312/2359/2312
f 2314/2361/2314 2361/2410/2361 2313/2360/2313
f 2315/2362/2315 2362/2411/2362 2314/2361/2314
f 2316/2363/2316 2363/2412/2363 2315/2362/2315
f 2317/2364/2317 2364/2413/2364 2316/2363/2316
f 2318/2365/2318 2365/2414/2365 2317/2364/2317
f 2319/2366/2319 2366/2415/2366 2318/2365/2318
f 2320/2367/2320 2367/2416/2367 2319/2366/2319
f 2321/2368/2321 2368/2417/2368 2320/2367/2320
f 2322/2369/2322 2369/2418/2369 2321/2368/2321
f 2323/2370/2323 2370/2419/2370 2322/2369/2322
f 2372/2420/2372 2323/2370/2323 2324/2371/2324
f 2373/2421/2373 2324/2371/2324 2325/2372/2325
f 2374/2422/2374 2325/2372/2325 2326/2373/2326
f 2375/2423/2375 2326/2373/2326 2327/2374/2327
f 2376/2424/2376 2327/2374/2327 2328/2375/2328
f 2377/2425/2377 2328/2375/2328 2329/2376/2329
f 2378/2426/2378 2329/2376/2329 2330/2377/2330
f 2379/2427/2379 2330/2377/2330 2331/2428/2331
f 2380/2429/2380 2331/2428/2331 2332/2378/2332
f 2381/2430/2381 2332/2378/2332 2333/2379/2333
f 2382/2431/2382 2333/2379/2333 2334/2380/2334
f 2383/2432/2383 2334/2380/2334 2335/2381/2335
f 2384/2433/2384 2335/2381/2335 2336/2382/2336
f 2385/2434/2385 2336/2382/2336 2337/2383/2337
f 2386/2435/2386 2337/2383/2337 2338/2384/2338
f 2387/2436/2387 2338/2384/2338 2339/2385/2339
f 2388/2437/2388 2339/2385/2339 2340/2386/2340
f 2389/2438/2389 2340/2386/2340 2341/2387/2341
f 2390/2439/2390 2341/2387/2341 2342/2388/2342
f 2391/2440/2391 2342/2388/2342 2343/2389/2343
f 2392/2441/2392 2343/2389/2343 2344/2390/2344
f 2393/2442/2393 2344/2390/2344 2345/2391/2345
f 2394/2443/2394 2345/2391/2345 2346/2392/2346
f 2395/2444/2395 2346/2392/2346 2347/2393/2347
f 2348/2394/2348 2395/2444/2395 2347/2393/2347
f 2349/2395/2349 2396/2445/2396 2348/2394/2348
f 2350/2396/2350 2397/2446/2397 2349/2395/2349
f 2351/2397/2351 2398/2447/2398 2350/2396/2350
f 2352/2399/2352 2399/2448/2399 2351/2397/2351
f 2353/2449/2353 2448/2450/2448 2400/2400/2400
f 2354/2403/2354 2401/2451/2401 2353/2401/2353
f 2355/2404/2355 2402/2452/2402 2354/2403/2354
f 2356/2405/2356 2403/2453/2403 2355/2404/2355
f 2357/2406/2357 2404/2454/2404 2356/2405/2356
f 2406/2455/2406 2357/2406/2357 2358/2407/2358
f 2407/2456/2407 2358/2407/2358 2359/2408/2359
f 2408/2457/2408 2359/2408/2359 2360/2409/2360
f 2409/2458/2409 2360/2409/2360 2361/2410/2361
f 2410/2459/2410 2361/2410/2361 2362/2411/2362
f 2411/2460/2411 2362/2411/2362 2363/2412/2363
f 2412/2461/2412 2363/2412/2363 2364/2413/2364
f 2413/2462/2413 2364/2413/2364 2365/2414/2365
f 2414/2463/2414 2365/2414/2365 2366/2415/2366
f 2415/2464/2415 2366/2415/2366 2367/2416/2367
f 2416/2465/2416 2367/2416/2367 2368/2417/2368
f 2417/2466/2417 2368/2417/2368 2369/2418/2369
f 2418/2467/2418 2369/2418/2369 2370/2419/2370
f 2419/2468/2419 2370/2419/2370 2371/2469/2371
f 2420/2470/2420 2371/2469/2371 2372/2420/2372
f 2421/2471/2421 2372/2420/2372 2373/2421/2373
f 2422/2472/2422 2373/2421/2373 2374/2422/2374
f 2423/2473/2423 2374/2422/2374 2375/2423/2375
f 2424/2474/2424 2375/2423/2375 2376/2424/2376
f 2425/2475/2425 2376/2424/2376 2377/2425/2377
f 2426/2476/2426 2377/2425/2377 2378/2426/2378
f 2427/2477/2427 2378/2426/2378 2379/2427/2379
f 2428/2478/2428 2379/2427/2379 2380/2429/2380
f 2429/2479/2429 2380/2429/2380 2381/2430/2381
f 2382/2431/2382 2429/2479/2429 2381/2430/2381
f 2383/2432/2383 2430/2480/2430 2382/2431/2382
f 2384/2433/2384 2431/2481/2431 2383/2432/2383
f 2385/2434/2385 2432/2482/2432 2384/2433/2384
f 2386/2435/2386 2433/2483/2433 2385/2434/2385
f 2387/2436/2387 2434/2484/2434 2386/2435/2386
f 2388/2437/2388 2435/2485/2435 2387/2436/2387
f 2389/2438/2389 2436/2486/2436 2388/2437/2388
f 2390/2439/2390 2437/2487/2437 2389/2438/2389
f 2391/2440/2391 2438/2488/2438 2390/2439/2390
f 2392/2441/2392 2439/2489/2439 2391/2440/2391
f 2393/2442/2393 2440/2490/2440 2392/2441/2392
f 2394/2443/2394 2441/2491/2441 2393/2442/2393
f 2395/2444/2395 2442/2492/2442 2394/2443/2394
f 2396/2445/2396 2443/2493/2443 2395/2444/2395
f 2397/2446/2397 2444/2494/2444 2396/2445/2396
f 2398/2447/2398 2445/2495/2445 2397/2446/2397
f 2399/2448/2399 2446/2496/2446 2398/2447/2398
f 2400/2400/2400 2447/2497/2447 2399/2448/2399
f 2401/2498/2401 2496/2499/2496 2448/2450/2448
f 2402/2452/2402 2449/2500/2449 2401/2451/2401
f 2403/2453/2403 2450/2501/2450 2402/2452/2402
f 2404/2454/2404 2451/2502/2451 2403/2453/2403
f 2405/2503/2405 2452/2504/2452 2404/2454/2404
f 2454/2505/2454 2405/2503/2405 2406/2455/2406
f 2455/2506/2455 2406/2455/2406 2407/2456/2407
f 2456/2507/2456 2407/2456/2407 2408/2457/2408
f 2457/2508/2457 2408/2457/2408 2409/2458/2409
f 2458/2509/2458 2409/2458/2409 2410/2459/2410
f 2459/2510/2459 2410/2459/2410 2411/2460/2411
f 2460/2511/2460 2411/2460/2411 2412/2461/2412
f 2461/2512/2461 2412/2461/2412 2413/2462/2413
f 2462/2513/2462 2413/2462/2413 2414/2463/2414
f 2463/2514/2463 2414/2463/2414 2415/2464/2415
f 2464/2515/2464 2415/2464/2415 2416/2465/2416
f 2465/2516/2465 2416/2465/2416 2417/2466/2417
f 2466/2517/2466 2417/2466/2417 2418/2467/2418
f 2467/2518/2467 2418/2467/2418 2419/2468/2419
f 2468/2519/2468 2419/2468/2419 2420/2470/2420
f 2469/2520/2469 2420/2470/2420 2421/2471/2421
f 2470/2521/2470 2421/2471/2421 2422/2472/2422
f 2471/2522/2471 2422/2472/2422 2423/2473/2423
f 2472/2523/2472 2423/2473/2423 2424/2474/2424
f 2473/2524/2473 2424/2474/2424 2425/2475/2425
f 2474/2525/2474 2425/2475/2425 2426/2476/2426
f 2475/2526/2475 2426/2476/2426 2427/2477/2427
f 2476/2527/2476 2427/2477/2427 2428/2478/2428
f 2477/2528/2477 2428/2478/2428 2429/2479/2429
f 2430/2480/2430 2477/2528/2477 2429/2479/2429
f 2431/2481/2431 2478/2529/2478 2430/2480/2430
f 2432/2482/2432 2479/2530/2479 2431/2481/2431
f 2433/2483/2433 2480/2531/2480 2432/2482/2432
f 2434/2484/2434 2481/2532/2481 2433/2483/2433
f 2435/2485/2435 2482/2533/2482 2434/2484/2434
f 2436/2486/2436 2483/2534/2483 2435/2485/2435
f 2437/2487/2437 2484/2535/2484 2436/2486/2436
f 2438/2488/2438 2485/2536/2485 2437/2487/2437
f 2439/2489/2439 2486/2537/2486 2438/2488/2438
f 2440/2490/2440 2487/2538/2487 2439/2489/2439
f 2441/2491/2441 2488/2539/2488 2440/2490/2440
f 2442/2492/2442 2489/2540/2489 2441/2491/2441
f 2443/2493/2443 2490/2541/2490 2442/2492/2442
f 2444/2494/2444 2491/2542/2491 2443/2493/2443
f 2445/2495/2445 2492/2543/2492 2444/2494/2444
f 2446/2496/2446 2493/2544/2493 2445/2495/2445
f 2447/2497/2447 2494/2545/2494 2446/2496/2446
f 2448/2450/2448 2495/2546/2495 2447/2497/2447
f 2449/2547/2449 2544/2548/2544 2496/2499/2496
f 2450/2501/2450 2497/2549/2497 2449/2500/2449
f 2451/2502/2451 2498/2550/2498 2450/2501/2450
f 2452/2504/2452 2499/2551/2499 2451/2502/2451
f 2453/2552/2453 2500/2553/2500 2452/2504/2452
f 2454/2505/2454 2501/2554/2501 2453/2552/2453
f 2455/2506/2455 2502/2555/2502 2454/2505/2454
f 2456/2507/2456 2503/2556/2503 2455/2506/2455
f 2457/2508/2457 2504/2557/2504 2456/2507/2456
f 2458/2509/2458 2505/2558/2505 2457/2508/2457
f 2459/2510/2459 2506/2559/2506 2458/2509/2458
f 2460/2511/2460 2507/2560/2507 2459/2510/2459
f 2509/2561/2509 2460/2511/2460 2461/2512/2461
f 2510/2562/2510 2461/2512/2461 2462/2513/2462
f 2511/2563/2511 2462/2513/2462 2463/2514/2463
f 2512/2564/2512 2463/2514/2463 2464/2515/2464
f 2513/2565/2513 2464/2515/2464 2465/2516/2465
f 2514/2566/2514 2465/2516/2465 2466/2517/2466
f 2515/2567/2515 2466/2517/2466 2467/2518/2467
f 2516/2568/2516 2467/2518/2467 2468/2519/2468
f 2517/2569/2517 2468/2519/2468 2469/2520/2469
f 2518/2570/2518 2469/2520/2469 2470/2521/2470
f 2519/2571/2519 2470/2521/2470 2471/2522/2471
f 2520/2572/2520 2471/2522/2471 2472/2523/2472
f 2521/2573/2521 2472/2523/2472 2473/2524/2473
f 2522/2574/2522 2473/2524/2473 2474/2525/2474
f 2523/2575/2523 2474/2525/2474 2475/2526/2475
f 2524/2576/2524 2475/2526/2475 2476/2527/2476
f 2525/2577/2525 2476/2527/2476 2477/2528/2477
f 2526/2578/2526 2477/2528/2477 2478/2529/2478
f 2527/2579/2527 2478/2529/2478 2479/2530/2479
f 2528/2580/2528 2479/2530/2479 2480/2531/2480
f 2529/2581/2529 2480/2531/2480 2481/2532/2481
f 2530/2582/2530 2481/2532/2481 2482/2533/2482
f 2531/2583/2531 2482/2533/2482 2483/2534/2483
f 2532/2584/2532 2483/2534/2483 2484/2535/2484
f 2485/2536/2485 2532/2584/2532 2484/2535/2484
f 2486/2537/2486 2533/2585/2533 2485/2536/2485
f 2487/2538/2487 2534/2586/2534 2486/2537/2486
f 2488/2539/2488 2535/2587/2535 2487/2538/2487
f 2489/2540/2489 2536/2588/2536 2488/2539/2488
f 2490/2541/2490 2537/2589/2537 2489/2540/2489
f 2491/2542/2491 2538/2590/2538 2490/2541/2490
f 2492/2543/2492 2539/2591/2539 2491/2542/2491
f 2493/2544/2493 2540/2592/2540 2492/2543/2492
f 2494/2545/2494 2541/2593/2541 2493/2544/2493
f 2495/2546/2495 2542/2594/2542 2494/2545/2494
f 2496/2499/2496 2543/2595/2543 2495/2546/2495
f 2545/2596/2545 2544/2548/2544 2497/2597/2497
f 2546/2598/2546 2497/2549/2497 2498/2550/2498
f 2547/2599/2547 2498/2550/2498 2499/2551/2499
f 2500/2553/2500 2547/2599/2547 2499/2551/2499
f 2501/2554/2501 2548/2600/2548 2500/2553/2500
f 2502/2555/2502 2549/2601/2549 2501/2554/2501
f 2503/2556/2503 2550/2602/2550 2502/2555/2502
f 2504/2557/2504 2551/2603/2551 2503/2556/2503
f 2505/2558/2505 2552/2604/2552 2504/2557/2504
f 2506/2559/2506 2553/2605/2553 2505/2558/2505
f 2507/2560/2507 2554/2606/2554 2506/2559/2506
f 2508/2607/2508 2555/2608/2555 2507/2560/2507
f 2509/2561/2509 2556/2609/2556 2508/2607/2508
f 2510/2562/2510 2557/2610/2557 2509/2561/2509
f 2511/2563/2511 2558/2611/2558 2510/2562/2510
f 2512/2564/2512 2559/2612/2559 2511/2563/2511
f 2513/2565/2513 2560/2613/2560 2512/2564/2512
f 2514/2566/2514 2561/2614/2561 2513/2565/2513
f 2515/2567/2515 2562/2615/2562 2514/2566/2514
f 2516/2568/2516 2563/2616/2563 2515/2567/2515
f 2517/2569/2517 2564/2617/2564 2516/2568/2516
f 2518/2570/2518 2565/2618/2565 2517/2569/2517
f 2519/2571/2519 2566/2619/2566 2518/2570/2518
f 2520/2572/2520 2567/2620/2567 2519/2571/2519
f 2521/2573/2521 2568/2621/2568 2520/2572/2520
f 2522/2574/2522 2569/2622/2569 2521/2573/2521
f 2523/2575/2523 2570/2623/2570 2522/2574/2522
f 2572/2624/2572 2523/2575/2523 2524/2576/2524
f 2573/2625/2573 2524/2576/2524 2525/2577/2525
f 2574/2626/2574 2525/2577/2525 2526/2578/2526
f 2575/2627/2575 2526/2578/2526 2527/2579/2527
f 2576/2628/2576 2527/2579/2527 2528/2580/2528
f 2577/2629/2577 2528/2580/2528 2529/2581/2529
f 2578/2630/2578 2529/2581/2529 2530/2582/2530
f 2579/2631/2579 2530/2582/2530 2531/2583/2531
f 2580/2632/2580 2531/2583/2531 2532/2584/2532
f 2581/2633/2581 2532/2584/2532 2533/2585/2533
f 2582/2634/2582 2533/2585/2533 2534/2586/2534
f 2583/2635/2583 2534/2586/2534 2535/2587/2535
f 2584/2636/2584 2535/2587/2535 2536/2588/2536
f 2585/2637/2585 2536/2588/2536 2537/2589/2537
f 2586/2638/2586 2537/2589/2537 2538/2590/2538
f 2587/2639/2587 2538/2590/2538 2539/2591/2539
f 2588/2640/2588 2539/2591/2539 2540/2592/2540
f 2589/2641/2589 2540/2592/2540 2541/2593/2541
f 2590/2642/2590 2541/2593/2541 2542/2594/2542
f 2591/2643/2591 2542/2594/2542 2543/2595/2543
f 2592/2644/2592 2543/2595/2543 2544/2548/2544
f 2593/2645/2593 2592/2644/2592 2545/2596/2545
f 2594/2646/2594 2545/2647/2545 2546/2598/2546
f 2595/2648/2595 2546/2598/2546 2547/2599/2547
f 2596/2649/2596 2547/2599/2547 2548/2600/2548
f 2549/2601/2549 2596/2649/2596 2548/2600/2548
f 2550/2602/2550 2597/2650/2597 2549/2601/2549
f 2551/2603/2551 2598/2651/2598 2550/2602/2550
f 2552/2604/2552 2599/2652/2599 2551/2603/2551
f 2553/2605/2553 2600/2653/2600 2552/2604/2552
f 2554/2606/2554 2601/2654/2601 2553/2605/2553
f 2555/2608/2555 2602/2655/2602 2554/2606/2554
f 2556/2609/2556 2603/2656/2603 2555/2608/2555
f 2557/2610/2557 2604/2657/2604 2556/2609/2556
f 2558/2611/2558 2605/2658/2605 2557/2610/2557
f 2559/2612/2559 2606/2659/2606 2558/2611/2558
f 2560/2613/2560 2607/2660/2607 2559/2612/2559
f 2561/2614/2561 2608/2661/2608 2560/2613/2560
f 2562/2615/2562 2609/2662/2609 2561/2614/2561
f 2563/2616/2563 2610/2663/2610 2562/2615/2562
f 2564/2617/2564 2611/2664/2611 2563/2616/2563
f 2565/2618/2565 2612/2665/2612 2564/2617/2564
f 2566/2619/2566 2613/2666/2613 2565/2618/2565
f 2567/2620/2567 2614/2667/2614 2566/2619/2566
f 2568/2621/2568 2615/2668/2615 2567/2620/2567
f 2569/2622/2569 2616/2669/2616 2568/2621/2568
f 2570/2623/2570 2617/2670/2617 2569/2622/2569
f 2571/2671/2571 2618/2672/2618 2570/2623/2570
f 2572/2624/2572 2619/2673/2619 2571/2671/2571
f 2621/2674/2621 2572/2624/2572 2573/2625/2573
f 2622/2675/2622 2573/2625/2573 2574/2626/2574
f 2623/2676/2623 2574/2626/2574 2575/2627/2575
f 2624/2677/2624 2575/2627/2575 2576/2628/2576
f 2625/2678/2625 2576/2628/2576 2577/2629/2577
f 2626/2679/2626 2577/2629/2577 2578/2630/2578
f 2627/2680/2627 2578/2630/2578 2579/2631/2579
f 2628/2681/2628 2579/2631/2579 2580/2632/2580
f 2629/2682/2629 2580/2632/2580 2581/2633/2581
f 2630/2683/2630 2581/2633/2581 2582/2634/2582
f 2631/2684/2631 2582/2634/2582 2583/2635/2583
f 2632/2685/2632 2583/2635/2583 2584/2636/2584
f 2633/2686/2633 2584/2636/2584 2585/2637/2585
f 2634/2687/2634 2585/2637/2585 2586/2638/2586
f 2635/2688/2635 2586/2638/2586 2587/2639/2587
f 2636/2689/2636 2587/2639/2587 2588/2640/2588
f 2637/2690/2637 2588/2640/2588 2589/2641/2589
f 2638/2691/2638 2589/2641/2589 2590/2642/2590
f 2639/2692/2639 2590/2642/2590 2591/2643/2591
f 2640/2693/2640 2591/2643/2591 2592/2644/2592
f 2641/2694/2641 2640/2693/2640 2593/2645/2593
f 2642/2695/2642 2593/2696/2593 2594/2646/2594
f 2643/2697/2643 2594/2646/2594 2595/2648/2595
f 2644/2698/2644 2595/2648/2595 2596/2649/2596
f 2597/2650/2597 2644/2698/2644 2596/2649/2596
f 2598/2651/2598 2645/2699/2645 2597/2650/2597
f 2599/2652/2599 2646/2700/2646 2598/2651/2598
f 2600/2653/2600 2647/2701/2647 2599/2652/2599
f 2601/2654/2601 2648/2702/2648 2600/2653/2600
f 2602/2655/2602 2649/2703/2649 2601/2654/2601
f 2603/2656/2603 2650/2704/2650 2602/2655/2602
f 2604/2657/2604 2651/2705/2651 2603/2656/2603
f 2605/2658/2605 2652/2706/2652 2604/2657/2604
f 2606/2659/2606 2653/2707/2653 2605/2658/2605
f 2607/2660/2607 2654/2708/2654 2606/2659/2606
f 2608/2661/2608 2655/2709/2655 2607/2660/2607
f 2609/2662/2609 2656/2710/2656 2608/2661/2608
f 2610/2663/2610 2657/2711/2657 2609/2662/2609
f 2611/2664/2611 2658/2712/2658 2610/2663/2610
f 2612/2665/2612 2659/2713/2659 2611/2664/2611
f 2613/2666/2613 2660/2714/2660 2612/2665/2612
f 2614/2667/2614 2661/2715/2661 2613/2666/2613
f 2615/2668/2615 2662/2716/2662 2614/2667/2614
f 2616/2669/2616 2663/2717/2663 2615/2668/2615
f 2617/2670/2617 2664/2718/2664 2616/2669/2616
f 2618/2672/2618 2665/2719/2665 2617/2670/2617
f 2619/2673/2619 2666/2720/2666 2618/2672/2618
f 2620/2721/2620 2667/2722/2667 2619/2673/2619
f 2669/2723/2669 2620/2721/2620 2621/2674/2621
f 2670/2724/2670 2621/2674/2621 2622/2675/2622
f 2671/2725/2671 2622/2675/2622 2623/2676/2623
f 2672/2726/2672 2623/2676/2623 2624/2677/2624
f 2673/2727/2673 2624/2677/2624 2625/2678/2625
f 2674/2728/2674 2625/2678/2625 2626/2679/2626
f 2675/2729/2675 2626/2679/2626 2627/2680/2627
f 2676/2730/2676 2627/2680/2627 2628/2681/2628
f 2677/2731/2677 2628/2681/2628 2629/2682/2629
f 2678/2732/2678 2629/2682/2629 2630/2683/2630
f 2679/2733/2679 2630/2683/2630 2631/2684/2631
f 2680/2734/2680 2631/2684/2631 2632/2685/2632
f 2681/2735/2681 2632/2685/2632 2633/2686/2633
f 2682/2736/2682 2633/2686/2633 2634/2687/2634
f 2683/2737/2683 2634/2687/2634 2635/2688/2635
f 2684/2738/2684 2635/2688/2635 2636/2689/2636
f 2685/2739/2685 2636/2689/2636 2637/2690/2637
f 2686/2740/2686 2637/2690/2637 2638/2691/2638
f 2687/2741/2687 2638/2691/2638 2639/2692/2639
f 2688/2742/2688 2639/2692/2639 2640/2693/2640
f 2689/2743/2689 2688/2742/2688 2641/2694/2641
f 2690/2744/2690 2641/2745/2641 2642/2695/2642
f 2691/2746/2691 2642/2695/2642 2643/2697/2643
f 2692/2747/2692 2643/2697/2643 2644/2698/2644
f 2645/2699/2645 2692/2747/2692 2644/2698/2644
f 2646/2700/2646 2693/2748/2693 2645/2699/2645
f 2647/2701/2647 2694/2749/2694 2646/2700/2646
f 2648/2702/2648 2695/2750/2695 2647/2701/2647
f 2649/2703/2649 2696/2751/2696 2648/2702/2648
f 2650/2704/2650 2697/2752/2697 2649/2703/2649
f 2651/2705/2651 2698/2753/2698 2650/2704/2650
f 2652/2706/2652 2699/2754/2699 2651/2705/2651
f 2653/2707/2653 2700/2755/2700 2652/2706/2652
f 2654/2708/2654 2701/2756/2701 2653/2707/2653
f 2655/2709/2655 2702/2757/2702 2654/2708/2654
f 2656/2710/2656 2703/2758/2703 2655/2709/2655
f 2657/2711/2657 2704/2759/2704 2656/2710/2656
f 2658/2712/2658 2705/2760/2705 2657/2711/2657
f 2659/2713/2659 2706/2761/2706 2658/2712/2658
f 2660/2714/2660 2707/2762/2707 2659/2713/2659
f 2661/2715/2661 2708/2763/2708 2660/2714/2660
f 2662/2716/2662 2709/2764/2709 2661/2715/2661
f 2663/2717/2663 2710/2765/2710 2662/2716/2662
f 2664/2718/2664 2711/2766/2711 2663/2717/2663
f 2665/2719/2665 2712/2767/2712 2664/2718/2664
f 2666/2720/2666 2713/2768/2713 2665/2719/2665
f 2667/2722/2667 2714/2769/2714 2666/2720/2666
f 2668/2770/2668 2715/2771/2715 2667/2722/2667
f 2717/2772/2717 2668/2770/2668 2669/2723/2669
f 2718/2773/2718 2669/2723/2669 2670/2724/2670
f 2719/2774/2719 2670/2724/2670 2671/2725/2671
f 2720/2775/2720 2671/2725/2671 2672/2726/2672
f 2721/2776/2721 2672/2726/2672 2673/2727/2673
f 2722/2777/2722 2673/2727/2673 2674/2728/2674
f 2723/2778/2723 2674/2728/2674 2675/2729/2675
f 2724/2779/2724 2675/2729/2675 2676/2730/2676
f 2725/2780/2725 2676/2730/2676 2677/2731/2677
f 2726/2781/2726 2677/2731/2677 2678/2732/2678
f 2727/2782/2727 2678/2732/2678 2679/2733/2679
f 2728/2783/2728 2679/2733/2679 2680/2734/2680
f 2729/2784/2729 2680/2734/2680 2681/2735/2681
f 2730/2785/2730 2681/2735/2681 2682/2736/2682
f 2731/2786/2731 2682/2736/2682 2683/2737/2683
f 2732/2787/2732 2683/2737/2683 2684/2738/2684
f 2733/2788/2733 2684/2738/2684 2685/2739/2685
f 2734/2789/2734 2685/2739/2685 2686/2740/2686
f 2735/2790/2735 2686/2740/2686 2687/2741/2687
f 2736/2791/2736 2687/2741/2687 2688/2742/2688
f 2737/2792/2737 2736/2791/2736 2689/2743/2689
f 2738/2793/2738 2689/2794/2689 2690/2744/2690
f 2739/2795/2739 2690/2744/2690 2691/2746/2691
f 2740/2796/2740 2691/2746/2691 2692/2747/2692
f 2693/2748/2693 2740/2796/2740 2692/2747/2692
f 2694/2749/2694 2741/2797/2741 2693/2748/2693
f 2695/2750/2695 2742/2798/2742 2694/2749/2694
f 2696/2751/2696 2743/2799/2743 2695/2750/2695
f 2697/2752/2697 2744/2800/2744 2696/2751/2696
f 2698/2753/2698 2745/2801/2745 2697/2752/2697
f 2699/2754/2699 2746/2802/2746 2698/2753/2698
f 2700/2755/2700 2747/2803/2747 2699/2754/2699
f 2701/2756/2701 2748/2804/2748 2700/2755/2700
f 2702/2757/2702 2749/2805/2749 2701/2756/2701
f 2703/2758/2703 2750/2806/2750 2702/2757/2702
f 2704/2759/2704 2751/2807/2751 2703/2758/2703
f 2705/2760/2705 2752/2808/2752 2704/2759/2704
f 2706/2761/2706 2753/2809/2753 2705/2760/2705
f 2707/2762/2707 2754/2810/2754 2706/2761/2706
f 2708/2763/2708 2755/2811/2755 2707/2762/2707
f 2709/2764/2709 2756/2812/2756 2708/2763/2708
f 2710/2765/2710 2757/2813/2757 2709/2764/2709
f 2711/2766/2711 2758/2814/2758 2710/2765/2710
f 2712/2767/2712 2759/2815/2759 2711/2766/2711
f 2713/2768/2713 2760/2816/2760 2712/2767/2712
f 2714/2769/2714 2761/2817/2761 2713/2768/2713
f 2715/2771/2715 2762/2818/2762 2714/2769/2714
f 2716/2819/2716 2763/2820/2763 2715/2771/2715
f 2765/2821/2765 2716/2819/2716 2717/2772/2717
f 2766/2822/2766 2717/2772/2717 2718/2773/2718
f 2767/2823/2767 2718/2773/2718 2719/2774/2719
f 2768/2824/2768 2719/2774/2719 2720/2775/2720
f 2769/2825/2769 2720/2775/2720 2721/2776/2721
f 2770/2826/2770 2721/2776/2721 2722/2777/2722
f 2771/2827/2771 2722/2777/2722 2723/2778/2723
f 2772/2828/2772 2723/2778/2723 2724/2779/2724
f 2773/2829/2773 2724/2779/2724 2725/2780/2725
f 2774/2830/2774 2725/2780/2725 2726/2781/2726
f 2775/2831/2775 2726/2781/2726 2727/2782/2727
f 2776/2832/2776 2727/2782/2727 2728/2783/2728
f 2777/2833/2777 2728/2783/2728 2729/2784/2729
f 2778/2834/2778 2729/2784/2729 2730/2785/2730
f 2779/2835/2779 2730/2785/2730 2731/2786/2731
f 2780/2836/2780 2731/2786/2731 2732/2787/2732
f 2781/2837/2781 2732/2787/2732 2733/2788/2733
f 2782/2838/2782 2733/2788/2733 2734/2789/2734
f 2783/2839/2783 2734/2789/2734 2735/2790/2735
f 2784/2840/2784 2735/2790/2735 2736/2791/2736
f 2737/2792/2737 2832/2841/2832 2784/2840/2784
f 2738/2793/2738 2785/2842/2785 2737/2843/2737
f 2739/2795/2739 2786/2844/2786 2738/2793/2738
f 2740/2796/2740 2787/2845/2787 2739/2795/2739
f 2789/2846/2789 2740/2796/2740 2741/2797/2741
f 2790/2847/2790 2741/2797/2741 2742/2798/2742
f 2791/2848/2791 2742/2798/2742 2743/2799/2743
f 2792/2849/2792 2743/2799/2743 2744/2800/2744
f 2793/2850/2793 2744/2800/2744 2745/2801/2745
f 2794/2851/2794 2745/2801/2745 2746/2802/2746
f 2795/2852/2795 2746/2802/2746 2747/2803/2747
f 2796/2853/2796 2747/2803/2747 2748/2804/2748
f 2797/2854/2797 2748/2804/2748 2749/2805/2749
f 2798/2855/2798 2749/2805/2749 2750/2806/2750
f 2799/2856/2799 2750/2806/2750 2751/2807/2751
f 2800/2857/2800 2751/2807/2751 2752/2808/2752
f 2801/2858/2801 2752/2808/2752 2753/2809/2753
f 2802/2859/2802 2753/2809/2753 2754/2810/2754
f 2803/2860/2803 2754/2810/2754 2755/2811/2755
f 2804/2861/2804 2755/2811/2755 2756/2812/2756
f 2805/2862/2805 2756/2812/2756 2757/2813/2757
f 2806/2863/2806 2757/2813/2757 2758/2814/2758
f 2807/2864/2807 2758/2814/2758 2759/2815/2759
f 2808/2865/2808 2759/2815/2759 2760/2816/2760
f 2809/2866/2809 2760/2816/2760 2761/2817/2761
f 2810/2867/2810 2761/2817/2761 2762/2818/2762
f 2811/2868/2811 2762/2818/2762 2763/2820/2763
f 2812/2869/2812 2763/2820/2763 2764/2870/2764
f 2765/2821/2765 2812/2869/2812 2764/2870/2764
f 2766/2822/2766 2813/2871/2813 2765/2821/2765
f 2767/2823/2767 2814/2872/2814 2766/2822/2766
f 2768/2824/2768 2815/2873/2815 2767/2823/2767
f 2769/2825/2769 2816/2874/2816 2768/2824/2768
f 2770/2826/2770 2817/2875/2817 2769/2825/2769
f 2771/2827/2771 2818/2876/2818 2770/2826/2770
f 2772/2828/2772 2819/2877/2819 2771/2827/2771
f 2773/2829/2773 2820/2878/2820 2772/2828/2772
f 2774/2830/2774 2821/2879/2821 2773/2829/2773
f 2775/2831/2775 2822/2880/2822 2774/2830/2774
f 2776/2832/2776 2823/2881/2823 2775/2831/2775
f 2777/2833/2777 2824/2882/2824 2776/2832/2776
f 2778/2834/2778 2825/2883/2825 2777/2833/2777
f 2779/2835/2779 2826/2884/2826 2778/2834/2778
f 2780/2836/2780 2827/2885/2827 2779/2835/2779
f 2781/2837/2781 2828/2886/2828 2780/2836/2780
f 2782/2838/2782 2829/2887/2829 2781/2837/2781
f 2783/2839/2783 2830/2888/2830 2782/2838/2782
f 2784/2840/2784 2831/2889/2831 2783/2839/2783
f 2785/2890/2785 2880/2891/2880 2832/2841/2832
f 2786/2844/2786 2833/2892/2833 2785/2842/2785
f 2787/2845/2787 2834/2893/2834 2786/2844/2786
f 2788/2894/2788 2835/2895/2835 2787/2845/2787
f 2837/2896/2837 2788/2894/2788 2789/2846/2789
f 2838/2897/2838 2789/2846/2789 2790/2847/2790
f 2839/2898/2839 2790/2847/2790 2791/2848/2791
f 2840/2899/2840 2791/2848/2791 2792/2849/2792
f 2841/2900/2841 2792/2849/2792 2793/2850/2793
f 2842/2901/2842 2793/2850/2793 2794/2851/2794
f 2843/2902/2843 2794/2851/2794 2795/2852/2795
f 2844/2903/2844 2795/2852/2795 2796/2853/2796
f 2845/2904/2845 2796/2853/2796 2797/2854/2797
f 2846/2905/2846 2797/2854/2797 2798/2855/2798
f 2847/2906/2847 2798/2855/2798 2799/2856/2799
f 2848/2907/2848 2799/2856/2799 2800/2857/2800
f 2849/2908/2849 2800/2857/2800 2801/2858/2801
f 2850/2909/2850 2801/2858/2801 2802/2859/2802
f 2851/2910/2851 2802/2859/2802 2803/2860/2803
f 2852/2911/2852 2803/2860/2803 2804/2861/2804
f 2853/2912/2853 2804/2861/2804 2805/2862/2805
f 2854/2913/2854 2805/2862/2805 2806/2863/2806
f 2855/2914/2855 2806/2863/2806 2807/2864/2807
f 2856/2915/2856 2807/2864/2807 2808/2865/2808
f 2857/2916/2857 2808/2865/2808 2809/2866/2809
f 2858/2917/2858 2809/2866/2809 2810/2867/2810
f 2859/2918/2859 2810/2867/2810 2811/2868/2811
f 2860/2919/2860 2811/2868/2811 2812/2869/2812
f 2813/2871/2813 2860/2919/2860 2812/2869/2812
f 2814/2872/2814 2861/2920/2861 2813/2871/2813
f 2815/2873/2815 2862/2921/2862 2814/2872/2814
f 2816/2874/2816 2863/2922/2863 2815/2873/2815
f 2817/2875/2817 2864/2923/2864 2816/2874/2816
f 2818/2876/2818 2865/2924/2865 2817/2875/2817
f 2819/2877/2819 2866/2925/2866 2818/2876/2818
f 2820/2878/2820 2867/2926/2867 2819/2877/2819
f 2821/2879/2821 2868/2927/2868 2820/2878/2820
f 2822/2880/2822 2869/2928/2869 2821/2879/2821
f 2823/2881/2823 2870/2929/2870 2822/2880/2822
f 2824/2882/2824 2871/2930/2871 2823/2881/2823
f 2825/2883/2825 2872/2931/2872 2824/2882/2824
f 2826/2884/2826 2873/2932/2873 2825/2883/2825
f 2827/2885/2827 2874/2933/2874 2826/2884/2826
f 2828/2886/2828 2875/2934/2875 2827/2885/2827
f 2829/2887/2829 2876/2935/2876 2828/2886/2828
f 2830/2888/2830 2877/2936/2877 2829/2887/2829
f 2831/2889/2831 2878/2937/2878 2830/2888/2830
f 2832/2841/2832 2879/2938/2879 2831/2889/2831
f 2881/2939/2881 2880/2891/2880 2833/2940/2833
f 2882/2941/2882 2833/2892/2833 2834/2893/2834
f 2883/2942/2883 2834/2893/2834 2835/2895/2835
f 2884/2943/2884 2835/2895/2835 2836/2944/2836
f 2885/2945/2885 2836/2944/2836 2837/2896/2837
f 2886/2946/2886 2837/2896/2837 2838/2897/2838
f 2887/2947/2887 2838/2897/2838 2839/2898/2839
f 2888/2948/2888 2839/2898/2839 2840/2899/2840
f 2889/2949/2889 2840/2899/2840 2841/2900/2841
f 2842/2901/2842 2889/2949/2889 2841/2900/2841
f 2843/2902/2843 2890/2950/2890 2842/2901/2842
f 2844/2903/2844 2891/2951/2891 2843/2902/2843
f 2845/2904/2845 2892/2952/2892 2844/2903/2844
f 2846/2905/2846 2893/2953/2893 2845/2904/2845
f 2847/2906/2847 2894/2954/2894 2846/2905/2846
f 2848/2907/2848 2895/2955/2895 2847/2906/2847
f 2849/2908/2849 2896/2956/2896 2848/2907/2848
f 2850/2909/2850 2897/2957/2897 2849/2908/2849
f 2851/2910/2851 2898/2958/2898 2850/2909/2850
f 2852/2911/2852 2899/2959/2899 2851/2910/2851
f 2853/2912/2853 2900/2960/2900 2852/2911/2852
f 2854/2913/2854 2901/2961/2901 2853/2912/2853
f 2855/2914/2855 2902/2962/2902 2854/2913/2854
f 2856/2915/2856 2903/2963/2903 2855/2914/2855
f 2857/2916/2857 2904/2964/2904 2856/2915/2856
f 2858/2917/2858 2905/2965/2905 2857/2916/2857
f 2859/2918/2859 2906/2966/2906 2858/2917/2858
f 2860/2919/2860 2907/2967/2907 2859/2918/2859
f 2861/2920/2861 2908/2968/2908 2860/2919/2860
f 2862/2921/2862 2909/2969/2909 2861/2920/2861
f 2863/2922/2863 2910/2970/2910 2862/2921/2862
f 2864/2923/2864 2911/2971/2911 2863/2922/2863
f 2865/2924/2865 2912/2972/2912 2864/2923/2864
f 2914/2973/2914 2865/2924/2865 2866/2925/2866
f 2915/2974/2915 2866/2925/2866 2867/2926/2867
f 2916/2975/2916 2867/2926/2867 2868/2927/2868
f 2917/2976/2917 2868/2927/2868 2869/2928/2869
f 2918/2977/2918 2869/2928/2869 2870/2929/2870
f 2919/2978/2919 2870/2929/2870 2871/2930/2871
f 2920/2979/2920 2871/2930/2871 2872/2931/2872
f 2921/2980/2921 2872/2931/2872 2873/2932/2873
f 2922/2981/2922 2873/2932/2873 2874/2933/2874
f 2923/2982/2923 2874/2933/2874 2875/2934/2875
f 2924/2983/2924 2875/2934/2875 2876/2935/2876
f 2925/2984/2925 2876/2935/2876 2877/2936/2877
f 2926/2985/2926 2877/2936/2877 2878/2937/2878
f 2927/2986/2927 2878/2937/2878 2879/2938/2879
f 2928/2987/2928 2879/2938/2879 2880/2891/2880
f 2929/2988/2929 2928/2987/2928 2881/2939/2881
f 2930/2989/2930 2881/2990/2881 2882/2941/2882
f 2931/2991/2931 2882/2941/2882 2883/2942/2883
f 2932/2992/2932 2883/2942/2883 2884/2943/2884
f 2933/2993/2933 2884/2943/2884 2885/2945/2885
f 2934/2994/2934 2885/2945/2885 2886/2946/2886
f 2935/2995/2935 2886/2946/2886 2887/2947/2887
f 2936/2996/2936 2887/2947/2887 2888/2948/2888
f 2937/2997/2937 2888/2948/2888 2889/2949/2889
f 2890/2950/2890 2937/2997/2937 2889/2949/2889
f 2891/2951/2891 2938/2998/2938 2890/2950/2890
f 2892/2952/2892 2939/2999/2939 2891/2951/2891
f 2893/2953/2893 2940/3000/2940 2892/2952/2892
f 2894/2954/2894 2941/3001/2941 2893/2953/2893
f 2895/2955/2895 2942/3002/2942 2894/2954/2894
f 2896/2956/2896 2943/3003/2943 2895/2955/2895
f 2897/2957/2897 2944/3004/2944 2896/2956/2896
f 2898/2958/2898 2945/3005/2945 2897/2957/2897
f 2899/2959/2899 2946/3006/2946 2898/2958/2898
f 2900/2960/2900 2947/3007/2947 2899/2959/2899
f 2901/2961/2901 2948/3008/2948 2900/2960/2900
f 2902/2962/2902 2949/3009/2949 2901/2961/2901
f 2903/2963/2903 2950/3010/2950 2902/2962/2902
f 2904/2964/2904 2951/3011/2951 2903/2963/2903
f 2905/2965/2905 2952/3012/2952 2904/2964/2904
f 2906/2966/2906 2953/3013/2953 2905/2965/2905
f 2907/2967/2907 2954/3014/2954 2906/2966/2906
f 2908/2968/2908 2955/3015/2955 2907/2967/2907
f 2909/2969/2909 2956/3016/2956 2908/2968/2908
f 2910/2970/2910 2957/3017/2957 2909/2969/2909
f 2911/2971/2911 2958/3018/2958 2910/2970/2910
f 2912/2972/2912 2959/3019/2959 2911/2971/2911
f 2913/3020/2913 2960/3021/2960 2912/2972/2912
f 2962/3022/2962 2913/3020/2913 2914/2973/2914
f 2963/3023/2963 2914/2973/2914 2915/2974/2915
f 2964/3024/2964 2915/2974/2915 2916/2975/2916
f 2965/3025/2965 2916/2975/2916 2917/2976/2917
f 2966/3026/2966 2917/2976/2917 2918/2977/2918
f 2967/3027/2967 2918/2977/2918 2919/2978/2919
f 2968/3028/2968 2919/2978/2919 2920/2979/2920
f 2969/3029/2969 2920/2979/2920 2921/2980/2921
f 2970/3030/2970 2921/2980/2921 2922/2981/2922
f 2971/3031/2971 2922/2981/2922 2923/2982/2923
f 2972/3032/2972 2923/2982/2923 2924/2983/2924
f 2973/3033/2973 2924/2983/2924 2925/2984/2925
f 2974/3034/2974 2925/2984/2925 2926/2985/2926
f 2975/3035/2975 2926/2985/2926 2927/2986/2927
f 2976/3036/2976 2927/2986/2927 2928/2987/2928
f 2929/2988/2929 3024/3037/3024 2976/3036/2976
f 2930/2989/2930 2977/3038/2977 2929/3039/2929
f 2931/2991/2931 2978/3040/2978 2930/2989/2930
f 2932/2992/2932 2979/3041/2979 2931/2991/2931
f 2933/2993/2933 2980/3042/2980 2932/2992/2932
f 2934/2994/2934 2981/3043/2981 2933/2993/2933
f 2935/2995/2935 2982/3044/2982 2934/2994/2934
f 2984/3045/2984 2935/2995/2935 2936/2996/2936
f 2985/3046/2985 2936/2996/2936 2937/2997/2937
f 2986/3047/2986 2937/2997/2937 2938/2998/2938
f 2987/3048/2987 2938/2998/2938 2939/2999/2939
f 2988/3049/2988 2939/2999/2939 2940/3000/2940
f 2989/3050/2989 2940/3000/2940 2941/3001/2941
f 2990/3051/2990 2941/3001/2941 2942/3002/2942
f 2991/3052/2991 2942/3002/2942 2943/3003/2943
f 2992/3053/2992 2943/3003/2943 2944/3004/2944
f 2993/3054/2993 2944/3004/2944 2945/3005/2945
f 2994/3055/2994 2945/3005/2945 2946/3006/2946
f 2995/3056/2995 2946/3006/2946 2947/3007/2947
f 2996/3057/2996 2947/3007/2947 2948/3008/2948
f 2997/3058/2997 2948/3008/2948 2949/3009/2949
f 2998/3059/2998 2949/3009/2949 2950/3010/2950
f 2999/3060/2999 2950/3010/2950 2951/3011/2951
f 3000/3061/3000 2951/3011/2951 2952/3012/2952
f 3001/3062/3001 2952/3012/2952 2953/3013/2953
f 3002/3063/3002 2953/3013/2953 2954/3014/2954
f 3003/3064/3003 2954/3014/2954 2955/3015/2955
f 3004/3065/3004 2955/3015/2955 2956/3016/2956
f 3005/3066/3005 2956/3016/2956 2957/3017/2957
f 3006/3067/3006 2957/3017/2957 2958/3018/2958
f 3007/3068/3007 2958/3018/2958 2959/3019/2959
f 2960/3021/2960 3007/3068/3007 2959/3019/2959
f 2961/3069/2961 3008/3070/3008 2960/3021/2960
f 2962/3022/2962 3009/3071/3009 2961/3069/2961
f 2963/3023/2963 3010/3072/3010 2962/3022/2962
f 2964/3024/2964 3011/3073/3011 2963/3023/2963
f 2965/3025/2965 3012/3074/3012 2964/3024/2964
f 2966/3026/2966 3013/3075/3013 2965/3025/2965
f 2967/3027/2967 3014/3076/3014 2966/3026/2966
f 2968/3028/2968 3015/3077/3015 2967/3027/2967
f 2969/3029/2969 3016/3078/3016 2968/3028/2968
f 2970/3030/2970 3017/3079/3017 2969/3029/2969
f 2971/3031/2971 3018/3080/3018 2970/3030/2970
f 2972/3032/2972 3019/3081/3019 2971/3031/2971
f 2973/3033/2973 3020/3082/3020 2972/3032/2972
f 2974/3034/2974 3021/3083/3021 2973/3033/2973
f 2975/3035/2975 3022/3084/3022 2974/3034/2974
f 2976/3036/2976 3023/3085/3023 2975/3035/2975
f 2977/3086/2977 3072/3087/3072 3024/3037/3024
f 2978/3040/2978 3025/3088/3025 2977/3038/2977
f 2979/3041/2979 3026/3089/3026 2978/3040/2978
f 2980/3042/2980 3027/3090/3027 2979/3041/2979
f 2981/3043/2981 3028/3091/3028 2980/3042/2980
f 2982/3044/2982 3029/3092/3029 2981/3043/2981
f 2983/3093/2983 3030/3094/3030 2982/3044/2982
f 3032/3095/3032 2983/3093/2983 2984/3045/2984
f 3033/3096/3033 2984/3045/2984 2985/3046/2985
f 3034/3097/3034 2985/3046/2985 2986/3047/2986
f 3035/3098/3035 2986/3047/2986 2987/3048/2987
f 3036/3099/3036 2987/3048/2987 2988/3049/2988
f 3037/3100/3037 2988/3049/2988 2989/3050/2989
f 3038/3101/3038 2989/3050/2989 2990/3051/2990
f 3039/3102/3039 2990/3051/2990 2991/3052/2991
f 3040/3103/3040 2991/3052/2991 2992/3053/2992
f 3041/3104/3041 2992/3053/2992 2993/3054/2993
f 3042/3105/3042 2993/3054/2993 2994/3055/2994
f 3043/3106/3043 2994/3055/2994 2995/3056/2995
f 3044/3107/3044 2995/3056/2995 2996/3057/2996
f 3045/3108/3045 2996/3057/2996 2997/3058/2997
f 3046/3109/3046 2997/3058/2997 2998/3059/2998
f 3047/3110/3047 2998/3059/2998 2999/3060/2999
f 3048/3111/3048 2999/3060/2999 3000/3061/3000
f 3049/3112/3049 3000/3061/3000 3001/3062/3001
f 3050/3113/3050 3001/3062/3001 3002/3063/3002
f 3051/3114/3051 3002/3063/3002 3003/3064/3003
f 3052/3115/3052 3003/3064/3003 3004/3065/3004
f 3053/3116/3053 3004/3065/3004 3005/3066/3005
f 3054/3117/3054 3005/3066/3005 3006/3067/3006
f 3055/3118/3055 3006/3067/3006 3007/3068/3007
f 3008/3070/3008 3055/3118/3055 3007/3068/3007
f 3009/3071/3009 3056/3119/3056 3008/3070/3008
f 3010/3072/3010 3057/3120/3057 3009/3071/3009
f 3011/3073/3011 3058/3121/3058 3010/3072/3010
f 3012/3074/3012 3059/3122/3059 3011/3073/3011
f 3013/3075/3013 3060/3123/3060 3012/3074/3012
f 3014/3076/3014 3061/3124/3061 3013/3075/3013
f 3015/3077/3015 3062/3125/3062 3014/3076/3014
f 3016/3078/3016 3063/3126/3063 3015/3077/3015
f 3017/3079/3017 3064/3127/3064 3016/3078/3016
f 3018/3080/3018 3065/3128/3065 3017/3079/3017
f 3019/3081/3019 3066/3129/3066 3018/3080/3018
f 3020/3082/3020 3067/3130/3067 3019/3081/3019
f 3021/3083/3021 3068/3131/3068 3020/3082/3020
f 3022/3084/3022 3069/3132/3069 3021/3083/3021
f 3023/3085/3023 3070/3133/3070 3022/3084/3022
f 3024/3037/3024 3071/3134/3071 3023/3085/3023
f 3025/3135/3025 3120/3136/3120 3072/3087/3072
f 3026/3089/3026 3073/3137/3073 3025/3088/3025
f 3027/3090/3027 3074/3138/3074 3026/3089/3026
f 3028/3091/3028 3075/3139/3075 3027/3090/3027
f 3029/3092/3029 3076/3140/3076 3028/3091/3028
f 3030/3094/3030 3077/3141/3077 3029/3092/3029
f 3031/3142/3031 3078/3143/3078 3030/3094/3030
f 3080/3144/3080 3031/3142/3031 3032/3095/3032
f 3081/3145/3081 3032/3095/3032 3033/3096/3033
f 3082/3146/3082 3033/3096/3033 3034/3097/3034
f 3083/3147/3083 3034/3097/3034 3035/3098/3035
f 3084/3148/3084 3035/3098/3035 3036/3099/3036
f 3085/3149/3085 3036/3099/3036 3037/3100/3037
f 3086/3150/3086 3037/3100/3037 3038/3101/3038
f 3087/3151/3087 3038/3101/3038 3039/3102/3039
f 3088/3152/3088 3039/3102/3039 3040/3103/3040
f 3089/3153/3089 3040/3103/3040 3041/3104/3041
f 3090/3154/3090 3041/3104/3041 3042/3105/3042
f 3091/3155/3091 3042/3105/3042 3043/3106/3043
f 3092/3156/3092 3043/3106/3043 3044/3107/3044
f 3093/3157/3093 3044/3107/3044 3045/3108/3045
f 3094/3158/3094 3045/3108/3045 3046/3109/3046
f 3095/3159/3095 3046/3109/3046 3047/3110/3047
f 3096/3160/3096 3047/3110/3047 3048/3111/3048
f 3097/3161/3097 3048/3111/3048 3049/3112/3049
f 3098/3162/3098 3049/3112/3049 3050/3113/3050
f 3099/3163/3099 3050/3113/3050 3051/3114/3051
f 3100/3164/3100 3051/3114/3051 3052/3115/3052
f 3101/3165/3101 3052/3115/3052 3053/3116/3053
f 3102/3166/3102 3053/3116/3053 3054/3117/3054
f 3103/3167/3103 3054/3117/3054 3055/3118/3055
f 3056/3119/3056 3103/3167/3103 3055/3118/3055
f 3057/3120/3057 3104/3168/3104 3056/3119/3056
f 3058/3121/3058 3105/3169/3105 3057/3120/3057
f 3059/3122/3059 3106/3170/3106 3058/3121/3058
f 3060/3123/3060 3107/3171/3107 3059/3122/3059
f 3061/3124/3061 3108/3172/3108 3060/3123/3060
f 3062/3125/3062 3109/3173/3109 3061/3124/3061
f 3063/3126/3063 3110/3174/3110 3062/3125/3062
f 3064/3127/3064 3111/3175/3111 3063/3126/3063
f 3065/3128/3065 3112/3176/3112 3064/3127/3064
f 3066/3129/3066 3113/3177/3113 3065/3128/3065
f 3067/3130/3067 3114/3178/3114 3066/3129/3066
f 3068/3131/3068 3115/3179/3115 3067/3130/3067
f 3069/3132/3069 3116/3180/3116 3068/3131/3068
f 3070/3133/3070 3117/3181/3117 3069/3132/3069
f 3071/3134/3071 3118/3182/3118 3070/3133/3070
f 3072/3087/3072 3119/3183/3119 3071/3134/3071
f 3073/3184/3073 3168/3185/3168 3120/3136/3120
f 3074/3138/3074 3121/3186/3121 3073/3137/3073
f 3075/3139/3075 3122/3187/3122 3074/3138/3074
f 3076/3140/3076 3123/3188/3123 3075/3139/3075
f 3077/3141/3077 3124/3189/3124 3076/3140/3076
f 3078/3143/3078 3125/3190/3125 3077/3141/3077
f 3079/3191/3079 3126/3192/3126 3078/3143/3078
f 3128/3193/3128 3079/3191/3079 3080/3144/3080
f 3129/3194/3129 3080/3144/3080 3081/3145/3081
f 3130/3195/3130 3081/3145/3081 3082/3146/3082
f 3131/3196/3131 3082/3146/3082 3083/3147/3083
f 3132/3197/3132 3083/3147/3083 3084/3148/3084
f 3133/3198/3133 3084/3148/3084 3085/3149/3085
f 3134/3199/3134 3085/3149/3085 3086/3150/3086
f 3135/3200/3135 3086/3150/3086 3087/3151/3087
f 3136/3201/3136 3087/3151/3087 3088/3152/3088
f 3137/3202/3137 3088/3152/3088 3089/3153/3089
f 3138/3203/3138 3089/3153/3089 3090/3154/3090
f 3139/3204/3139 3090/3154/3090 3091/3155/3091
f 3140/3205/3140 3091/3155/3091 3092/3156/3092
f 3141/3206/3141 3092/3156/3092 3093/3157/3093
f 3142/3207/3142 3093/3157/3093 3094/3158/3094
f 3143/3208/3143 3094/3158/3094 3095/3159/3095
f 3144/3209/3144 3095/3159/3095 3096/3160/3096
f 3145/3210/3145 3096/3160/3096 3097/3161/3097
f 3146/3211/3146 3097/3161/3097 3098/3162/3098
f 3147/3212/3147 3098/3162/3098 3099/3163/3099
f 3148/3213/3148 3099/3163/3099 3100/3164/3100
f 3149/3214/3149 3100/3164/3100 3101/3165/3101
f 3150/3215/3150 3101/3165/3101 3102/3166/3102
f 3151/3216/3151 3102/3166/3102 3103/3167/3103
f 3104/3168/3104 3151/3216/3151 3103/3167/3103
f 3105/3169/3105 3152/3217/3152 3104/3168/3104
f 3106/3170/3106 3153/3218/3153 3105/3169/3105
f 3107/3171/3107 3154/3219/3154 3106/3170/3106
f 3108/3172/3108 3155/3220/3155 3107/3171/3107
f 3109/3173/3109 3156/3221/3156 3108/3172/3108
f 3110/3174/3110 3157/3222/3157 3109/3173/3109
f 3111/3175/3111 3158/3223/3158 3110/3174/3110
f 3112/3176/3112 3159/3224/3159 3111/3175/3111
f 3113/3177/3113 3160/3225/3160 3112/3176/3112
f 3114/3178/3114 3161/3226/3161 3113/3177/3113
f 3115/3179/3115 3162/3227/3162 3114/3178/3114
f 3116/3180/3116 3163/3228/3163 3115/3179/3115
f 3117/3181/3117 3164/3229/3164 3116/3180/3116
f 3118/3182/3118 3165/3230/3165 3117/3181/3117
f 3119/3183/3119 3166/3231/3166 3118/3182/3118
f 3120/3136/3120 3167/3232/3167 3119/3183/3119
f 3169/3233/3169 3168/3185/3168 3121/3234/3121
f 3170/3235/3170 3121/3186/3121 3122/3187/3122
f 3171/3236/3171 3122/3187/3122 3123/3188/3123
f 3172/3237/3172 3123/3188/3123 3124/3189/3124
f 3173/3238/3173 3124/3189/3124 3125/3190/3125
f 3174/3239/3174 3125/3190/3125 3126/3192/3126
f 3175/3240/3175 3126/3192/3126 3127/3241/3127
f 3128/3193/3128 3175/3240/3175 3127/3241/3127
f 3129/3194/3129 3176/3242/3176 3128/3193/3128
f 3130/3195/3130 3177/3243/3177 3129/3194/3129
f 3131/3196/3131 3178/3244/3178 3130/3195/3130
f 3132/3197/3132 3179/3245/3179 3131/3196/3131
f 3133/3198/3133 3180/3246/3180 3132/3197/3132
f 3134/3199/3134 3181/3247/3181 3133/3198/3133
f 3135/3200/3135 3182/3248/3182 3134/3199/3134
f 3136/3201/3136 3183/3249/3183 3135/3200/3135
f 3137/3202/3137 3184/3250/3184 3136/3201/3136
f 3138/3203/3138 3185/3251/3185 3137/3202/3137
f 3139/3204/3139 3186/3252/3186 3138/3203/3138
f 3140/3205/3140 3187/3253/3187 3139/3204/3139
f 3141/3206/3141 3188/3254/3188 3140/3205/3140
f 3142/3207/3142 3189/3255/3189 3141/3206/3141
f 3143/3208/3143 3190/3256/3190 3142/3207/3142
f 3144/3209/3144 3191/3257/3191 3143/3208/3143
f 3145/3210/3145 3192/3258/3192 3144/3209/3144
f 3146/3211/3146 3193/3259/3193 3145/3210/3145
f 3147/3212/3147 3194/3260/3194 3146/3211/3146
f 3148/3213/3148 3195/3261/3195 3147/3212/3147
f 3149/3214/3149 3196/3262/3196 3148/3213/3148
f 3150/3215/3150 3197/3263/3197 3149/3214/3149
f 3151/3216/3151 3198/3264/3198 3150/3215/3150
f 3200/3265/3200 3151/3216/3151 3152/3217/3152
f 3201/3266/3201 3152/3217/3152 3153/3218/3153
f 3202/3267/3202 3153/3218/3153 3154/3219/3154
f 3203/3268/3203 3154/3219/3154 3155/3220/3155
f 3204/3269/3204 3155/3220/3155 3156/3221/3156
f 3205/3270/3205 3156/3221/3156 3157/3222/3157
f 3206/3271/3206 3157/3222/3157 3158/3223/3158
f 3207/3272/3207 3158/3223/3158 3159/3224/3159
f 3208/3273/3208 3159/3224/3159 3160/3225/3160
f 3209/3274/3209 3160/3225/3160 3161/3226/3161
f 3210/3275/3210 3161/3226/3161 3162/3227/3162
f 3211/3276/3211 3162/3227/3162 3163/3228/3163
f 3212/3277/3212 3163/3228/3163 3164/3229/3164
f 3213/3278/3213 3164/3229/3164 3165/3230/3165
f 3214/3279/3214 3165/3230/3165 3166/3231/3166
f 3215/3280/3215 3166/3231/3166 3167/3232/3167
f 3216/3281/3216 3167/3232/3167 3168/3185/3168
f 3217/3282/3217 3216/3281/3216 3169/3233/3169
f 3218/3283/3218 3169/3284/3169 3170/3235/3170
f 3219/3285/3219 3170/3235/3170 3171/3236/3171
f 3220/3286/3220 3171/3236/3171 3172/3237/3172
f 3221/3287/3221 3172/3237/3172 3173/3238/3173
f 3222/3288/3222 3173/3238/3173 3174/3239/3174
f 3223/3289/3223 3174/3239/3174 3175/3240/3175
f 3176/3242/3176 3223/3289/3223 3175/3240/3175
f 3177/3243/3177 3224/3290/3224 3176/3242/3176
f 3178/3244/3178 3225/3291/3225 3177/3243/3177
f 3179/3245/3179 3226/3292/3226 3178/3244/3178
f 3180/3246/3180 3227/3293/3227 3179/3245/3179
f 3181/3247/3181 3228/3294/3228 3180/3246/3180
f 3182/3248/3182 3229/3295/3229 3181/3247/3181
f 3183/3249/3183 3230/3296/3230 3182/3248/3182
f 3184/3250/3184 3231/3297/3231 3183/3249/3183
f 3185/3251/3185 3232/3298/3232 3184/3250/3184
f 3186/3252/3186 3233/3299/3233 3185/3251/3185
f 3187/3253/3187 3234/3300/3234 3186/3252/3186
f 3188/3254/3188 3235/3301/3235 3187/3253/3187
f 3189/3255/3189 3236/3302/3236 3188/3254/3188
f 3190/3256/3190 3237/3303/3237 3189/3255/3189
f 3191/3257/3191 3238/3304/3238 3190/3256/3190
f 3192/3258/3192 3239/3305/3239 3191/3257/3191
f 3193/3259/3193 3240/3306/3240 3192/3258/3192
f 3194/3260/3194 3241/3307/3241 3193/3259/3193
f 3195/3261/3195 3242/3308/3242 3194/3260/3194
f 3196/3262/3196 3243/3309/3243 3195/3261/3195
f 3197/3263/3197 3244/3310/3244 3196/3262/3196
f 3198/3264/3198 3245/3311/3245 3197/3263/3197
f 3199/3312/3199 3246/3313/3246 3198/3264/3198
f 3248/3314/3248 3199/3312/3199 3200/3265/3200
f 3249/3315/3249 3200/3265/3200 3201/3266/3201
f 3250/3316/3250 3201/3266/3201 3202/3267/3202
f 3251/3317/3251 3202/3267/3202 3203/3268/3203
f 3252/3318/3252 3203/3268/3203 3204/3269/3204
f 3253/3319/3253 3204/3269/3204 3205/3270/3205
f 3254/3320/3254 3205/3270/3205 3206/3271/3206
f 3255/3321/3255 3206/3271/3206 3207/3272/3207
f 3256/3322/3256 3207/3272/3207 3208/3273/3208
f 3257/3323/3257 3208/3273/3208 3209/3274/3209
f 3258/3324/3258 3209/3274/3209 3210/3275/3210
f 3259/3325/3259 3210/3275/3210 3211/3276/3211
f 3260/3326/3260 3211/3276/3211 3212/3277/3212
f 3261/3327/3261 3212/3277/3212 3213/3278/3213
f 3262/3328/3262 3213/3278/3213 3214/3279/3214
f 3263/3329/3263 3214/3279/3214 3215/3280/3215
f 3264/3330/3264 3215/3280/3215 3216/3281/3216
f 3265/3331/3265 3264/3330/3264 3217/3282/3217
f 3266/3332/3266 3217/3333/3217 3218/3283/3218
f 3267/3334/3267 3218/3283/3218 3219/3285/3219
f 3268/3335/3268 3219/3285/3219 3220/3286/3220
f 3269/3336/3269 3220/3286/3220 3221/3287/3221
f 3270/3337/3270 3221/3287/3221 3222/3288/3222
f 3271/3338/3271 3222/3288/3222 3223/3289/3223
f 3224/3290/3224 3271/3338/3271 3223/3289/3223
f 3225/3291/3225 3272/3339/3272 3224/3290/3224
f 3226/3292/3226 3273/3340/3273 3225/3291/3225
f 3227/3293/3227 3274/3341/3274 3226/3292/3226
f 3228/3294/3228 3275/3342/3275 3227/3293/3227
f 3229/3295/3229 3276/3343/3276 3228/3294/3228
f 3230/3296/3230 3277/3344/3277 3229/3295/3229
f 3231/3297/3231 3278/3345/3278 3230/3296/3230
f 3232/3298/3232 3279/3346/3279 3231/3297/3231
f 3233/3299/3233 3280/3347/3280 3232/3298/3232
f 3234/3300/3234 3281/3348/3281 3233/3299/3233
f 3235/3301/3235 3282/3349/3282 3234/3300/3234
f 3236/3302/3236 3283/3350/3283 3235/3301/3235
f 3237/3303/3237 3284/3351/3284 3236/3302/3236
f 3238/3304/3238 3285/3352/3285 3237/3303/3237
f 3239/3305/3239 3286/3353/3286 3238/3304/3238
f 3240/3306/3240 3287/3354/3287 3239/3305/3239
f 3241/3307/3241 3288/3355/3288 3240/3306/3240
f 3242/3308/3242 3289/3356/3289 3241/3307/3241
f 3243/3309/3243 3290/3357/3290 3242/3308/3242
f 3244/3310/3244 3291/3358/3291 3243/3309/3243
f 3245/3311/3245 3292/3359/3292 3244/3310/3244
f 3246/3313/3246 3293/3360/3293 3245/3311/3245
f 3247/3361/3247 3294/3362/3294 3246/3313/3246
f 3296/3363/3296 3247/3361/3247 3248/3314/3248
f 3297/3364/3297 3248/3314/3248 3249/3315/3249
f 3298/3365/3298 3249/3315/3249 3250/3316/3250
f 3299/3366/3299 3250/3316/3250 3251/3317/3251
f 3300/3367/3300 3251/3317/3251 3252/3318/3252
f 3301/3368/3301 3252/3318/3252 3253/3319/3253
f 3302/3369/3302 3253/3319/3253 3254/3320/3254
f 3303/3370/3303 3254/3320/3254 3255/3321/3255
f 3304/3371/3304 3255/3321/3255 3256/3322/3256
f 3305/3372/3305 3256/3322/3256 3257/3323/3257
f 3306/3373/3306 3257/3323/3257 3258/3324/3258
f 3307/3374/3307 3258/3324/3258 3259/3325/3259
f 3308/3375/3308 3259/3325/3259 3260/3326/3260
f 3309/3376/3309 3260/3326/3260 3261/3327/3261
f 3310/3377/3310 3261/3327/3261 3262/3328/3262
f 3311/3378/3311 3262/3328/3262 3263/3329/3263
f 3312/3379/3312 3263/3329/3263 3264/3330/3264
f 3313/3380/3313 3312/3379/3312 3265/3331/3265
f 3314/3381/3314 3265/3382/3265 3266/3332/3266
f 3315/3383/3315 3266/3332/3266 3267/3334/3267
f 3316/3384/3316 3267/3334/3267 3268/3335/3268
f 3317/3385/3317 3268/3335/3268 3269/3336/3269
f 3318/3386/3318 3269/3336/3269 3270/3337/3270
f 3319/3387/3319 3270/3337/3270 3271/3338/3271
f 3272/3339/3272 3319/3387/3319 3271/3338/3271
f 3273/3340/3273 3320/3388/3320 3272/3339/3272
f 3274/3341/3274 3321/3389/3321 3273/3340/3273
f 3275/3342/3275 3322/3390/3322 3274/3341/3274
f 3276/3343/3276 3323/3391/3323 3275/3342/3275
f 3277/3344/3277 3324/3392/3324 3276/3343/3276
f 3278/3345/3278 3325/3393/3325 3277/3344/3277
f 3279/3346/3279 3326/3394/3326 3278/3345/3278
f 3280/3347/3280 3327/3395/3327 3279/3346/3279
f 3281/3348/3281 3328/3396/3328 3280/3347/3280
f 3282/3349/3282 3329/3397/3329 3281/3348/3281
f 3283/3350/3283 3330/3398/3330 3282/3349/3282
f 3284/3351/3284 3331/3399/3331 3283/3350/3283
f 3285/3352/3285 3332/3400/3332 3284/3351/3284
f 3286/3353/3286 3333/3401/3333 3285/3352/3285
f 3287/3354/3287 3334/3402/3334 3286/3353/3286
f 3288/3355/3288 3335/3403/3335 3287/3354/3287
f 3289/3356/3289 3336/3404/3336 3288/3355/3288
f 3290/3357/3290 3337/3405/3337 3289/3356/3289
f 3291/3358/3291 3338/3406/3338 3290/3357/3290
f 3292/3359/3292 3339/3407/3339 3291/3358/3291
f 3293/3360/3293 3340/3408/3340 3292/3359/3292
f 3294/3362/3294 3341/3409/3341 3293/3360/3293
f 3295/3410/3295 3342/3411/3342 3294/3362/3294
f 3344/3412/3344 3295/3410/3295 3296/3363/3296
f 3345/3413/3345 3296/3363/3296 3297/3364/3297
f 3346/3414/3346 3297/3364/3297 3298/3365/3298
f 3347/3415/3347 3298/3365/3298 3299/3366/3299
f 3348/3416/3348 3299/3366/3299 3300/3367/3300
f 3349/3417/3349 3300/3367/3300 3301/3368/3301
f 3350/3418/3350 3301/3368/3301 3302/3369/3302
f 3351/3419/3351 3302/3369/3302 3303/3370/3303
f 3352/3420/3352 3303/3370/3303 3304/3371/3304
f 3353/3421/3353 3304/3371/3304 3305/3372/3305
f 3354/3422/3354 3305/3372/3305 3306/3373/3306
f 3355/3423/3355 3306/3373/3306 3307/3374/3307
f 3356/3424/3356 3307/3374/3307 3308/3375/3308
f 3357/3425/3357 3308/3375/3308 3309/3376/3309
f 3358/3426/3358 3309/3376/3309 3310/3377/3310
f 3359/3427/3359 3310/3377/3310 3311/3378/3311
f 3360/3428/3360 3311/3378/3311 3312/3379/3312
f 3361/3429/3361 3360/3428/3360 3313/3380/3313
f 3362/3430/3362 3313/3431/3313 3314/3381/3314
f 3363/3432/3363 3314/3381/3314 3315/3383/3315
f 3364/3433/3364 3315/3383/3315 3316/3384/3316
f 3365/3434/3365 3316/3384/3316 3317/3385/3317
f 3366/3435/3366 3317/3385/3317 3318/3386/3318
f 3367/3436/3367 3318/3386/3318 3319/3387/3319
f 3320/3388/3320 3367/3436/3367 3319/3387/3319
f 3321/3389/3321 3368/3437/3368 3320/3388/3320
f 3322/3390/3322 3369/3438/3369 3321/3389/3321
f 3323/3391/3323 3370/3439/3370 3322/3390/3322
f 3324/3392/3324 3371/3440/3371 3323/3391/3323
f 3325/3393/3325 3372/3441/3372 3324/3392/3324
f 3326/3394/3326 3373/3442/3373 3325/3393/3325
f 3327/3395/3327 3374/3443/3374 3326/3394/3326
f 3328/3396/3328 3375/3444/3375 3327/3395/3327
f 3329/3397/3329 3376/3445/3376 3328/3396/3328
f 3330/3398/3330 3377/3446/3377 3329/3397/3329
f 3331/3399/3331 3378/3447/3378 3330/3398/3330
f 3332/3400/3332 3379/3448/3379 3331/3399/3331
f 3333/3401/3333 3380/3449/3380 3332/3400/3332
f 3334/3402/3334 3381/3450/3381 3333/3401/3333
f 3335/3403/3335 3382/3451/3382 3334/3402/3334
f 3336/3404/3336 3383/3452/3383 3335/3403/3335
f 3337/3405/3337 3384/3453/3384 3336/3404/3336
f 3338/3406/3338 3385/3454/3385 3337/3405/3337
f 3339/3407/3339 3386/3455/3386 3338/3406/3338
f 3340/3408/3340 3387/3456/3387 3339/3407/3339
f 3341/3409/3341 3388/3457/3388 3340/3408/3340
f 3342/3411/3342 3389/3458/3389 3341/3409/3341
f 3343/3459/3343 3390/3460/3390 3342/3411/3342
f 3392/3461/3392 3343/3459/3343 3344/3412/3344
f 3393/3462/3393 3344/3412/3344 3345/3413/3345
f 3394/3463/3394 3345/3413/3345 3346/3414/3346
f 3395/3464/3395 3346/3414/3346 3347/3415/3347
f 3396/3465/3396 3347/3415/3347 3348/3416/3348
f 3397/3466/3397 3348/3416/3348 3349/3417/3349
f 3398/3467/3398 3349/3417/3349 3350/3418/3350
f 3399/3468/3399 3350/3418/3350 3351/3419/3351
f 3400/3469/3400 3351/3419/3351 3352/3420/3352
f 3401/3470/3401 3352/3420/3352 3353/3421/3353
f 3402/3471/3402 3353/3421/3353 3354/3422/3354
f 3403/3472/3403 3354/3422/3354 3355/3423/3355
f 3404/3473/3404 3355/3423/3355 3356/3424/3356
f 3405/3474/3405 3356/3424/3356 3357/3425/3357
f 3406/3475/3406 3357/3425/3357 3358/3426/3358
f 3407/3476/3407 3358/3426/3358 3359/3427/3359
f 3408/3477/3408 3359/3427/3359 3360/3428/3360
f 3361/3429/3361 3456/3478/3456 3408/3477/3408
f 3362/3430/3362 3409/3479/3409 3361/3480/3361
f 3363/3432/3363 3410/3481/3410 3362/3430/3362
f 3364/3433/3364 3411/3482/3411 3363/3432/3363
f 3365/3434/3365 3412/3483/3412 3364/3433/3364
f 3366/3435/3366 3413/3484/3413 3365/3434/3365
f 3367/3436/3367 3414/3485/3414 3366/3435/3366
f 3416/3486/3416 3367/3436/3367 3368/3437/3368
f 3417/3487/3417 3368/3437/3368 3369/3438/3369
f 3418/3488/3418 3369/3438/3369 3370/3439/3370
f 3419/3489/3419 3370/3439/3370 3371/3440/3371
f 3420/3490/3420 3371/3440/3371 3372/3441/3372
f 3421/3491/3421 3372/3441/3372 3373/3442/3373
f 3422/3492/3422 3373/3442/3373 3374/3443/3374
f 3423/3493/3423 3374/3443/3374 3375/3444/3375
f 3424/3494/3424 3375/3444/3375 3376/3445/3376
f 3425/3495/3425 3376/3445/3376 3377/3446/3377
f 3426/3496/3426 3377/3446/3377 3378/3447/3378
f 3427/3497/3427 3378/3447/3378 3379/3448/3379
f 3428/3498/3428 3379/3448/3379 3380/3449/3380
f 3429/3499/3429 3380/3449/3380 3381/3450/3381
f 3430/3500/3430 3381/3450/3381 3382/3451/3382
f 3431/3501/3431 3382/3451/3382 3383/3452/3383
f 3432/3502/3432 3383/3452/3383 3384/3453/3384
f 3433/3503/3433 3384/3453/3384 3385/3454/3385
f 3434/3504/3434 3385/3454/3385 3386/3455/3386
f 3435/3505/3435 3386/3455/3386 3387/3456/3387
f 3436/3506/3436 3387/3456/3387 3388/3457/3388
f 3437/3507/3437 3388/3457/3388 3389/3458/3389
f 3438/3508/3438 3389/3458/3389 3390/3460/3390
f 3439/3509/3439 3390/3460/3390 3391/3510/3391
f 3392/3461/3392 3439/3509/3439 3391/3510/3391
f 3393/3462/3393 3440/3511/3440 3392/3461/3392
f 3394/3463/3394 3441/3512/3441 3393/3462/3393
f 3395/3464/3395 3442/3513/3442 3394/3463/3394
f 3396/3465/3396 3443/3514/3443 3395/3464/3395
f 3397/3466/3397 3444/3515/3444 3396/3465/3396
f 3398/3467/3398 3445/3516/3445 3397/3466/3397
f 3399/3468/3399 3446/3517/3446 3398/3467/3398
f 3400/3469/3400 3447/3518/3447 3399/3468/3399
f 3401/3470/3401 3448/3519/3448 3400/3469/3400
f 3402/3471/3402 3449/3520/3449 3401/3470/3401
f 3403/3472/3403 3450/3521/3450 3402/3471/3402
f 3404/3473/3404 3451/3522/3451 3403/3472/3403
f 3405/3474/3405 3452/3523/3452 3404/3473/3404
f 3406/3475/3406 3453/3524/3453 3405/3474/3405
f 3407/3476/3407 3454/3525/3454 3406/3475/3406
f 3408/3477/3408 3455/3526/3455 3407/3476/3407
f 3409/3527/3409 3504/3528/3504 3456/3478/3456
f 3410/3481/3410 3457/3529/3457 3409/3479/3409
f 3459/3530/3459 3410/3481/3410 3411/3482/3411
f 3460/3531/3460 3411/3482/3411 3412/3483/3412
f 3461/3532/3461 3412/3483/3412 3413/3484/3413
f 3462/3533/3462 3413/3484/3413 3414/3485/3414
f 3463/3534/3463 3414/3485/3414 3415/3535/3415
f 3464/3536/3464 3415/3535/3415 3416/3486/3416
f 3465/3537/3465 3416/3486/3416 3417/3487/3417
f 3466/3538/3466 3417/3487/3417 3418/3488/3418
f 3467/3539/3467 3418/3488/3418 3419/3489/3419
f 3468/3540/3468 3419/3489/3419 3420/3490/3420
f 3469/3541/3469 3420/3490/3420 3421/3491/3421
f 3470/3542/3470 3421/3491/3421 3422/3492/3422
f 3471/3543/3471 3422/3492/3422 3423/3493/3423
f 3472/3544/3472 3423/3493/3423 3424/3494/3424
f 3473/3545/3473 3424/3494/3424 3425/3495/3425
f 3474/3546/3474 3425/3495/3425 3426/3496/3426
f 3475/3547/3475 3426/3496/3426 3427/3497/3427
f 3476/3548/3476 3427/3497/3427 3428/3498/3428
f 3477/3549/3477 3428/3498/3428 3429/3499/3429
f 3478/3550/3478 3429/3499/3429 3430/3500/3430
f 3479/3551/3479 3430/3500/3430 3431/3501/3431
f 3480/3552/3480 3431/3501/3431 3432/3502/3432
f 3481/3553/3481 3432/3502/3432 3433/3503/3433
f 3482/3554/3482 3433/3503/3433 3434/3504/3434
f 3435/3505/3435 3482/3554/3482 3434/3504/3434
f 3436/3506/3436 3483/3555/3483 3435/3505/3435
f 3437/3507/3437 3484/3556/3484 3436/3506/3436
f 3438/3508/3438 3485/3557/3485 3437/3507/3437
f 3439/3509/3439 3486/3558/3486 3438/3508/3438
f 3440/3511/3440 3487/3559/3487 3439/3509/3439
f 3441/3512/3441 3488/3560/3488 3440/3511/3440
f 3442/3513/3442 3489/3561/3489 3441/3512/3441
f 3443/3514/3443 3490/3562/3490 3442/3513/3442
f 3444/3515/3444 3491/3563/3491 3443/3514/3443
f 3445/3516/3445 3492/3564/3492 3444/3515/3444
f 3446/3517/3446 3493/3565/3493 3445/3516/3445
f 3447/3518/3447 3494/3566/3494 3446/3517/3446
f 3448/3519/3448 3495/3567/3495 3447/3518/3447
f 3449/3520/3449 3496/3568/3496 3448/3519/3448
f 3450/3521/3450 3497/3569/3497 3449/3520/3449
f 3451/3522/3451 3498/3570/3498 3450/3521/3450
f 3452/3523/3452 3499/3571/3499 3451/3522/3451
f 3453/3524/3453 3500/3572/3500 3452/3523/3452
f 3454/3525/3454 3501/3573/3501 3453/3524/3453
f 3455/3526/3455 3502/3574/3502 3454/3525/3454
f 3456/3478/3456 3503/3575/3503 3455/3526/3455
f 3505/3576/3505 3504/3528/3504 3457/3577/3457
f 3506/3578/3506 3457/3529/3457 3458/3579/3458
f 3507/3580/3507 3458/3579/3458 3459/3530/3459
f 3508/3581/3508 3459/3530/3459 3460/3531/3460
f 3509/3582/3509 3460/3531/3460 3461/3532/3461
f 3510/3583/3510 3461/3532/3461 3462/3533/3462
f 3511/3584/3511 3462/3533/3462 3463/3534/3463
f 3512/3585/3512 3463/3534/3463 3464/3536/3464
f 3513/3586/3513 3464/3536/3464 3465/3537/3465
f 3514/3587/3514 3465/3537/3465 3466/3538/3466
f 3515/3588/3515 3466/3538/3466 3467/3539/3467
f 3468/3540/3468 3515/3588/3515 3467/3539/3467
f 3469/3541/3469 3516/3589/3516 3468/3540/3468
f 3470/3542/3470 3517/3590/3517 3469/3541/3469
f 3471/3543/3471 3518/3591/3518 3470/3542/3470
f 3472/3544/3472 3519/3592/3519 3471/3543/3471
f 3473/3545/3473 3520/3593/3520 3472/3544/3472
f 3474/3546/3474 3521/3594/3521 3473/3545/3473
f 3475/3547/3475 3522/3595/3522 3474/3546/3474
f 3476/3548/3476 3523/3596/3523 3475/3547/3475
f 3477/3549/3477 3524/3597/3524 3476/3548/3476
f 3478/3550/3478 3525/3598/3525 3477/3549/3477
f 3479/3551/3479 3526/3599/3526 3478/3550/3478
f 3480/3552/3480 3527/3600/3527 3479/3551/3479
f 3481/3553/3481 3528/3601/3528 3480/3552/3480
f 3482/3554/3482 3529/3602/3529 3481/3553/3481
f 3483/3555/3483 3530/3603/3530 3482/3554/3482
f 3484/3556/3484 3531/3604/3531 3483/3555/3483
f 3485/3557/3485 3532/3605/3532 3484/3556/3484
f 3486/3558/3486 3533/3606/3533 3485/3557/3485
f 3487/3559/3487 3534/3607/3534 3486/3558/3486
f 3488/3560/3488 3535/3608/3535 3487/3559/3487
f 3489/3561/3489 3536/3609/3536 3488/3560/3488
f 3490/3562/3490 3537/3610/3537 3489/3561/3489
f 3491/3563/3491 3538/3611/3538 3490/3562/3490
f 3540/3612/3540 3491/3563/3491 3492/3564/3492
f 3541/3613/3541 3492/3564/3492 3493/3565/3493
f 3542/3614/3542 3493/3565/3493 3494/3566/3494
f 3543/3615/3543 3494/3566/3494 3495/3567/3495
f 3544/3616/3544 3495/3567/3495 3496/3568/3496
f 3545/3617/3545 3496/3568/3496 3497/3569/3497
f 3546/3618/3546 3497/3569/3497 3498/3570/3498
f 3547/3619/3547 3498/3570/3498 3499/3571/3499
f 3548/3620/3548 3499/3571/3499 3500/3572/3500
f 3549/3621/3549 3500/3572/3500 3501/3573/3501
f 3550/3622/3550 3501/3573/3501 3502/3574/3502
f 3551/3623/3551 3502/3574/3502 3503/3575/3503
f 3552/3624/3552 3503/3575/3503 3504/3528/3504
f 3553/3625/3553 3552/3624/3552 3505/3576/3505
f 3554/3626/3554 3505/3627/3505 3506/3578/3506
f 3555/3628/3555 3506/3578/3506 3507/3580/3507
f 3556/3629/3556 3507/3580/3507 3508/3581/3508
f 3557/3630/3557 3508/3581/3508 3509/3582/3509
f 3558/3631/3558 3509/3582/3509 3510/3583/3510
f 3559/3632/3559 3510/3583/3510 3511/3584/3511
f 3560/3633/3560 3511/3584/3511 3512/3585/3512
f 3561/3634/3561 3512/3585/3512 3513/3586/3513
f 3562/3635/3562 3513/3586/3513 3514/3587/3514
f 3515/3588/3515 3562/3635/3562 3514/3587/3514
f 3516/3589/3516 3563/3636/3563 3515/3588/3515
f 3517/3590/3517 3564/3637/3564 3516/3589/3516
f 3518/3591/3518 3565/3638/3565 3517/3590/3517
f 3519/3592/3519 3566/3639/3566 3518/3591/3518
f 3520/3593/3520 3567/3640/3567 3519/3592/3519
f 3521/3594/3521 3568/3641/3568 3520/3593/3520
f 3522/3595/3522 3569/3642/3569 3521/3594/3521
f 3523/3596/3523 3570/3643/3570 3522/3595/3522
f 3524/3597/3524 3571/3644/3571 3523/3596/3523
f 3525/3598/3525 3572/3645/3572 3524/3597/3524
f 3526/3599/3526 3573/3646/3573 3525/3598/3525
f 3527/3600/3527 3574/3647/3574 3526/3599/3526
f 3528/3601/3528 3575/3648/3575 3527/3600/3527
f 3529/3602/3529 3576/3649/3576 3528/3601/3528
f 3530/3603/3530 3577/3650/3577 3529/3602/3529
f 3531/3604/3531 3578/3651/3578 3530/3603/3530
f 3532/3605/3532 3579/3652/3579 3531/3604/3531
f 3533/3606/3533 3580/3653/3580 3532/3605/3532
f 3534/3607/3534 3581/3654/3581 3533/3606/3533
f 3535/3608/3535 3582/3655/3582 3534/3607/3534
f 3536/3609/3536 3583/3656/3583 3535/3608/3535
f 3537/3610/3537 3584/3657/3584 3536/3609/3536
f 3538/3611/3538 3585/3658/3585 3537/3610/3537
f 3587/3659/3587 3538/3611/3538 3539/3660/3539
f 3588/3661/3588 3539/3660/3539 3540/3612/3540
f 3589/3662/3589 3540/3612/3540 3541/3613/3541
f 3590/3663/3590 3541/3613/3541 3542/3614/3542
f 3591/3664/3591 3542/3614/3542 3543/3615/3543
f 3592/3665/3592 3543/3615/3543 3544/3616/3544
f 3593/3666/3593 3544/3616/3544 3545/3617/3545
f 3594/3667/3594 3545/3617/3545 3546/3618/3546
f 3595/3668/3595 3546/3618/3546 3547/3619/3547
f 3596/3669/3596 3547/3619/3547 3548/3620/3548
f 3597/3670/3597 3548/3620/3548 3549/3621/3549
f 3598/3671/3598 3549/3621/3549 3550/3622/3550
f 3599/3672/3599 3550/3622/3550 3551/3623/3551
f 3600/3673/3600 3551/3623/3551 3552/3624/3552
f 3553/3625/3553 3648/3674/3648 3600/3673/3600
f 3554/3626/3554 3601/3675/3601 3553/3676/3553
f 3555/3628/3555 3602/3677/3602 3554/3626/3554
f 3556/3629/3556 3603/3678/3603 3555/3628/3555
f 3557/3630/3557 3604/3679/3604 3556/3629/3556
f 3558/3631/3558 3605/3680/3605 3557/3630/3557
f 3559/3632/3559 3606/3681/3606 3558/3631/3558
f 3560/3633/3560 3607/3682/3607 3559/3632/3559
f 3609/3683/3609 3560/3633/3560 3561/3634/3561
f 3610/3684/3610 3561/3634/3561 3562/3635/3562
f 3611/3685/3611 3562/3635/3562 3563/3636/3563
f 3612/3686/3612 3563/3636/3563 3564/3637/3564
f 3613/3687/3613 3564/3637/3564 3565/3638/3565
f 3614/3688/3614 3565/3638/3565 3566/3639/3566
f 3615/3689/3615 3566/3639/3566 3567/3640/3567
f 3616/3690/3616 3567/3640/3567 3568/3641/3568
f 3617/3691/3617 3568/3641/3568 3569/3642/3569
f 3618/3692/3618 3569/3642/3569 3570/3643/3570
f 3619/3693/3619 3570/3643/3570 3571/3644/3571
f 3620/3694/3620 3571/3644/3571 3572/3645/3572
f 3621/3695/3621 3572/3645/3572 3573/3646/3573
f 3622/3696/3622 3573/3646/3573 3574/3647/3574
f 3623/3697/3623 3574/3647/3574 3575/3648/3575
f 3624/3698/3624 3575/3648/3575 3576/3649/3576
f 3625/3699/3625 3576/3649/3576 3577/3650/3577
f 3626/3700/3626 3577/3650/3577 3578/3651/3578
f 3627/3701/3627 3578/3651/3578 3579/3652/3579
f 3628/3702/3628 3579/3652/3579 3580/3653/3580
f 3629/3703/3629 3580/3653/3580 3581/3654/3581
f 3630/3704/3630 3581/3654/3581 3582/3655/3582
f 3631/3705/3631 3582/3655/3582 3583/3656/3583
f 3632/3706/3632 3583/3656/3583 3584/3657/3584
f 3585/3658/3585 3632/3706/3632 3584/3657/3584
f 3586/3707/3586 3633/3708/3633 3585/3658/3585
f 3587/3659/3587 3634/3709/3634 3586/3707/3586
f 3588/3661/3588 3635/3710/3635 3587/3659/3587
f 3589/3662/3589 3636/3711/3636 3588/3661/3588
f 3590/3663/3590 3637/3712/3637 3589/3662/3589
f 3591/3664/3591 3638/3713/3638 3590/3663/3590
f 3592/3665/3592 3639/3714/3639 3591/3664/3591
f 3593/3666/3593 3640/3715/3640 3592/3665/3592
f 3594/3667/3594 3641/3716/3641 3593/3666/3593
f 3595/3668/3595 3642/3717/3642 3594/3667/3594
f 3596/3669/3596 3643/3718/3643 3595/3668/3595
f 3597/3670/3597 3644/3719/3644 3596/3669/3596
f 3598/3671/3598 3645/3720/3645 3597/3670/3597
f 3599/3672/3599 3646/3721/3646 3598/3671/3598
f 3600/3673/3600 3647/3722/3647 3599/3672/3599
f 3601/3723/3601 3696/3724/3696 3648/3674/3648
f 3602/3677/3602 3649/3725/3649 3601/3675/3601
f 3603/3678/3603 3650/3726/3650 3602/3677/3602
f 3604/3679/3604 3651/3727/3651 3603/3678/3603
f 3605/3680/3605 3652/3728/3652 3604/3679/3604
f 3606/3681/3606 3653/3729/3653 3605/3680/3605
f 3607/3682/3607 3654/3730/3654 3606/3681/3606
f 3608/3731/3608 3655/3732/3655 3607/3682/3607
f 3609/3683/3609 3656/3733/3656 3608/3731/3608
f 3658/3734/3658 3609/3683/3609 3610/3684/3610
f 3659/3735/3659 3610/3684/3610 3611/3685/3611
f 3660/3736/3660 3611/3685/3611 3612/3686/3612
f 3661/3737/3661 3612/3686/3612 3613/3687/3613
f 3662/3738/3662 3613/3687/3613 3614/3688/3614
f 3663/3739/3663 3614/3688/3614 3615/3689/3615
f 3664/3740/3664 3615/3689/3615 3616/3690/3616
f 3665/3741/3665 3616/3690/3616 3617/3691/3617
f 3666/3742/3666 3617/3691/3617 3618/3692/3618
f 3667/3743/3667 3618/3692/3618 3619/3693/3619
f 3668/3744/3668 3619/3693/3619 3620/3694/3620
f 3669/3745/3669 3620/3694/3620 3621/3695/3621
f 3670/3746/3670 3621/3695/3621 3622/3696/3622
f 3671/3747/3671 3622/3696/3622 3623/3697/3623
f 3672/3748/3672 3623/3697/3623 3624/3698/3624
f 3673/3749/3673 3624/3698/3624 3625/3699/3625
f 3674/3750/3674 3625/3699/3625 3626/3700/3626
f 3675/3751/3675 3626/3700/3626 3627/3701/3627
f 3676/3752/3676 3627/3701/3627 3628/3702/3628
f 3677/3753/3677 3628/3702/3628 3629/3703/3629
f 3678/3754/3678 3629/3703/3629 3630/3704/3630
f 3679/3755/3679 3630/3704/3630 3631/3705/3631
f 3680/3756/3680 3631/3705/3631 3632/3706/3632
f 3681/3757/3681 3632/3706/3632 3633/3708/3633
f 3634/3709/3634 3681/3757/3681 3633/3708/3633
f 3635/3710/3635 3682/3758/3682 3634/3709/3634
f 3636/3711/3636 3683/3759/3683 3635/3710/3635
f 3637/3712/3637 3684/3760/3684 3636/3711/3636
f 3638/3713/3638 3685/3761/3685 3637/3712/3637
f 3639/3714/3639 3686/3762/3686 3638/3713/3638
f 3640/3715/3640 3687/3763/3687 3639/3714/3639
f 3641/3716/3641 3688/3764/3688 3640/3715/3640
f 3642/3717/3642 3689/3765/3689 3641/3716/3641
f 3643/3718/3643 3690/3766/3690 3642/3717/3642
f 3644/3719/3644 3691/3767/3691 3643/3718/3643
f 3645/3720/3645 3692/3768/3692 3644/3719/3644
f 3646/3721/3646 3693/3769/3693 3645/3720/3645
f 3647/3722/3647 3694/3770/3694 3646/3721/3646
f 3648/3674/3648 3695/3771/3695 3647/3722/3647
f 3649/3772/3649 3744/3773/3744 3696/3724/3696
f 3650/3726/3650 3697/3774/3697 3649/3725/3649
f 3651/3727/3651 3698/3775/3698 3650/3726/3650
f 3652/3728/3652 3699/3776/3699 3651/3727/3651
f 3653/3729/3653 3700/3777/3700 3652/3728/3652
f 3654/3730/3654 3701/3778/3701 3653/3729/3653
f 3655/3732/3655 3702/3779/3702 3654/3730/3654
f 3656/3733/3656 3703/3780/3703 3655/3732/3655
f 3657/3781/3657 3704/3782/3704 3656/3733/3656
f 3706/3783/3706 3657/3781/3657 3658/3734/3658
f 3707/3784/3707 3658/3734/3658 3659/3735/3659
f 3708/3785/3708 3659/3735/3659 3660/3736/3660
f 3709/3786/3709 3660/3736/3660 3661/3737/3661
f 3710/3787/3710 3661/3737/3661 3662/3738/3662
f 3711/3788/3711 3662/3738/3662 3663/3739/3663
f 3712/3789/3712 3663/3739/3663 3664/3740/3664
f 3713/3790/3713 3664/3740/3664 3665/3741/3665
f 3714/3791/3714 3665/3741/3665 3666/3742/3666
f 3715/3792/3715 3666/3742/3666 3667/3743/3667
f 3716/3793/3716 3667/3743/3667 3668/3744/3668
f 3717/3794/3717 3668/3744/3668 3669/3745/3669
f 3718/3795/3718 3669/3745/3669 3670/3746/3670
f 3719/3796/3719 3670/3746/3670 3671/3747/3671
f 3720/3797/3720 3671/3747/3671 3672/3748/3672
f 3721/3798/3721 3672/3748/3672 3673/3749/3673
f 3722/3799/3722 3673/3749/3673 3674/3750/3674
f 3723/3800/3723 3674/3750/3674 3675/3751/3675
f 3724/3801/3724 3675/3751/3675 3676/3752/3676
f 3725/3802/3725 3676/3752/3676 3677/3753/3677
f 3726/3803/3726 3677/3753/3677 3678/3754/3678
f 3727/3804/3727 3678/3754/3678 3679/3755/3679
f 3728/3805/3728 3679/3755/3679 3680/3756/3680
f 3729/3806/3729 3680/3756/3680 3681/3757/3681
f 3682/3758/3682 3729/3806/3729 3681/3757/3681
f 3683/3759/3683 3730/3807/3730 3682/3758/3682
f 3684/3760/3684 3731/3808/3731 3683/3759/3683
f 3685/3761/3685 3732/3809/3732 3684/3760/3684
f 3686/3762/3686 3733/3810/3733 3685/3761/3685
f 3687/3763/3687 3734/3811/3734 3686/3762/3686
f 3688/3764/3688 3735/3812/3735 3687/3763/3687
f 3689/3765/3689 3736/3813/3736 3688/3764/3688
f 3690/3766/3690 3737/3814/3737 3689/3765/3689
f 3691/3767/3691 3738/3815/3738 3690/3766/3690
f 3692/3768/3692 3739/3816/3739 3691/3767/3691
f 3693/3769/3693 3740/3817/3740 3692/3768/3692
f 3694/3770/3694 3741/3818/3741 3693/3769/3693
f 3695/3771/3695 3742/3819/3742 3694/3770/3694
f 3696/3724/3696 3743/3820/3743 3695/3771/3695
f 3697/3821/3697 3792/3822/3792 3744/3773/3744
f 3698/3775/3698 3745/3823/3745 3697/3774/3697
f 3699/3776/3699 3746/3824/3746 3698/3775/3698
f 3700/3777/3700 3747/3825/3747 3699/3776/3699
f 3701/3778/3701 3748/3826/3748 3700/3777/3700
f 3702/3779/3702 3749/3827/3749 3701/3778/3701
f 3703/3780/3703 3750/3828/3750 3702/3779/3702
f 3752/3829/3752 3703/3780/3703 3704/3782/3704
f 3753/3830/3753 3704/3782/3704 3705/3831/3705
f 3754/3832/3754 3705/3831/3705 3706/3783/3706
f 3755/3833/3755 3706/3783/3706 3707/3784/3707
f 3756/3834/3756 3707/3784/3707 3708/3785/3708
f 3757/3835/3757 3708/3785/3708 3709/3786/3709
f 3758/3836/3758 3709/3786/3709 3710/3787/3710
f 3759/3837/3759 3710/3787/3710 3711/3788/3711
f 3760/3838/3760 3711/3788/3711 3712/3789/3712
f 3761/3839/3761 3712/3789/3712 3713/3790/3713
f 3762/3840/3762 3713/3790/3713 3714/3791/3714
f 3763/3841/3763 3714/3791/3714 3715/3792/3715
f 3764/3842/3764 3715/3792/3715 3716/3793/3716
f 3765/3843/3765 3716/3793/3716 3717/3794/3717
f 3766/3844/3766 3717/3794/3717 3718/3795/3718
f 3767/3845/3767 3718/3795/3718 3719/3796/3719
f 3768/3846/3768 3719/3796/3719 3720/3797/3720
f 3769/3847/3769 3720/3797/3720 3721/3798/3721
f 3770/3848/3770 3721/3798/3721 3722/3799/3722
f 3771/3849/3771 3722/3799/3722 3723/3800/3723
f 3772/3850/3772 3723/3800/3723 3724/3801/3724
f 3773/3851/3773 3724/3801/3724 3725/3802/3725
f 3774/3852/3774 3725/3802/3725 3726/3803/3726
f 3775/3853/3775 3726/3803/3726 3727/3804/3727
f 3728/3805/3728 3775/3853/3775 3727/3804/3727
f 3729/3806/3729 3776/3854/3776 3728/3805/3728
f 3730/3807/3730 3777/3855/3777 3729/3806/3729
f 3731/3808/3731 3778/3856/3778 3730/3807/3730
f 3732/3809/3732 3779/3857/3779 3731/3808/3731
f 3733/3810/3733 3780/3858/3780 3732/3809/3732
f 3734/3811/3734 3781/3859/3781 3733/3810/3733
f 3735/3812/3735 3782/3860/3782 3734/3811/3734
f 3736/3813/3736 3783/3861/3783 3735/3812/3735
f 3737/3814/3737 3784/3862/3784 3736/3813/3736
f 3738/3815/3738 3785/3863/3785 3737/3814/3737
f 3739/3816/3739 3786/3864/3786 3738/3815/3738
f 3740/3817/3740 3787/3865/3787 3739/3816/3739
f 3741/3818/3741 3788/3866/3788 3740/3817/3740
f 3742/3819/3742 3789/3867/3789 3741/3818/3741
f 3743/3820/3743 3790/3868/3790 3742/3819/3742
f 3744/3773/3744 3791/3869/3791 3743/3820/3743
f 3793/3870/3793 3792/3822/3792 3745/3871/3745
f 3794/3872/3794 3745/3823/3745 3746/3824/3746
f 3795/3873/3795 3746/3824/3746 3747/3825/3747
f 3796/3874/3796 3747/3825/3747 3748/3826/3748
f 3797/3875/3797 3748/3826/3748 3749/3827/3749
f 3798/3876/3798 3749/3827/3749 3750/3828/3750
f 3799/3877/3799 3750/3828/3750 3751/3878/3751
f 3800/3879/3800 3751/3878/3751 3752/3829/3752
f 3801/3880/3801 3752/3829/3752 3753/3830/3753
f 3802/3881/3802 3753/3830/3753 3754/3832/3754
f 3803/3882/3803 3754/3832/3754 3755/3833/3755
f 3804/3883/3804 3755/3833/3755 3756/3834/3756
f 3805/3884/3805 3756/3834/3756 3757/3835/3757
f 3806/3885/3806 3757/3835/3757 3758/3836/3758
f 3807/3886/3807 3758/3836/3758 3759/3837/3759
f 3808/3887/3808 3759/3837/3759 3760/3838/3760
f 3809/3888/3809 3760/3838/3760 3761/3839/3761
f 3810/3889/3810 3761/3839/3761 3762/3840/3762
f 3811/3890/3811 3762/3840/3762 3763/3841/3763
f 3812/3891/3812 3763/3841/3763 3764/3842/3764
f 3813/3892/3813 3764/3842/3764 3765/3843/3765
f 3766/3844/3766 3813/3892/3813 3765/3843/3765
f 3767/3845/3767 3814/3893/3814 3766/3844/3766
f 3768/3846/3768 3815/3894/3815 3767/3845/3767
f 3769/3847/3769 3816/3895/3816 3768/3846/3768
f 3770/3848/3770 3817/3896/3817 3769/3847/3769
f 3771/3849/3771 3818/3897/3818 3770/3848/3770
f 3772/3850/3772 3819/3898/3819 3771/3849/3771
f 3773/3851/3773 3820/3899/3820 3772/3850/3772
f 3774/3852/3774 3821/3900/3821 3773/3851/3773
f 3775/3853/3775 3822/3901/3822 3774/3852/3774
f 3776/3854/3776 3823/3902/3823 3775/3853/3775
f 3777/3855/3777 3824/3903/3824 3776/3854/3776
f 3778/3856/3778 3825/3904/3825 3777/3855/3777
f 3779/3857/3779 3826/3905/3826 3778/3856/3778
f 3780/3858/3780 3827/3906/3827 3779/3857/3779
f 3781/3859/3781 3828/3907/3828 3780/3858/3780
f 3782/3860/3782 3829/3908/3829 3781/3859/3781
f 3783/3861/3783 3830/3909/3830 3782/3860/3782
f 3784/3862/3784 3831/3910/3831 3783/3861/3783
f 3785/3863/3785 3832/3911/3832 3784/3862/3784
f 3786/3864/3786 3833/3912/3833 3785/3863/3785
f 3787/3865/3787 3834/3913/3834 3786/3864/3786
f 3788/3866/3788 3835/3914/3835 3787/3865/3787
f 3789/3867/3789 3836/3915/3836 3788/3866/3788
f 3838/3916/3838 3789/3867/3789 3790/3868/3790
f 3839/3917/3839 3790/3868/3790 3791/3869/3791
f 3840/3918/3840 3791/3869/3791 3792/3822/3792
f 3841/3919/3841 3840/3918/3840 3793/3870/3793
f 3842/3920/3842 3793/3921/3793 3794/3872/3794
f 3843/3922/3843 3794/3872/3794 3795/3873/3795
f 3844/3923/3844 3795/3873/3795 3796/3874/3796
f 3845/3924/3845 3796/3874/3796 3797/3875/3797
f 3846/3925/3846 3797/3875/3797 3798/3876/3798
f 3847/3926/3847 3798/3876/3798 3799/3877/3799
f 3848/3927/3848 3799/3877/3799 3800/3879/3800
f 3849/3928/3849 3800/3879/3800 3801/3880/3801
f 3850/3929/3850 3801/3880/3801 3802/3881/3802
f 3851/3930/3851 3802/3881/3802 3803/3882/3803
f 3852/3931/3852 3803/3882/3803 3804/3883/3804
f 3853/3932/3853 3804/3883/3804 3805/3884/3805
f 3854/3933/3854 3805/3884/3805 3806/3885/3806
f 3855/3934/3855 3806/3885/3806 3807/3886/3807
f 3808/3887/3808 3855/3934/3855 3807/3886/3807
f 3809/3888/3809 3856/3935/3856 3808/3887/3808
f 3810/3889/3810 3857/3936/3857 3809/3888/3809
f 3811/3890/3811 3858/3937/3858 3810/3889/3810
f 3812/3891/3812 3859/3938/3859 3811/3890/3811
f 3813/3892/3813 3860/3939/3860 3812/3891/3812
f 3814/3893/3814 3861/3940/3861 3813/3892/3813
f 3815/3894/3815 3862/3941/3862 3814/3893/3814
f 3816/3895/3816 3863/3942/3863 3815/3894/3815
f 3817/3896/3817 3864/3943/3864 3816/3895/3816
f 3818/3897/3818 3865/3944/3865 3817/3896/3817
f 3819/3898/3819 3866/3945/3866 3818/3897/3818
f 3820/3899/3820 3867/3946/3867 3819/3898/3819
f 3821/3900/3821 3868/3947/3868 3820/3899/3820
f 3822/3901/3822 3869/3948/3869 3821/3900/3821
f 3823/3902/3823 3870/3949/3870 3822/3901/3822
f 3824/3903/3824 3871/3950/3871 3823/3902/3823
f 3825/3904/3825 3872/3951/3872 3824/3903/3824
f 3826/3905/3826 3873/3952/3873 3825/3904/3825
f 3827/3906/3827 3874/3953/3874 3826/3905/3826
f 3828/3907/3828 3875/3954/3875 3827/3906/3827
f 3829/3908/3829 3876/3955/3876 3828/3907/3828
f 3830/3909/3830 3877/3956/3877 3829/3908/3829
f 3831/3910/3831 3878/3957/3878 3830/3909/3830
f 3880/3958/3880 3831/3910/3831 3832/3911/3832
f 3881/3959/3881 3832/3911/3832 3833/3912/3833
f 3882/3960/3882 3833/3912/3833 3834/3913/3834
f 3883/3961/3883 3834/3913/3834 3835/3914/3835
f 3884/3962/3884 3835/3914/3835 3836/3915/3836
f 3885/3963/3885 3836/3915/3836 3837/3964/3837
f 3886/3965/3886 3837/3964/3837 3838/3916/3838
f 3887/3966/3887 3838/3916/3838 3839/3917/3839
f 3888/3967/3888 3839/3917/3839 3840/3918/3840
f 3889/3968/3889 3888/3967/3888 3841/3919/3841
f 3890/3969/3890 3841/3970/3841 3842/3920/3842
f 3891/3971/3891 3842/3920/3842 3843/3922/3843
f 3892/3972/3892 3843/3922/3843 3844/3923/3844
f 3893/3973/3893 3844/3923/3844 3845/3924/3845
f 3894/3974/3894 3845/3924/3845 3846/3925/3846
f 3895/3975/3895 3846/3925/3846 3847/3926/3847
f 3896/3976/3896 3847/3926/3847 3848/3927/3848
f 3897/3977/3897 3848/3927/3848 3849/3928/3849
f 3898/3978/3898 3849/3928/3849 3850/3929/3850
f 3899/3979/3899 3850/3929/3850 3851/3930/3851
f 3900/3980/3900 3851/3930/3851 3852/3931/3852
f 3901/3981/3901 3852/3931/3852 3853/3932/3853
f 3902/3982/3902 3853/3932/3853 3854/3933/3854
f 3903/3983/3903 3854/3933/3854 3855/3934/3855
f 3856/3935/3856 3903/3983/3903 3855/3934/3855
f 3857/3936/3857 3904/3984/3904 3856/3935/3856
f 3858/3937/3858 3905/3985/3905 3857/3936/3857
f 3859/3938/3859 3906/3986/3906 3858/3937/3858
f 3860/3939/3860 3907/3987/3907 3859/3938/3859
f 3861/3940/3861 3908/3988/3908 3860/3939/3860
f 3862/3941/3862 3909/3989/3909 3861/3940/3861
f 3863/3942/3863 3910/3990/3910 3862/3941/3862
f 3864/3943/3864 3911/3991/3911 3863/3942/3863
f 3865/3944/3865 3912/3992/3912 3864/3943/3864
f 3866/3945/3866 3913/3993/3913 3865/3944/3865
f 3867/3946/3867 3914/3994/3914 3866/3945/3866
f 3868/3947/3868 3915/3995/3915 3867/3946/3867
f 3869/3948/3869 3916/3996/3916 3868/3947/3868
f 3870/3949/3870 3917/3997/3917 3869/3948/3869
f 3871/3950/3871 3918/3998/3918 3870/3949/3870
f 3872/3951/3872 3919/3999/3919 3871/3950/3871
f 3873/3952/3873 3920/4000/3920 3872/3951/3872
f 3874/3953/3874 3921/4001/3921 3873/3952/3873
f 3875/3954/3875 3922/4002/3922 3874/3953/3874
f 3876/3955/3876 3923/4003/3923 3875/3954/3875
f 3877/3956/3877 3924/4004/3924 3876/3955/3876
f 3878/3957/3878 3925/4005/3925 3877/3956/3877
f 3879/4006/3879 3926/4007/3926 3878/3957/3878
f 3928/4008/3928 3879/4006/3879 3880/3958/3880
f 3929/4009/3929 3880/3958/3880 3881/3959/3881
f 3930/4010/3930 3881/3959/3881 3882/3960/3882
f 3931/4011/3931 3882/3960/3882 3883/3961/3883
f 3932/4012/3932 3883/3961/3883 3884/3962/3884
f 3933/4013/3933 3884/3962/3884 3885/3963/3885
f 3934/4014/3934 3885/3963/3885 3886/3965/3886
f 3935/4015/3935 3886/3965/3886 3887/3966/3887
f 3936/4016/3936 3887/3966/3887 3888/3967/3888
f 3937/4017/3937 3936/4016/3936 3889/3968/3889
f 3938/4018/3938 3889/4019/3889 3890/3969/3890
f 3939/4020/3939 3890/3969/3890 3891/3971/3891
f 3940/4021/3940 3891/3971/3891 3892/3972/3892
f 3893/3973/3893 3940/4021/3940 3892/3972/3892
f 3942/4022/3942 3893/3973/3893 3894/3974/3894
f 3943/4023/3943 3894/3974/3894 3895/3975/3895
f 3944/4024/3944 3895/3975/3895 3896/3976/3896
f 3945/4025/3945 3896/3976/3896 3897/3977/3897
f 3946/4026/3946 3897/3977/3897 3898/3978/3898
f 3947/4027/3947 3898/3978/3898 3899/3979/3899
f 3948/4028/3948 3899/3979/3899 3900/3980/3900
f 3949/4029/3949 3900/3980/3900 3901/3981/3901
f 3950/4030/3950 3901/3981/3901 3902/3982/3902
f 3951/4031/3951 3902/3982/3902 3903/3983/3903
f 3904/3984/3904 3951/4031/3951 3903/3983/3903
f 3905/3985/3905 3952/4032/3952 3904/3984/3904
f 3906/3986/3906 3953/4033/3953 3905/3985/3905
f 3907/3987/3907 3954/4034/3954 3906/3986/3906
f 3908/3988/3908 3955/4035/3955 3907/3987/3907
f 3909/3989/3909 3956/4036/3956 3908/3988/3908
f 3910/3990/3910 3957/4037/3957 3909/3989/3909
f 3911/3991/3911 3958/4038/3958 3910/3990/3910
f 3912/3992/3912 3959/4039/3959 3911/3991/3911
f 3913/3993/3913 3960/4040/3960 3912/3992/3912
f 3914/3994/3914 3961/4041/3961 3913/3993/3913
f 3915/3995/3915 3962/4042/3962 3914/3994/3914
f 3916/3996/3916 3963/4043/3963 3915/3995/3915
f 3917/3997/3917 3964/4044/3964 3916/3996/3916
f 3918/3998/3918 3965/4045/3965 3917/3997/3917
f 3919/3999/3919 3966/4046/3966 3918/3998/3918
f 3920/4000/3920 3967/4047/3967 3919/3999/3919
f 3921/4001/3921 3968/4048/3968 3920/4000/3920
f 3922/4002/3922 3969/4049/3969 3921/4001/3921
f 3923/4003/3923 3970/4050/3970 3922/4002/3922
f 3924/4004/3924 3971/4051/3971 3923/4003/3923
f 3925/4005/3925 3972/4052/3972 3924/4004/3924
f 3926/4007/3926 3973/4053/3973 3925/4005/3925
f 3927/4054/3927 3974/4055/3974 3926/4007/3926
f 3976/4056/3976 3927/4054/3927 3928/4008/3928
f 3977/4057/3977 3928/4008/3928 3929/4009/3929
f 3978/4058/3978 3929/4009/3929 3930/4010/3930
f 3979/4059/3979 3930/4010/3930 3931/4011/3931
f 3980/4060/3980 3931/4011/3931 3932/4012/3932
f 3981/4061/3981 3932/4012/3932 3933/4013/3933
f 3982/4062/3982 3933/4013/3933 3934/4014/3934
f 3983/4063/3983 3934/4014/3934 3935/4015/3935
f 3984/4064/3984 3935/4015/3935 3936/4016/3936
f 3937/4017/3937 4032/4065/4032 3984/4064/3984
f 3938/4018/3938 3985/4066/3985 3937/4067/3937
f 3939/4020/3939 3986/4068/3986 3938/4018/3938
f 3940/4021/3940 3987/4069/3987 3939/4020/3939
f 3941/4070/3941 3988/4071/3988 3940/4021/3940
f 3942/4022/3942 3989/4072/3989 3941/4070/3941
f 3943/4023/3943 3990/4073/3990 3942/4022/3942
f 3944/4024/3944 3991/4074/3991 3943/4023/3943
f 3945/4025/3945 3992/4075/3992 3944/4024/3944
f 3946/4026/3946 3993/4076/3993 3945/4025/3945
f 3947/4027/3947 3994/4077/3994 3946/4026/3946
f 3948/4028/3948 3995/4078/3995 3947/4027/3947
f 3949/4029/3949 3996/4079/3996 3948/4028/3948
f 3950/4030/3950 3997/4080/3997 3949/4029/3949
f 3999/4081/3999 3950/4030/3950 3951/4031/3951
f 4000/4082/4000 3951/4031/3951 3952/4032/3952
f 4001/4083/4001 3952/4032/3952 3953/4033/3953
f 4002/4084/4002 3953/4033/3953 3954/4034/3954
f 4003/4085/4003 3954/4034/3954 3955/4035/3955
f 4004/4086/4004 3955/4035/3955 3956/4036/3956
f 4005/4087/4005 3956/4036/3956 3957/4037/3957
f 4006/4088/4006 3957/4037/3957 3958/4038/3958
f 4007/4089/4007 3958/4038/3958 3959/4039/3959
f 4008/4090/4008 3959/4039/3959 3960/4040/3960
f 4009/4091/4009 3960/4040/3960 3961/4041/3961
f 4010/4092/4010 3961/4041/3961 3962/4042/3962
f 4011/4093/4011 3962/4042/3962 3963/4043/3963
f 4012/4094/4012 3963/4043/3963 3964/4044/3964
f 4013/4095/4013 3964/4044/3964 3965/4045/3965
f 4014/4096/4014 3965/4045/3965 3966/4046/3966
f 4015/4097/4015 3966/4046/3966 3967/4047/3967
f 4016/4098/4016 3967/4047/3967 3968/4048/3968
f 4017/4099/4017 3968/4048/3968 3969/4049/3969
f 4018/4100/4018 3969/4049/3969 3970/4050/3970
f 4019/4101/4019 3970/4050/3970 3971/4051/3971
f 4020/4102/4020 3971/4051/3971 3972/4052/3972
f 4021/4103/4021 3972/4052/3972 3973/4053/3973
f 4022/4104/4022 3973/4053/3973 3974/4055/3974
f 3975/4105/3975 4022/4104/4022 3974/4055/3974
f 3976/4056/3976 4023/4106/4023 3975/4105/3975
f 3977/4057/3977 4024/4107/4024 3976/4056/3976
f 3978/4058/3978 4025/4108/4025 3977/4057/3977
f 3979/4059/3979 4026/4109/4026 3978/4058/3978
f 3980/4060/3980 4027/4110/4027 3979/4059/3979
f 3981/4061/3981 4028/4111/4028 3980/4060/3980
f 3982/4062/3982 4029/4112/4029 3981/4061/3981
f 3983/4063/3983 4030/4113/4030 3982/4062/3982
f 3984/4064/3984 4031/4114/4031 3983/4063/3983
f 3985/4115/3985 4080/4116/4080 4032/4065/4032
f 3986/4068/3986 4033/4117/4033 3985/4066/3985
f 3987/4069/3987 4034/4118/4034 3986/4068/3986
f 3988/4071/3988 4035/4119/4035 3987/4069/3987
f 3989/4072/3989 4036/4120/4036 3988/4071/3988
f 3990/4073/3990 4037/4121/4037 3989/4072/3989
f 3991/4074/3991 4038/4122/4038 3990/4073/3990
f 3992/4075/3992 4039/4123/4039 3991/4074/3991
f 3993/4076/3993 4040/4124/4040 3992/4075/3992
f 3994/4077/3994 4041/4125/4041 3993/4076/3993
f 3995/4078/3995 4042/4126/4042 3994/4077/3994
f 3996/4079/3996 4043/4127/4043 3995/4078/3995
f 3997/4080/3997 4044/4128/4044 3996/4079/3996
f 3998/4129/3998 4045/4130/4045 3997/4080/3997
f 3999/4081/3999 4046/4131/4046 3998/4129/3998
f 4048/4132/4048 3999/4081/3999 4000/4082/4000
f 4049/4133/4049 4000/4082/4000 4001/4083/4001
f 4050/4134/4050 4001/4083/4001 4002/4084/4002
f 4051/4135/4051 4002/4084/4002 4003/4085/4003
f 4052/4136/4052 4003/4085/4003 4004/4086/4004
f 4053/4137/4053 4004/4086/4004 4005/4087/4005
f 4054/4138/4054 4005/4087/4005 4006/4088/4006
f 4055/4139/4055 4006/4088/4006 4007/4089/4007
f 4056/4140/4056 4007/4089/4007 4008/4090/4008
f 4057/4141/4057 4008/4090/4008 4009/4091/4009
f 4058/4142/4058 4009/4091/4009 4010/4092/4010
f 4059/4143/4059 4010/4092/4010 4011/4093/4011
f 4060/4144/4060 4011/4093/4011 4012/4094/4012
f 4061/4145/4061 4012/4094/4012 4013/4095/4013
f 4062/4146/4062 4013/4095/4013 4014/4096/4014
f 4063/4147/4063 4014/4096/4014 4015/4097/4015
f 4064/4148/4064 4015/4097/4015 4016/4098/4016
f 4065/4149/4065 4016/4098/4016 4017/4099/4017
f 4066/4150/4066 4017/4099/4017 4018/4100/4018
f 4067/4151/4067 4018/4100/4018 4019/4101/4019
f 4068/4152/4068 4019/4101/4019 4020/4102/4020
f 4069/4153/4069 4020/4102/4020 4021/4103/4021
f 4070/4154/4070 4021/4103/4021 4022/4104/4022
f 4071/4155/4071 4022/4104/4022 4023/4106/4023
f 4024/4107/4024 4071/4155/4071 4023/4106/4023
f 4025/4108/4025 4072/4156/4072 4024/4107/4024
f 4026/4109/4026 4073/4157/4073 4025/4108/4025
f 4027/4110/4027 4074/4158/4074 4026/4109/4026
f 4028/4111/4028 4075/4159/4075 4027/4110/4027
f 4029/4112/4029 4076/4160/4076 4028/4111/4028
f 4030/4113/4030 4077/4161/4077 4029/4112/4029
f 4031/4114/4031 4078/4162/4078 4030/4113/4030
f 4032/4065/4032 4079/4163/4079 4031/4114/4031
f 4033/4164/4033 4128/4165/4128 4080/4116/4080
f 4034/4118/4034 4081/4166/4081 4033/4117/4033
f 4035/4119/4035 4082/4167/4082 4034/4118/4034
f 4036/4120/4036 4083/4168/4083 4035/4119/4035
f 4037/4121/4037 4084/4169/4084 4036/4120/4036
f 4038/4122/4038 4085/4170/4085 4037/4121/4037
f 4039/4123/4039 4086/4171/4086 4038/4122/4038
f 4040/4124/4040 4087/4172/4087 4039/4123/4039
f 4041/4125/4041 4088/4173/4088 4040/4124/4040
f 4042/4126/4042 4089/4174/4089 4041/4125/4041
f 4043/4127/4043 4090/4175/4090 4042/4126/4042
f 4044/4128/4044 4091/4176/4091 4043/4127/4043
f 4045/4130/4045 4092/4177/4092 4044/4128/4044
f 4046/4131/4046 4093/4178/4093 4045/4130/4045
f 4047/4179/4047 4094/4180/4094 4046/4131/4046
f 4048/4132/4048 4095/4181/4095 4047/4179/4047
f 4097/4182/4097 4048/4132/4048 4049/4133/4049
f 4098/4183/4098 4049/4133/4049 4050/4134/4050
f 4099/4184/4099 4050/4134/4050 4051/4135/4051
f 4100/4185/4100 4051/4135/4051 4052/4136/4052
f 4101/4186/4101 4052/4136/4052 4053/4137/4053
f 4102/4187/4102 4053/4137/4053 4054/4138/4054
f 4103/4188/4103 4054/4138/4054 4055/4139/4055
f 4104/4189/4104 4055/4139/4055 4056/4140/4056
f 4105/4190/4105 4056/4140/4056 4057/4141/4057
f 4106/4191/4106 4057/4141/4057 4058/4142/4058
f 4107/4192/4107 4058/4142/4058 4059/4143/4059
f 4108/4193/4108 4059/4143/4059 4060/4144/4060
f 4109/4194/4109 4060/4144/4060 4061/4145/4061
f 4110/4195/4110 4061/4145/4061 4062/4146/4062
f 4111/4196/4111 4062/4146/4062 4063/4147/4063
f 4112/4197/4112 4063/4147/4063 4064/4148/4064
f 4113/4198/4113 4064/4148/4064 4065/4149/4065
f 4114/4199/4114 4065/4149/4065 4066/4150/4066
f 4115/4200/4115 4066/4150/4066 4067/4151/4067
f 4116/4201/4116 4067/4151/4067 4068/4152/4068
f 4117/4202/4117 4068/4152/4068 4069/4153/4069
f 4118/4203/4118 4069/4153/4069 4070/4154/4070
f 4119/4204/4119 4070/4154/4070 4071/4155/4071
f 4120/4205/4120 4071/4155/4071 4072/4156/4072
f 4073/4157/4073 4120/4205/4120 4072/4156/4072
f 4074/4158/4074 4121/4206/4121 4073/4157/4073
f 4075/4159/4075 4122/4207/4122 4074/4158/4074
f 4076/4160/4076 4123/4208/4123 4075/4159/4075
f 4077/4161/4077 4124/4209/4124 4076/4160/4076
f 4078/4162/4078 4125/4210/4125 4077/4161/4077
f 4079/4163/4079 4126/4211/4126 4078/4162/4078
f 4080/4116/4080 4127/4212/4127 4079/4163/4079
f 4081/4213/4081 4176/4214/4176 4128/4165/4128
f 4082/4167/4082 4129/4215/4129 4081/4166/4081
f 4083/4168/4083 4130/4216/4130 4082/4167/4082
f 4084/4169/4084 4131/4217/4131 4083/4168/4083
f 4085/4170/4085 4132/4218/4132 4084/4169/4084
f 4086/4171/4086 4133/4219/4133 4085/4170/4085
f 4087/4172/4087 4134/4220/4134 4086/4171/4086
f 4088/4173/4088 4135/4221/4135 4087/4172/4087
f 4089/4174/4089 4136/4222/4136 4088/4173/4088
f 4090/4175/4090 4137/4223/4137 4089/4174/4089
f 4091/4176/4091 4138/4224/4138 4090/4175/4090
f 4092/4177/4092 4139/4225/4139 4091/4176/4091
f 4093/4178/4093 4140/4226/4140 4092/4177/4092
f 4094/4180/4094 4141/4227/4141 4093/4178/4093
f 4095/4181/4095 4142/4228/4142 4094/4180/4094
f 4096/4229/4096 4143/4230/4143 4095/4181/4095
f 4097/4182/4097 4144/4231/4144 4096/4229/4096
f 4146/4232/4146 4097/4182/4097 4098/4183/4098
f 4147/4233/4147 4098/4183/4098 4099/4184/4099
f 4148/4234/4148 4099/4184/4099 4100/4185/4100
f 4149/4235/4149 4100/4185/4100 4101/4186/4101
f 4150/4236/4150 4101/4186/4101 4102/4187/4102
f 4151/4237/4151 4102/4187/4102 4103/4188/4103
f 4152/4238/4152 4103/4188/4103 4104/4189/4104
f 4153/4239/4153 4104/4189/4104 4105/4190/4105
f 4154/4240/4154 4105/4190/4105 4106/4191/4106
f 4155/4241/4155 4106/4191/4106 4107/4192/4107
f 4156/4242/4156 4107/4192/4107 4108/4193/4108
f 4157/4243/4157 4108/4193/4108 4109/4194/4109
f 4158/4244/4158 4109/4194/4109 4110/4195/4110
f 4159/4245/4159 4110/4195/4110 4111/4196/4111
f 4160/4246/4160 4111/4196/4111 4112/4197/4112
f 4161/4247/4161 4112/4197/4112 4113/4198/4113
f 4162/4248/4162 4113/4198/4113 4114/4199/4114
f 4163/4249/4163 4114/4199/4114 4115/4200/4115
f 4164/4250/4164 4115/4200/4115 4116/4201/4116
f 4165/4251/4165 4116/4201/4116 4117/4202/4117
f 4166/4252/4166 4117/4202/4117 4118/4203/4118
f 4167/4253/4167 4118/4203/4118 4119/4204/4119
f 4168/4254/4168 4119/4204/4119 4120/4205/4120
f 4169/4255/4169 4120/4205/4120 4121/4206/4121
f 4122/4207/4122 4169/4255/4169 4121/4206/4121
f 4123/4208/4123 4170/4256/4170 4122/4207/4122
f 4124/4209/4124 4171/4257/4171 4123/4208/4123
f 4125/4210/4125 4172/4258/4172 4124/4209/4124
f 4126/4211/4126 4173/4259/4173 4125/4210/4125
f 4127/4212/4127 4174/4260/4174 4126/4211/4126
f 4128/4165/4128 4175/4261/4175 4127/4212/4127
f 4129/4262/4129 4224/4263/4224 4176/4214/4176
f 4130/4216/4130 4177/4264/4177 4129/4215/4129
f 4131/4217/4131 4178/4265/4178 4130/4216/4130
f 4132/4218/4132 4179/4266/4179 4131/4217/4131
f 4133/4219/4133 4180/4267/4180 4132/4218/4132
f 4134/4220/4134 4181/4268/4181 4133/4219/4133
f 4135/4221/4135 4182/4269/4182 4134/4220/4134
f 4136/4222/4136 4183/4270/4183 4135/4221/4135
f 4137/4223/4137 4184/4271/4184 4136/4222/4136
f 4138/4224/4138 4185/4272/4185 4137/4223/4137
f 4139/4225/4139 4186/4273/4186 4138/4224/4138
f 4140/4226/4140 4187/4274/4187 4139/4225/4139
f 4141/4227/4141 4188/4275/4188 4140/4226/4140
f 4142/4228/4142 4189/4276/4189 4141/4227/4141
f 4143/4230/4143 4190/4277/4190 4142/4228/4142
f 4144/4231/4144 4191/4278/4191 4143/4230/4143
f 4145/4279/4145 4192/4280/4192 4144/4231/4144
f 4194/4281/4194 4145/4279/4145 4146/4232/4146
f 4195/4282/4195 4146/4232/4146 4147/4233/4147
f 4196/4283/4196 4147/4233/4147 4148/4234/4148
f 4197/4284/4197 4148/4234/4148 4149/4235/4149
f 4198/4285/4198 4149/4235/4149 4150/4236/4150
f 4199/4286/4199 4150/4236/4150 4151/4237/4151
f 4200/4287/4200 4151/4237/4151 4152/4238/4152
f 4201/4288/4201 4152/4238/4152 4153/4239/4153
f 4202/4289/4202 4153/4239/4153 4154/4240/4154
f 4203/4290/4203 4154/4240/4154 4155/4241/4155
f 4204/4291/4204 4155/4241/4155 4156/4242/4156
f 4205/4292/4205 4156/4242/4156 4157/4243/4157
f 4206/4293/4206 4157/4243/4157 4158/4244/4158
f 4207/4294/4207 4158/4244/4158 4159/4245/4159
f 4208/4295/4208 4159/4245/4159 4160/4246/4160
f 4209/4296/4209 4160/4246/4160 4161/4247/4161
f 4210/4297/4210 4161/4247/4161 4162/4248/4162
f 4211/4298/4211 4162/4248/4162 4163/4249/4163
f 4212/4299/4212 4163/4249/4163 4164/4250/4164
f 4213/4300/4213 4164/4250/4164 4165/4251/4165
f 4214/4301/4214 4165/4251/4165 4166/4252/4166
f 4215/4302/4215 4166/4252/4166 4167/4253/4167
f 4216/4303/4216 4167/4253/4167 4168/4254/4168
f 4217/4304/4217 4168/4254/4168 4169/4255/4169
f 4170/4256/4170 4217/4304/4217 4169/4255/4169
f 4171/4257/4171 4218/4305/4218 4170/4256/4170
f 4172/4258/4172 4219/4306/4219 4171/4257/4171
f 4173/4259/4173 4220/4307/4220 4172/4258/4172
f 4174/4260/4174 4221/4308/4221 4173/4259/4173
f 4175/4261/4175 4222/4309/4222 4174/4260/4174
f 4176/4214/4176 4223/4310/4223 4175/4261/4175
f 4177/4311/4177 4272/4312/4272 4224/4263/4224
f 4178/4265/4178 4225/4313/4225 4177/4264/4177
f 4179/4266/4179 4226/4314/4226 4178/4265/4178
f 4180/4267/4180 4227/4315/4227 4179/4266/4179
f 4181/4268/4181 4228/4316/4228 4180/4267/4180
f 4182/4269/4182 4229/4317/4229 4181/4268/4181
f 4183/4270/4183 4230/4318/4230 4182/4269/4182
f 4184/4271/4184 4231/4319/4231 4183/4270/4183
f 4185/4272/4185 4232/4320/4232 4184/4271/4184
f 4186/4273/4186 4233/4321/4233 4185/4272/4185
f 4235/4322/4235 4186/4273/4186 4187/4274/4187
f 4236/4323/4236 4187/4274/4187 4188/4275/4188
f 4237/4324/4237 4188/4275/4188 4189/4276/4189
f 4238/4325/4238 4189/4276/4189 4190/4277/4190
f 4239/4326/4239 4190/4277/4190 4191/4278/4191
f 4240/4327/4240 4191/4278/4191 4192/4280/4192
f 4241/4328/4241 4192/4280/4192 4193/4329/4193
f 4242/4330/4242 4193/4329/4193 4194/4281/4194
f 4243/4331/4243 4194/4281/4194 4195/4282/4195
f 4244/4332/4244 4195/4282/4195 4196/4283/4196
f 4245/4333/4245 4196/4283/4196 4197/4284/4197
f 4246/4334/4246 4197/4284/4197 4198/4285/4198
f 4247/4335/4247 4198/4285/4198 4199/4286/4199
f 4248/4336/4248 4199/4286/4199 4200/4287/4200
f 4249/4337/4249 4200/4287/4200 4201/4288/4201
f 4250/4338/4250 4201/4288/4201 4202/4289/4202
f 4251/4339/4251 4202/4289/4202 4203/4290/4203
f 4252/4340/4252 4203/4290/4203 4204/4291/4204
f 4253/4341/4253 4204/4291/4204 4205/4292/4205
f 4254/4342/4254 4205/4292/4205 4206/4293/4206
f 4255/4343/4255 4206/4293/4206 4207/4294/4207
f 4256/4344/4256 4207/4294/4207 4208/4295/4208
f 4257/4345/4257 4208/4295/4208 4209/4296/4209
f 4258/4346/4258 4209/4296/4209 4210/4297/4210
f 4211/4298/4211 4258/4346/4258 4210/4297/4210
f 4212/4299/4212 4259/4347/4259 4211/4298/4211
f 4213/4300/4213 4260/4348/4260 4212/4299/4212
f 4214/4301/4214 4261/4349/4261 4213/4300/4213
f 4215/4302/4215 4262/4350/4262 4214/4301/4214
f 4216/4303/4216 4263/4351/4263 4215/4302/4215
f 4217/4304/4217 4264/4352/4264 4216/4303/4216
f 4218/4305/4218 4265/4353/4265 4217/4304/4217
f 4219/4306/4219 4266/4354/4266 4218/4305/4218
f 4220/4307/4220 4267/4355/4267 4219/4306/4219
f 4221/4308/4221 4268/4356/4268 4220/4307/4220
f 4222/4309/4222 4269/4357/4269 4221/4308/4221
f 4223/4310/4223 4270/4358/4270 4222/4309/4222
f 4224/4263/4224 4271/4359/4271 4223/4310/4223
f 4273/4360/4273 4272/4312/4272 4225/4361/4225
f 4274/4362/4274 4225/4313/4225 4226/4314/4226
f 4275/4363/4275 4226/4314/4226 4227/4315/4227
f 4276/4364/4276 4227/4315/4227 4228/4316/4228
f 4277/4365/4277 4228/4316/4228 4229/4317/4229
f 4278/4366/4278 4229/4317/4229 4230/4318/4230
f 4279/4367/4279 4230/4318/4230 4231/4319/4231
f 4280/4368/4280 4231/4319/4231 4232/4320/4232
f 4281/4369/4281 4232/4320/4232 4233/4321/4233
f 4282/4370/4282 4233/4321/4233 4234/4371/4234
f 4283/4372/4283 4234/4371/4234 4235/4322/4235
f 4284/4373/4284 4235/4322/4235 4236/4323/4236
f 4285/4374/4285 4236/4323/4236 4237/4324/4237
f 4286/4375/4286 4237/4324/4237 4238/4325/4238
f 4287/4376/4287 4238/4325/4238 4239/4326/4239
f 4288/4377/4288 4239/4326/4239 4240/4327/4240
f 4289/4378/4289 4240/4327/4240 4241/4328/4241
f 4242/4330/4242 4289/4378/4289 4241/4328/4241
f 4243/4331/4243 4290/4379/4290 4242/4330/4242
f 4244/4332/4244 4291/4380/4291 4243/4331/4243
f 4245/4333/4245 4292/4381/4292 4244/4332/4244
f 4246/4334/4246 4293/4382/4293 4245/4333/4245
f 4247/4335/4247 4294/4383/4294 4246/4334/4246
f 4248/4336/4248 4295/4384/4295 4247/4335/4247
f 4249/4337/4249 4296/4385/4296 4248/4336/4248
f 4250/4338/4250 4297/4386/4297 4249/4337/4249
f 4251/4339/4251 4298/4387/4298 4250/4338/4250
f 4252/4340/4252 4299/4388/4299 4251/4339/4251
f 4253/4341/4253 4300/4389/4300 4252/4340/4252
f 4254/4342/4254 4301/4390/4301 4253/4341/4253
f 4255/4343/4255 4302/4391/4302 4254/4342/4254
f 4256/4344/4256 4303/4392/4303 4255/4343/4255
f 4257/4345/4257 4304/4393/4304 4256/4344/4256
f 4258/4346/4258 4305/4394/4305 4257/4345/4257
f 4259/4347/4259 4306/4395/4306 4258/4346/4258
f 4260/4348/4260 4307/4396/4307 4259/4347/4259
f 4261/4349/4261 4308/4397/4308 4260/4348/4260
f 4262/4350/4262 4309/4398/4309 4261/4349/4261
f 4263/4351/4263 4310/4399/4310 4262/4350/4262
f 4264/4352/4264 4311/4400/4311 4263/4351/4263
f 4265/4353/4265 4312/4401/4312 4264/4352/4264
f 4314/4402/4314 4265/4353/4265 4266/4354/4266
f 4315/4403/4315 4266/4354/4266 4267/4355/4267
f 4316/4404/4316 4267/4355/4267 4268/4356/4268
f 4317/4405/4317 4268/4356/4268 4269/4357/4269
f 4318/4406/4318 4269/4357/4269 4270/4358/4270
f 4319/4407/4319 4270/4358/4270 4271/4359/4271
f 4320/4408/4320 4271/4359/4271 4272/4312/4272
f 4321/4409/4321 4320/4408/4320 4273/4360/4273
f 4322/4410/4322 4273/4411/4273 4274/4362/4274
f 4323/4412/4323 4274/4362/4274 4275/4363/4275
f 4324/4413/4324 4275/4363/4275 4276/4364/4276
f 4325/4414/4325 4276/4364/4276 4277/4365/4277
f 4326/4415/4326 4277/4365/4277 4278/4366/4278
f 4327/4416/4327 4278/4366/4278 4279/4367/4279
f 4328/4417/4328 4279/4367/4279 4280/4368/4280
f 4329/4418/4329 4280/4368/4280 4281/4369/4281
f 4330/4419/4330 4281/4369/4281 4282/4370/4282
f 4331/4420/4331 4282/4370/4282 4283/4372/4283
f 4332/4421/4332 4283/4372/4283 4284/4373/4284
f 4333/4422/4333 4284/4373/4284 4285/4374/4285
f 4334/4423/4334 4285/4374/4285 4286/4375/4286
f 4335/4424/4335 4286/4375/4286 4287/4376/4287
f 4336/4425/4336 4287/4376/4287 4288/4377/4288
f 4337/4426/4337 4288/4377/4288 4289/4378/4289
f 4290/4379/4290 4337/4426/4337 4289/4378/4289
f 4291/4380/4291 4338/4427/4338 4290/4379/4290
f 4292/4381/4292 4339/4428/4339 4291/4380/4291
f 4293/4382/4293 4340/4429/4340 4292/4381/4292
f 4294/4383/4294 4341/4430/4341 4293/4382/4293
f 4295/4384/4295 4342/4431/4342 4294/4383/4294
f 4296/4385/4296 4343/4432/4343 4295/4384/4295
f 4297/4386/4297 4344/4433/4344 4296/4385/4296
f 4298/4387/4298 4345/4434/4345 4297/4386/4297
f 4299/4388/4299 4346/4435/4346 4298/4387/4298
f 4300/4389/4300 4347/4436/4347 4299/4388/4299
f 4301/4390/4301 4348/4437/4348 4300/4389/4300
f 4302/4391/4302 4349/4438/4349 4301/4390/4301
f 4303/4392/4303 4350/4439/4350 4302/4391/4302
f 4304/4393/4304 4351/4440/4351 4303/4392/4303
f 4305/4394/4305 4352/4441/4352 4304/4393/4304
f 4306/4395/4306 4353/4442/4353 4305/4394/4305
f 4307/4396/4307 4354/4443/4354 4306/4395/4306
f 4308/4397/4308 4355/4444/4355 4307/4396/4307
f 4309/4398/4309 4356/4445/4356 4308/4397/4308
f 4310/4399/4310 4357/4446/4357 4309/4398/4309
f 4311/4400/4311 4358/4447/4358 4310/4399/4310
f 4312/4401/4312 4359/4448/4359 4311/4400/4311
f 4313/4449/4313 4360/4450/4360 4312/4401/4312
f 4362/4451/4362 4313/4449/4313 4314/4402/4314
f 4363/4452/4363 4314/4402/4314 4315/4403/4315
f 4364/4453/4364 4315/4403/4315 4316/4404/4316
f 4365/4454/4365 4316/4404/4316 4317/4405/4317
f 4366/4455/4366 4317/4405/4317 4318/4406/4318
f 4367/4456/4367 4318/4406/4318 4319/4407/4319
f 4368/4457/4368 4319/4407/4319 4320/4408/4320
f 4369/4458/4369 4368/4457/4368 4321/4409/4321
f 4370/4459/4370 4321/4460/4321 4322/4410/4322
f 4371/4461/4371 4322/4410/4322 4323/4412/4323
f 4372/4462/4372 4323/4412/4323 4324/4413/4324
f 4373/4463/4373 4324/4413/4324 4325/4414/4325
f 4374/4464/4374 4325/4414/4325 4326/4415/4326
f 4375/4465/4375 4326/4415/4326 4327/4416/4327
f 4376/4466/4376 4327/4416/4327 4328/4417/4328
f 4377/4467/4377 4328/4417/4328 4329/4418/4329
f 4378/4468/4378 4329/4418/4329 4330/4419/4330
f 4379/4469/4379 4330/4419/4330 4331/4420/4331
f 4380/4470/4380 4331/4420/4331 4332/4421/4332
f 4381/4471/4381 4332/4421/4332 4333/4422/4333
f 4382/4472/4382 4333/4422/4333 4334/4423/4334
f 4383/4473/4383 4334/4423/4334 4335/4424/4335
f 4384/4474/4384 4335/4424/4335 4336/4425/4336
f 4385/4475/4385 4336/4425/4336 4337/4426/4337
f 4386/4476/4386 4337/4426/4337 4338/4427/4338
f 4339/4428/4339 4386/4476/4386 4338/4427/4338
f 4340/4429/4340 4387/4477/4387 4339/4428/4339
f 4341/4430/4341 4388/4478/4388 4340/4429/4340
f 4342/4431/4342 4389/4479/4389 4341/4430/4341
f 4343/4432/4343 4390/4480/4390 4342/4431/4342
f 4344/4433/4344 4391/4481/4391 4343/4432/4343
f 4345/4434/4345 4392/4482/4392 4344/4433/4344
f 4346/4435/4346 4393/4483/4393 4345/4434/4345
f 4347/4436/4347 4394/4484/4394 4346/4435/4346
f 4348/4437/4348 4395/4485/4395 4347/4436/4347
f 4349/4438/4349 4396/4486/4396 4348/4437/4348
f 4350/4439/4350 4397/4487/4397 4349/4438/4349
f 4351/4440/4351 4398/4488/4398 4350/4439/4350
f 4352/4441/4352 4399/4489/4399 4351/4440/4351
f 4353/4442/4353 4400/4490/4400 4352/4441/4352
f 4354/4443/4354 4401/4491/4401 4353/4442/4353
f 4355/4444/4355 4402/4492/4402 4354/4443/4354
f 4356/4445/4356 4403/4493/4403 4355/4444/4355
f 4357/4446/4357 4404/4494/4404 4356/4445/4356
f 4358/4447/4358 4405/4495/4405 4357/4446/4357
f 4359/4448/4359 4406/4496/4406 4358/4447/4358
f 4360/4450/4360 4407/4497/4407 4359/4448/4359
f 4361/4498/4361 4408/4499/4408 4360/4450/4360
f 4362/4451/4362 4409/4500/4409 4361/4498/4361
f 4411/4501/4411 4362/4451/4362 4363/4452/4363
f 4412/4502/4412 4363/4452/4363 4364/4453/4364
f 4413/4503/4413 4364/4453/4364 4365/4454/4365
f 4414/4504/4414 4365/4454/4365 4366/4455/4366
f 4415/4505/4415 4366/4455/4366 4367/4456/4367
f 4416/4506/4416 4367/4456/4367 4368/4457/4368
f 4369/4458/4369 4464/4507/4464 4416/4506/4416
f 4418/4508/4418 4369/4509/4369 4370/4459/4370
f 4419/4510/4419 4370/4459/4370 4371/4461/4371
f 4420/4511/4420 4371/4461/4371 4372/4462/4372
f 4421/4512/4421 4372/4462/4372 4373/4463/4373
f 4422/4513/4422 4373/4463/4373 4374/4464/4374
f 4423/4514/4423 4374/4464/4374 4375/4465/4375
f 4424/4515/4424 4375/4465/4375 4376/4466/4376
f 4425/4516/4425 4376/4466/4376 4377/4467/4377
f 4426/4517/4426 4377/4467/4377 4378/4468/4378
f 4427/4518/4427 4378/4468/4378 4379/4469/4379
f 4428/4519/4428 4379/4469/4379 4380/4470/4380
f 4429/4520/4429 4380/4470/4380 4381/4471/4381
f 4430/4521/4430 4381/4471/4381 4382/4472/4382
f 4431/4522/4431 4382/4472/4382 4383/4473/4383
f 4432/4523/4432 4383/4473/4383 4384/4474/4384
f 4433/4524/4433 4384/4474/4384 4385/4475/4385
f 4434/4525/4434 4385/4475/4385 4386/4476/4386
f 4435/4526/4435 4386/4476/4386 4387/4477/4387
f 4436/4527/4436 4387/4477/4387 4388/4478/4388
f 4437/4528/4437 4388/4478/4388 4389/4479/4389
f 4438/4529/4438 4389/4479/4389 4390/4480/4390
f 4439/4530/4439 4390/4480/4390 4391/4481/4391
f 4440/4531/4440 4391/4481/4391 4392/4482/4392
f 4441/4532/4441 4392/4482/4392 4393/4483/4393
f 4394/4484/4394 4441/4532/4441 4393/4483/4393
f 4395/4485/4395 4442/4533/4442 4394/4484/4394
f 4396/4486/4396 4443/4534/4443 4395/4485/4395
f 4397/4487/4397 4444/4535/4444 4396/4486/4396
f 4398/4488/4398 4445/4536/4445 4397/4487/4397
f 4399/4489/4399 4446/4537/4446 4398/4488/4398
f 4400/4490/4400 4447/4538/4447 4399/4489/4399
f 4401/4491/4401 4448/4539/4448 4400/4490/4400
f 4402/4492/4402 4449/4540/4449 4401/4491/4401
f 4403/4493/4403 4450/4541/4450 4402/4492/4402
f 4404/4494/4404 4451/4542/4451 4403/4493/4403
f 4405/4495/4405 4452/4543/4452 4404/4494/4404
f 4406/4496/4406 4453/4544/4453 4405/4495/4405
f 4407/4497/4407 4454/4545/4454 4406/4496/4406
f 4408/4499/4408 4455/4546/4455 4407/4497/4407
f 4409/4500/4409 4456/4547/4456 4408/4499/4408
f 4410/4548/4410 4457/4549/4457 4409/4500/4409
f 4411/4501/4411 4458/4550/4458 4410/4548/4410
f 4412/4502/4412 4459/4551/4459 4411/4501/4411
f 4413/4503/4413 4460/4552/4460 4412/4502/4412
f 4414/4504/4414 4461/4553/4461 4413/4503/4413
f 4415/4505/4415 4462/4554/4462 4414/4504/4414
f 4416/4506/4416 4463/4555/4463 4415/4505/4415
f 4417/4556/4417 4512/4557/4512 4464/4507/4464
f 4418/4508/4418 4465/4558/4465 4417/4559/4417
f 4419/4510/4419 4466/4560/4466 4418/4508/4418
f 4420/4511/4420 4467/4561/4467 4419/4510/4419
f 4421/4512/4421 4468/4562/4468 4420/4511/4420
f 4422/4513/4422 4469/4563/4469 4421/4512/4421
f 4423/4514/4423 4470/4564/4470 4422/4513/4422
f 4424/4515/4424 4471/4565/4471 4423/4514/4423
f 4425/4516/4425 4472/4566/4472 4424/4515/4424
f 4426/4517/4426 4473/4567/4473 4425/4516/4425
f 4427/4518/4427 4474/4568/4474 4426/4517/4426
f 4428/4519/4428 4475/4569/4475 4427/4518/4427
f 4429/4520/4429 4476/4570/4476 4428/4519/4428
f 4478/4571/4478 4429/4520/4429 4430/4521/4430
f 4479/4572/4479 4430/4521/4430 4431/4522/4431
f 4480/4573/4480 4431/4522/4431 4432/4523/4432
f 4481/4574/4481 4432/4523/4432 4433/4524/4433
f 4482/4575/4482 4433/4524/4433 4434/4525/4434
f 4483/4576/4483 4434/4525/4434 4435/4526/4435
f 4484/4577/4484 4435/4526/4435 4436/4527/4436
f 4485/4578/4485 4436/4527/4436 4437/4528/4437
f 4486/4579/4486 4437/4528/4437 4438/4529/4438
f 4487/4580/4487 4438/4529/4438 4439/4530/4439
f 4488/4581/4488 4439/4530/4439 4440/4531/4440
f 4489/4582/4489 4440/4531/4440 4441/4532/4441
f 4490/4583/4490 4441/4532/4441 4442/4533/4442
f 4491/4584/4491 4442/4533/4442 4443/4534/4443
f 4492/4585/4492 4443/4534/4443 4444/4535/4444
f 4493/4586/4493 4444/4535/4444 4445/4536/4445
f 4494/4587/4494 4445/4536/4445 4446/4537/4446
f 4495/4588/4495 4446/4537/4446 4447/4538/4447
f 4496/4589/4496 4447/4538/4447 4448/4539/4448
f 4497/4590/4497 4448/4539/4448 4449/4540/4449
f 4498/4591/4498 4449/4540/4449 4450/4541/4450
f 4499/4592/4499 4450/4541/4450 4451/4542/4451
f 4500/4593/4500 4451/4542/4451 4452/4543/4452
f 4501/4594/4501 4452/4543/4452 4453/4544/4453
f 4454/4545/4454 4501/4594/4501 4453/4544/4453
f 4455/4546/4455 4502/4595/4502 4454/4545/4454
f 4456/4547/4456 4503/4596/4503 4455/4546/4455
f 4457/4549/4457 4504/4597/4504 4456/4547/4456
f 4458/4550/4458 4505/4598/4505 4457/4549/4457
f 4459/4551/4459 4506/4599/4506 4458/4550/4458
f 4460/4552/4460 4507/4600/4507 4459/4551/4459
f 4461/4553/4461 4508/4601/4508 4460/4552/4460
f 4462/4554/4462 4509/4602/4509 4461/4553/4461
f 4463/4555/4463 4510/4603/4510 4462/4554/4462
f 4464/4507/4464 4511/4604/4511 4463/4555/4463
f 4465/4605/4465 4560/4606/4560 4512/4557/4512
f 4466/4560/4466 4513/4607/4513 4465/4558/4465
f 4467/4561/4467 4514/4608/4514 4466/4560/4466
f 4468/4562/4468 4515/4609/4515 4467/4561/4467
f 4469/4563/4469 4516/4610/4516 4468/4562/4468
f 4470/4564/4470 4517/4611/4517 4469/4563/4469
f 4471/4565/4471 4518/4612/4518 4470/4564/4470
f 4472/4566/4472 4519/4613/4519 4471/4565/4471
f 4473/4567/4473 4520/4614/4520 4472/4566/4472
f 4474/4568/4474 4521/4615/4521 4473/4567/4473
f 4475/4569/4475 4522/4616/4522 4474/4568/4474
f 4476/4570/4476 4523/4617/4523 4475/4569/4475
f 4477/4618/4477 4524/4619/4524 4476/4570/4476
f 4478/4571/4478 4525/4620/4525 4477/4618/4477
f 4527/4621/4527 4478/4571/4478 4479/4572/4479
f 4528/4622/4528 4479/4572/4479 4480/4573/4480
f 4529/4623/4529 4480/4573/4480 4481/4574/4481
f 4530/4624/4530 4481/4574/4481 4482/4575/4482
f 4531/4625/4531 4482/4575/4482 4483/4576/4483
f 4532/4626/4532 4483/4576/4483 4484/4577/4484
f 4533/4627/4533 4484/4577/4484 4485/4578/4485
f 4534/4628/4534 4485/4578/4485 4486/4579/4486
f 4535/4629/4535 4486/4579/4486 4487/4580/4487
f 4536/4630/4536 4487/4580/4487 4488/4581/4488
f 4537/4631/4537 4488/4581/4488 4489/4582/4489
f 4538/4632/4538 4489/4582/4489 4490/4583/4490
f 4539/4633/4539 4490/4583/4490 4491/4584/4491
f 4540/4634/4540 4491/4584/4491 4492/4585/4492
f 4541/4635/4541 4492/4585/4492 4493/4586/4493
f 4542/4636/4542 4493/4586/4493 4494/4587/4494
f 4543/4637/4543 4494/4587/4494 4495/4588/4495
f 4544/4638/4544 4495/4588/4495 4496/4589/4496
f 4545/4639/4545 4496/4589/4496 4497/4590/4497
f 4546/4640/4546 4497/4590/4497 4498/4591/4498
f 4547/4641/4547 4498/4591/4498 4499/4592/4499
f 4548/4642/4548 4499/4592/4499 4500/4593/4500
f 4549/4643/4549 4500/4593/4500 4501/4594/4501
f 4550/4644/4550 4501/4594/4501 4502/4595/4502
f 4503/4596/4503 4550/4644/4550 4502/4595/4502
f 4504/4597/4504 4551/4645/4551 4503/4596/4503
f 4505/4598/4505 4552/4646/4552 4504/4597/4504
f 4506/4599/4506 4553/4647/4553 4505/4598/4505
f 4507/4600/4507 4554/4648/4554 4506/4599/4506
f 4508/4601/4508 4555/4649/4555 4507/4600/4507
f 4509/4602/4509 4556/4650/4556 4508/4601/4508
f 4510/4603/4510 4557/4651/4557 4509/4602/4509
f 4511/4604/4511 4558/4652/4558 4510/4603/4510
f 4512/4557/4512 4559/4653/4559 4511/4604/4511
f 4513/4654/4513 4608/4655/4608 4560/4606/4560
f 4514/4608/4514 4561/4656/4561 4513/4607/4513
f 4515/4609/4515 4562/4657/4562 4514/4608/4514
f 4516/4610/4516 4563/4658/4563 4515/4609/4515
f 4517/4611/4517 4564/4659/4564 4516/4610/4516
f 4518/4612/4518 4565/4660/4565 4517/4611/4517
f 4519/4613/4519 4566/4661/4566 4518/4612/4518
f 4520/4614/4520 4567/4662/4567 4519/4613/4519
f 4521/4615/4521 4568/4663/4568 4520/4614/4520
f 4522/4616/4522 4569/4664/4569 4521/4615/4521
f 4523/4617/4523 4570/4665/4570 4522/4616/4522
f 4524/4619/4524 4571/4666/4571 4523/4617/4523
f 4525/4620/4525 4572/4667/4572 4524/4619/4524
f 4526/4668/4526 4573/4669/4573 4525/4620/4525
f 4575/4670/4575 4526/4668/4526 4527/4621/4527
f 4576/4671/4576 4527/4621/4527 4528/4622/4528
f 4577/4672/4577 4528/4622/4528 4529/4623/4529
f 4578/4673/4578 4529/4623/4529 4530/4624/4530
f 4579/4674/4579 4530/4624/4530 4531/4625/4531
f 4580/4675/4580 4531/4625/4531 4532/4626/4532
f 4581/4676/4581 4532/4626/4532 4533/4627/4533
f 4582/4677/4582 4533/4627/4533 4534/4628/4534
f 4583/4678/4583 4534/4628/4534 4535/4629/4535
f 4584/4679/4584 4535/4629/4535 4536/4630/4536
f 4585/4680/4585 4536/4630/4536 4537/4631/4537
f 4586/4681/4586 4537/4631/4537 4538/4632/4538
f 4587/4682/4587 4538/4632/4538 4539/4633/4539
f 4588/4683/4588 4539/4633/4539 4540/4634/4540
f 4589/4684/4589 4540/4634/4540 4541/4635/4541
f 4590/4685/4590 4541/4635/4541 4542/4636/4542
f 4591/4686/4591 4542/4636/4542 4543/4637/4543
f 4592/4687/4592 4543/4637/4543 4544/4638/4544
f 4593/4688/4593 4544/4638/4544 4545/4639/4545
f 4594/4689/4594 4545/4639/4545 4546/4640/4546
f 4595/4690/4595 4546/4640/4546 4547/4641/4547
f 4548/4642/4548 4595/4690/4595 4547/4641/4547
f 4597/4691/4597 4548/4642/4548 4549/4643/4549
f 4598/4692/4598 4549/4643/4549 4550/4644/4550
f 4551/4645/4551 4598/4692/4598 4550/4644/4550
f 4552/4646/4552 4599/4693/4599 4551/4645/4551
f 4553/4647/4553 4600/4694/4600 4552/4646/4552
f 4554/4648/4554 4601/4695/4601 4553/4647/4553
f 4555/4649/4555 4602/4696/4602 4554/4648/4554
f 4556/4650/4556 4603/4697/4603 4555/4649/4555
f 4557/4651/4557 4604/4698/4604 4556/4650/4556
f 4558/4652/4558 4605/4699/4605 4557/4651/4557
f 4559/4653/4559 4606/4700/4606 4558/4652/4558
f 4560/4606/4560 4607/4701/4607 4559/4653/4559
f 4609/4702/4609 4608/4655/4608 4561/4703/4561
f 4610/4704/4610 4561/4656/4561 4562/4657/4562
f 4611/4705/4611 4562/4657/4562 4563/4658/4563
f 4612/4706/4612 4563/4658/4563 4564/4659/4564
f 4613/4707/4613 4564/4659/4564 4565/4660/4565
f 4614/4708/4614 4565/4660/4565 4566/4661/4566
f 4615/4709/4615 4566/4661/4566 4567/4662/4567
f 4616/4710/4616 4567/4662/4567 4568/4663/4568
f 4617/4711/4617 4568/4663/4568 4569/4664/4569
f 4618/4712/4618 4569/4664/4569 4570/4665/4570
f 4619/4713/4619 4570/4665/4570 4571/4666/4571
f 4620/4714/4620 4571/4666/4571 4572/4667/4572
f 4621/4715/4621 4572/4667/4572 4573/4669/4573
f 4622/4716/4622 4573/4669/4573 4574/4717/4574
f 4623/4718/4623 4574/4717/4574 4575/4670/4575
f 4624/4719/4624 4575/4670/4575 4576/4671/4576
f 4625/4720/4625 4576/4671/4576 4577/4672/4577
f 4626/4721/4626 4577/4672/4577 4578/4673/4578
f 4627/4722/4627 4578/4673/4578 4579/4674/4579
f 4628/4723/4628 4579/4674/4579 4580/4675/4580
f 4629/4724/4629 4580/4675/4580 4581/4676/4581
f 4582/4677/4582 4629/4724/4629 4581/4676/4581
f 4583/4678/4583 4630/4725/4630 4582/4677/4582
f 4584/4679/4584 4631/4726/4631 4583/4678/4583
f 4585/4680/4585 4632/4727/4632 4584/4679/4584
f 4586/4681/4586 4633/4728/4633 4585/4680/4585
f 4587/4682/4587 4634/4729/4634 4586/4681/4586
f 4588/4683/4588 4635/4730/4635 4587/4682/4587
f 4589/4684/4589 4636/4731/4636 4588/4683/4588
f 4590/4685/4590 4637/4732/4637 4589/4684/4589
f 4591/4686/4591 4638/4733/4638 4590/4685/4590
f 4592/4687/4592 4639/4734/4639 4591/4686/4591
f 4593/4688/4593 4640/4735/4640 4592/4687/4592
f 4594/4689/4594 4641/4736/4641 4593/4688/4593
f 4595/4690/4595 4642/4737/4642 4594/4689/4594
f 4596/4738/4596 4643/4739/4643 4595/4690/4595
f 4597/4691/4597 4644/4740/4644 4596/4738/4596
f 4598/4692/4598 4645/4741/4645 4597/4691/4597
f 4599/4693/4599 4646/4742/4646 4598/4692/4598
f 4600/4694/4600 4647/4743/4647 4599/4693/4599
f 4601/4695/4601 4648/4744/4648 4600/4694/4600
f 4602/4696/4602 4649/4745/4649 4601/4695/4601
f 4603/4697/4603 4650/4746/4650 4602/4696/4602
f 4604/4698/4604 4651/4747/4651 4603/4697/4603
f 4605/4699/4605 4652/4748/4652 4604/4698/4604
f 4654/4749/4654 4605/4699/4605 4606/4700/4606
f 4655/4750/4655 4606/4700/4606 4607/4701/4607
f 4656/4751/4656 4607/4701/4607 4608/4655/4608
f 4657/4752/4657 4656/4751/4656 4609/4702/4609
f 4658/4753/4658 4609/4754/4609 4610/4704/4610
f 4659/4755/4659 4610/4704/4610 4611/4705/4611
f 4660/4756/4660 4611/4705/4611 4612/4706/4612
f 4661/4757/4661 4612/4706/4612 4613/4707/4613
f 4662/4758/4662 4613/4707/4613 4614/4708/4614
f 4663/4759/4663 4614/4708/4614 4615/4709/4615
f 4664/4760/4664 4615/4709/4615 4616/4710/4616
f 4665/4761/4665 4616/4710/4616 4617/4711/4617
f 4666/4762/4666 4617/4711/4617 4618/4712/4618
f 4667/4763/4667 4618/4712/4618 4619/4713/4619
f 4668/4764/4668 4619/4713/4619 4620/4714/4620
f 4669/4765/4669 4620/4714/4620 4621/4715/4621
f 4670/4766/4670 4621/4715/4621 4622/4716/4622
f 4671/4767/4671 4622/4716/4622 4623/4718/4623
f 4672/4768/4672 4623/4718/4623 4624/4719/4624
f 4673/4769/4673 4624/4719/4624 4625/4720/4625
f 4674/4770/4674 4625/4720/4625 4626/4721/4626
f 4675/4771/4675 4626/4721/4626 4627/4722/4627
f 4676/4772/4676 4627/4722/4627 4628/4723/4628
f 4677/4773/4677 4628/4723/4628 4629/4724/4629
f 4678/4774/4678 4629/4724/4629 4630/4725/4630
f 4631/4726/4631 4678/4774/4678 4630/4725/4630
f 4632/4727/4632 4679/4775/4679 4631/4726/4631
f 4633/4728/4633 4680/4776/4680 4632/4727/4632
f 4634/4729/4634 4681/4777/4681 4633/4728/4633
f 4635/4730/4635 4682/4778/4682 4634/4729/4634
f 4636/4731/4636 4683/4779/4683 4635/4730/4635
f 4637/4732/4637 4684/4780/4684 4636/4731/4636
f 4638/4733/4638 4685/4781/4685 4637/4732/4637
f 4639/4734/4639 4686/4782/4686 4638/4733/4638
f 4640/4735/4640 4687/4783/4687 4639/4734/4639
f 4641/4736/4641 4688/4784/4688 4640/4735/4640
f 4642/4737/4642 4689/4785/4689 4641/4736/4641
f 4643/4739/4643 4690/4786/4690 4642/4737/4642
f 4644/4740/4644 4691/4787/4691 4643/4739/4643
f 4645/4741/4645 4692/4788/4692 4644/4740/4644
f 4646/4742/4646 4693/4789/4693 4645/4741/4645
f 4647/4743/4647 4694/4790/4694 4646/4742/4646
f 4648/4744/4648 4695/4791/4695 4647/4743/4647
f 4649/4745/4649 4696/4792/4696 4648/4744/4648
f 4650/4746/4650 4697/4793/4697 4649/4745/4649
f 4651/4747/4651 4698/4794/4698 4650/4746/4650
f 4652/4748/4652 4699/4795/4699 4651/4747/4651
f 4653/4796/4653 4700/4797/4700 4652/4748/4652
f 4654/4749/4654 4701/4798/4701 4653/4796/4653
f 4703/4799/4703 4654/4749/4654 4655/4750/4655
f 4704/4800/4704 4655/4750/4655 4656/4751/4656
f 4657/4752/4657 4752/4801/4752 4704/4800/4704
f 4658/4753/4658 4705/4802/4705 4657/4803/4657
f 4659/4755/4659 4706/4804/4706 4658/4753/4658
f 4660/4756/4660 4707/4805/4707 4659/4755/4659
f 4661/4757/4661 4708/4806/4708 4660/4756/4660
f 4662/4758/4662 4709/4807/4709 4661/4757/4661
f 4711/4808/4711 4662/4758/4662 4663/4759/4663
f 4712/4809/4712 4663/4759/4663 4664/4760/4664
f 4713/4810/4713 4664/4760/4664 4665/4761/4665
f 4714/4811/4714 4665/4761/4665 4666/4762/4666
f 4715/4812/4715 4666/4762/4666 4667/4763/4667
f 4716/4813/4716 4667/4763/4667 4668/4764/4668
f 4717/4814/4717 4668/4764/4668 4669/4765/4669
f 4718/4815/4718 4669/4765/4669 4670/4766/4670
f 4719/4816/4719 4670/4766/4670 4671/4767/4671
f 4720/4817/4720 4671/4767/4671 4672/4768/4672
f 4721/4818/4721 4672/4768/4672 4673/4769/4673
f 4722/4819/4722 4673/4769/4673 4674/4770/4674
f 4723/4820/4723 4674/4770/4674 4675/4771/4675
f 4724/4821/4724 4675/4771/4675 4676/4772/4676
f 4725/4822/4725 4676/4772/4676 4677/4773/4677
f 4726/4823/4726 4677/4773/4677 4678/4774/4678
f 4727/4824/4727 4678/4774/4678 4679/4775/4679
f 4728/4825/4728 4679/4775/4679 4680/4776/4680
f 4681/4777/4681 4728/4825/4728 4680/4776/4680
f 4730/4826/4730 4681/4777/4681 4682/4778/4682
f 4731/4827/4731 4682/4778/4682 4683/4779/4683
f 4732/4828/4732 4683/4779/4683 4684/4780/4684
f 4733/4829/4733 4684/4780/4684 4685/4781/4685
f 4734/4830/4734 4685/4781/4685 4686/4782/4686
f 4687/4783/4687 4734/4830/4734 4686/4782/4686
f 4688/4784/4688 4735/4831/4735 4687/4783/4687
f 4689/4785/4689 4736/4832/4736 4688/4784/4688
f 4690/4786/4690 4737/4833/4737 4689/4785/4689
f 4691/4787/4691 4738/4834/4738 4690/4786/4690
f 4692/4788/4692 4739/4835/4739 4691/4787/4691
f 4693/4789/4693 4740/4836/4740 4692/4788/4692
f 4694/4790/4694 4741/4837/4741 4693/4789/4693
f 4695/4791/4695 4742/4838/4742 4694/4790/4694
f 4696/4792/4696 4743/4839/4743 4695/4791/4695
f 4697/4793/4697 4744/4840/4744 4696/4792/4696
f 4698/4794/4698 4745/4841/4745 4697/4793/4697
f 4699/4795/4699 4746/4842/4746 4698/4794/4698
f 4700/4797/4700 4747/4843/4747 4699/4795/4699
f 4701/4798/4701 4748/4844/4748 4700/4797/4700
f 4702/4845/4702 4749/4846/4749 4701/4798/4701
f 4703/4799/4703 4750/4847/4750 4702/4845/4702
f 4704/4800/4704 4751/4848/4751 4703/4799/4703
f 4753/4849/4753 4752/4801/4752 4705/4850/4705
f 4754/4851/4754 4705/4802/4705 4706/4804/4706
f 4755/4852/4755 4706/4804/4706 4707/4805/4707
f 4756/4853/4756 4707/4805/4707 4708/4806/4708
f 4757/4854/4757 4708/4806/4708 4709/4807/4709
f 4758/4855/4758 4709/4807/4709 4710/4856/4710
f 4711/4808/4711 4758/4855/4758 4710/4856/4710
f 4712/4809/4712 4759/4857/4759 4711/4808/4711
f 4713/4810/4713 4760/4858/4760 4712/4809/4712
f 4714/4811/4714 4761/4859/4761 4713/4810/4713
f 4715/4812/4715 4762/4860/4762 4714/4811/4714
f 4716/4813/4716 4763/4861/4763 4715/4812/4715
f 4717/4814/4717 4764/4862/4764 4716/4813/4716
f 4718/4815/4718 4765/4863/4765 4717/4814/4717
f 4719/4816/4719 4766/4864/4766 4718/4815/4718
f 4720/4817/4720 4767/4865/4767 4719/4816/4719
f 4721/4818/4721 4768/4866/4768 4720/4817/4720
f 4722/4819/4722 4769/4867/4769 4721/4818/4721
f 4723/4820/4723 4770/4868/4770 4722/4819/4722
f 4724/4821/4724 4771/4869/4771 4723/4820/4723
f 4725/4822/4725 4772/4870/4772 4724/4821/4724
f 4726/4823/4726 4773/4871/4773 4725/4822/4725
f 4727/4824/4727 4774/4872/4774 4726/4823/4726
f 4728/4825/4728 4775/4873/4775 4727/4824/4727
f 4729/4874/4729 4776/4875/4776 4728/4825/4728
f 4730/4826/4730 4777/4876/4777 4729/4874/4729
f 4731/4827/4731 4778/4877/4778 4730/4826/4730
f 4732/4828/4732 4779/4878/4779 4731/4827/4731
f 4733/4829/4733 4780/4879/4780 4732/4828/4732
f 4734/4830/4734 4781/4880/4781 4733/4829/4733
f 4783/4881/4783 4734/4830/4734 4735/4831/4735
f 4784/4882/4784 4735/4831/4735 4736/4832/4736
f 4785/4883/4785 4736/4832/4736 4737/4833/4737
f 4786/4884/4786 4737/4833/4737 4738/4834/4738
f 4787/4885/4787 4738/4834/4738 4739/4835/4739
f 4740/4836/4740 4787/4885/4787 4739/4835/4739
f 4789/4886/4789 4740/4836/4740 4741/4837/4741
f 4790/4887/4790 4741/4837/4741 4742/4838/4742
f 4791/4888/4791 4742/4838/4742 4743/4839/4743
f 4792/4889/4792 4743/4839/4743 4744/4840/4744
f 4793/4890/4793 4744/4840/4744 4745/4841/4745
f 4794/4891/4794 4745/4841/4745 4746/4842/4746
f 4795/4892/4795 4746/4842/4746 4747/4843/4747
f 4796/4893/4796 4747/4843/4747 4748/4844/4748
f 4797/4894/4797 4748/4844/4748 4749/4846/4749
f 4798/4895/4798 4749/4846/4749 4750/4847/4750
f 4799/4896/4799 4750/4847/4750 4751/4848/4751
f 4800/4897/4800 4751/4848/4751 4752/4801/4752
f 4801/4898/4801 4800/4897/4800 4753/4849/4753
f 4802/4899/4802 4753/4900/4753 4754/4851/4754
f 4803/4901/4803 4754/4851/4754 4755/4852/4755
f 4804/4902/4804 4755/4852/4755 4756/4853/4756
f 4805/4903/4805 4756/4853/4756 4757/4854/4757
f 4806/4904/4806 4757/4854/4757 4758/4855/4758
f 4759/4857/4759 4806/4904/4806 4758/4855/4758
f 4760/4858/4760 4807/4905/4807 4759/4857/4759
f 4761/4859/4761 4808/4906/4808 4760/4858/4760
f 4762/4860/4762 4809/4907/4809 4761/4859/4761
f 4763/4861/4763 4810/4908/4810 4762/4860/4762
f 4764/4862/4764 4811/4909/4811 4763/4861/4763
f 4765/4863/4765 4812/4910/4812 4764/4862/4764
f 4766/4864/4766 4813/4911/4813 4765/4863/4765
f 4767/4865/4767 4814/4912/4814 4766/4864/4766
f 4768/4866/4768 4815/4913/4815 4767/4865/4767
f 4769/4867/4769 4816/4914/4816 4768/4866/4768
f 4770/4868/4770 4817/4915/4817 4769/4867/4769
f 4771/4869/4771 4818/4916/4818 4770/4868/4770
f 4772/4870/4772 4819/4917/4819 4771/4869/4771
f 4773/4871/4773 4820/4918/4820 4772/4870/4772
f 4774/4872/4774 4821/4919/4821 4773/4871/4773
f 4775/4873/4775 4822/4920/4822 4774/4872/4774
f 4776/4875/4776 4823/4921/4823 4775/4873/4775
f 4777/4876/4777 4824/4922/4824 4776/4875/4776
f 4778/4877/4778 4825/4923/4825 4777/4876/4777
f 4779/4878/4779 4826/4924/4826 4778/4877/4778
f 4780/4879/4780 4827/4925/4827 4779/4878/4779
f 4781/4880/4781 4828/4926/4828 4780/4879/4780
f 4782/4927/4782 4829/4928/4829 4781/4880/4781
f 4831/4929/4831 4782/4927/4782 4783/4881/4783
f 4832/4930/4832 4783/4881/4783 4784/4882/4784
f 4833/4931/4833 4784/4882/4784 4785/4883/4785
f 4834/4932/4834 4785/4883/4785 4786/4884/4786
f 4835/4933/4835 4786/4884/4786 4787/4885/4787
f 4836/4934/4836 4787/4885/4787 4788/4935/4788
f 4837/4936/4837 4788/4935/4788 4789/4886/4789
f 4838/4937/4838 4789/4886/4789 4790/4887/4790
f 4839/4938/4839 4790/4887/4790 4791/4888/4791
f 4840/4939/4840 4791/4888/4791 4792/4889/4792
f 4841/4940/4841 4792/4889/4792 4793/4890/4793
f 4842/4941/4842 4793/4890/4793 4794/4891/4794
f 4843/4942/4843 4794/4891/4794 4795/4892/4795
f 4844/4943/4844 4795/4892/4795 4796/4893/4796
f 4845/4944/4845 4796/4893/4796 4797/4894/4797
f 4846/4945/4846 4797/4894/4797 4798/4895/4798
f 4847/4946/4847 4798/4895/4798 4799/4896/4799
f 4848/4947/4848 4799/4896/4799 4800/4897/4800
f 4849/4948/4849 4848/4947/4848 4801/4898/4801
f 4850/4949/4850 4801/4950/4801 4802/4899/4802
f 4851/4951/4851 4802/4899/4802 4803/4901/4803
f 4852/4952/4852 4803/4901/4803 4804/4902/4804
f 4853/4953/4853 4804/4902/4804 4805/4903/4805
f 4854/4954/4854 4805/4903/4805 4806/4904/4806
f 4807/4905/4807 4854/4954/4854 4806/4904/4806
f 4808/4906/4808 4855/4955/4855 4807/4905/4807
f 4809/4907/4809 4856/4956/4856 4808/4906/4808
f 4810/4908/4810 4857/4957/4857 4809/4907/4809
f 4811/4909/4811 4858/4958/4858 4810/4908/4810
f 4812/4910/4812 4859/4959/4859 4811/4909/4811
f 4813/4911/4813 4860/4960/4860 4812/4910/4812
f 4814/4912/4814 4861/4961/4861 4813/4911/4813
f 4815/4913/4815 4862/4962/4862 4814/4912/4814
f 4816/4914/4816 4863/4963/4863 4815/4913/4815
f 4817/4915/4817 4864/4964/4864 4816/4914/4816
f 4818/4916/4818 4865/4965/4865 4817/4915/4817
f 4819/4917/4819 4866/4966/4866 4818/4916/4818
f 4820/4918/4820 4867/4967/4867 4819/4917/4819
f 4821/4919/4821 4868/4968/4868 4820/4918/4820
f 4822/4920/4822 4869/4969/4869 4821/4919/4821
f 4823/4921/4823 4870/4970/4870 4822/4920/4822
f 4824/4922/4824 4871/4971/4871 4823/4921/4823
f 4825/4923/4825 4872/4972/4872 4824/4922/4824
f 4826/4924/4826 4873/4973/4873 4825/4923/4825
f 4827/4925/4827 4874/4974/4874 4826/4924/4826
f 4828/4926/4828 4875/4975/4875 4827/4925/4827
f 4829/4928/4829 4876/4976/4876 4828/4926/4828
f 4830/4977/4830 4877/4978/4877 4829/4928/4829
f 4879/4979/4879 4830/4977/4830 4831/4929/4831
f 4880/4980/4880 4831/4929/4831 4832/4930/4832
f 4881/4981/4881 4832/4930/4832 4833/4931/4833
f 4882/4982/4882 4833/4931/4833 4834/4932/4834
f 4883/4983/4883 4834/4932/4834 4835/4933/4835
f 4884/4984/4884 4835/4933/4835 4836/4934/4836
f 4885/4985/4885 4836/4934/4836 4837/4936/4837
f 4886/4986/4886 4837/4936/4837 4838/4937/4838
f 4887/4987/4887 4838/4937/4838 4839/4938/4839
f 4888/4988/4888 4839/4938/4839 4840/4939/4840
f 4889/4989/4889 4840/4939/4840 4841/4940/4841
f 4890/4990/4890 4841/4940/4841 4842/4941/4842
f 4891/4991/4891 4842/4941/4842 4843/4942/4843
f 4892/4992/4892 4843/4942/4843 4844/4943/4844
f 4893/4993/4893 4844/4943/4844 4845/4944/4845
f 4894/4994/4894 4845/4944/4845 4846/4945/4846
f 4895/4995/4895 4846/4945/4846 4847/4946/4847
f 4896/4996/4896 4847/4946/4847 4848/4947/4848
f 4897/4997/4897 4896/4996/4896 4849/4948/4849
f 4898/4998/4898 4849/4999/4849 4850/4949/4850
f 4899/5000/4899 4850/4949/4850 4851/4951/4851
f 4900/5001/4900 4851/4951/4851 4852/4952/4852
f 4901/5002/4901 4852/4952/4852 4853/4953/4853
f 4902/5003/4902 4853/4953/4853 4854/4954/4854
f 4855/4955/4855 4902/5003/4902 4854/4954/4854
f 4856/4956/4856 4903/5004/4903 4855/4955/4855
f 4857/4957/4857 4904/5005/4904 4856/4956/4856
f 4858/4958/4858 4905/5006/4905 4857/4957/4857
f 4859/4959/4859 4906/5007/4906 4858/4958/4858
f 4860/4960/4860 4907/5008/4907 4859/4959/4859
f 4861/4961/4861 4908/5009/4908 4860/4960/4860
f 4862/4962/4862 4909/5010/4909 4861/4961/4861
f 4863/4963/4863 4910/5011/4910 4862/4962/4862
f 4864/4964/4864 4911/5012/4911 4863/4963/4863
f 4865/4965/4865 4912/5013/4912 4864/4964/4864
f 4866/4966/4866 4913/5014/4913 4865/4965/4865
f 4867/4967/4867 4914/5015/4914 4866/4966/4866
f 4868/4968/4868 4915/5016/4915 4867/4967/4867
f 4869/4969/4869 4916/5017/4916 4868/4968/4868
f 4870/4970/4870 4917/5018/4917 4869/4969/4869
f 4871/4971/4871 4918/5019/4918 4870/4970/4870
f 4872/4972/4872 4919/5020/4919 4871/4971/4871
f 4873/4973/4873 4920/5021/4920 4872/4972/4872
f 4874/4974/4874 4921/5022/4921 4873/4973/4873
f 4875/4975/4875 4922/5023/4922 4874/4974/4874
f 4876/4976/4876 4923/5024/4923 4875/4975/4875
f 4877/4978/4877 4924/5025/4924 4876/4976/4876
f 4878/5026/4878 4925/5027/4925 4877/4978/4877
f 4927/5028/4927 4878/5026/4878 4879/4979/4879
f 4928/5029/4928 4879/4979/4879 4880/4980/4880
f 4929/5030/4929 4880/4980/4880 4881/4981/4881
f 4930/5031/4930 4881/4981/4881 4882/4982/4882
f 4931/5032/4931 4882/4982/4882 4883/4983/4883
f 4932/5033/4932 4883/4983/4883 4884/4984/4884
f 4933/5034/4933 4884/4984/4884 4885/4985/4885
f 4934/5035/4934 4885/4985/4885 4886/4986/4886
f 4935/5036/4935 4886/4986/4886 4887/4987/4887
f 4936/5037/4936 4887/4987/4887 4888/4988/4888
f 4937/5038/4937 4888/4988/4888 4889/4989/4889
f 4938/5039/4938 4889/4989/4889 4890/4990/4890
f 4939/5040/4939 4890/4990/4890 4891/4991/4891
f 4940/5041/4940 4891/4991/4891 4892/4992/4892
f 4941/5042/4941 4892/4992/4892 4893/4993/4893
f 4942/5043/4942 4893/4993/4893 4894/4994/4894
f 4943/5044/4943 4894/4994/4894 4895/4995/4895
f 4944/5045/4944 4895/4995/4895 4896/4996/4896
f 4945/5046/4945 4944/5045/4944 4897/4997/4897
f 4946/5047/4946 4897/5048/4897 4898/4998/4898
f 4947/5049/4947 4898/4998/4898 4899/5000/4899
f 4948/5050/4948 4899/5000/4899 4900/5001/4900
f 4949/5051/4949 4900/5001/4900 4901/5002/4901
f 4950/5052/4950 4901/5002/4901 4902/5003/4902
f 4903/5004/4903 4950/5052/4950 4902/5003/4902
f 4904/5005/4904 4951/5053/4951 4903/5004/4903
f 4905/5006/4905 4952/5054/4952 4904/5005/4904
f 4906/5007/4906 4953/5055/4953 4905/5006/4905
f 4907/5008/4907 4954/5056/4954 4906/5007/4906
f 4908/5009/4908 4955/5057/4955 4907/5008/4907
f 4909/5010/4909 4956/5058/4956 4908/5009/4908
f 4910/5011/4910 4957/5059/4957 4909/5010/4909
f 4911/5012/4911 4958/5060/4958 4910/5011/4910
f 4912/5013/4912 4959/5061/4959 4911/5012/4911
f 4913/5014/4913 4960/5062/4960 4912/5013/4912
f 4914/5015/4914 4961/5063/4961 4913/5014/4913
f 4915/5016/4915 4962/5064/4962 4914/5015/4914
f 4916/5017/4916 4963/5065/4963 4915/5016/4915
f 4917/5018/4917 4964/5066/4964 4916/5017/4916
f 4918/5019/4918 4965/5067/4965 4917/5018/4917
f 4919/5020/4919 4966/5068/4966 4918/5019/4918
f 4920/5021/4920 4967/5069/4967 4919/5020/4919
f 4921/5022/4921 4968/5070/4968 4920/5021/4920
f 4922/5023/4922 4969/5071/4969 4921/5022/4921
f 4923/5024/4923 4970/5072/4970 4922/5023/4922
f 4924/5025/4924 4971/5073/4971 4923/5024/4923
f 4925/5027/4925 4972/5074/4972 4924/5025/4924
f 4926/5075/4926 4973/5076/4973 4925/5027/4925
f 4975/5077/4975 4926/5075/4926 4927/5028/4927
f 4976/5078/4976 4927/5028/4927 4928/5029/4928
f 4977/5079/4977 4928/5029/4928 4929/5030/4929
f 4978/5080/4978 4929/5030/4929 4930/5031/4930
f 4979/5081/4979 4930/5031/4930 4931/5032/4931
f 4980/5082/4980 4931/5032/4931 4932/5033/4932
f 4981/5083/4981 4932/5033/4932 4933/5034/4933
f 4982/5084/4982 4933/5034/4933 4934/5035/4934
f 4983/5085/4983 4934/5035/4934 4935/5036/4935
f 4984/5086/4984 4935/5036/4935 4936/5037/4936
f 4985/5087/4985 4936/5037/4936 4937/5038/4937
f 4986/5088/4986 4937/5038/4937 4938/5039/4938
f 4987/5089/4987 4938/5039/4938 4939/5040/4939
f 4988/5090/4988 4939/5040/4939 4940/5041/4940
f 4989/5091/4989 4940/5041/4940 4941/5042/4941
f 4990/5092/4990 4941/5042/4941 4942/5043/4942
f 4991/5093/4991 4942/5043/4942 4943/5044/4943
f 4992/5094/4992 4943/5044/4943 4944/5045/4944
f 4993/5095/4993 4992/5094/4992 4945/5046/4945
f 4994/5096/4994 4945/5097/4945 4946/5047/4946
f 4995/5098/4995 4946/5047/4946 4947/5049/4947
f 4996/5099/4996 4947/5049/4947 4948/5050/4948
f 4997/5100/4997 4948/5050/4948 4949/5051/4949
f 4998/5101/4998 4949/5051/4949 4950/5052/4950
f 4999/5102/4999 4950/5052/4950 4951/5053/4951
f 4952/5054/4952 4999/5102/4999 4951/5053/4951
f 4953/5055/4953 5000/5103/5000 4952/5054/4952
f 4954/5056/4954 5001/5104/5001 4953/5055/4953
f 4955/5057/4955 5002/5105/5002 4954/5056/4954
f 4956/5058/4956 5003/5106/5003 4955/5057/4955
f 4957/5059/4957 5004/5107/5004 4956/5058/4956
f 4958/5060/4958 5005/5108/5005 4957/5059/4957
f 4959/5061/4959 5006/5109/5006 4958/5060/4958
f 4960/5062/4960 5007/5110/5007 4959/5061/4959
f 4961/5063/4961 5008/5111/5008 4960/5062/4960
f 4962/5064/4962 5009/5112/5009 4961/5063/4961
f 4963/5065/4963 5010/5113/5010 4962/5064/4962
f 4964/5066/4964 5011/5114/5011 4963/5065/4963
f 4965/5067/4965 5012/5115/5012 4964/5066/4964
f 4966/5068/4966 5013/5116/5013 4965/5067/4965
f 4967/5069/4967 5014/5117/5014 4966/5068/4966
f 4968/5070/4968 5015/5118/5015 4967/5069/4967
f 4969/5071/4969 5016/5119/5016 4968/5070/4968
f 4970/5072/4970 5017/5120/5017 4969/5071/4969
f 4971/5073/4971 5018/5121/5018 4970/5072/4970
f 4972/5074/4972 5019/5122/5019 4971/5073/4971
f 4973/5076/4973 5020/5123/5020 4972/5074/4972
f 4974/5124/4974 5021/5125/5021 4973/5076/4973
f 4975/5077/4975 5022/5126/5022 4974/5124/4974
f 5024/5127/5024 4975/5077/4975 4976/5078/4976
f 5025/5128/5025 4976/5078/4976 4977/5079/4977
f 5026/5129/5026 4977/5079/4977 4978/5080/4978
f 5027/5130/5027 4978/5080/4978 4979/5081/4979
f 5028/5131/5028 4979/5081/4979 4980/5082/4980
f 5029/5132/5029 4980/5082/4980 4981/5083/4981
f 5030/5133/5030 4981/5083/4981 4982/5084/4982
f 5031/5134/5031 4982/5084/4982 4983/5085/4983
f 5032/5135/5032 4983/5085/4983 4984/5086/4984
f 5033/5136/5033 4984/5086/4984 4985/5087/4985
f 5034/5137/5034 4985/5087/4985 4986/5088/4986
f 5035/5138/5035 4986/5088/4986 4987/5089/4987
f 5036/5139/5036 4987/5089/4987 4988/5090/4988
f 5037/5140/5037 4988/5090/4988 4989/5091/4989
f 5038/5141/5038 4989/5091/4989 4990/5092/4990
f 5039/5142/5039 4990/5092/4990 4991/5093/4991
f 5040/5143/5040 4991/5093/4991 4992/5094/4992
f 5041/5144/5041 5040/5143/5040 4993/5095/4993
f 5042/5145/5042 4993/5146/4993 4994/5096/4994
f 5043/5147/5043 4994/5096/4994 4995/5098/4995
f 5044/5148/5044 4995/5098/4995 4996/5099/4996
f 5045/5149/5045 4996/5099/4996 4997/5100/4997
f 5046/5150/5046 4997/5100/4997 4998/5101/4998
f 5047/5151/5047 4998/5101/4998 4999/5102/4999
f 5048/5152/5048 4999/5102/4999 5000/5103/5000
f 5001/5104/5001 5048/5152/5048 5000/5103/5000
f 5002/5105/5002 5049/5153/5049 5001/5104/5001
f 5003/5106/5003 5050/5154/5050 5002/5105/5002
f 5004/5107/5004 5051/5155/5051 5003/5106/5003
f 5005/5108/5005 5052/5156/5052 5004/5107/5004
f 5006/5109/5006 5053/5157/5053 5005/5108/5005
f 5007/5110/5007 5054/5158/5054 5006/5109/5006
f 5008/5111/5008 5055/5159/5055 5007/5110/5007
f 5009/5112/5009 5056/5160/5056 5008/5111/5008
f 5010/5113/5010 5057/5161/5057 5009/5112/5009
f 5011/5114/5011 5058/5162/5058 5010/5113/5010
f 5012/5115/5012 5059/5163/5059 5011/5114/5011
f 5013/5116/5013 5060/5164/5060 5012/5115/5012
f 5014/5117/5014 5061/5165/5061 5013/5116/5013
f 5015/5118/5015 5062/5166/5062 5014/5117/5014
f 5016/5119/5016 5063/5167/5063 5015/5118/5015
f 5017/5120/5017 5064/5168/5064 5016/5119/5016
f 5018/5121/5018 5065/5169/5065 5017/5120/5017
f 5019/5122/5019 5066/5170/5066 5018/5121/5018
f 5020/5123/5020 5067/5171/5067 5019/5122/5019
f 5021/5125/5021 5068/5172/5068 5020/5123/5020
f 5022/5126/5022 5069/5173/5069 5021/5125/5021
f 5023/5174/5023 5070/5175/5070 5022/5126/5022
f 5024/5127/5024 5071/5176/5071 5023/5174/5023
f 5073/5177/5073 5024/5127/5024 5025/5128/5025
f 5074/5178/5074 5025/5128/5025 5026/5129/5026
f 5075/5179/5075 5026/5129/5026 5027/5130/5027
f 5076/5180/5076 5027/5130/5027 5028/5131/5028
f 5077/5181/5077 5028/5131/5028 5029/5132/5029
f 5078/5182/5078 5029/5132/5029 5030/5133/5030
f 5079/5183/5079 5030/5133/5030 5031/5134/5031
f 5080/5184/5080 5031/5134/5031 5032/5135/5032
f 5081/5185/5081 5032/5135/5032 5033/5136/5033
f 5082/5186/5082 5033/5136/5033 5034/5137/5034
f 5083/5187/5083 5034/5137/5034 5035/5138/5035
f 5084/5188/5084 5035/5138/5035 5036/5139/5036
f 5085/5189/5085 5036/5139/5036 5037/5140/5037
f 5086/5190/5086 5037/5140/5037 5038/5141/5038
f 5087/5191/5087 5038/5141/5038 5039/5142/5039
f 5088/5192/5088 5039/5142/5039 5040/5143/5040
f 5089/5193/5089 5088/5192/5088 5041/5144/5041
f 5090/5194/5090 5041/5195/5041 5042/5145/5042
f 5091/5196/5091 5042/5145/5042 5043/5147/5043
f 5092/5197/5092 5043/5147/5043 5044/5148/5044
f 5093/5198/5093 5044/5148/5044 5045/5149/5045
f 5094/5199/5094 5045/5149/5045 5046/5150/5046
f 5095/5200/5095 5046/5150/5046 5047/5151/5047
f 5096/5201/5096 5047/5151/5047 5048/5152/5048
f 5097/5202/5097 5048/5152/5048 5049/5153/5049
f 5098/5203/5098 5049/5153/5049 5050/5154/5050
f 5099/5204/5099 5050/5154/5050 5051/5155/5051
f 5100/5205/5100 5051/5155/5051 5052/5156/5052
f 5101/5206/5101 5052/5156/5052 5053/5157/5053
f 5102/5207/5102 5053/5157/5053 5054/5158/5054
f 5103/5208/5103 5054/5158/5054 5055/5159/5055
f 5104/5209/5104 5055/5159/5055 5056/5160/5056
f 5105/5210/5105 5056/5160/5056 5057/5161/5057
f 5106/5211/5106 5057/5161/5057 5058/5162/5058
f 5107/5212/5107 5058/5162/5058 5059/5163/5059
f 5108/5213/5108 5059/5163/5059 5060/5164/5060
f 5109/5214/5109 5060/5164/5060 5061/5165/5061
f 5110/5215/5110 5061/5165/5061 5062/5166/5062
f 5111/5216/5111 5062/5166/5062 5063/5167/5063
f 5112/5217/5112 5063/5167/5063 5064/5168/5064
f 5065/5169/5065 5112/5217/5112 5064/5168/5064
f 5066/5170/5066 5113/5218/5113 5065/5169/5065
f 5067/5171/5067 5114/5219/5114 5066/5170/5066
f 5068/5172/5068 5115/5220/5115 5067/5171/5067
f 5069/5173/5069 5116/5221/5116 5068/5172/5068
f 5070/5175/5070 5117/5222/5117 5069/5173/5069
f 5071/5176/5071 5118/5223/5118 5070/5175/5070
f 5072/5224/5072 5119/5225/5119 5071/5176/5071
f 5073/5177/5073 5120/5226/5120 5072/5224/5072
f 5074/5178/5074 5121/5227/5121 5073/5177/5073
f 5075/5179/5075 5122/5228/5122 5074/5178/5074
f 5076/5180/5076 5123/5229/5123 5075/5179/5075
f 5077/5181/5077 5124/5230/5124 5076/5180/5076
f 5078/5182/5078 5125/5231/5125 5077/5181/5077
f 5079/5183/5079 5126/5232/5126 5078/5182/5078
f 5080/5184/5080 5127/5233/5127 5079/5183/5079
f 5081/5185/5081 5128/5234/5128 5080/5184/5080
f 5082/5186/5082 5129/5235/5129 5081/5185/5081
f 5083/5187/5083 5130/5236/5130 5082/5186/5082
f 5084/5188/5084 5131/5237/5131 5083/5187/5083
f 5085/5189/5085 5132/5238/5132 5084/5188/5084
f 5086/5190/5086 5133/5239/5133 5085/5189/5085
f 5087/5191/5087 5134/5240/5134 5086/5190/5086
f 5088/5192/5088 5135/5241/5135 5087/5191/5087
f 5137/5242/5137 5136/5243/5136 5089/5193/5089
f 5138/5244/5138 5089/5245/5089 5090/5194/5090
f 5139/5246/5139 5090/5194/5090 5091/5196/5091
f 5140/5247/5140 5091/5196/5091 5092/5197/5092
f 5141/5248/5141 5092/5197/5092 5093/5198/5093
f 5142/5249/5142 5093/5198/5093 5094/5199/5094
f 5143/5250/5143 5094/5199/5094 5095/5200/5095
f 5144/5251/5144 5095/5200/5095 5096/5201/5096
f 5145/5252/5145 5096/5201/5096 5097/5202/5097
f 5146/5253/5146 5097/5202/5097 5098/5203/5098
f 5147/5254/5147 5098/5203/5098 5099/5204/5099
f 5100/5205/5100 5147/5254/5147 5099/5204/5099
f 5149/5255/5149 5100/5205/5100 5101/5206/5101
f 5150/5256/5150 5101/5206/5101 5102/5207/5102
f 5151/5257/5151 5102/5207/5102 5103/5208/5103
f 5152/5258/5152 5103/5208/5103 5104/5209/5104
f 5153/5259/5153 5104/5209/5104 5105/5210/5105
f 5154/5260/5154 5105/5210/5105 5106/5211/5106
f 5155/5261/5155 5106/5211/5106 5107/5212/5107
f 5156/5262/5156 5107/5212/5107 5108/5213/5108
f 5157/5263/5157 5108/5213/5108 5109/5214/5109
f 5158/5264/5158 5109/5214/5109 5110/5215/5110
f 5159/5265/5159 5110/5215/5110 5111/5216/5111
f 5112/5217/5112 5159/5265/5159 5111/5216/5111
f 5113/5218/5113 5160/5266/5160 5112/5217/5112
f 5114/5219/5114 5161/5267/5161 5113/5218/5113
f 5115/5220/5115 5162/5268/5162 5114/5219/5114
f 5116/5221/5116 5163/5269/5163 5115/5220/5115
f 5117/5222/5117 5164/5270/5164 5116/5221/5116
f 5118/5223/5118 5165/5271/5165 5117/5222/5117
f 5119/5225/5119 5166/5272/5166 5118/5223/5118
f 5120/5226/5120 5167/5273/5167 5119/5225/5119
f 5121/5227/5121 5168/5274/5168 5120/5226/5120
f 5122/5228/5122 5169/5275/5169 5121/5227/5121
f 5123/5229/5123 5170/5276/5170 5122/5228/5122
f 5124/5230/5124 5171/5277/5171 5123/5229/5123
f 5125/5231/5125 5172/5278/5172 5124/5230/5124
f 5126/5232/5126 5173/5279/5173 5125/5231/5125
f 5127/5233/5127 5174/5280/5174 5126/5232/5126
f 5128/5234/5128 5175/5281/5175 5127/5233/5127
f 5129/5235/5129 5176/5282/5176 5128/5234/5128
f 5130/5236/5130 5177/5283/5177 5129/5235/5129
f 5131/5237/5131 5178/5284/5178 5130/5236/5130
f 5132/5238/5132 5179/5285/5179 5131/5237/5131
f 5133/5239/5133 5180/5286/5180 5132/5238/5132
f 5134/5240/5134 5181/5287/5181 5133/5239/5133
f 5135/5241/5135 5182/5288/5182 5134/5240/5134
f 5184/5289/5184 5135/5241/5135 5136/5243/5136
f 5137/5242/5137 5232/5290/5232 5184/5289/5184
f 5138/5244/5138 5185/5291/5185 5137/5292/5137
f 5139/5246/5139 5186/5293/5186 5138/5244/5138
f 5140/5247/5140 5187/5294/5187 5139/5246/5139
f 5141/5248/5141 5188/5295/5188 5140/5247/5140
f 5142/5249/5142 5189/5296/5189 5141/5248/5141
f 5143/5250/5143 5190/5297/5190 5142/5249/5142
f 5144/5251/5144 5191/5298/5191 5143/5250/5143
f 5145/5252/5145 5192/5299/5192 5144/5251/5144
f 5146/5253/5146 5193/5300/5193 5145/5252/5145
f 5147/5254/5147 5194/5301/5194 5146/5253/5146
f 5148/5302/5148 5195/5303/5195 5147/5254/5147
f 5149/5255/5149 5196/5304/5196 5148/5302/5148
f 5150/5256/5150 5197/5305/5197 5149/5255/5149
f 5151/5257/5151 5198/5306/5198 5150/5256/5150
f 5152/5258/5152 5199/5307/5199 5151/5257/5151
f 5153/5259/5153 5200/5308/5200 5152/5258/5152
f 5154/5260/5154 5201/5309/5201 5153/5259/5153
f 5155/5261/5155 5202/5310/5202 5154/5260/5154
f 5156/5262/5156 5203/5311/5203 5155/5261/5155
f 5157/5263/5157 5204/5312/5204 5156/5262/5156
f 5158/5264/5158 5205/5313/5205 5157/5263/5157
f 5159/5265/5159 5206/5314/5206 5158/5264/5158
f 5160/5266/5160 5207/5315/5207 5159/5265/5159
f 5209/5316/5209 5160/5266/5160 5161/5267/5161
f 5210/5317/5210 5161/5267/5161 5162/5268/5162
f 5211/5318/5211 5162/5268/5162 5163/5269/5163
f 5212/5319/5212 5163/5269/5163 5164/5270/5164
f 5213/5320/5213 5164/5270/5164 5165/5271/5165
f 5214/5321/5214 5165/5271/5165 5166/5272/5166
f 5215/5322/5215 5166/5272/5166 5167/5273/5167
f 5216/5323/5216 5167/5273/5167 5168/5274/5168
f 5217/5324/5217 5168/5274/5168 5169/5275/5169
f 5218/5325/5218 5169/5275/5169 5170/5276/5170
f 5219/5326/5219 5170/5276/5170 5171/5277/5171
f 5220/5327/5220 5171/5277/5171 5172/5278/5172
f 5221/5328/5221 5172/5278/5172 5173/5279/5173
f 5222/5329/5222 5173/5279/5173 5174/5280/5174
f 5223/5330/5223 5174/5280/5174 5175/5281/5175
f 5224/5331/5224 5175/5281/5175 5176/5282/5176
f 5225/5332/5225 5176/5282/5176 5177/5283/5177
f 5226/5333/5226 5177/5283/5177 5178/5284/5178
f 5227/5334/5227 5178/5284/5178 5179/5285/5179
f 5228/5335/5228 5179/5285/5179 5180/5286/5180
f 5229/5336/5229 5180/5286/5180 5181/5287/5181
f 5230/5337/5230 5181/5287/5181 5182/5288/5182
f 5231/5338/5231 5182/5288/5182 5183/5339/5183
f 5232/5290/5232 5183/5339/5183 5184/5289/5184
f 49/1/49 96/96/96 48/2/48
f 50/4/50 49/99/49 1/5/1
f 51/7/51 50/4/50 2/6/2
f 4/9/4 52/11/52 51/7/51
f 5/10/5 53/13/53 52/11/52
f 6/12/6 54/15/54 53/13/53
f 7/14/7 55/17/55 54/15/54
f 8/16/8 56/19/56 55/17/55
f 9/18/9 57/21/57 56/19/56
f 10/20/10 58/23/58 57/21/57
f 11/22/11 59/25/59 58/23/58
f 12/24/12 60/27/60 59/25/59
f 13/26/13 61/29/61 60/27/60
f 14/28/14 62/31/62 61/29/61
f 15/30/15 63/33/63 62/31/62
f 16/32/16 64/35/64 63/33/63
f 17/34/17 65/37/65 64/35/64
f 18/36/18 66/39/66 65/37/65
f 19/38/19 67/41/67 66/39/66
f 20/40/20 68/43/68 67/41/67
f 21/42/21 69/45/69 68/43/68
f 22/44/22 70/47/70 69/45/69
f 23/46/23 71/49/71 70/47/70
f 24/48/24 72/51/72 71/49/71
f 25/50/25 73/53/73 72/51/72
f 26/52/26 74/55/74 73/53/73
f 27/54/27 75/123/75 74/55/74
f 76/56/76 75/123/75 27/54/27
f 77/58/77 76/56/76 28/57/28
f 78/60/78 77/58/77 29/59/29
f 79/62/79 78/60/78 30/61/30
f 80/64/80 79/62/79 31/63/31
f 81/66/81 80/64/80 32/65/32
f 82/68/82 81/66/81 33/67/33
f 83/70/83 82/68/82 34/69/34
f 84/72/84 83/70/83 35/71/35
f 85/74/85 84/72/84 36/73/36
f 86/76/86 85/74/85 37/75/37
f 87/78/87 86/76/86 38/77/38
f 88/80/88 87/78/87 39/79/39
f 89/82/89 88/80/88 40/81/40
f 90/84/90 89/82/89 41/83/41
f 91/86/91 90/84/90 42/85/42
f 92/88/92 91/86/91 43/87/43
f 93/90/93 92/88/92 44/89/44
f 94/92/94 93/90/93 45/91/45
f 95/94/95 94/92/94 46/93/46
f 96/96/96 95/94/95 47/95/47
f 97/97/97 144/145/144 96/96/96
f 98/98/98 97/148/97 49/99/49
f 99/100/99 98/98/98 50/4/50
f 52/11/52 100/101/100 99/100/99
f 53/13/53 101/102/101 100/101/100
f 54/15/54 102/103/102 101/102/101
f 55/17/55 103/104/103 102/103/102
f 56/19/56 104/105/104 103/104/103
f 57/21/57 105/106/105 104/105/104
f 58/23/58 106/107/106 105/106/105
f 59/25/59 107/108/107 106/107/106
f 60/27/60 108/109/108 107/108/107
f 61/29/61 109/110/109 108/109/108
f 62/31/62 110/111/110 109/110/109
f 63/33/63 111/112/111 110/111/110
f 64/35/64 112/113/112 111/112/111
f 65/37/65 113/114/113 112/113/112
f 66/39/66 114/115/114 113/114/113
f 67/41/67 115/116/115 114/115/114
f 68/43/68 116/117/116 115/116/115
f 69/45/69 117/118/117 116/117/116
f 70/47/70 118/119/118 117/118/117
f 71/49/71 119/120/119 118/119/118
f 72/51/72 120/121/120 119/120/119
f 73/53/73 121/122/121 120/121/120
f 74/55/74 122/124/122 121/122/121
f 75/123/75 123/172/123 122/124/122
f 124/125/124 123/172/123 75/123/75
f 125/126/125 124/125/124 76/56/76
f 126/127/126 125/126/125 77/58/77
f 127/128/127 126/127/126 78/60/78
f 128/129/128 127/128/127 79/62/79
f 129/130/129 128/129/128 80/64/80
f 130/131/130 129/130/129 81/66/81
f 131/132/131 130/131/130 82/68/82
f 132/133/132 131/132/131 83/70/83
f 133/134/133 132/133/132 84/72/84
f 134/135/134 133/134/133 85/74/85
f 135/136/135 134/135/134 86/76/86
f 136/137/136 135/136/135 87/78/87
f 137/138/137 136/137/136 88/80/88
f 138/139/138 137/138/137 89/82/89
f 139/140/139 138/139/138 90/84/90
f 140/141/140 139/140/139 91/86/91
f 141/142/141 140/141/140 92/88/92
f 142/143/142 141/142/141 93/90/93
f 143/144/143 142/143/142 94/92/94
f 144/145/144 143/144/143 95/94/95
f 145/146/145 192/194/192 144/145/144
f 146/147/146 145/197/145 97/148/97
f 147/149/147 146/147/146 98/98/98
f 100/101/100 148/150/148 147/149/147
f 101/102/101 149/151/149 148/150/148
f 102/103/102 150/152/150 149/151/149
f 103/104/103 151/153/151 150/152/150
f 104/105/104 152/154/152 151/153/151
f 105/106/105 153/155/153 152/154/152
f 106/107/106 154/156/154 153/155/153
f 107/108/107 155/157/155 154/156/154
f 108/109/108 156/158/156 155/157/155
f 109/110/109 157/159/157 156/158/156
f 110/111/110 158/160/158 157/159/157
f 111/112/111 159/161/159 158/160/158
f 112/113/112 160/162/160 159/161/159
f 113/114/113 161/163/161 160/162/160
f 114/115/114 162/164/162 161/163/161
f 115/116/115 163/165/163 162/164/162
f 116/117/116 164/166/164 163/165/163
f 117/118/117 165/167/165 164/166/164
f 118/119/118 166/168/166 165/167/165
f 119/120/119 167/169/167 166/168/166
f 120/121/120 168/170/168 167/169/167
f 121/122/121 169/171/169 168/170/168
f 122/124/122 170/173/170 169/171/169
f 123/172/123 171/221/171 170/173/170
f 172/174/172 171/221/171 123/172/123
f 173/175/173 172/174/172 124/125/124
f 174/176/174 173/175/173 125/126/125
f 175/177/175 174/176/174 126/127/126
f 176/178/176 175/177/175 127/128/127
f 177/179/177 176/178/176 128/129/128
f 178/180/178 177/179/177 129/130/129
f 179/181/179 178/180/178 130/131/130
f 180/182/180 179/181/179 131/132/131
f 181/183/181 180/182/180 132/133/132
f 182/184/182 181/183/181 133/134/133
f 183/185/183 182/184/182 134/135/134
f 184/186/184 183/185/183 135/136/135
f 185/187/185 184/186/184 136/137/136
f 186/188/186 185/187/185 137/138/137
f 187/189/187 186/188/186 138/139/138
f 188/190/188 187/189/187 139/140/139
f 189/191/189 188/190/188 140/141/140
f 190/192/190 189/191/189 141/142/141
f 191/193/191 190/192/190 142/143/142
f 192/194/192 191/193/191 143/144/143
f 193/195/193 240/243/240 192/194/192
f 194/196/194 193/246/193 145/197/145
f 195/198/195 194/196/194 146/147/146
f 148/150/148 196/199/196 195/198/195
f 149/151/149 197/200/197 196/199/196
f 150/152/150 198/201/198 197/200/197
f 151/153/151 199/202/199 198/201/198
f 152/154/152 200/203/200 199/202/199
f 153/155/153 201/204/201 200/203/200
f 154/156/154 202/205/202 201/204/201
f 155/157/155 203/206/203 202/205/202
f 156/158/156 204/207/204 203/206/203
f 157/159/157 205/208/205 204/207/204
f 158/160/158 206/209/206 205/208/205
f 159/161/159 207/210/207 206/209/206
f 160/162/160 208/211/208 207/210/207
f 161/163/161 209/212/209 208/211/208
f 162/164/162 210/213/210 209/212/209
f 163/165/163 211/214/211 210/213/210
f 164/166/164 212/215/212 211/214/211
f 165/167/165 213/216/213 212/215/212
f 166/168/166 214/217/214 213/216/213
f 167/169/167 215/218/215 214/217/214
f 168/170/168 216/219/216 215/218/215
f 169/171/169 217/220/217 216/219/216
f 170/173/170 218/222/218 217/220/217
f 171/221/171 219/270/219 218/222/218
f 220/223/220 219/270/219 171/221/171
f 221/224/221 220/223/220 172/174/172
f 222/225/222 221/224/221 173/175/173
f 223/226/223 222/225/222 174/176/174
f 224/227/224 223/226/223 175/177/175
f 225/228/225 224/227/224 176/178/176
f 226/229/226 225/228/225 177/179/177
f 227/230/227 226/229/226 178/180/178
f 228/231/228 227/230/227 179/181/179
f 229/232/229 228/231/228 180/182/180
f 230/233/230 229/232/229 181/183/181
f 231/234/231 230/233/230 182/184/182
f 232/235/232 231/234/231 183/185/183
f 233/236/233 232/235/232 184/186/184
f 234/237/234 233/236/233 185/187/185
f 235/238/235 234/237/234 186/188/186
f 236/239/236 235/238/235 187/189/187
f 237/240/237 236/239/236 188/190/188
f 238/241/238 237/240/237 189/191/189
f 239/242/239 238/241/238 190/192/190
f 240/243/240 239/242/239 191/193/191
f 241/244/241 288/292/288 240/243/240
f 242/245/242 241/295/241 193/246/193
f 243/247/243 242/245/242 194/196/194
f 196/199/196 244/248/244 243/247/243
f 197/200/197 245/249/245 244/248/244
f 198/201/198 246/250/246 245/249/245
f 199/202/199 247/251/247 246/250/246
f 200/203/200 248/252/248 247/251/247
f 201/204/201 249/253/249 248/252/248
f 202/205/202 250/254/250 249/253/249
f 203/206/203 251/255/251 250/254/250
f 204/207/204 252/256/252 251/255/251
f 205/208/205 253/257/253 252/256/252
f 206/209/206 254/258/254 253/257/253
f 207/210/207 255/259/255 254/258/254
f 208/211/208 256/260/256 255/259/255
f 209/212/209 257/261/257 256/260/256
f 210/213/210 258/262/258 257/261/257
f 211/214/211 259/263/259 258/262/258
f 212/215/212 260/264/260 259/263/259
f 213/216/213 261/265/261 260/264/260
f 214/217/214 262/266/262 261/265/261
f 215/218/215 263/267/263 262/266/262
f 216/219/216 264/268/264 263/267/263
f 217/220/217 265/269/265 264/268/264
f 218/222/218 266/271/266 265/269/265
f 219/270/219 267/320/267 266/271/266
f 268/272/268 267/320/267 219/270/219
f 269/273/269 268/272/268 220/223/220
f 270/274/270 269/273/269 221/224/221
f 271/275/271 270/274/270 222/225/222
f 272/276/272 271/275/271 223/226/223
f 273/277/273 272/276/272 224/227/224
f 274/278/274 273/277/273 225/228/225
f 275/279/275 274/278/274 226/229/226
f 276/280/276 275/279/275 227/230/227
f 277/281/277 276/280/276 228/231/228
f 278/282/278 277/281/277 229/232/229
f 279/283/279 278/282/278 230/233/230
f 280/284/280 279/283/279 231/234/231
f 281/285/281 280/284/280 232/235/232
f 282/286/282 281/285/281 233/236/233
f 283/287/283 282/286/282 234/237/234
f 284/288/284 283/287/283 235/238/235
f 285/289/285 284/288/284 236/239/236
f 286/290/286 285/289/285 237/240/237
f 287/291/287 286/290/286 238/241/238
f 288/292/288 287/291/287 239/242/239
f 289/293/289 336/341/336 288/292/288
f 290/294/290 289/344/289 241/295/241
f 243/247/243 291/296/291 290/294/290
f 244/248/244 292/297/292 291/296/291
f 245/249/245 293/298/293 292/297/292
f 246/250/246 294/299/294 293/298/293
f 247/251/247 295/300/295 294/299/294
f 248/252/248 296/301/296 295/300/295
f 249/253/249 297/302/297 296/301/296
f 250/254/250 298/303/298 297/302/297
f 251/255/251 299/304/299 298/303/298
f 252/256/252 300/305/300 299/304/299
f 253/257/253 301/306/301 300/305/300
f 254/258/254 302/307/302 301/306/301
f 255/259/255 303/308/303 302/307/302
f 256/260/256 304/309/304 303/308/303
f 257/261/257 305/310/305 304/309/304
f 258/262/258 306/311/306 305/310/305
f 259/263/259 307/312/307 306/311/306
f 260/264/260 308/313/308 307/312/307
f 261/265/261 309/314/309 308/313/308
f 262/266/262 310/315/310 309/314/309
f 263/267/263 311/316/311 310/315/310
f 264/268/264 312/317/312 311/316/311
f 265/269/265 313/318/313 312/317/312
f 266/271/266 314/369/314 313/318/313
f 315/319/315 314/369/314 266/271/266
f 316/321/316 315/319/315 267/320/267
f 317/322/317 316/321/316 268/272/268
f 318/323/318 317/322/317 269/273/269
f 319/324/319 318/323/318 270/274/270
f 320/325/320 319/324/319 271/275/271
f 321/326/321 320/325/320 272/276/272
f 322/327/322 321/326/321 273/277/273
f 323/328/323 322/327/322 274/278/274
f 324/329/324 323/328/323 275/279/275
f 325/330/325 324/329/324 276/280/276
f 326/331/326 325/330/325 277/281/277
f 327/332/327 326/331/326 278/282/278
f 328/333/328 327/332/327 279/283/279
f 329/334/329 328/333/328 280/284/280
f 330/335/330 329/334/329 281/285/281
f 331/336/331 330/335/330 282/286/282
f 332/337/332 331/336/331 283/287/283
f 333/338/333 332/337/332 284/288/284
f 334/339/334 333/338/333 285/289/285
f 335/340/335 334/339/334 286/290/286
f 336/341/336 335/340/335 287/291/287
f 289/293/289 337/391/337 384/342/384
f 290/294/290 338/345/338 337/343/337
f 291/296/291 339/346/339 338/345/338
f 292/297/292 340/396/340 339/346/339
f 341/347/341 340/396/340 292/297/292
f 342/348/342 341/347/341 293/298/293
f 343/349/343 342/348/342 294/299/294
f 344/350/344 343/349/343 295/300/295
f 345/351/345 344/350/344 296/301/296
f 346/352/346 345/351/345 297/302/297
f 347/353/347 346/352/346 298/303/298
f 348/354/348 347/353/347 299/304/299
f 349/355/349 348/354/348 300/305/300
f 350/356/350 349/355/349 301/306/301
f 351/357/351 350/356/350 302/307/302
f 352/358/352 351/357/351 303/308/303
f 353/359/353 352/358/352 304/309/304
f 354/360/354 353/359/353 305/310/305
f 355/361/355 354/360/354 306/311/306
f 356/362/356 355/361/355 307/312/307
f 357/363/357 356/362/356 308/313/308
f 358/364/358 357/363/357 309/314/309
f 359/365/359 358/364/358 310/315/310
f 360/366/360 359/365/359 311/316/311
f 361/367/361 360/366/360 312/317/312
f 362/368/362 361/367/361 313/318/313
f 363/370/363 362/368/362 314/369/314
f 364/371/364 363/370/363 315/319/315
f 317/322/317 365/372/365 364/371/364
f 318/323/318 366/373/366 365/372/365
f 319/324/319 367/374/367 366/373/366
f 320/325/320 368/375/368 367/374/367
f 321/326/321 369/376/369 368/375/368
f 322/327/322 370/377/370 369/376/369
f 323/328/323 371/378/371 370/377/370
f 324/329/324 372/379/372 371/378/371
f 325/330/325 373/380/373 372/379/372
f 326/331/326 374/381/374 373/380/373
f 327/332/327 375/382/375 374/381/374
f 328/333/328 376/383/376 375/382/375
f 329/334/329 377/384/377 376/383/376
f 330/335/330 378/385/378 377/384/377
f 331/336/331 379/386/379 378/385/378
f 332/337/332 380/387/380 379/386/379
f 333/338/333 381/388/381 380/387/380
f 334/339/334 382/389/382 381/388/381
f 335/340/335 383/390/383 382/389/382
f 336/341/336 384/342/384 383/390/383
f 337/391/337 385/440/385 432/392/432
f 338/345/338 386/394/386 385/393/385
f 339/346/339 387/443/387 386/394/386
f 388/395/388 387/443/387 339/346/339
f 389/397/389 388/395/388 340/396/340
f 390/398/390 389/397/389 341/347/341
f 391/399/391 390/398/390 342/348/342
f 392/400/392 391/399/391 343/349/343
f 393/401/393 392/400/392 344/350/344
f 394/402/394 393/401/393 345/351/345
f 395/403/395 394/402/394 346/352/346
f 396/404/396 395/403/395 347/353/347
f 397/405/397 396/404/396 348/354/348
f 398/406/398 397/405/397 349/355/349
f 399/407/399 398/406/398 350/356/350
f 400/408/400 399/407/399 351/357/351
f 401/409/401 400/408/400 352/358/352
f 402/410/402 401/409/401 353/359/353
f 403/411/403 402/410/402 354/360/354
f 404/412/404 403/411/403 355/361/355
f 405/413/405 404/412/404 356/362/356
f 406/414/406 405/413/405 357/363/357
f 407/415/407 406/414/406 358/364/358
f 408/416/408 407/415/407 359/365/359
f 409/417/409 408/416/408 360/366/360
f 410/418/410 409/417/409 361/367/361
f 411/419/411 410/418/410 362/368/362
f 364/371/364 412/420/412 411/419/411
f 365/372/365 413/421/413 412/420/412
f 366/373/366 414/422/414 413/421/413
f 367/374/367 415/423/415 414/422/414
f 368/375/368 416/424/416 415/423/415
f 369/376/369 417/425/417 416/424/416
f 370/377/370 418/426/418 417/425/417
f 371/378/371 419/427/419 418/426/418
f 372/379/372 420/428/420 419/427/419
f 373/380/373 421/429/421 420/428/420
f 374/381/374 422/430/422 421/429/421
f 375/382/375 423/431/423 422/430/422
f 376/383/376 424/432/424 423/431/423
f 377/384/377 425/433/425 424/432/424
f 378/385/378 426/434/426 425/433/425
f 379/386/379 427/435/427 426/434/426
f 380/387/380 428/436/428 427/435/427
f 381/388/381 429/437/429 428/436/428
f 382/389/382 430/438/430 429/437/429
f 383/390/383 431/439/431 430/438/430
f 384/342/384 432/392/432 431/439/431
f 385/440/385 433/489/433 480/441/480
f 386/394/386 434/444/434 433/442/433
f 387/443/387 435/492/435 434/444/434
f 436/445/436 435/492/435 387/443/387
f 437/446/437 436/445/436 388/395/388
f 438/447/438 437/446/437 389/397/389
f 439/448/439 438/447/438 390/398/390
f 440/449/440 439/448/439 391/399/391
f 441/450/441 440/449/440 392/400/392
f 442/451/442 441/450/441 393/401/393
f 443/452/443 442/451/442 394/402/394
f 444/453/444 443/452/443 395/403/395
f 445/454/445 444/453/444 396/404/396
f 446/455/446 445/454/445 397/405/397
f 447/456/447 446/455/446 398/406/398
f 448/457/448 447/456/447 399/407/399
f 449/458/449 448/457/448 400/408/400
f 450/459/450 449/458/449 401/409/401
f 451/460/451 450/459/450 402/410/402
f 452/461/452 451/460/451 403/411/403
f 453/462/453 452/461/452 404/412/404
f 454/463/454 453/462/453 405/413/405
f 455/464/455 454/463/454 406/414/406
f 456/465/456 455/464/455 407/415/407
f 457/466/457 456/465/456 408/416/408
f 458/467/458 457/466/457 409/417/409
f 459/468/459 458/467/458 410/418/410
f 412/420/412 460/469/460 459/468/459
f 413/421/413 461/470/461 460/469/460
f 414/422/414 462/471/462 461/470/461
f 415/423/415 463/472/463 462/471/462
f 416/424/416 464/473/464 463/472/463
f 417/425/417 465/474/465 464/473/464
f 418/426/418 466/475/466 465/474/465
f 419/427/419 467/476/467 466/475/466
f 420/428/420 468/477/468 467/476/467
f 421/429/421 469/478/469 468/477/468
f 422/430/422 470/479/470 469/478/469
f 423/431/423 471/480/471 470/479/470
f 424/432/424 472/481/472 471/480/471
f 425/433/425 473/482/473 472/481/472
f 426/434/426 474/483/474 473/482/473
f 427/435/427 475/484/475 474/483/474
f 428/436/428 476/485/476 475/484/475
f 429/437/429 477/486/477 476/485/476
f 430/438/430 478/487/478 477/486/477
f 431/439/431 479/488/479 478/487/478
f 432/392/432 480/441/480 479/488/479
f 433/489/433 481/538/481 528/490/528
f 434/444/434 482/493/482 481/491/481
f 435/492/435 483/541/483 482/493/482
f 484/494/484 483/541/483 435/492/435
f 485/495/485 484/494/484 436/445/436
f 486/496/486 485/495/485 437/446/437
f 487/497/487 486/496/486 438/447/438
f 488/498/488 487/497/487 439/448/439
f 489/499/489 488/498/488 440/449/440
f 490/500/490 489/499/489 441/450/441
f 491/501/491 490/500/490 442/451/442
f 492/502/492 491/501/491 443/452/443
f 493/503/493 492/502/492 444/453/444
f 494/504/494 493/503/493 445/454/445
f 495/505/495 494/504/494 446/455/446
f 496/506/496 495/505/495 447/456/447
f 497/507/497 496/506/496 448/457/448
f 498/508/498 497/507/497 449/458/449
f 499/509/499 498/508/498 450/459/450
f 500/510/500 499/509/499 451/460/451
f 501/511/501 500/510/500 452/461/452
f 502/512/502 501/511/501 453/462/453
f 503/513/503 502/512/502 454/463/454
f 504/514/504 503/513/503 455/464/455
f 505/515/505 504/514/504 456/465/456
f 506/516/506 505/515/505 457/466/457
f 507/517/507 506/516/506 458/467/458
f 460/469/460 508/518/508 507/517/507
f 461/470/461 509/519/509 508/518/508
f 462/471/462 510/520/510 509/519/509
f 463/472/463 511/521/511 510/520/510
f 464/473/464 512/522/512 511/521/511
f 465/474/465 513/523/513 512/522/512
f 466/475/466 514/524/514 513/523/513
f 467/476/467 515/525/515 514/524/514
f 468/477/468 516/526/516 515/525/515
f 469/478/469 517/527/517 516/526/516
f 470/479/470 518/528/518 517/527/517
f 471/480/471 519/529/519 518/528/518
f 472/481/472 520/530/520 519/529/519
f 473/482/473 521/531/521 520/530/520
f 474/483/474 522/532/522 521/531/521
f 475/484/475 523/533/523 522/532/522
f 476/485/476 524/534/524 523/533/523
f 477/486/477 525/535/525 524/534/524
f 478/487/478 526/536/526 525/535/525
f 479/488/479 527/537/527 526/536/526
f 480/441/480 528/490/528 527/537/527
f 481/538/481 529/587/529 576/539/576
f 482/493/482 530/542/530 529/540/529
f 483/541/483 531/590/531 530/542/530
f 532/543/532 531/590/531 483/541/483
f 533/544/533 532/543/532 484/494/484
f 534/545/534 533/544/533 485/495/485
f 535/546/535 534/545/534 486/496/486
f 536/547/536 535/546/535 487/497/487
f 537/548/537 536/547/536 488/498/488
f 538/549/538 537/548/537 489/499/489
f 539/550/539 538/549/538 490/500/490
f 540/551/540 539/550/539 491/501/491
f 541/552/541 540/551/540 492/502/492
f 542/553/542 541/552/541 493/503/493
f 543/554/543 542/553/542 494/504/494
f 544/555/544 543/554/543 495/505/495
f 545/556/545 544/555/544 496/506/496
f 546/557/546 545/556/545 497/507/497
f 547/558/547 546/557/546 498/508/498
f 548/559/548 547/558/547 499/509/499
f 549/560/549 548/559/548 500/510/500
f 550/561/550 549/560/549 501/511/501
f 551/562/551 550/561/550 502/512/502
f 552/563/552 551/562/551 503/513/503
f 553/564/553 552/563/552 504/514/504
f 554/565/554 553/564/553 505/515/505
f 555/566/555 554/565/554 506/516/506
f 508/518/508 556/567/556 555/566/555
f 509/519/509 557/568/557 556/567/556
f 510/520/510 558/569/558 557/568/557
f 511/521/511 559/570/559 558/569/558
f 512/522/512 560/571/560 559/570/559
f 513/523/513 561/572/561 560/571/560
f 514/524/514 562/573/562 561/572/561
f 515/525/515 563/574/563 562/573/562
f 516/526/516 564/575/564 563/574/563
f 517/527/517 565/576/565 564/575/564
f 518/528/518 566/577/566 565/576/565
f 519/529/519 567/578/567 566/577/566
f 520/530/520 568/579/568 567/578/567
f 521/531/521 569/580/569 568/579/568
f 522/532/522 570/581/570 569/580/569
f 523/533/523 571/582/571 570/581/570
f 524/534/524 572/583/572 571/582/571
f 525/535/525 573/584/573 572/583/572
f 526/536/526 574/585/574 573/584/573
f 527/537/527 575/586/575 574/585/574
f 528/490/528 576/539/576 575/586/575
f 529/587/529 577/636/577 624/588/624
f 530/542/530 578/591/578 577/589/577
f 531/590/531 579/592/579 578/591/578
f 532/543/532 580/593/580 579/592/579
f 533/544/533 581/594/581 580/593/580
f 534/545/534 582/595/582 581/594/581
f 535/546/535 583/596/583 582/595/582
f 536/547/536 584/597/584 583/596/583
f 537/548/537 585/598/585 584/597/584
f 538/549/538 586/599/586 585/598/585
f 539/550/539 587/600/587 586/599/586
f 540/551/540 588/601/588 587/600/587
f 541/552/541 589/602/589 588/601/588
f 542/553/542 590/603/590 589/602/589
f 543/554/543 591/604/591 590/603/590
f 544/555/544 592/605/592 591/604/591
f 545/556/545 593/606/593 592/605/592
f 546/557/546 594/607/594 593/606/593
f 547/558/547 595/608/595 594/607/594
f 548/559/548 596/609/596 595/608/595
f 549/560/549 597/657/597 596/609/596
f 598/610/598 597/657/597 549/560/549
f 599/611/599 598/610/598 550/561/550
f 600/612/600 599/611/599 551/562/551
f 601/613/601 600/612/600 552/563/552
f 602/614/602 601/613/601 553/564/553
f 603/615/603 602/614/602 554/565/554
f 604/616/604 603/615/603 555/566/555
f 605/617/605 604/616/604 556/567/556
f 606/618/606 605/617/605 557/568/557
f 607/619/607 606/618/606 558/569/558
f 608/620/608 607/619/607 559/570/559
f 609/621/609 608/620/608 560/571/560
f 610/622/610 609/621/609 561/572/561
f 611/623/611 610/622/610 562/573/562
f 612/624/612 611/623/611 563/574/563
f 613/625/613 612/624/612 564/575/564
f 614/626/614 613/625/613 565/576/565
f 615/627/615 614/626/614 566/577/566
f 616/628/616 615/627/615 567/578/567
f 617/629/617 616/628/616 568/579/568
f 618/630/618 617/629/617 569/580/569
f 619/631/619 618/630/618 570/581/570
f 620/632/620 619/631/619 571/582/571
f 621/633/621 620/632/620 572/583/572
f 574/585/574 622/634/622 621/633/621
f 575/586/575 623/635/623 622/634/622
f 576/539/576 624/588/624 623/635/623
f 577/636/577 625/686/625 672/637/672
f 578/591/578 626/639/626 625/638/625
f 579/592/579 627/640/627 626/639/626
f 580/593/580 628/641/628 627/640/627
f 581/594/581 629/642/629 628/641/628
f 582/595/582 630/643/630 629/642/629
f 583/596/583 631/644/631 630/643/630
f 584/597/584 632/645/632 631/644/631
f 585/598/585 633/646/633 632/645/632
f 586/599/586 634/647/634 633/646/633
f 587/600/587 635/648/635 634/647/634
f 588/601/588 636/649/636 635/648/635
f 589/602/589 637/650/637 636/649/636
f 590/603/590 638/651/638 637/650/637
f 591/604/591 639/652/639 638/651/638
f 592/605/592 640/653/640 639/652/639
f 593/606/593 641/654/641 640/653/640
f 594/607/594 642/655/642 641/654/641
f 595/608/595 643/656/643 642/655/642
f 596/609/596 644/658/644 643/656/643
f 597/657/597 645/659/645 644/658/644
f 598/610/598 646/660/646 645/659/645
f 599/611/599 647/707/647 646/660/646
f 648/661/648 647/707/647 599/611/599
f 649/662/649 648/661/648 600/612/600
f 650/663/650 649/662/649 601/613/601
f 651/664/651 650/663/650 602/614/602
f 652/665/652 651/664/651 603/615/603
f 653/666/653 652/665/652 604/616/604
f 654/667/654 653/666/653 605/617/605
f 655/668/655 654/667/654 606/618/606
f 656/669/656 655/668/655 607/619/607
f 657/670/657 656/669/656 608/620/608
f 658/671/658 657/670/657 609/621/609
f 659/672/659 658/671/658 610/622/610
f 660/673/660 659/672/659 611/623/611
f 661/674/661 660/673/660 612/624/612
f 662/675/662 661/674/661 613/625/613
f 663/676/663 662/675/662 614/626/614
f 664/677/664 663/676/663 615/627/615
f 665/678/665 664/677/664 616/628/616
f 666/679/666 665/678/665 617/629/617
f 667/680/667 666/679/666 618/630/618
f 668/681/668 667/680/667 619/631/619
f 669/682/669 668/681/668 620/632/620
f 670/683/670 669/682/669 621/633/621
f 671/684/671 670/683/670 622/634/622
f 624/588/624 672/637/672 671/684/671
f 673/685/673 720/733/720 672/637/672
f 674/687/674 673/736/673 625/638/625
f 675/688/675 674/687/674 626/639/626
f 676/689/676 675/688/675 627/640/627
f 677/690/677 676/689/676 628/641/628
f 678/691/678 677/690/677 629/642/629
f 679/692/679 678/691/678 630/643/630
f 680/693/680 679/692/679 631/644/631
f 681/694/681 680/693/680 632/645/632
f 682/695/682 681/694/681 633/646/633
f 683/696/683 682/695/682 634/647/634
f 684/697/684 683/696/683 635/648/635
f 685/698/685 684/697/684 636/649/636
f 686/699/686 685/698/685 637/650/637
f 687/700/687 686/699/686 638/651/638
f 688/701/688 687/700/687 639/652/639
f 641/654/641 689/702/689 688/701/688
f 642/655/642 690/703/690 689/702/689
f 643/656/643 691/704/691 690/703/690
f 644/658/644 692/705/692 691/704/691
f 645/659/645 693/706/693 692/705/692
f 646/660/646 694/708/694 693/706/693
f 647/707/647 695/709/695 694/708/694
f 648/661/648 696/710/696 695/709/695
f 649/662/649 697/711/697 696/710/696
f 650/663/650 698/712/698 697/711/697
f 651/664/651 699/713/699 698/712/698
f 652/665/652 700/714/700 699/713/699
f 653/666/653 701/715/701 700/714/700
f 654/667/654 702/716/702 701/715/701
f 655/668/655 703/717/703 702/716/702
f 656/669/656 704/718/704 703/717/703
f 657/670/657 705/719/705 704/718/704
f 658/671/658 706/720/706 705/719/705
f 659/672/659 707/721/707 706/720/706
f 660/673/660 708/722/708 707/721/707
f 661/674/661 709/723/709 708/722/708
f 662/675/662 710/724/710 709/723/709
f 663/676/663 711/725/711 710/724/710
f 664/677/664 712/773/712 711/725/711
f 713/726/713 712/773/712 664/677/664
f 714/727/714 713/726/713 665/678/665
f 715/728/715 714/727/714 666/679/666
f 716/729/716 715/728/715 667/680/667
f 717/730/717 716/729/716 668/681/668
f 718/731/718 717/730/717 669/682/669
f 719/732/719 718/731/718 670/683/670
f 720/733/720 719/732/719 671/684/671
f 721/734/721 768/782/768 720/733/720
f 722/735/722 721/785/721 673/736/673
f 723/737/723 722/735/722 674/687/674
f 724/738/724 723/737/723 675/688/675
f 725/739/725 724/738/724 676/689/676
f 726/740/726 725/739/725 677/690/677
f 727/741/727 726/740/726 678/691/678
f 728/742/728 727/741/727 679/692/679
f 729/743/729 728/742/728 680/693/680
f 730/744/730 729/743/729 681/694/681
f 731/745/731 730/744/730 682/695/682
f 732/746/732 731/745/731 683/696/683
f 733/747/733 732/746/732 684/697/684
f 734/748/734 733/747/733 685/698/685
f 735/749/735 734/748/734 686/699/686
f 736/750/736 735/749/735 687/700/687
f 737/751/737 736/750/736 688/701/688
f 690/703/690 738/752/738 737/751/737
f 691/704/691 739/753/739 738/752/738
f 692/705/692 740/754/740 739/753/739
f 693/706/693 741/755/741 740/754/740
f 694/708/694 742/756/742 741/755/741
f 695/709/695 743/757/743 742/756/742
f 696/710/696 744/758/744 743/757/743
f 697/711/697 745/759/745 744/758/744
f 698/712/698 746/760/746 745/759/745
f 699/713/699 747/761/747 746/760/746
f 700/714/700 748/762/748 747/761/747
f 701/715/701 749/763/749 748/762/748
f 702/716/702 750/764/750 749/763/749
f 703/717/703 751/765/751 750/764/750
f 704/718/704 752/766/752 751/765/751
f 705/719/705 753/767/753 752/766/752
f 706/720/706 754/768/754 753/767/753
f 707/721/707 755/769/755 754/768/754
f 708/722/708 756/770/756 755/769/755
f 709/723/709 757/771/757 756/770/756
f 710/724/710 758/772/758 757/771/757
f 711/725/711 759/774/759 758/772/758
f 712/773/712 760/775/760 759/774/759
f 713/726/713 761/823/761 760/775/760
f 762/776/762 761/823/761 713/726/713
f 763/777/763 762/776/762 714/727/714
f 764/778/764 763/777/763 715/728/715
f 765/779/765 764/778/764 716/729/716
f 766/780/766 765/779/765 717/730/717
f 767/781/767 766/780/766 718/731/718
f 768/782/768 767/781/767 719/732/719
f 769/783/769 816/831/816 768/782/768
f 770/784/770 769/834/769 721/785/721
f 771/786/771 770/784/770 722/735/722
f 772/787/772 771/786/771 723/737/723
f 773/788/773 772/787/772 724/738/724
f 774/789/774 773/788/773 725/739/725
f 775/790/775 774/789/774 726/740/726
f 776/791/776 775/790/775 727/741/727
f 777/792/777 776/791/776 728/742/728
f 778/793/778 777/792/777 729/743/729
f 779/794/779 778/793/778 730/744/730
f 780/795/780 779/794/779 731/745/731
f 781/796/781 780/795/780 732/746/732
f 782/797/782 781/796/781 733/747/733
f 783/798/783 782/797/782 734/748/734
f 784/799/784 783/798/783 735/749/735
f 785/800/785 784/799/784 736/750/736
f 786/801/786 785/800/785 737/751/737
f 739/753/739 787/802/787 786/801/786
f 740/754/740 788/803/788 787/802/787
f 741/755/741 789/804/789 788/803/788
f 742/756/742 790/805/790 789/804/789
f 743/757/743 791/806/791 790/805/790
f 744/758/744 792/807/792 791/806/791
f 745/759/745 793/808/793 792/807/792
f 746/760/746 794/809/794 793/808/793
f 747/761/747 795/810/795 794/809/794
f 748/762/748 796/811/796 795/810/795
f 749/763/749 797/812/797 796/811/796
f 750/764/750 798/813/798 797/812/797
f 751/765/751 799/814/799 798/813/798
f 752/766/752 800/815/800 799/814/799
f 753/767/753 801/816/801 800/815/800
f 754/768/754 802/817/802 801/816/801
f 755/769/755 803/818/803 802/817/802
f 756/770/756 804/819/804 803/818/803
f 757/771/757 805/820/805 804/819/804
f 758/772/758 806/821/806 805/820/805
f 759/774/759 807/822/807 806/821/806
f 760/775/760 808/824/808 807/822/807
f 761/823/761 809/825/809 808/824/808
f 762/776/762 810/874/810 809/825/809
f 811/826/811 810/874/810 762/776/762
f 812/827/812 811/826/811 763/777/763
f 813/828/813 812/827/812 764/778/764
f 814/829/814 813/828/813 765/779/765
f 815/830/815 814/829/814 766/780/766
f 816/831/816 815/830/815 767/781/767
f 817/832/817 864/880/864 816/831/816
f 818/833/818 817/883/817 769/834/769
f 819/835/819 818/833/818 770/784/770
f 820/836/820 819/835/819 771/786/771
f 821/837/821 820/836/820 772/787/772
f 822/838/822 821/837/821 773/788/773
f 823/839/823 822/838/822 774/789/774
f 824/840/824 823/839/823 775/790/775
f 825/841/825 824/840/824 776/791/776
f 826/842/826 825/841/825 777/792/777
f 827/843/827 826/842/826 778/793/778
f 828/844/828 827/843/827 779/794/779
f 829/845/829 828/844/828 780/795/780
f 830/846/830 829/845/829 781/796/781
f 831/847/831 830/846/830 782/797/782
f 832/848/832 831/847/831 783/798/783
f 833/849/833 832/848/832 784/799/784
f 786/801/786 834/850/834 833/849/833
f 787/802/787 835/851/835 834/850/834
f 788/803/788 836/852/836 835/851/835
f 789/804/789 837/853/837 836/852/836
f 790/805/790 838/854/838 837/853/837
f 791/806/791 839/855/839 838/854/838
f 792/807/792 840/856/840 839/855/839
f 793/808/793 841/857/841 840/856/840
f 794/809/794 842/858/842 841/857/841
f 795/810/795 843/859/843 842/858/842
f 796/811/796 844/860/844 843/859/843
f 797/812/797 845/861/845 844/860/844
f 798/813/798 846/862/846 845/861/845
f 799/814/799 847/863/847 846/862/846
f 800/815/800 848/864/848 847/863/847
f 801/816/801 849/865/849 848/864/848
f 802/817/802 850/866/850 849/865/849
f 803/818/803 851/867/851 850/866/850
f 804/819/804 852/868/852 851/867/851
f 805/820/805 853/869/853 852/868/852
f 806/821/806 854/870/854 853/869/853
f 807/822/807 855/871/855 854/870/854
f 808/824/808 856/872/856 855/871/855
f 809/825/809 857/922/857 856/872/856
f 858/873/858 857/922/857 809/825/809
f 859/875/859 858/873/858 810/874/810
f 860/876/860 859/875/859 811/826/811
f 861/877/861 860/876/860 812/827/812
f 862/878/862 861/877/861 813/828/813
f 863/879/863 862/878/862 814/829/814
f 864/880/864 863/879/863 815/830/815
f 865/881/865 912/929/912 864/880/864
f 866/882/866 865/932/865 817/883/817
f 867/884/867 866/882/866 818/833/818
f 868/885/868 867/884/867 819/835/819
f 869/886/869 868/885/868 820/836/820
f 870/887/870 869/886/869 821/837/821
f 871/888/871 870/887/870 822/838/822
f 872/889/872 871/888/871 823/839/823
f 873/890/873 872/889/872 824/840/824
f 874/891/874 873/890/873 825/841/825
f 875/892/875 874/891/874 826/842/826
f 876/893/876 875/892/875 827/843/827
f 877/894/877 876/893/876 828/844/828
f 878/895/878 877/894/877 829/845/829
f 879/896/879 878/895/878 830/846/830
f 880/897/880 879/896/879 831/847/831
f 833/849/833 881/898/881 880/897/880
f 834/850/834 882/899/882 881/898/881
f 835/851/835 883/900/883 882/899/882
f 836/852/836 884/901/884 883/900/883
f 837/853/837 885/902/885 884/901/884
f 838/854/838 886/903/886 885/902/885
f 839/855/839 887/904/887 886/903/886
f 840/856/840 888/905/888 887/904/887
f 841/857/841 889/906/889 888/905/888
f 842/858/842 890/907/890 889/906/889
f 843/859/843 891/908/891 890/907/890
f 844/860/844 892/909/892 891/908/891
f 845/861/845 893/910/893 892/909/892
f 846/862/846 894/911/894 893/910/893
f 847/863/847 895/912/895 894/911/894
f 848/864/848 896/913/896 895/912/895
f 849/865/849 897/914/897 896/913/896
f 850/866/850 898/915/898 897/914/897
f 851/867/851 899/916/899 898/915/898
f 852/868/852 900/917/900 899/916/899
f 853/869/853 901/918/901 900/917/900
f 854/870/854 902/919/902 901/918/901
f 855/871/855 903/920/903 902/919/902
f 856/872/856 904/970/904 903/920/903
f 905/921/905 904/970/904 856/872/856
f 906/923/906 905/921/905 857/922/857
f 907/924/907 906/923/906 858/873/858
f 908/925/908 907/924/907 859/875/859
f 909/926/909 908/925/908 860/876/860
f 910/927/910 909/926/909 861/877/861
f 911/928/911 910/927/910 862/878/862
f 912/929/912 911/928/911 863/879/863
f 913/930/913 960/978/960 912/929/912
f 914/931/914 913/981/913 865/932/865
f 915/933/915 914/931/914 866/882/866
f 916/934/916 915/933/915 867/884/867
f 917/935/917 916/934/916 868/885/868
f 918/936/918 917/935/917 869/886/869
f 919/937/919 918/936/918 870/887/870
f 920/938/920 919/937/919 871/888/871
f 921/939/921 920/938/920 872/889/872
f 922/940/922 921/939/921 873/890/873
f 923/941/923 922/940/922 874/891/874
f 924/942/924 923/941/923 875/892/875
f 925/943/925 924/942/924 876/893/876
f 926/944/926 925/943/925 877/894/877
f 927/945/927 926/944/926 878/895/878
f 880/897/880 928/946/928 927/945/927
f 881/898/881 929/947/929 928/946/928
f 882/899/882 930/948/930 929/947/929
f 883/900/883 931/949/931 930/948/930
f 884/901/884 932/950/932 931/949/931
f 885/902/885 933/951/933 932/950/932
f 886/903/886 934/952/934 933/951/933
f 887/904/887 935/953/935 934/952/934
f 888/905/888 936/954/936 935/953/935
f 889/906/889 937/955/937 936/954/936
f 890/907/890 938/956/938 937/955/937
f 891/908/891 939/957/939 938/956/938
f 892/909/892 940/958/940 939/957/939
f 893/910/893 941/959/941 940/958/940
f 894/911/894 942/960/942 941/959/941
f 895/912/895 943/961/943 942/960/942
f 896/913/896 944/962/944 943/961/943
f 897/914/897 945/963/945 944/962/944
f 898/915/898 946/964/946 945/963/945
f 899/916/899 947/965/947 946/964/946
f 900/917/900 948/966/948 947/965/947
f 901/918/901 949/967/949 948/966/948
f 902/919/902 950/968/950 949/967/949
f 903/920/903 951/1018/951 950/968/950
f 952/969/952 951/1018/951 903/920/903
f 953/971/953 952/969/952 904/970/904
f 954/972/954 953/971/953 905/921/905
f 955/973/955 954/972/954 906/923/906
f 956/974/956 955/973/955 907/924/907
f 957/975/957 956/974/956 908/925/908
f 958/976/958 957/975/957 909/926/909
f 959/977/959 958/976/958 910/927/910
f 960/978/960 959/977/959 911/928/911
f 961/979/961 1008/1027/1008 960/978/960
f 962/980/962 961/1030/961 913/981/913
f 963/982/963 962/980/962 914/931/914
f 964/983/964 963/982/963 915/933/915
f 965/984/965 964/983/964 916/934/916
f 966/985/966 965/984/965 917/935/917
f 967/986/967 966/985/966 918/936/918
f 968/987/968 967/986/967 919/937/919
f 969/988/969 968/987/968 920/938/920
f 970/989/970 969/988/969 921/939/921
f 971/990/971 970/989/970 922/940/922
f 972/991/972 971/990/971 923/941/923
f 973/992/973 972/991/972 924/942/924
f 974/993/974 973/992/973 925/943/925
f 927/945/927 975/994/975 974/993/974
f 928/946/928 976/995/976 975/994/975
f 929/947/929 977/996/977 976/995/976
f 930/948/930 978/997/978 977/996/977
f 931/949/931 979/998/979 978/997/978
f 932/950/932 980/999/980 979/998/979
f 933/951/933 981/1000/981 980/999/980
f 934/952/934 982/1001/982 981/1000/981
f 935/953/935 983/1002/983 982/1001/982
f 936/954/936 984/1003/984 983/1002/983
f 937/955/937 985/1004/985 984/1003/984
f 938/956/938 986/1005/986 985/1004/985
f 939/957/939 987/1006/987 986/1005/986
f 940/958/940 988/1007/988 987/1006/987
f 941/959/941 989/1008/989 988/1007/988
f 942/960/942 990/1009/990 989/1008/989
f 943/961/943 991/1010/991 990/1009/990
f 944/962/944 992/1011/992 991/1010/991
f 945/963/945 993/1012/993 992/1011/992
f 946/964/946 994/1013/994 993/1012/993
f 947/965/947 995/1014/995 994/1013/994
f 948/966/948 996/1015/996 995/1014/995
f 949/967/949 997/1016/997 996/1015/996
f 950/968/950 998/1066/998 997/1016/997
f 999/1017/999 998/1066/998 950/968/950
f 1000/1019/1000 999/1017/999 951/1018/951
f 1001/1020/1001 1000/1019/1000 952/969/952
f 1002/1021/1002 1001/1020/1001 953/971/953
f 1003/1022/1003 1002/1021/1002 954/972/954
f 1004/1023/1004 1003/1022/1003 955/973/955
f 1005/1024/1005 1004/1023/1004 956/974/956
f 1006/1025/1006 1005/1024/1005 957/975/957
f 1007/1026/1007 1006/1025/1006 958/976/958
f 1008/1027/1008 1007/1026/1007 959/977/959
f 1009/1028/1009 1056/1076/1056 1008/1027/1008
f 1010/1029/1010 1009/1079/1009 961/1030/961
f 1011/1031/1011 1010/1029/1010 962/980/962
f 1012/1032/1012 1011/1031/1011 963/982/963
f 1013/1033/1013 1012/1032/1012 964/983/964
f 1014/1034/1014 1013/1033/1013 965/984/965
f 1015/1035/1015 1014/1034/1014 966/985/966
f 1016/1036/1016 1015/1035/1015 967/986/967
f 1017/1037/1017 1016/1036/1016 968/987/968
f 1018/1038/1018 1017/1037/1017 969/988/969
f 1019/1039/1019 1018/1038/1018 970/989/970
f 1020/1040/1020 1019/1039/1019 971/990/971
f 1021/1041/1021 1020/1040/1020 972/991/972
f 974/993/974 1022/1042/1022 1021/1041/1021
f 975/994/975 1023/1043/1023 1022/1042/1022
f 976/995/976 1024/1044/1024 1023/1043/1023
f 977/996/977 1025/1045/1025 1024/1044/1024
f 978/997/978 1026/1046/1026 1025/1045/1025
f 979/998/979 1027/1047/1027 1026/1046/1026
f 980/999/980 1028/1048/1028 1027/1047/1027
f 981/1000/981 1029/1049/1029 1028/1048/1028
f 982/1001/982 1030/1050/1030 1029/1049/1029
f 983/1002/983 1031/1051/1031 1030/1050/1030
f 984/1003/984 1032/1052/1032 1031/1051/1031
f 985/1004/985 1033/1053/1033 1032/1052/1032
f 986/1005/986 1034/1054/1034 1033/1053/1033
f 987/1006/987 1035/1055/1035 1034/1054/1034
f 988/1007/988 1036/1056/1036 1035/1055/1035
f 989/1008/989 1037/1057/1037 1036/1056/1036
f 990/1009/990 1038/1058/1038 1037/1057/1037
f 991/1010/991 1039/1059/1039 1038/1058/1038
f 992/1011/992 1040/1060/1040 1039/1059/1039
f 993/1012/993 1041/1061/1041 1040/1060/1040
f 994/1013/994 1042/1062/1042 1041/1061/1041
f 995/1014/995 1043/1063/1043 1042/1062/1042
f 996/1015/996 1044/1064/1044 1043/1063/1043
f 997/1016/997 1045/1113/1045 1044/1064/1044
f 1046/1065/1046 1045/1113/1045 997/1016/997
f 1047/1067/1047 1046/1065/1046 998/1066/998
f 1048/1068/1048 1047/1067/1047 999/1017/999
f 1049/1069/1049 1048/1068/1048 1000/1019/1000
f 1050/1070/1050 1049/1069/1049 1001/1020/1001
f 1051/1071/1051 1050/1070/1050 1002/1021/1002
f 1052/1072/1052 1051/1071/1051 1003/1022/1003
f 1053/1073/1053 1052/1072/1052 1004/1023/1004
f 1054/1074/1054 1053/1073/1053 1005/1024/1005
f 1055/1075/1055 1054/1074/1054 1006/1025/1006
f 1056/1076/1056 1055/1075/1055 1007/1026/1007
f 1057/1077/1057 1104/1125/1104 1056/1076/1056
f 1058/1078/1058 1057/1128/1057 1009/1079/1009
f 1059/1080/1059 1058/1078/1058 1010/1029/1010
f 1060/1081/1060 1059/1080/1059 1011/1031/1011
f 1061/1082/1061 1060/1081/1060 1012/1032/1012
f 1062/1083/1062 1061/1082/1061 1013/1033/1013
f 1063/1084/1063 1062/1083/1062 1014/1034/1014
f 1064/1085/1064 1063/1084/1063 1015/1035/1015
f 1065/1086/1065 1064/1085/1064 1016/1036/1016
f 1066/1087/1066 1065/1086/1065 1017/1037/1017
f 1067/1088/1067 1066/1087/1066 1018/1038/1018
f 1068/1089/1068 1067/1088/1067 1019/1039/1019
f 1069/1090/1069 1068/1089/1068 1020/1040/1020
f 1022/1042/1022 1070/1091/1070 1069/1090/1069
f 1023/1043/1023 1071/1092/1071 1070/1091/1070
f 1024/1044/1024 1072/1093/1072 1071/1092/1071
f 1025/1045/1025 1073/1094/1073 1072/1093/1072
f 1026/1046/1026 1074/1095/1074 1073/1094/1073
f 1027/1047/1027 1075/1096/1075 1074/1095/1074
f 1028/1048/1028 1076/1097/1076 1075/1096/1075
f 1029/1049/1029 1077/1098/1077 1076/1097/1076
f 1030/1050/1030 1078/1099/1078 1077/1098/1077
f 1031/1051/1031 1079/1100/1079 1078/1099/1078
f 1032/1052/1032 1080/1101/1080 1079/1100/1079
f 1033/1053/1033 1081/1102/1081 1080/1101/1080
f 1034/1054/1034 1082/1103/1082 1081/1102/1081
f 1035/1055/1035 1083/1104/1083 1082/1103/1082
f 1036/1056/1036 1084/1105/1084 1083/1104/1083
f 1037/1057/1037 1085/1106/1085 1084/1105/1084
f 1038/1058/1038 1086/1107/1086 1085/1106/1085
f 1039/1059/1039 1087/1108/1087 1086/1107/1086
f 1040/1060/1040 1088/1109/1088 1087/1108/1087
f 1041/1061/1041 1089/1110/1089 1088/1109/1088
f 1042/1062/1042 1090/1111/1090 1089/1110/1089
f 1043/1063/1043 1091/1112/1091 1090/1111/1090
f 1044/1064/1044 1092/1114/1092 1091/1112/1091
f 1045/1113/1045 1093/1162/1093 1092/1114/1092
f 1094/1115/1094 1093/1162/1093 1045/1113/1045
f 1095/1116/1095 1094/1115/1094 1046/1065/1046
f 1096/1117/1096 1095/1116/1095 1047/1067/1047
f 1097/1118/1097 1096/1117/1096 1048/1068/1048
f 1098/1119/1098 1097/1118/1097 1049/1069/1049
f 1099/1120/1099 1098/1119/1098 1050/1070/1050
f 1100/1121/1100 1099/1120/1099 1051/1071/1051
f 1101/1122/1101 1100/1121/1100 1052/1072/1052
f 1102/1123/1102 1101/1122/1101 1053/1073/1053
f 1103/1124/1103 1102/1123/1102 1054/1074/1054
f 1104/1125/1104 1103/1124/1103 1055/1075/1055
f 1105/1126/1105 1152/1174/1152 1104/1125/1104
f 1106/1127/1106 1105/1177/1105 1057/1128/1057
f 1107/1129/1107 1106/1127/1106 1058/1078/1058
f 1108/1130/1108 1107/1129/1107 1059/1080/1059
f 1109/1131/1109 1108/1130/1108 1060/1081/1060
f 1110/1132/1110 1109/1131/1109 1061/1082/1061
f 1111/1133/1111 1110/1132/1110 1062/1083/1062
f 1112/1134/1112 1111/1133/1111 1063/1084/1063
f 1113/1135/1113 1112/1134/1112 1064/1085/1064
f 1114/1136/1114 1113/1135/1113 1065/1086/1065
f 1115/1137/1115 1114/1136/1114 1066/1087/1066
f 1116/1138/1116 1115/1137/1115 1067/1088/1067
f 1117/1139/1117 1116/1138/1116 1068/1089/1068
f 1118/1140/1118 1117/1139/1117 1069/1090/1069
f 1071/1092/1071 1119/1141/1119 1118/1140/1118
f 1072/1093/1072 1120/1142/1120 1119/1141/1119
f 1073/1094/1073 1121/1143/1121 1120/1142/1120
f 1074/1095/1074 1122/1144/1122 1121/1143/1121
f 1075/1096/1075 1123/1145/1123 1122/1144/1122
f 1076/1097/1076 1124/1146/1124 1123/1145/1123
f 1077/1098/1077 1125/1147/1125 1124/1146/1124
f 1078/1099/1078 1126/1148/1126 1125/1147/1125
f 1079/1100/1079 1127/1149/1127 1126/1148/1126
f 1080/1101/1080 1128/1150/1128 1127/1149/1127
f 1081/1102/1081 1129/1151/1129 1128/1150/1128
f 1082/1103/1082 1130/1152/1130 1129/1151/1129
f 1083/1104/1083 1131/1153/1131 1130/1152/1130
f 1084/1105/1084 1132/1154/1132 1131/1153/1131
f 1085/1106/1085 1133/1155/1133 1132/1154/1132
f 1086/1107/1086 1134/1156/1134 1133/1155/1133
f 1087/1108/1087 1135/1157/1135 1134/1156/1134
f 1088/1109/1088 1136/1158/1136 1135/1157/1135
f 1089/1110/1089 1137/1159/1137 1136/1158/1136
f 1090/1111/1090 1138/1160/1138 1137/1159/1137
f 1091/1112/1091 1139/1161/1139 1138/1160/1138
f 1092/1114/1092 1140/1163/1140 1139/1161/1139
f 1093/1162/1093 1141/1164/1141 1140/1163/1140
f 1094/1115/1094 1142/1214/1142 1141/1164/1141
f 1143/1165/1143 1142/1214/1142 1094/1115/1094
f 1144/1166/1144 1143/1165/1143 1095/1116/1095
f 1145/1167/1145 1144/1166/1144 1096/1117/1096
f 1146/1168/1146 1145/1167/1145 1097/1118/1097
f 1147/1169/1147 1146/1168/1146 1098/1119/1098
f 1148/1170/1148 1147/1169/1147 1099/1120/1099
f 1149/1171/1149 1148/1170/1148 1100/1121/1100
f 1150/1172/1150 1149/1171/1149 1101/1122/1101
f 1151/1173/1151 1150/1172/1150 1102/1123/1102
f 1152/1174/1152 1151/1173/1151 1103/1124/1103
f 1105/1126/1105 1153/1224/1153 1200/1175/1200
f 1106/1127/1106 1154/1178/1154 1153/1176/1153
f 1107/1129/1107 1155/1179/1155 1154/1178/1154
f 1108/1130/1108 1156/1180/1156 1155/1179/1155
f 1109/1131/1109 1157/1181/1157 1156/1180/1156
f 1110/1132/1110 1158/1182/1158 1157/1181/1157
f 1111/1133/1111 1159/1183/1159 1158/1182/1158
f 1112/1134/1112 1160/1184/1160 1159/1183/1159
f 1113/1135/1113 1161/1185/1161 1160/1184/1160
f 1114/1136/1114 1162/1186/1162 1161/1185/1161
f 1115/1137/1115 1163/1187/1163 1162/1186/1162
f 1116/1138/1116 1164/1188/1164 1163/1187/1163
f 1117/1139/1117 1165/1189/1165 1164/1188/1164
f 1118/1140/1118 1166/1190/1166 1165/1189/1165
f 1119/1141/1119 1167/1191/1167 1166/1190/1166
f 1120/1142/1120 1168/1241/1168 1167/1191/1167
f 1169/1192/1169 1168/1241/1168 1120/1142/1120
f 1170/1193/1170 1169/1192/1169 1121/1143/1121
f 1171/1194/1171 1170/1193/1170 1122/1144/1122
f 1172/1195/1172 1171/1194/1171 1123/1145/1123
f 1173/1196/1173 1172/1195/1172 1124/1146/1124
f 1174/1197/1174 1173/1196/1173 1125/1147/1125
f 1175/1198/1175 1174/1197/1174 1126/1148/1126
f 1176/1199/1176 1175/1198/1175 1127/1149/1127
f 1177/1200/1177 1176/1199/1176 1128/1150/1128
f 1178/1201/1178 1177/1200/1177 1129/1151/1129
f 1179/1202/1179 1178/1201/1178 1130/1152/1130
f 1180/1203/1180 1179/1202/1179 1131/1153/1131
f 1181/1204/1181 1180/1203/1180 1132/1154/1132
f 1182/1205/1182 1181/1204/1181 1133/1155/1133
f 1183/1206/1183 1182/1205/1182 1134/1156/1134
f 1184/1207/1184 1183/1206/1183 1135/1157/1135
f 1185/1208/1185 1184/1207/1184 1136/1158/1136
f 1186/1209/1186 1185/1208/1185 1137/1159/1137
f 1187/1210/1187 1186/1209/1186 1138/1160/1138
f 1188/1211/1188 1187/1210/1187 1139/1161/1139
f 1189/1212/1189 1188/1211/1188 1140/1163/1140
f 1190/1213/1190 1189/1212/1189 1141/1164/1141
f 1191/1215/1191 1190/1213/1190 1142/1214/1142
f 1192/1216/1192 1191/1215/1191 1143/1165/1143
f 1145/1167/1145 1193/1217/1193 1192/1216/1192
f 1146/1168/1146 1194/1218/1194 1193/1217/1193
f 1147/1169/1147 1195/1219/1195 1194/1218/1194
f 1148/1170/1148 1196/1220/1196 1195/1219/1195
f 1149/1171/1149 1197/1221/1197 1196/1220/1196
f 1150/1172/1150 1198/1222/1198 1197/1221/1197
f 1151/1173/1151 1199/1223/1199 1198/1222/1198
f 1152/1174/1152 1200/1175/1200 1199/1223/1199
f 1153/1224/1153 1201/1274/1201 1248/1225/1248
f 1154/1178/1154 1202/1227/1202 1201/1226/1201
f 1155/1179/1155 1203/1228/1203 1202/1227/1202
f 1156/1180/1156 1204/1229/1204 1203/1228/1203
f 1157/1181/1157 1205/1230/1205 1204/1229/1204
f 1158/1182/1158 1206/1231/1206 1205/1230/1205
f 1159/1183/1159 1207/1232/1207 1206/1231/1206
f 1160/1184/1160 1208/1233/1208 1207/1232/1207
f 1161/1185/1161 1209/1234/1209 1208/1233/1208
f 1162/1186/1162 1210/1235/1210 1209/1234/1209
f 1163/1187/1163 1211/1236/1211 1210/1235/1210
f 1164/1188/1164 1212/1237/1212 1211/1236/1211
f 1165/1189/1165 1213/1238/1213 1212/1237/1212
f 1166/1190/1166 1214/1288/1214 1213/1238/1213
f 1215/1239/1215 1214/1288/1214 1166/1190/1166
f 1216/1240/1216 1215/1239/1215 1167/1191/1167
f 1217/1242/1217 1216/1240/1216 1168/1241/1168
f 1218/1243/1218 1217/1242/1217 1169/1192/1169
f 1219/1244/1219 1218/1243/1218 1170/1193/1170
f 1220/1245/1220 1219/1244/1219 1171/1194/1171
f 1221/1246/1221 1220/1245/1220 1172/1195/1172
f 1222/1247/1222 1221/1246/1221 1173/1196/1173
f 1223/1248/1223 1222/1247/1222 1174/1197/1174
f 1224/1249/1224 1223/1248/1223 1175/1198/1175
f 1225/1250/1225 1224/1249/1224 1176/1199/1176
f 1226/1251/1226 1225/1250/1225 1177/1200/1177
f 1227/1252/1227 1226/1251/1226 1178/1201/1178
f 1228/1253/1228 1227/1252/1227 1179/1202/1179
f 1229/1254/1229 1228/1253/1228 1180/1203/1180
f 1230/1255/1230 1229/1254/1229 1181/1204/1181
f 1231/1256/1231 1230/1255/1230 1182/1205/1182
f 1232/1257/1232 1231/1256/1231 1183/1206/1183
f 1233/1258/1233 1232/1257/1232 1184/1207/1184
f 1234/1259/1234 1233/1258/1233 1185/1208/1185
f 1235/1260/1235 1234/1259/1234 1186/1209/1186
f 1236/1261/1236 1235/1260/1235 1187/1210/1187
f 1237/1262/1237 1236/1261/1236 1188/1211/1188
f 1238/1263/1238 1237/1262/1237 1189/1212/1189
f 1191/1215/1191 1239/1264/1239 1238/1263/1238
f 1192/1216/1192 1240/1265/1240 1239/1264/1239
f 1193/1217/1193 1241/1266/1241 1240/1265/1240
f 1194/1218/1194 1242/1267/1242 1241/1266/1241
f 1195/1219/1195 1243/1268/1243 1242/1267/1242
f 1196/1220/1196 1244/1269/1244 1243/1268/1243
f 1197/1221/1197 1245/1270/1245 1244/1269/1244
f 1198/1222/1198 1246/1271/1246 1245/1270/1245
f 1199/1223/1199 1247/1272/1247 1246/1271/1246
f 1200/1175/1200 1248/1225/1248 1247/1272/1247
f 1249/1273/1249 1296/1321/1296 1248/1225/1248
f 1250/1275/1250 1249/1324/1249 1201/1226/1201
f 1251/1276/1251 1250/1275/1250 1202/1227/1202
f 1252/1277/1252 1251/1276/1251 1203/1228/1203
f 1253/1278/1253 1252/1277/1252 1204/1229/1204
f 1254/1279/1254 1253/1278/1253 1205/1230/1205
f 1255/1280/1255 1254/1279/1254 1206/1231/1206
f 1256/1281/1256 1255/1280/1255 1207/1232/1207
f 1257/1282/1257 1256/1281/1256 1208/1233/1208
f 1258/1283/1258 1257/1282/1257 1209/1234/1209
f 1259/1284/1259 1258/1283/1258 1210/1235/1210
f 1260/1285/1260 1259/1284/1259 1211/1236/1211
f 1261/1286/1261 1260/1285/1260 1212/1237/1212
f 1262/1287/1262 1261/1286/1261 1213/1238/1213
f 1263/1289/1263 1262/1287/1262 1214/1288/1214
f 1264/1290/1264 1263/1289/1263 1215/1239/1215
f 1265/1291/1265 1264/1290/1264 1216/1240/1216
f 1266/1292/1266 1265/1291/1265 1217/1242/1217
f 1267/1293/1267 1266/1292/1266 1218/1243/1218
f 1268/1294/1268 1267/1293/1267 1219/1244/1219
f 1221/1246/1221 1269/1295/1269 1268/1294/1268
f 1222/1247/1222 1270/1296/1270 1269/1295/1269
f 1223/1248/1223 1271/1297/1271 1270/1296/1270
f 1224/1249/1224 1272/1298/1272 1271/1297/1271
f 1225/1250/1225 1273/1299/1273 1272/1298/1272
f 1226/1251/1226 1274/1300/1274 1273/1299/1273
f 1227/1252/1227 1275/1301/1275 1274/1300/1274
f 1228/1253/1228 1276/1302/1276 1275/1301/1275
f 1229/1254/1229 1277/1303/1277 1276/1302/1276
f 1230/1255/1230 1278/1304/1278 1277/1303/1277
f 1231/1256/1231 1279/1305/1279 1278/1304/1278
f 1232/1257/1232 1280/1306/1280 1279/1305/1279
f 1233/1258/1233 1281/1307/1281 1280/1306/1280
f 1234/1259/1234 1282/1308/1282 1281/1307/1281
f 1235/1260/1235 1283/1309/1283 1282/1308/1282
f 1236/1261/1236 1284/1310/1284 1283/1309/1283
f 1237/1262/1237 1285/1311/1285 1284/1310/1284
f 1238/1263/1238 1286/1312/1286 1285/1311/1285
f 1239/1264/1239 1287/1313/1287 1286/1312/1286
f 1240/1265/1240 1288/1314/1288 1287/1313/1287
f 1241/1266/1241 1289/1315/1289 1288/1314/1288
f 1242/1267/1242 1290/1316/1290 1289/1315/1289
f 1243/1268/1243 1291/1317/1291 1290/1316/1290
f 1244/1269/1244 1292/1365/1292 1291/1317/1291
f 1293/1318/1293 1292/1365/1292 1244/1269/1244
f 1294/1319/1294 1293/1318/1293 1245/1270/1245
f 1295/1320/1295 1294/1319/1294 1246/1271/1246
f 1296/1321/1296 1295/1320/1295 1247/1272/1247
f 1297/1322/1297 1344/1370/1344 1296/1321/1296
f 1298/1323/1298 1297/1373/1297 1249/1324/1249
f 1299/1325/1299 1298/1323/1298 1250/1275/1250
f 1300/1326/1300 1299/1325/1299 1251/1276/1251
f 1301/1327/1301 1300/1326/1300 1252/1277/1252
f 1302/1328/1302 1301/1327/1301 1253/1278/1253
f 1303/1329/1303 1302/1328/1302 1254/1279/1254
f 1304/1330/1304 1303/1329/1303 1255/1280/1255
f 1305/1331/1305 1304/1330/1304 1256/1281/1256
f 1306/1332/1306 1305/1331/1305 1257/1282/1257
f 1307/1333/1307 1306/1332/1306 1258/1283/1258
f 1308/1334/1308 1307/1333/1307 1259/1284/1259
f 1309/1335/1309 1308/1334/1308 1260/1285/1260
f 1310/1336/1310 1309/1335/1309 1261/1286/1261
f 1311/1337/1311 1310/1336/1310 1262/1287/1262
f 1312/1338/1312 1311/1337/1311 1263/1289/1263
f 1313/1339/1313 1312/1338/1312 1264/1290/1264
f 1314/1340/1314 1313/1339/1313 1265/1291/1265
f 1315/1341/1315 1314/1340/1314 1266/1292/1266
f 1316/1342/1316 1315/1341/1315 1267/1293/1267
f 1269/1295/1269 1317/1343/1317 1316/1342/1316
f 1270/1296/1270 1318/1344/1318 1317/1343/1317
f 1271/1297/1271 1319/1345/1319 1318/1344/1318
f 1272/1298/1272 1320/1346/1320 1319/1345/1319
f 1273/1299/1273 1321/1347/1321 1320/1346/1320
f 1274/1300/1274 1322/1348/1322 1321/1347/1321
f 1275/1301/1275 1323/1349/1323 1322/1348/1322
f 1276/1302/1276 1324/1350/1324 1323/1349/1323
f 1277/1303/1277 1325/1351/1325 1324/1350/1324
f 1278/1304/1278 1326/1352/1326 1325/1351/1325
f 1279/1305/1279 1327/1353/1327 1326/1352/1326
f 1280/1306/1280 1328/1354/1328 1327/1353/1327
f 1281/1307/1281 1329/1355/1329 1328/1354/1328
f 1282/1308/1282 1330/1356/1330 1329/1355/1329
f 1283/1309/1283 1331/1357/1331 1330/1356/1330
f 1284/1310/1284 1332/1358/1332 1331/1357/1331
f 1285/1311/1285 1333/1359/1333 1332/1358/1332
f 1286/1312/1286 1334/1360/1334 1333/1359/1333
f 1287/1313/1287 1335/1361/1335 1334/1360/1334
f 1288/1314/1288 1336/1362/1336 1335/1361/1335
f 1289/1315/1289 1337/1363/1337 1336/1362/1336
f 1290/1316/1290 1338/1364/1338 1337/1363/1337
f 1291/1317/1291 1339/1366/1339 1338/1364/1338
f 1292/1365/1292 1340/1414/1340 1339/1366/1339
f 1341/1367/1341 1340/1414/1340 1292/1365/1292
f 1342/1368/1342 1341/1367/1341 1293/1318/1293
f 1343/1369/1343 1342/1368/1342 1294/1319/1294
f 1344/1370/1344 1343/1369/1343 1295/1320/1295
f 1345/1371/1345 1392/1419/1392 1344/1370/1344
f 1346/1372/1346 1345/1422/1345 1297/1373/1297
f 1347/1374/1347 1346/1372/1346 1298/1323/1298
f 1348/1375/1348 1347/1374/1347 1299/1325/1299
f 1349/1376/1349 1348/1375/1348 1300/1326/1300
f 1350/1377/1350 1349/1376/1349 1301/1327/1301
f 1351/1378/1351 1350/1377/1350 1302/1328/1302
f 1352/1379/1352 1351/1378/1351 1303/1329/1303
f 1353/1380/1353 1352/1379/1352 1304/1330/1304
f 1354/1381/1354 1353/1380/1353 1305/1331/1305
f 1355/1382/1355 1354/1381/1354 1306/1332/1306
f 1356/1383/1356 1355/1382/1355 1307/1333/1307
f 1357/1384/1357 1356/1383/1356 1308/1334/1308
f 1358/1385/1358 1357/1384/1357 1309/1335/1309
f 1359/1386/1359 1358/1385/1358 1310/1336/1310
f 1360/1387/1360 1359/1386/1359 1311/1337/1311
f 1361/1388/1361 1360/1387/1360 1312/1338/1312
f 1362/1389/1362 1361/1388/1361 1313/1339/1313
f 1363/1390/1363 1362/1389/1362 1314/1340/1314
f 1364/1391/1364 1363/1390/1363 1315/1341/1315
f 1317/1343/1317 1365/1392/1365 1364/1391/1364
f 1318/1344/1318 1366/1393/1366 1365/1392/1365
f 1319/1345/1319 1367/1394/1367 1366/1393/1366
f 1320/1346/1320 1368/1395/1368 1367/1394/1367
f 1321/1347/1321 1369/1396/1369 1368/1395/1368
f 1322/1348/1322 1370/1397/1370 1369/1396/1369
f 1323/1349/1323 1371/1398/1371 1370/1397/1370
f 1324/1350/1324 1372/1399/1372 1371/1398/1371
f 1325/1351/1325 1373/1400/1373 1372/1399/1372
f 1326/1352/1326 1374/1401/1374 1373/1400/1373
f 1327/1353/1327 1375/1402/1375 1374/1401/1374
f 1328/1354/1328 1376/1403/1376 1375/1402/1375
f 1329/1355/1329 1377/1404/1377 1376/1403/1376
f 1330/1356/1330 1378/1405/1378 1377/1404/1377
f 1331/1357/1331 1379/1406/1379 1378/1405/1378
f 1332/1358/1332 1380/1407/1380 1379/1406/1379
f 1333/1359/1333 1381/1408/1381 1380/1407/1380
f 1334/1360/1334 1382/1409/1382 1381/1408/1381
f 1335/1361/1335 1383/1410/1383 1382/1409/1382
f 1336/1362/1336 1384/1411/1384 1383/1410/1383
f 1337/1363/1337 1385/1412/1385 1384/1411/1384
f 1338/1364/1338 1386/1413/1386 1385/1412/1385
f 1339/1366/1339 1387/1415/1387 1386/1413/1386
f 1340/1414/1340 1388/1463/1388 1387/1415/1387
f 1389/1416/1389 1388/1463/1388 1340/1414/1340
f 1390/1417/1390 1389/1416/1389 1341/1367/1341
f 1391/1418/1391 1390/1417/1390 1342/1368/1342
f 1392/1419/1392 1391/1418/1391 1343/1369/1343
f 1393/1420/1393 1440/1468/1440 1392/1419/1392
f 1394/1421/1394 1393/1471/1393 1345/1422/1345
f 1395/1423/1395 1394/1421/1394 1346/1372/1346
f 1396/1424/1396 1395/1423/1395 1347/1374/1347
f 1397/1425/1397 1396/1424/1396 1348/1375/1348
f 1398/1426/1398 1397/1425/1397 1349/1376/1349
f 1399/1427/1399 1398/1426/1398 1350/1377/1350
f 1400/1428/1400 1399/1427/1399 1351/1378/1351
f 1401/1429/1401 1400/1428/1400 1352/1379/1352
f 1402/1430/1402 1401/1429/1401 1353/1380/1353
f 1403/1431/1403 1402/1430/1402 1354/1381/1354
f 1404/1432/1404 1403/1431/1403 1355/1382/1355
f 1405/1433/1405 1404/1432/1404 1356/1383/1356
f 1406/1434/1406 1405/1433/1405 1357/1384/1357
f 1407/1435/1407 1406/1434/1406 1358/1385/1358
f 1408/1436/1408 1407/1435/1407 1359/1386/1359
f 1409/1437/1409 1408/1436/1408 1360/1387/1360
f 1410/1438/1410 1409/1437/1409 1361/1388/1361
f 1411/1439/1411 1410/1438/1410 1362/1389/1362
f 1412/1440/1412 1411/1439/1411 1363/1390/1363
f 1365/1392/1365 1413/1441/1413 1412/1440/1412
f 1366/1393/1366 1414/1442/1414 1413/1441/1413
f 1367/1394/1367 1415/1443/1415 1414/1442/1414
f 1368/1395/1368 1416/1444/1416 1415/1443/1415
f 1369/1396/1369 1417/1445/1417 1416/1444/1416
f 1370/1397/1370 1418/1446/1418 1417/1445/1417
f 1371/1398/1371 1419/1447/1419 1418/1446/1418
f 1372/1399/1372 1420/1448/1420 1419/1447/1419
f 1373/1400/1373 1421/1449/1421 1420/1448/1420
f 1374/1401/1374 1422/1450/1422 1421/1449/1421
f 1375/1402/1375 1423/1451/1423 1422/1450/1422
f 1376/1403/1376 1424/1452/1424 1423/1451/1423
f 1377/1404/1377 1425/1453/1425 1424/1452/1424
f 1378/1405/1378 1426/1454/1426 1425/1453/1425
f 1379/1406/1379 1427/1455/1427 1426/1454/1426
f 1380/1407/1380 1428/1456/1428 1427/1455/1427
f 1381/1408/1381 1429/1457/1429 1428/1456/1428
f 1382/1409/1382 1430/1458/1430 1429/1457/1429
f 1383/1410/1383 1431/1459/1431 1430/1458/1430
f 1384/1411/1384 1432/1460/1432 1431/1459/1431
f 1385/1412/1385 1433/1461/1433 1432/1460/1432
f 1386/1413/1386 1434/1462/1434 1433/1461/1433
f 1387/1415/1387 1435/1464/1435 1434/1462/1434
f 1388/1463/1388 1436/1513/1436 1435/1464/1435
f 1437/1465/1437 1436/1513/1436 1388/1463/1388
f 1438/1466/1438 1437/1465/1437 1389/1416/1389
f 1439/1467/1439 1438/1466/1438 1390/1417/1390
f 1440/1468/1440 1439/1467/1439 1391/1418/1391
f 1441/1469/1441 1488/1517/1488 1440/1468/1440
f 1442/1470/1442 1441/1520/1441 1393/1471/1393
f 1443/1472/1443 1442/1470/1442 1394/1421/1394
f 1444/1473/1444 1443/1472/1443 1395/1423/1395
f 1445/1474/1445 1444/1473/1444 1396/1424/1396
f 1446/1475/1446 1445/1474/1445 1397/1425/1397
f 1447/1476/1447 1446/1475/1446 1398/1426/1398
f 1448/1477/1448 1447/1476/1447 1399/1427/1399
f 1449/1478/1449 1448/1477/1448 1400/1428/1400
f 1450/1479/1450 1449/1478/1449 1401/1429/1401
f 1451/1480/1451 1450/1479/1450 1402/1430/1402
f 1452/1481/1452 1451/1480/1451 1403/1431/1403
f 1453/1482/1453 1452/1481/1452 1404/1432/1404
f 1454/1483/1454 1453/1482/1453 1405/1433/1405
f 1455/1484/1455 1454/1483/1454 1406/1434/1406
f 1456/1485/1456 1455/1484/1455 1407/1435/1407
f 1457/1486/1457 1456/1485/1456 1408/1436/1408
f 1458/1487/1458 1457/1486/1457 1409/1437/1409
f 1459/1488/1459 1458/1487/1458 1410/1438/1410
f 1412/1440/1412 1460/1489/1460 1459/1488/1459
f 1413/1441/1413 1461/1490/1461 1460/1489/1460
f 1414/1442/1414 1462/1491/1462 1461/1490/1461
f 1415/1443/1415 1463/1492/1463 1462/1491/1462
f 1416/1444/1416 1464/1493/1464 1463/1492/1463
f 1417/1445/1417 1465/1494/1465 1464/1493/1464
f 1418/1446/1418 1466/1495/1466 1465/1494/1465
f 1419/1447/1419 1467/1496/1467 1466/1495/1466
f 1420/1448/1420 1468/1497/1468 1467/1496/1467
f 1421/1449/1421 1469/1498/1469 1468/1497/1468
f 1422/1450/1422 1470/1499/1470 1469/1498/1469
f 1423/1451/1423 1471/1500/1471 1470/1499/1470
f 1424/1452/1424 1472/1501/1472 1471/1500/1471
f 1425/1453/1425 1473/1502/1473 1472/1501/1472
f 1426/1454/1426 1474/1503/1474 1473/1502/1473
f 1427/1455/1427 1475/1504/1475 1474/1503/1474
f 1428/1456/1428 1476/1505/1476 1475/1504/1475
f 1429/1457/1429 1477/1506/1477 1476/1505/1476
f 1430/1458/1430 1478/1507/1478 1477/1506/1477
f 1431/1459/1431 1479/1508/1479 1478/1507/1478
f 1432/1460/1432 1480/1509/1480 1479/1508/1479
f 1433/1461/1433 1481/1510/1481 1480/1509/1480
f 1434/1462/1434 1482/1511/1482 1481/1510/1481
f 1435/1464/1435 1483/1561/1483 1482/1511/1482
f 1484/1512/1484 1483/1561/1483 1435/1464/1435
f 1485/1514/1485 1484/1512/1484 1436/1513/1436
f 1486/1515/1486 1485/1514/1485 1437/1465/1437
f 1487/1516/1487 1486/1515/1486 1438/1466/1438
f 1488/1517/1488 1487/1516/1487 1439/1467/1439
f 1489/1518/1489 1536/1566/1536 1488/1517/1488
f 1490/1519/1490 1489/1569/1489 1441/1520/1441
f 1491/1521/1491 1490/1519/1490 1442/1470/1442
f 1492/1522/1492 1491/1521/1491 1443/1472/1443
f 1493/1523/1493 1492/1522/1492 1444/1473/1444
f 1494/1524/1494 1493/1523/1493 1445/1474/1445
f 1495/1525/1495 1494/1524/1494 1446/1475/1446
f 1496/1526/1496 1495/1525/1495 1447/1476/1447
f 1497/1527/1497 1496/1526/1496 1448/1477/1448
f 1498/1528/1498 1497/1527/1497 1449/1478/1449
f 1499/1529/1499 1498/1528/1498 1450/1479/1450
f 1500/1530/1500 1499/1529/1499 1451/1480/1451
f 1501/1531/1501 1500/1530/1500 1452/1481/1452
f 1502/1532/1502 1501/1531/1501 1453/1482/1453
f 1503/1533/1503 1502/1532/1502 1454/1483/1454
f 1504/1534/1504 1503/1533/1503 1455/1484/1455
f 1505/1535/1505 1504/1534/1504 1456/1485/1456
f 1458/1487/1458 1506/1536/1506 1505/1535/1505
f 1459/1488/1459 1507/1537/1507 1506/1536/1506
f 1460/1489/1460 1508/1538/1508 1507/1537/1507
f 1461/1490/1461 1509/1539/1509 1508/1538/1508
f 1462/1491/1462 1510/1540/1510 1509/1539/1509
f 1463/1492/1463 1511/1541/1511 1510/1540/1510
f 1464/1493/1464 1512/1542/1512 1511/1541/1511
f 1465/1494/1465 1513/1543/1513 1512/1542/1512
f 1466/1495/1466 1514/1544/1514 1513/1543/1513
f 1467/1496/1467 1515/1545/1515 1514/1544/1514
f 1468/1497/1468 1516/1546/1516 1515/1545/1515
f 1469/1498/1469 1517/1547/1517 1516/1546/1516
f 1470/1499/1470 1518/1548/1518 1517/1547/1517
f 1471/1500/1471 1519/1549/1519 1518/1548/1518
f 1472/1501/1472 1520/1550/1520 1519/1549/1519
f 1473/1502/1473 1521/1551/1521 1520/1550/1520
f 1474/1503/1474 1522/1552/1522 1521/1551/1521
f 1475/1504/1475 1523/1553/1523 1522/1552/1522
f 1476/1505/1476 1524/1554/1524 1523/1553/1523
f 1477/1506/1477 1525/1555/1525 1524/1554/1524
f 1478/1507/1478 1526/1556/1526 1525/1555/1525
f 1479/1508/1479 1527/1557/1527 1526/1556/1526
f 1480/1509/1480 1528/1558/1528 1527/1557/1527
f 1481/1510/1481 1529/1608/1529 1528/1558/1528
f 1530/1559/1530 1529/1608/1529 1481/1510/1481
f 1531/1560/1531 1530/1559/1530 1482/1511/1482
f 1532/1562/1532 1531/1560/1531 1483/1561/1483
f 1533/1563/1533 1532/1562/1532 1484/1512/1484
f 1534/1564/1534 1533/1563/1533 1485/1514/1485
f 1535/1565/1535 1534/1564/1534 1486/1515/1486
f 1536/1566/1536 1535/1565/1535 1487/1516/1487
f 1537/1567/1537 1584/1615/1584 1536/1566/1536
f 1538/1568/1538 1537/1618/1537 1489/1569/1489
f 1539/1570/1539 1538/1568/1538 1490/1519/1490
f 1540/1571/1540 1539/1570/1539 1491/1521/1491
f 1541/1572/1541 1540/1571/1540 1492/1522/1492
f 1542/1573/1542 1541/1572/1541 1493/1523/1493
f 1543/1574/1543 1542/1573/1542 1494/1524/1494
f 1544/1575/1544 1543/1574/1543 1495/1525/1495
f 1545/1576/1545 1544/1575/1544 1496/1526/1496
f 1546/1577/1546 1545/1576/1545 1497/1527/1497
f 1547/1578/1547 1546/1577/1546 1498/1528/1498
f 1548/1579/1548 1547/1578/1547 1499/1529/1499
f 1549/1580/1549 1548/1579/1548 1500/1530/1500
f 1550/1581/1550 1549/1580/1549 1501/1531/1501
f 1551/1582/1551 1550/1581/1550 1502/1532/1502
f 1504/1534/1504 1552/1583/1552 1551/1582/1551
f 1505/1535/1505 1553/1584/1553 1552/1583/1552
f 1506/1536/1506 1554/1585/1554 1553/1584/1553
f 1507/1537/1507 1555/1586/1555 1554/1585/1554
f 1508/1538/1508 1556/1587/1556 1555/1586/1555
f 1509/1539/1509 1557/1588/1557 1556/1587/1556
f 1510/1540/1510 1558/1589/1558 1557/1588/1557
f 1511/1541/1511 1559/1590/1559 1558/1589/1558
f 1512/1542/1512 1560/1591/1560 1559/1590/1559
f 1513/1543/1513 1561/1592/1561 1560/1591/1560
f 1514/1544/1514 1562/1593/1562 1561/1592/1561
f 1515/1545/1515 1563/1594/1563 1562/1593/1562
f 1516/1546/1516 1564/1595/1564 1563/1594/1563
f 1517/1547/1517 1565/1596/1565 1564/1595/1564
f 1518/1548/1518 1566/1597/1566 1565/1596/1565
f 1519/1549/1519 1567/1598/1567 1566/1597/1566
f 1520/1550/1520 1568/1599/1568 1567/1598/1567
f 1521/1551/1521 1569/1600/1569 1568/1599/1568
f 1522/1552/1522 1570/1601/1570 1569/1600/1569
f 1523/1553/1523 1571/1602/1571 1570/1601/1570
f 1524/1554/1524 1572/1603/1572 1571/1602/1571
f 1525/1555/1525 1573/1604/1573 1572/1603/1572
f 1526/1556/1526 1574/1605/1574 1573/1604/1573
f 1527/1557/1527 1575/1655/1575 1574/1605/1574
f 1576/1606/1576 1575/1655/1575 1527/1557/1527
f 1577/1607/1577 1576/1606/1576 1528/1558/1528
f 1578/1609/1578 1577/1607/1577 1529/1608/1529
f 1579/1610/1579 1578/1609/1578 1530/1559/1530
f 1580/1611/1580 1579/1610/1579 1531/1560/1531
f 1581/1612/1581 1580/1611/1580 1532/1562/1532
f 1582/1613/1582 1581/1612/1581 1533/1563/1533
f 1583/1614/1583 1582/1613/1582 1534/1564/1534
f 1584/1615/1584 1583/1614/1583 1535/1565/1535
f 1585/1616/1585 1632/1664/1632 1584/1615/1584
f 1586/1617/1586 1585/1667/1585 1537/1618/1537
f 1587/1619/1587 1586/1617/1586 1538/1568/1538
f 1588/1620/1588 1587/1619/1587 1539/1570/1539
f 1589/1621/1589 1588/1620/1588 1540/1571/1540
f 1590/1622/1590 1589/1621/1589 1541/1572/1541
f 1591/1623/1591 1590/1622/1590 1542/1573/1542
f 1592/1624/1592 1591/1623/1591 1543/1574/1543
f 1593/1625/1593 1592/1624/1592 1544/1575/1544
f 1594/1626/1594 1593/1625/1593 1545/1576/1545
f 1595/1627/1595 1594/1626/1594 1546/1577/1546
f 1596/1628/1596 1595/1627/1595 1547/1578/1547
f 1597/1629/1597 1596/1628/1596 1548/1579/1548
f 1550/1581/1550 1598/1630/1598 1597/1629/1597
f 1551/1582/1551 1599/1631/1599 1598/1630/1598
f 1552/1583/1552 1600/1632/1600 1599/1631/1599
f 1553/1584/1553 1601/1633/1601 1600/1632/1600
f 1554/1585/1554 1602/1634/1602 1601/1633/1601
f 1555/1586/1555 1603/1635/1603 1602/1634/1602
f 1556/1587/1556 1604/1636/1604 1603/1635/1603
f 1557/1588/1557 1605/1637/1605 1604/1636/1604
f 1558/1589/1558 1606/1638/1606 1605/1637/1605
f 1559/1590/1559 1607/1639/1607 1606/1638/1606
f 1560/1591/1560 1608/1640/1608 1607/1639/1607
f 1561/1592/1561 1609/1641/1609 1608/1640/1608
f 1562/1593/1562 1610/1642/1610 1609/1641/1609
f 1563/1594/1563 1611/1643/1611 1610/1642/1610
f 1564/1595/1564 1612/1644/1612 1611/1643/1611
f 1565/1596/1565 1613/1645/1613 1612/1644/1612
f 1566/1597/1566 1614/1646/1614 1613/1645/1613
f 1567/1598/1567 1615/1647/1615 1614/1646/1614
f 1568/1599/1568 1616/1648/1616 1615/1647/1615
f 1569/1600/1569 1617/1649/1617 1616/1648/1616
f 1570/1601/1570 1618/1650/1618 1617/1649/1617
f 1571/1602/1571 1619/1651/1619 1618/1650/1618
f 1572/1603/1572 1620/1652/1620 1619/1651/1619
f 1573/1604/1573 1621/1702/1621 1620/1652/1620
f 1622/1653/1622 1621/1702/1621 1573/1604/1573
f 1623/1654/1623 1622/1653/1622 1574/1605/1574
f 1624/1656/1624 1623/1654/1623 1575/1655/1575
f 1625/1657/1625 1624/1656/1624 1576/1606/1576
f 1626/1658/1626 1625/1657/1625 1577/1607/1577
f 1627/1659/1627 1626/1658/1626 1578/1609/1578
f 1628/1660/1628 1627/1659/1627 1579/1610/1579
f 1629/1661/1629 1628/1660/1628 1580/1611/1580
f 1630/1662/1630 1629/1661/1629 1581/1612/1581
f 1631/1663/1631 1630/1662/1630 1582/1613/1582
f 1632/1664/1632 1631/1663/1631 1583/1614/1583
f 1633/1665/1633 1680/1713/1680 1632/1664/1632
f 1634/1666/1634 1633/1716/1633 1585/1667/1585
f 1635/1668/1635 1634/1666/1634 1586/1617/1586
f 1636/1669/1636 1635/1668/1635 1587/1619/1587
f 1637/1670/1637 1636/1669/1636 1588/1620/1588
f 1638/1671/1638 1637/1670/1637 1589/1621/1589
f 1639/1672/1639 1638/1671/1638 1590/1622/1590
f 1640/1673/1640 1639/1672/1639 1591/1623/1591
f 1641/1674/1641 1640/1673/1640 1592/1624/1592
f 1642/1675/1642 1641/1674/1641 1593/1625/1593
f 1643/1676/1643 1642/1675/1642 1594/1626/1594
f 1644/1677/1644 1643/1676/1643 1595/1627/1595
f 1597/1629/1597 1645/1678/1645 1644/1677/1644
f 1598/1630/1598 1646/1679/1646 1645/1678/1645
f 1599/1631/1599 1647/1680/1647 1646/1679/1646
f 1600/1632/1600 1648/1681/1648 1647/1680/1647
f 1601/1633/1601 1649/1682/1649 1648/1681/1648
f 1602/1634/1602 1650/1683/1650 1649/1682/1649
f 1603/1635/1603 1651/1684/1651 1650/1683/1650
f 1604/1636/1604 1652/1685/1652 1651/1684/1651
f 1605/1637/1605 1653/1686/1653 1652/1685/1652
f 1606/1638/1606 1654/1687/1654 1653/1686/1653
f 1607/1639/1607 1655/1688/1655 1654/1687/1654
f 1608/1640/1608 1656/1689/1656 1655/1688/1655
f 1609/1641/1609 1657/1690/1657 1656/1689/1656
f 1610/1642/1610 1658/1691/1658 1657/1690/1657
f 1611/1643/1611 1659/1692/1659 1658/1691/1658
f 1612/1644/1612 1660/1693/1660 1659/1692/1659
f 1613/1645/1613 1661/1694/1661 1660/1693/1660
f 1614/1646/1614 1662/1695/1662 1661/1694/1661
f 1615/1647/1615 1663/1696/1663 1662/1695/1662
f 1616/1648/1616 1664/1697/1664 1663/1696/1663
f 1617/1649/1617 1665/1698/1665 1664/1697/1664
f 1618/1650/1618 1666/1699/1666 1665/1698/1665
f 1619/1651/1619 1667/1700/1667 1666/1699/1666
f 1620/1652/1620 1668/1750/1668 1667/1700/1667
f 1669/1701/1669 1668/1750/1668 1620/1652/1620
f 1670/1703/1670 1669/1701/1669 1621/1702/1621
f 1671/1704/1671 1670/1703/1670 1622/1653/1622
f 1672/1705/1672 1671/1704/1671 1623/1654/1623
f 1673/1706/1673 1672/1705/1672 1624/1656/1624
f 1674/1707/1674 1673/1706/1673 1625/1657/1625
f 1675/1708/1675 1674/1707/1674 1626/1658/1626
f 1676/1709/1676 1675/1708/1675 1627/1659/1627
f 1677/1710/1677 1676/1709/1676 1628/1660/1628
f 1678/1711/1678 1677/1710/1677 1629/1661/1629
f 1679/1712/1679 1678/1711/1678 1630/1662/1630
f 1680/1713/1680 1679/1712/1679 1631/1663/1631
f 1681/1714/1681 1728/1762/1728 1680/1713/1680
f 1682/1715/1682 1681/1765/1681 1633/1716/1633
f 1683/1717/1683 1682/1715/1682 1634/1666/1634
f 1684/1718/1684 1683/1717/1683 1635/1668/1635
f 1685/1719/1685 1684/1718/1684 1636/1669/1636
f 1686/1720/1686 1685/1719/1685 1637/1670/1637
f 1687/1721/1687 1686/1720/1686 1638/1671/1638
f 1688/1722/1688 1687/1721/1687 1639/1672/1639
f 1689/1723/1689 1688/1722/1688 1640/1673/1640
f 1690/1724/1690 1689/1723/1689 1641/1674/1641
f 1691/1725/1691 1690/1724/1690 1642/1675/1642
f 1644/1677/1644 1692/1726/1692 1691/1725/1691
f 1645/1678/1645 1693/1727/1693 1692/1726/1692
f 1646/1679/1646 1694/1728/1694 1693/1727/1693
f 1647/1680/1647 1695/1729/1695 1694/1728/1694
f 1648/1681/1648 1696/1730/1696 1695/1729/1695
f 1649/1682/1649 1697/1731/1697 1696/1730/1696
f 1650/1683/1650 1698/1732/1698 1697/1731/1697
f 1651/1684/1651 1699/1733/1699 1698/1732/1698
f 1652/1685/1652 1700/1734/1700 1699/1733/1699
f 1653/1686/1653 1701/1735/1701 1700/1734/1700
f 1654/1687/1654 1702/1736/1702 1701/1735/1701
f 1655/1688/1655 1703/1737/1703 1702/1736/1702
f 1656/1689/1656 1704/1738/1704 1703/1737/1703
f 1657/1690/1657 1705/1739/1705 1704/1738/1704
f 1658/1691/1658 1706/1740/1706 1705/1739/1705
f 1659/1692/1659 1707/1741/1707 1706/1740/1706
f 1660/1693/1660 1708/1742/1708 1707/1741/1707
f 1661/1694/1661 1709/1743/1709 1708/1742/1708
f 1662/1695/1662 1710/1744/1710 1709/1743/1709
f 1663/1696/1663 1711/1745/1711 1710/1744/1710
f 1664/1697/1664 1712/1746/1712 1711/1745/1711
f 1665/1698/1665 1713/1747/1713 1712/1746/1712
f 1666/1699/1666 1714/1748/1714 1713/1747/1713
f 1667/1700/1667 1715/1799/1715 1714/1748/1714
f 1716/1749/1716 1715/1799/1715 1667/1700/1667
f 1717/1751/1717 1716/1749/1716 1668/1750/1668
f 1718/1752/1718 1717/1751/1717 1669/1701/1669
f 1719/1753/1719 1718/1752/1718 1670/1703/1670
f 1720/1754/1720 1719/1753/1719 1671/1704/1671
f 1721/1755/1721 1720/1754/1720 1672/1705/1672
f 1722/1756/1722 1721/1755/1721 1673/1706/1673
f 1723/1757/1723 1722/1756/1722 1674/1707/1674
f 1724/1758/1724 1723/1757/1723 1675/1708/1675
f 1725/1759/1725 1724/1758/1724 1676/1709/1676
f 1726/1760/1726 1725/1759/1725 1677/1710/1677
f 1727/1761/1727 1726/1760/1726 1678/1711/1678
f 1728/1762/1728 1727/1761/1727 1679/1712/1679
f 1681/1714/1681 1729/1812/1729 1776/1763/1776
f 1682/1715/1682 1730/1766/1730 1729/1764/1729
f 1683/1717/1683 1731/1767/1731 1730/1766/1730
f 1684/1718/1684 1732/1768/1732 1731/1767/1731
f 1685/1719/1685 1733/1769/1733 1732/1768/1732
f 1686/1720/1686 1734/1770/1734 1733/1769/1733
f 1687/1721/1687 1735/1771/1735 1734/1770/1734
f 1688/1722/1688 1736/1772/1736 1735/1771/1735
f 1689/1723/1689 1737/1773/1737 1736/1772/1736
f 1690/1724/1690 1738/1774/1738 1737/1773/1737
f 1691/1725/1691 1739/1775/1739 1738/1774/1738
f 1692/1726/1692 1740/1776/1740 1739/1775/1739
f 1693/1727/1693 1741/1777/1741 1740/1776/1740
f 1694/1728/1694 1742/1778/1742 1741/1777/1741
f 1695/1729/1695 1743/1779/1743 1742/1778/1742
f 1696/1730/1696 1744/1780/1744 1743/1779/1743
f 1697/1731/1697 1745/1781/1745 1744/1780/1744
f 1698/1732/1698 1746/1782/1746 1745/1781/1745
f 1699/1733/1699 1747/1832/1747 1746/1782/1746
f 1748/1783/1748 1747/1832/1747 1699/1733/1699
f 1749/1784/1749 1748/1783/1748 1700/1734/1700
f 1750/1785/1750 1749/1784/1749 1701/1735/1701
f 1751/1786/1751 1750/1785/1750 1702/1736/1702
f 1752/1787/1752 1751/1786/1751 1703/1737/1703
f 1753/1788/1753 1752/1787/1752 1704/1738/1704
f 1754/1789/1754 1753/1788/1753 1705/1739/1705
f 1755/1790/1755 1754/1789/1754 1706/1740/1706
f 1756/1791/1756 1755/1790/1755 1707/1741/1707
f 1757/1792/1757 1756/1791/1756 1708/1742/1708
f 1758/1793/1758 1757/1792/1757 1709/1743/1709
f 1759/1794/1759 1758/1793/1758 1710/1744/1710
f 1760/1795/1760 1759/1794/1759 1711/1745/1711
f 1761/1796/1761 1760/1795/1760 1712/1746/1712
f 1762/1797/1762 1761/1796/1761 1713/1747/1713
f 1763/1798/1763 1762/1797/1762 1714/1748/1714
f 1764/1800/1764 1763/1798/1763 1715/1799/1715
f 1765/1801/1765 1764/1800/1764 1716/1749/1716
f 1766/1802/1766 1765/1801/1765 1717/1751/1717
f 1767/1803/1767 1766/1802/1766 1718/1752/1718
f 1768/1804/1768 1767/1803/1767 1719/1753/1719
f 1769/1805/1769 1768/1804/1768 1720/1754/1720
f 1770/1806/1770 1769/1805/1769 1721/1755/1721
f 1771/1807/1771 1770/1806/1770 1722/1756/1722
f 1724/1758/1724 1772/1808/1772 1771/1807/1771
f 1725/1759/1725 1773/1809/1773 1772/1808/1772
f 1726/1760/1726 1774/1810/1774 1773/1809/1773
f 1727/1761/1727 1775/1811/1775 1774/1810/1774
f 1728/1762/1728 1776/1763/1776 1775/1811/1775
f 1729/1812/1729 1777/1862/1777 1824/1813/1824
f 1730/1766/1730 1778/1815/1778 1777/1814/1777
f 1731/1767/1731 1779/1816/1779 1778/1815/1778
f 1732/1768/1732 1780/1817/1780 1779/1816/1779
f 1733/1769/1733 1781/1818/1781 1780/1817/1780
f 1734/1770/1734 1782/1819/1782 1781/1818/1781
f 1735/1771/1735 1783/1820/1783 1782/1819/1782
f 1736/1772/1736 1784/1821/1784 1783/1820/1783
f 1737/1773/1737 1785/1822/1785 1784/1821/1784
f 1738/1774/1738 1786/1823/1786 1785/1822/1785
f 1739/1775/1739 1787/1824/1787 1786/1823/1786
f 1740/1776/1740 1788/1825/1788 1787/1824/1787
f 1741/1777/1741 1789/1826/1789 1788/1825/1788
f 1742/1778/1742 1790/1827/1790 1789/1826/1789
f 1743/1779/1743 1791/1828/1791 1790/1827/1790
f 1744/1780/1744 1792/1829/1792 1791/1828/1791
f 1745/1781/1745 1793/1877/1793 1792/1829/1792
f 1794/1830/1794 1793/1877/1793 1745/1781/1745
f 1795/1831/1795 1794/1830/1794 1746/1782/1746
f 1796/1833/1796 1795/1831/1795 1747/1832/1747
f 1797/1834/1797 1796/1833/1796 1748/1783/1748
f 1798/1835/1798 1797/1834/1797 1749/1784/1749
f 1799/1836/1799 1798/1835/1798 1750/1785/1750
f 1800/1837/1800 1799/1836/1799 1751/1786/1751
f 1801/1838/1801 1800/1837/1800 1752/1787/1752
f 1802/1839/1802 1801/1838/1801 1753/1788/1753
f 1803/1840/1803 1802/1839/1802 1754/1789/1754
f 1804/1841/1804 1803/1840/1803 1755/1790/1755
f 1805/1842/1805 1804/1841/1804 1756/1791/1756
f 1806/1843/1806 1805/1842/1805 1757/1792/1757
f 1807/1844/1807 1806/1843/1806 1758/1793/1758
f 1808/1845/1808 1807/1844/1807 1759/1794/1759
f 1809/1846/1809 1808/1845/1808 1760/1795/1760
f 1810/1847/1810 1809/1846/1809 1761/1796/1761
f 1811/1848/1811 1810/1847/1810 1762/1797/1762
f 1812/1849/1812 1811/1848/1811 1763/1798/1763
f 1813/1850/1813 1812/1849/1812 1764/1800/1764
f 1814/1851/1814 1813/1850/1813 1765/1801/1765
f 1815/1852/1815 1814/1851/1814 1766/1802/1766
f 1816/1853/1816 1815/1852/1815 1767/1803/1767
f 1817/1854/1817 1816/1853/1816 1768/1804/1768
f 1770/1806/1770 1818/1855/1818 1817/1854/1817
f 1771/1807/1771 1819/1856/1819 1818/1855/1818
f 1772/1808/1772 1820/1857/1820 1819/1856/1819
f 1773/1809/1773 1821/1858/1821 1820/1857/1820
f 1774/1810/1774 1822/1859/1822 1821/1858/1821
f 1775/1811/1775 1823/1860/1823 1822/1859/1822
f 1776/1763/1776 1824/1813/1824 1823/1860/1823
f 1825/1861/1825 1872/1909/1872 1824/1813/1824
f 1826/1863/1826 1825/1912/1825 1777/1814/1777
f 1827/1864/1827 1826/1863/1826 1778/1815/1778
f 1828/1865/1828 1827/1864/1827 1779/1816/1779
f 1829/1866/1829 1828/1865/1828 1780/1817/1780
f 1830/1867/1830 1829/1866/1829 1781/1818/1781
f 1831/1868/1831 1830/1867/1830 1782/1819/1782
f 1832/1869/1832 1831/1868/1831 1783/1820/1783
f 1833/1870/1833 1832/1869/1832 1784/1821/1784
f 1834/1871/1834 1833/1870/1833 1785/1822/1785
f 1835/1872/1835 1834/1871/1834 1786/1823/1786
f 1836/1873/1836 1835/1872/1835 1787/1824/1787
f 1789/1826/1789 1837/1874/1837 1836/1873/1836
f 1790/1827/1790 1838/1875/1838 1837/1874/1837
f 1791/1828/1791 1839/1876/1839 1838/1875/1838
f 1792/1829/1792 1840/1878/1840 1839/1876/1839
f 1793/1877/1793 1841/1879/1841 1840/1878/1840
f 1794/1830/1794 1842/1880/1842 1841/1879/1841
f 1795/1831/1795 1843/1881/1843 1842/1880/1842
f 1796/1833/1796 1844/1882/1844 1843/1881/1843
f 1797/1834/1797 1845/1883/1845 1844/1882/1844
f 1798/1835/1798 1846/1884/1846 1845/1883/1845
f 1799/1836/1799 1847/1885/1847 1846/1884/1846
f 1800/1837/1800 1848/1886/1848 1847/1885/1847
f 1801/1838/1801 1849/1887/1849 1848/1886/1848
f 1802/1839/1802 1850/1888/1850 1849/1887/1849
f 1803/1840/1803 1851/1889/1851 1850/1888/1850
f 1804/1841/1804 1852/1890/1852 1851/1889/1851
f 1805/1842/1805 1853/1891/1853 1852/1890/1852
f 1806/1843/1806 1854/1892/1854 1853/1891/1853
f 1807/1844/1807 1855/1893/1855 1854/1892/1854
f 1808/1845/1808 1856/1894/1856 1855/1893/1855
f 1809/1846/1809 1857/1895/1857 1856/1894/1856
f 1810/1847/1810 1858/1896/1858 1857/1895/1857
f 1811/1848/1811 1859/1897/1859 1858/1896/1858
f 1812/1849/1812 1860/1945/1860 1859/1897/1859
f 1861/1898/1861 1860/1945/1860 1812/1849/1812
f 1862/1899/1862 1861/1898/1861 1813/1850/1813
f 1863/1900/1863 1862/1899/1862 1814/1851/1814
f 1864/1901/1864 1863/1900/1863 1815/1852/1815
f 1865/1902/1865 1864/1901/1864 1816/1853/1816
f 1866/1903/1866 1865/1902/1865 1817/1854/1817
f 1867/1904/1867 1866/1903/1866 1818/1855/1818
f 1868/1905/1868 1867/1904/1867 1819/1856/1819
f 1869/1906/1869 1868/1905/1868 1820/1857/1820
f 1870/1907/1870 1869/1906/1869 1821/1858/1821
f 1871/1908/1871 1870/1907/1870 1822/1859/1822
f 1872/1909/1872 1871/1908/1871 1823/1860/1823
f 1873/1910/1873 1920/1958/1920 1872/1909/1872
f 1874/1911/1874 1873/1961/1873 1825/1912/1825
f 1875/1913/1875 1874/1911/1874 1826/1863/1826
f 1876/1914/1876 1875/1913/1875 1827/1864/1827
f 1877/1915/1877 1876/1914/1876 1828/1865/1828
f 1878/1916/1878 1877/1915/1877 1829/1866/1829
f 1879/1917/1879 1878/1916/1878 1830/1867/1830
f 1880/1918/1880 1879/1917/1879 1831/1868/1831
f 1881/1919/1881 1880/1918/1880 1832/1869/1832
f 1882/1920/1882 1881/1919/1881 1833/1870/1833
f 1883/1921/1883 1882/1920/1882 1834/1871/1834
f 1884/1922/1884 1883/1921/1883 1835/1872/1835
f 1837/1874/1837 1885/1923/1885 1884/1922/1884
f 1838/1875/1838 1886/1924/1886 1885/1923/1885
f 1839/1876/1839 1887/1925/1887 1886/1924/1886
f 1840/1878/1840 1888/1926/1888 1887/1925/1887
f 1841/1879/1841 1889/1927/1889 1888/1926/1888
f 1842/1880/1842 1890/1928/1890 1889/1927/1889
f 1843/1881/1843 1891/1929/1891 1890/1928/1890
f 1844/1882/1844 1892/1930/1892 1891/1929/1891
f 1845/1883/1845 1893/1931/1893 1892/1930/1892
f 1846/1884/1846 1894/1932/1894 1893/1931/1893
f 1847/1885/1847 1895/1933/1895 1894/1932/1894
f 1848/1886/1848 1896/1934/1896 1895/1933/1895
f 1849/1887/1849 1897/1935/1897 1896/1934/1896
f 1850/1888/1850 1898/1936/1898 1897/1935/1897
f 1851/1889/1851 1899/1937/1899 1898/1936/1898
f 1852/1890/1852 1900/1938/1900 1899/1937/1899
f 1853/1891/1853 1901/1939/1901 1900/1938/1900
f 1854/1892/1854 1902/1940/1902 1901/1939/1901
f 1855/1893/1855 1903/1941/1903 1902/1940/1902
f 1856/1894/1856 1904/1942/1904 1903/1941/1903
f 1857/1895/1857 1905/1943/1905 1904/1942/1904
f 1858/1896/1858 1906/1944/1906 1905/1943/1905
f 1859/1897/1859 1907/1946/1907 1906/1944/1906
f 1860/1945/1860 1908/1994/1908 1907/1946/1907
f 1909/1947/1909 1908/1994/1908 1860/1945/1860
f 1910/1948/1910 1909/1947/1909 1861/1898/1861
f 1911/1949/1911 1910/1948/1910 1862/1899/1862
f 1912/1950/1912 1911/1949/1911 1863/1900/1863
f 1913/1951/1913 1912/1950/1912 1864/1901/1864
f 1914/1952/1914 1913/1951/1913 1865/1902/1865
f 1915/1953/1915 1914/1952/1914 1866/1903/1866
f 1916/1954/1916 1915/1953/1915 1867/1904/1867
f 1917/1955/1917 1916/1954/1916 1868/1905/1868
f 1918/1956/1918 1917/1955/1917 1869/1906/1869
f 1919/1957/1919 1918/1956/1918 1870/1907/1870
f 1920/1958/1920 1919/1957/1919 1871/1908/1871
f 1921/1959/1921 1968/2007/1968 1920/1958/1920
f 1922/1960/1922 1921/2010/1921 1873/1961/1873
f 1923/1962/1923 1922/1960/1922 1874/1911/1874
f 1924/1963/1924 1923/1962/1923 1875/1913/1875
f 1925/1964/1925 1924/1963/1924 1876/1914/1876
f 1926/1965/1926 1925/1964/1925 1877/1915/1877
f 1927/1966/1927 1926/1965/1926 1878/1916/1878
f 1928/1967/1928 1927/1966/1927 1879/1917/1879
f 1929/1968/1929 1928/1967/1928 1880/1918/1880
f 1930/1969/1930 1929/1968/1929 1881/1919/1881
f 1931/1970/1931 1930/1969/1930 1882/1920/1882
f 1932/1971/1932 1931/1970/1931 1883/1921/1883
f 1885/1923/1885 1933/1972/1933 1932/1971/1932
f 1886/1924/1886 1934/1973/1934 1933/1972/1933
f 1887/1925/1887 1935/1974/1935 1934/1973/1934
f 1888/1926/1888 1936/1975/1936 1935/1974/1935
f 1889/1927/1889 1937/1976/1937 1936/1975/1936
f 1890/1928/1890 1938/1977/1938 1937/1976/1937
f 1891/1929/1891 1939/1978/1939 1938/1977/1938
f 1892/1930/1892 1940/1979/1940 1939/1978/1939
f 1893/1931/1893 1941/1980/1941 1940/1979/1940
f 1894/1932/1894 1942/1981/1942 1941/1980/1941
f 1895/1933/1895 1943/1982/1943 1942/1981/1942
f 1896/1934/1896 1944/1983/1944 1943/1982/1943
f 1897/1935/1897 1945/1984/1945 1944/1983/1944
f 1898/1936/1898 1946/1985/1946 1945/1984/1945
f 1899/1937/1899 1947/1986/1947 1946/1985/1946
f 1900/1938/1900 1948/1987/1948 1947/1986/1947
f 1901/1939/1901 1949/1988/1949 1948/1987/1948
f 1902/1940/1902 1950/1989/1950 1949/1988/1949
f 1903/1941/1903 1951/1990/1951 1950/1989/1950
f 1904/1942/1904 1952/1991/1952 1951/1990/1951
f 1905/1943/1905 1953/1992/1953 1952/1991/1952
f 1906/1944/1906 1954/1993/1954 1953/1992/1953
f 1907/1946/1907 1955/1995/1955 1954/1993/1954
f 1908/1994/1908 1956/2043/1956 1955/1995/1955
f 1957/1996/1957 1956/2043/1956 1908/1994/1908
f 1958/1997/1958 1957/1996/1957 1909/1947/1909
f 1959/1998/1959 1958/1997/1958 1910/1948/1910
f 1960/1999/1960 1959/1998/1959 1911/1949/1911
f 1961/2000/1961 1960/1999/1960 1912/1950/1912
f 1962/2001/1962 1961/2000/1961 1913/1951/1913
f 1963/2002/1963 1962/2001/1962 1914/1952/1914
f 1964/2003/1964 1963/2002/1963 1915/1953/1915
f 1965/2004/1965 1964/2003/1964 1916/1954/1916
f 1966/2005/1966 1965/2004/1965 1917/1955/1917
f 1967/2006/1967 1966/2005/1966 1918/1956/1918
f 1968/2007/1968 1967/2006/1967 1919/1957/1919
f 1969/2008/1969 2016/2056/2016 1968/2007/1968
f 1970/2009/1970 1969/2059/1969 1921/2010/1921
f 1971/2011/1971 1970/2009/1970 1922/1960/1922
f 1972/2012/1972 1971/2011/1971 1923/1962/1923
f 1973/2013/1973 1972/2012/1972 1924/1963/1924
f 1974/2014/1974 1973/2013/1973 1925/1964/1925
f 1975/2015/1975 1974/2014/1974 1926/1965/1926
f 1976/2016/1976 1975/2015/1975 1927/1966/1927
f 1977/2017/1977 1976/2016/1976 1928/1967/1928
f 1978/2018/1978 1977/2017/1977 1929/1968/1929
f 1979/2019/1979 1978/2018/1978 1930/1969/1930
f 1980/2020/1980 1979/2019/1979 1931/1970/1931
f 1981/2021/1981 1980/2020/1980 1932/1971/1932
f 1934/1973/1934 1982/2022/1982 1981/2021/1981
f 1935/1974/1935 1983/2023/1983 1982/2022/1982
f 1936/1975/1936 1984/2024/1984 1983/2023/1983
f 1937/1976/1937 1985/2025/1985 1984/2024/1984
f 1938/1977/1938 1986/2026/1986 1985/2025/1985
f 1939/1978/1939 1987/2027/1987 1986/2026/1986
f 1940/1979/1940 1988/2028/1988 1987/2027/1987
f 1941/1980/1941 1989/2029/1989 1988/2028/1988
f 1942/1981/1942 1990/2030/1990 1989/2029/1989
f 1943/1982/1943 1991/2031/1991 1990/2030/1990
f 1944/1983/1944 1992/2032/1992 1991/2031/1991
f 1945/1984/1945 1993/2033/1993 1992/2032/1992
f 1946/1985/1946 1994/2034/1994 1993/2033/1993
f 1947/1986/1947 1995/2035/1995 1994/2034/1994
f 1948/1987/1948 1996/2036/1996 1995/2035/1995
f 1949/1988/1949 1997/2037/1997 1996/2036/1996
f 1950/1989/1950 1998/2038/1998 1997/2037/1997
f 1951/1990/1951 1999/2039/1999 1998/2038/1998
f 1952/1991/1952 2000/2040/2000 1999/2039/1999
f 1953/1992/1953 2001/2041/2001 2000/2040/2000
f 1954/1993/1954 2002/2042/2002 2001/2041/2001
f 1955/1995/1955 2003/2044/2003 2002/2042/2002
f 1956/2043/1956 2004/2045/2004 2003/2044/2003
f 1957/1996/1957 2005/2093/2005 2004/2045/2004
f 2006/2046/2006 2005/2093/2005 1957/1996/1957
f 2007/2047/2007 2006/2046/2006 1958/1997/1958
f 2008/2048/2008 2007/2047/2007 1959/1998/1959
f 2009/2049/2009 2008/2048/2008 1960/1999/1960
f 2010/2050/2010 2009/2049/2009 1961/2000/1961
f 2011/2051/2011 2010/2050/2010 1962/2001/1962
f 2012/2052/2012 2011/2051/2011 1963/2002/1963
f 2013/2053/2013 2012/2052/2012 1964/2003/1964
f 2014/2054/2014 2013/2053/2013 1965/2004/1965
f 2015/2055/2015 2014/2054/2014 1966/2005/1966
f 2016/2056/2016 2015/2055/2015 1967/2006/1967
f 2017/2057/2017 2064/2105/2064 2016/2056/2016
f 2018/2058/2018 2017/2108/2017 1969/2059/1969
f 2019/2060/2019 2018/2058/2018 1970/2009/1970
f 2020/2061/2020 2019/2060/2019 1971/2011/1971
f 2021/2062/2021 2020/2061/2020 1972/2012/1972
f 2022/2063/2022 2021/2062/2021 1973/2013/1973
f 2023/2064/2023 2022/2063/2022 1974/2014/1974
f 2024/2065/2024 2023/2064/2023 1975/2015/1975
f 2025/2066/2025 2024/2065/2024 1976/2016/1976
f 2026/2067/2026 2025/2066/2025 1977/2017/1977
f 2027/2068/2027 2026/2067/2026 1978/2018/1978
f 2028/2069/2028 2027/2068/2027 1979/2019/1979
f 2029/2070/2029 2028/2069/2028 1980/2020/1980
f 1982/2022/1982 2030/2071/2030 2029/2070/2029
f 1983/2023/1983 2031/2072/2031 2030/2071/2030
f 1984/2024/1984 2032/2073/2032 2031/2072/2031
f 1985/2025/1985 2033/2074/2033 2032/2073/2032
f 1986/2026/1986 2034/2075/2034 2033/2074/2033
f 1987/2027/1987 2035/2076/2035 2034/2075/2034
f 1988/2028/1988 2036/2077/2036 2035/2076/2035
f 1989/2029/1989 2037/2078/2037 2036/2077/2036
f 1990/2030/1990 2038/2079/2038 2037/2078/2037
f 1991/2031/1991 2039/2080/2039 2038/2079/2038
f 1992/2032/1992 2040/2081/2040 2039/2080/2039
f 1993/2033/1993 2041/2082/2041 2040/2081/2040
f 1994/2034/1994 2042/2083/2042 2041/2082/2041
f 1995/2035/1995 2043/2084/2043 2042/2083/2042
f 1996/2036/1996 2044/2085/2044 2043/2084/2043
f 1997/2037/1997 2045/2086/2045 2044/2085/2044
f 1998/2038/1998 2046/2087/2046 2045/2086/2045
f 1999/2039/1999 2047/2088/2047 2046/2087/2046
f 2000/2040/2000 2048/2089/2048 2047/2088/2047
f 2001/2041/2001 2049/2090/2049 2048/2089/2048
f 2002/2042/2002 2050/2091/2050 2049/2090/2049
f 2003/2044/2003 2051/2092/2051 2050/2091/2050
f 2004/2045/2004 2052/2094/2052 2051/2092/2051
f 2005/2093/2005 2053/2142/2053 2052/2094/2052
f 2054/2095/2054 2053/2142/2053 2005/2093/2005
f 2055/2096/2055 2054/2095/2054 2006/2046/2006
f 2056/2097/2056 2055/2096/2055 2007/2047/2007
f 2057/2098/2057 2056/2097/2056 2008/2048/2008
f 2058/2099/2058 2057/2098/2057 2009/2049/2009
f 2059/2100/2059 2058/2099/2058 2010/2050/2010
f 2060/2101/2060 2059/2100/2059 2011/2051/2011
f 2061/2102/2061 2060/2101/2060 2012/2052/2012
f 2062/2103/2062 2061/2102/2061 2013/2053/2013
f 2063/2104/2063 2062/2103/2062 2014/2054/2014
f 2064/2105/2064 2063/2104/2063 2015/2055/2015
f 2065/2106/2065 2112/2154/2112 2064/2105/2064
f 2066/2107/2066 2065/2157/2065 2017/2108/2017
f 2067/2109/2067 2066/2107/2066 2018/2058/2018
f 2068/2110/2068 2067/2109/2067 2019/2060/2019
f 2069/2111/2069 2068/2110/2068 2020/2061/2020
f 2070/2112/2070 2069/2111/2069 2021/2062/2021
f 2071/2113/2071 2070/2112/2070 2022/2063/2022
f 2072/2114/2072 2071/2113/2071 2023/2064/2023
f 2073/2115/2073 2072/2114/2072 2024/2065/2024
f 2074/2116/2074 2073/2115/2073 2025/2066/2025
f 2075/2117/2075 2074/2116/2074 2026/2067/2026
f 2076/2118/2076 2075/2117/2075 2027/2068/2027
f 2077/2119/2077 2076/2118/2076 2028/2069/2028
f 2078/2120/2078 2077/2119/2077 2029/2070/2029
f 2031/2072/2031 2079/2121/2079 2078/2120/2078
f 2032/2073/2032 2080/2122/2080 2079/2121/2079
f 2033/2074/2033 2081/2123/2081 2080/2122/2080
f 2034/2075/2034 2082/2124/2082 2081/2123/2081
f 2035/2076/2035 2083/2125/2083 2082/2124/2082
f 2036/2077/2036 2084/2126/2084 2083/2125/2083
f 2037/2078/2037 2085/2127/2085 2084/2126/2084
f 2038/2079/2038 2086/2128/2086 2085/2127/2085
f 2039/2080/2039 2087/2129/2087 2086/2128/2086
f 2040/2081/2040 2088/2130/2088 2087/2129/2087
f 2041/2082/2041 2089/2131/2089 2088/2130/2088
f 2042/2083/2042 2090/2132/2090 2089/2131/2089
f 2043/2084/2043 2091/2133/2091 2090/2132/2090
f 2044/2085/2044 2092/2134/2092 2091/2133/2091
f 2045/2086/2045 2093/2135/2093 2092/2134/2092
f 2046/2087/2046 2094/2136/2094 2093/2135/2093
f 2047/2088/2047 2095/2137/2095 2094/2136/2094
f 2048/2089/2048 2096/2138/2096 2095/2137/2095
f 2049/2090/2049 2097/2139/2097 2096/2138/2096
f 2050/2091/2050 2098/2140/2098 2097/2139/2097
f 2051/2092/2051 2099/2141/2099 2098/2140/2098
f 2052/2094/2052 2100/2143/2100 2099/2141/2099
f 2053/2142/2053 2101/2144/2101 2100/2143/2100
f 2054/2095/2054 2102/2192/2102 2101/2144/2101
f 2103/2145/2103 2102/2192/2102 2054/2095/2054
f 2104/2146/2104 2103/2145/2103 2055/2096/2055
f 2105/2147/2105 2104/2146/2104 2056/2097/2056
f 2106/2148/2106 2105/2147/2105 2057/2098/2057
f 2107/2149/2107 2106/2148/2106 2058/2099/2058
f 2108/2150/2108 2107/2149/2107 2059/2100/2059
f 2109/2151/2109 2108/2150/2108 2060/2101/2060
f 2110/2152/2110 2109/2151/2109 2061/2102/2061
f 2111/2153/2111 2110/2152/2110 2062/2103/2062
f 2112/2154/2112 2111/2153/2111 2063/2104/2063
f 2113/2155/2113 2160/2203/2160 2112/2154/2112
f 2114/2156/2114 2113/2206/2113 2065/2157/2065
f 2115/2158/2115 2114/2156/2114 2066/2107/2066
f 2116/2159/2116 2115/2158/2115 2067/2109/2067
f 2117/2160/2117 2116/2159/2116 2068/2110/2068
f 2118/2161/2118 2117/2160/2117 2069/2111/2069
f 2119/2162/2119 2118/2161/2118 2070/2112/2070
f 2120/2163/2120 2119/2162/2119 2071/2113/2071
f 2121/2164/2121 2120/2163/2120 2072/2114/2072
f 2122/2165/2122 2121/2164/2121 2073/2115/2073
f 2123/2166/2123 2122/2165/2122 2074/2116/2074
f 2124/2167/2124 2123/2166/2123 2075/2117/2075
f 2125/2168/2125 2124/2167/2124 2076/2118/2076
f 2126/2169/2126 2125/2168/2125 2077/2119/2077
f 2127/2170/2127 2126/2169/2126 2078/2120/2078
f 2080/2122/2080 2128/2171/2128 2127/2170/2127
f 2081/2123/2081 2129/2172/2129 2128/2171/2128
f 2082/2124/2082 2130/2173/2130 2129/2172/2129
f 2083/2125/2083 2131/2174/2131 2130/2173/2130
f 2084/2126/2084 2132/2175/2132 2131/2174/2131
f 2085/2127/2085 2133/2176/2133 2132/2175/2132
f 2086/2128/2086 2134/2177/2134 2133/2176/2133
f 2087/2129/2087 2135/2178/2135 2134/2177/2134
f 2088/2130/2088 2136/2179/2136 2135/2178/2135
f 2089/2131/2089 2137/2180/2137 2136/2179/2136
f 2090/2132/2090 2138/2181/2138 2137/2180/2137
f 2091/2133/2091 2139/2182/2139 2138/2181/2138
f 2092/2134/2092 2140/2183/2140 2139/2182/2139
f 2093/2135/2093 2141/2184/2141 2140/2183/2140
f 2094/2136/2094 2142/2185/2142 2141/2184/2141
f 2095/2137/2095 2143/2186/2143 2142/2185/2142
f 2096/2138/2096 2144/2187/2144 2143/2186/2143
f 2097/2139/2097 2145/2188/2145 2144/2187/2144
f 2098/2140/2098 2146/2189/2146 2145/2188/2145
f 2099/2141/2099 2147/2190/2147 2146/2189/2146
f 2100/2143/2100 2148/2191/2148 2147/2190/2147
f 2101/2144/2101 2149/2193/2149 2148/2191/2148
f 2102/2192/2102 2150/2194/2150 2149/2193/2149
f 2103/2145/2103 2151/2242/2151 2150/2194/2150
f 2152/2195/2152 2151/2242/2151 2103/2145/2103
f 2153/2196/2153 2152/2195/2152 2104/2146/2104
f 2154/2197/2154 2153/2196/2153 2105/2147/2105
f 2155/2198/2155 2154/2197/2154 2106/2148/2106
f 2156/2199/2156 2155/2198/2155 2107/2149/2107
f 2157/2200/2157 2156/2199/2156 2108/2150/2108
f 2158/2201/2158 2157/2200/2157 2109/2151/2109
f 2159/2202/2159 2158/2201/2158 2110/2152/2110
f 2160/2203/2160 2159/2202/2159 2111/2153/2111
f 2161/2204/2161 2208/2252/2208 2160/2203/2160
f 2162/2205/2162 2161/2255/2161 2113/2206/2113
f 2163/2207/2163 2162/2205/2162 2114/2156/2114
f 2164/2208/2164 2163/2207/2163 2115/2158/2115
f 2165/2209/2165 2164/2208/2164 2116/2159/2116
f 2166/2210/2166 2165/2209/2165 2117/2160/2117
f 2167/2211/2167 2166/2210/2166 2118/2161/2118
f 2168/2212/2168 2167/2211/2167 2119/2162/2119
f 2169/2213/2169 2168/2212/2168 2120/2163/2120
f 2170/2214/2170 2169/2213/2169 2121/2164/2121
f 2171/2215/2171 2170/2214/2170 2122/2165/2122
f 2172/2216/2172 2171/2215/2171 2123/2166/2123
f 2173/2217/2173 2172/2216/2172 2124/2167/2124
f 2174/2218/2174 2173/2217/2173 2125/2168/2125
f 2175/2219/2175 2174/2218/2174 2126/2169/2126
f 2176/2220/2176 2175/2219/2175 2127/2170/2127
f 2177/2221/2177 2176/2220/2176 2128/2171/2128
f 2130/2173/2130 2178/2222/2178 2177/2221/2177
f 2131/2174/2131 2179/2223/2179 2178/2222/2178
f 2132/2175/2132 2180/2224/2180 2179/2223/2179
f 2133/2176/2133 2181/2225/2181 2180/2224/2180
f 2134/2177/2134 2182/2226/2182 2181/2225/2181
f 2135/2178/2135 2183/2227/2183 2182/2226/2182
f 2136/2179/2136 2184/2228/2184 2183/2227/2183
f 2137/2180/2137 2185/2229/2185 2184/2228/2184
f 2138/2181/2138 2186/2230/2186 2185/2229/2185
f 2139/2182/2139 2187/2231/2187 2186/2230/2186
f 2140/2183/2140 2188/2232/2188 2187/2231/2187
f 2141/2184/2141 2189/2233/2189 2188/2232/2188
f 2142/2185/2142 2190/2234/2190 2189/2233/2189
f 2143/2186/2143 2191/2235/2191 2190/2234/2190
f 2144/2187/2144 2192/2236/2192 2191/2235/2191
f 2145/2188/2145 2193/2237/2193 2192/2236/2192
f 2146/2189/2146 2194/2238/2194 2193/2237/2193
f 2147/2190/2147 2195/2239/2195 2194/2238/2194
f 2148/2191/2148 2196/2240/2196 2195/2239/2195
f 2149/2193/2149 2197/2241/2197 2196/2240/2196
f 2150/2194/2150 2198/2243/2198 2197/2241/2197
f 2151/2242/2151 2199/2244/2199 2198/2243/2198
f 2152/2195/2152 2200/2245/2200 2199/2244/2199
f 2153/2196/2153 2201/2293/2201 2200/2245/2200
f 2202/2246/2202 2201/2293/2201 2153/2196/2153
f 2203/2247/2203 2202/2246/2202 2154/2197/2154
f 2204/2248/2204 2203/2247/2203 2155/2198/2155
f 2205/2249/2205 2204/2248/2204 2156/2199/2156
f 2206/2250/2206 2205/2249/2205 2157/2200/2157
f 2207/2251/2207 2206/2250/2206 2158/2201/2158
f 2208/2252/2208 2207/2251/2207 2159/2202/2159
f 2209/2253/2209 2256/2301/2256 2208/2252/2208
f 2210/2254/2210 2209/2304/2209 2161/2255/2161
f 2211/2256/2211 2210/2254/2210 2162/2205/2162
f 2212/2257/2212 2211/2256/2211 2163/2207/2163
f 2213/2258/2213 2212/2257/2212 2164/2208/2164
f 2214/2259/2214 2213/2258/2213 2165/2209/2165
f 2215/2260/2215 2214/2259/2214 2166/2210/2166
f 2216/2261/2216 2215/2260/2215 2167/2211/2167
f 2217/2262/2217 2216/2261/2216 2168/2212/2168
f 2218/2263/2218 2217/2262/2217 2169/2213/2169
f 2219/2264/2219 2218/2263/2218 2170/2214/2170
f 2220/2265/2220 2219/2264/2219 2171/2215/2171
f 2221/2266/2221 2220/2265/2220 2172/2216/2172
f 2222/2267/2222 2221/2266/2221 2173/2217/2173
f 2223/2268/2223 2222/2267/2222 2174/2218/2174
f 2224/2269/2224 2223/2268/2223 2175/2219/2175
f 2225/2270/2225 2224/2269/2224 2176/2220/2176
f 2226/2271/2226 2225/2270/2225 2177/2221/2177
f 2227/2272/2227 2226/2271/2226 2178/2222/2178
f 2228/2273/2228 2227/2272/2227 2179/2223/2179
f 2181/2225/2181 2229/2274/2229 2228/2273/2228
f 2182/2226/2182 2230/2275/2230 2229/2274/2229
f 2183/2227/2183 2231/2276/2231 2230/2275/2230
f 2184/2228/2184 2232/2277/2232 2231/2276/2231
f 2185/2229/2185 2233/2278/2233 2232/2277/2232
f 2186/2230/2186 2234/2279/2234 2233/2278/2233
f 2187/2231/2187 2235/2280/2235 2234/2279/2234
f 2188/2232/2188 2236/2281/2236 2235/2280/2235
f 2189/2233/2189 2237/2282/2237 2236/2281/2236
f 2190/2234/2190 2238/2283/2238 2237/2282/2237
f 2191/2235/2191 2239/2284/2239 2238/2283/2238
f 2192/2236/2192 2240/2285/2240 2239/2284/2239
f 2193/2237/2193 2241/2286/2241 2240/2285/2240
f 2194/2238/2194 2242/2287/2242 2241/2286/2241
f 2195/2239/2195 2243/2288/2243 2242/2287/2242
f 2196/2240/2196 2244/2289/2244 2243/2288/2243
f 2197/2241/2197 2245/2290/2245 2244/2289/2244
f 2198/2243/2198 2246/2291/2246 2245/2290/2245
f 2199/2244/2199 2247/2292/2247 2246/2291/2246
f 2200/2245/2200 2248/2294/2248 2247/2292/2247
f 2201/2293/2201 2249/2295/2249 2248/2294/2248
f 2202/2246/2202 2250/2296/2250 2249/2295/2249
f 2203/2247/2203 2251/2297/2251 2250/2296/2250
f 2204/2248/2204 2252/2345/2252 2251/2297/2251
f 2253/2298/2253 2252/2345/2252 2204/2248/2204
f 2254/2299/2254 2253/2298/2253 2205/2249/2205
f 2255/2300/2255 2254/2299/2254 2206/2250/2206
f 2256/2301/2256 2255/2300/2255 2207/2251/2207
f 2257/2302/2257 2304/2350/2304 2256/2301/2256
f 2258/2303/2258 2257/2353/2257 2209/2304/2209
f 2259/2305/2259 2258/2303/2258 2210/2254/2210
f 2260/2306/2260 2259/2305/2259 2211/2256/2211
f 2261/2307/2261 2260/2306/2260 2212/2257/2212
f 2262/2308/2262 2261/2307/2261 2213/2258/2213
f 2263/2309/2263 2262/2308/2262 2214/2259/2214
f 2264/2310/2264 2263/2309/2263 2215/2260/2215
f 2265/2311/2265 2264/2310/2264 2216/2261/2216
f 2266/2312/2266 2265/2311/2265 2217/2262/2217
f 2267/2313/2267 2266/2312/2266 2218/2263/2218
f 2268/2314/2268 2267/2313/2267 2219/2264/2219
f 2269/2315/2269 2268/2314/2268 2220/2265/2220
f 2270/2316/2270 2269/2315/2269 2221/2266/2221
f 2271/2317/2271 2270/2316/2270 2222/2267/2222
f 2272/2318/2272 2271/2317/2271 2223/2268/2223
f 2273/2319/2273 2272/2318/2272 2224/2269/2224
f 2274/2320/2274 2273/2319/2273 2225/2270/2225
f 2275/2321/2275 2274/2320/2274 2226/2271/2226
f 2276/2322/2276 2275/2321/2275 2227/2272/2227
f 2277/2323/2277 2276/2322/2276 2228/2273/2228
f 2278/2324/2278 2277/2323/2277 2229/2274/2229
f 2279/2325/2279 2278/2324/2278 2230/2275/2230
f 2232/2277/2232 2280/2326/2280 2279/2325/2279
f 2233/2278/2233 2281/2327/2281 2280/2326/2280
f 2234/2279/2234 2282/2328/2282 2281/2327/2281
f 2235/2280/2235 2283/2329/2283 2282/2328/2282
f 2236/2281/2236 2284/2330/2284 2283/2329/2283
f 2237/2282/2237 2285/2331/2285 2284/2330/2284
f 2238/2283/2238 2286/2332/2286 2285/2331/2285
f 2239/2284/2239 2287/2333/2287 2286/2332/2286
f 2240/2285/2240 2288/2334/2288 2287/2333/2287
f 2241/2286/2241 2289/2335/2289 2288/2334/2288
f 2242/2287/2242 2290/2336/2290 2289/2335/2289
f 2243/2288/2243 2291/2337/2291 2290/2336/2290
f 2244/2289/2244 2292/2338/2292 2291/2337/2291
f 2245/2290/2245 2293/2339/2293 2292/2338/2292
f 2246/2291/2246 2294/2340/2294 2293/2339/2293
f 2247/2292/2247 2295/2341/2295 2294/2340/2294
f 2248/2294/2248 2296/2342/2296 2295/2341/2295
f 2249/2295/2249 2297/2343/2297 2296/2342/2296
f 2250/2296/2250 2298/2344/2298 2297/2343/2297
f 2251/2297/2251 2299/2346/2299 2298/2344/2298
f 2252/2345/2252 2300/2347/2300 2299/2346/2299
f 2253/2298/2253 2301/2348/2301 2300/2347/2300
f 2254/2299/2254 2302/2349/2302 2301/2348/2301
f 2255/2300/2255 2303/2398/2303 2302/2349/2302
f 2304/2350/2304 2303/2398/2303 2255/2300/2255
f 2305/2351/2305 2352/2399/2352 2304/2350/2304
f 2306/2352/2306 2305/2402/2305 2257/2353/2257
f 2307/2354/2307 2306/2352/2306 2258/2303/2258
f 2260/2306/2260 2308/2355/2308 2307/2354/2307
f 2261/2307/2261 2309/2356/2309 2308/2355/2308
f 2262/2308/2262 2310/2357/2310 2309/2356/2309
f 2263/2309/2263 2311/2358/2311 2310/2357/2310
f 2264/2310/2264 2312/2359/2312 2311/2358/2311
f 2265/2311/2265 2313/2360/2313 2312/2359/2312
f 2266/2312/2266 2314/2361/2314 2313/2360/2313
f 2267/2313/2267 2315/2362/2315 2314/2361/2314
f 2268/2314/2268 2316/2363/2316 2315/2362/2315
f 2269/2315/2269 2317/2364/2317 2316/2363/2316
f 2270/2316/2270 2318/2365/2318 2317/2364/2317
f 2271/2317/2271 2319/2366/2319 2318/2365/2318
f 2272/2318/2272 2320/2367/2320 2319/2366/2319
f 2273/2319/2273 2321/2368/2321 2320/2367/2320
f 2274/2320/2274 2322/2369/2322 2321/2368/2321
f 2275/2321/2275 2323/2370/2323 2322/2369/2322
f 2276/2322/2276 2324/2371/2324 2323/2370/2323
f 2277/2323/2277 2325/2372/2325 2324/2371/2324
f 2278/2324/2278 2326/2373/2326 2325/2372/2325
f 2279/2325/2279 2327/2374/2327 2326/2373/2326
f 2280/2326/2280 2328/2375/2328 2327/2374/2327
f 2281/2327/2281 2329/2376/2329 2328/2375/2328
f 2282/2328/2282 2330/2377/2330 2329/2376/2329
f 2283/2329/2283 2331/2428/2331 2330/2377/2330
f 2332/2378/2332 2331/2428/2331 2283/2329/2283
f 2333/2379/2333 2332/2378/2332 2284/2330/2284
f 2334/2380/2334 2333/2379/2333 2285/2331/2285
f 2335/2381/2335 2334/2380/2334 2286/2332/2286
f 2336/2382/2336 2335/2381/2335 2287/2333/2287
f 2337/2383/2337 2336/2382/2336 2288/2334/2288
f 2338/2384/2338 2337/2383/2337 2289/2335/2289
f 2339/2385/2339 2338/2384/2338 2290/2336/2290
f 2340/2386/2340 2339/2385/2339 2291/2337/2291
f 2341/2387/2341 2340/2386/2340 2292/2338/2292
f 2342/2388/2342 2341/2387/2341 2293/2339/2293
f 2343/2389/2343 2342/2388/2342 2294/2340/2294
f 2344/2390/2344 2343/2389/2343 2295/2341/2295
f 2345/2391/2345 2344/2390/2344 2296/2342/2296
f 2346/2392/2346 2345/2391/2345 2297/2343/2297
f 2347/2393/2347 2346/2392/2346 2298/2344/2298
f 2348/2394/2348 2347/2393/2347 2299/2346/2299
f 2349/2395/2349 2348/2394/2348 2300/2347/2300
f 2350/2396/2350 2349/2395/2349 2301/2348/2301
f 2351/2397/2351 2350/2396/2350 2302/2349/2302
f 2352/2399/2352 2351/2397/2351 2303/2398/2303
f 2305/2351/2305 2353/2449/2353 2400/2400/2400
f 2306/2352/2306 2354/2403/2354 2353/2401/2353
f 2307/2354/2307 2355/2404/2355 2354/2403/2354
f 2308/2355/2308 2356/2405/2356 2355/2404/2355
f 2309/2356/2309 2357/2406/2357 2356/2405/2356
f 2310/2357/2310 2358/2407/2358 2357/2406/2357
f 2311/2358/2311 2359/2408/2359 2358/2407/2358
f 2312/2359/2312 2360/2409/2360 2359/2408/2359
f 2313/2360/2313 2361/2410/2361 2360/2409/2360
f 2314/2361/2314 2362/2411/2362 2361/2410/2361
f 2315/2362/2315 2363/2412/2363 2362/2411/2362
f 2316/2363/2316 2364/2413/2364 2363/2412/2363
f 2317/2364/2317 2365/2414/2365 2364/2413/2364
f 2318/2365/2318 2366/2415/2366 2365/2414/2365
f 2319/2366/2319 2367/2416/2367 2366/2415/2366
f 2320/2367/2320 2368/2417/2368 2367/2416/2367
f 2321/2368/2321 2369/2418/2369 2368/2417/2368
f 2322/2369/2322 2370/2419/2370 2369/2418/2369
f 2323/2370/2323 2371/2469/2371 2370/2419/2370
f 2372/2420/2372 2371/2469/2371 2323/2370/2323
f 2373/2421/2373 2372/2420/2372 2324/2371/2324
f 2374/2422/2374 2373/2421/2373 2325/2372/2325
f 2375/2423/2375 2374/2422/2374 2326/2373/2326
f 2376/2424/2376 2375/2423/2375 2327/2374/2327
f 2377/2425/2377 2376/2424/2376 2328/2375/2328
f 2378/2426/2378 2377/2425/2377 2329/2376/2329
f 2379/2427/2379 2378/2426/2378 2330/2377/2330
f 2380/2429/2380 2379/2427/2379 2331/2428/2331
f 2381/2430/2381 2380/2429/2380 2332/2378/2332
f 2382/2431/2382 2381/2430/2381 2333/2379/2333
f 2383/2432/2383 2382/2431/2382 2334/2380/2334
f 2384/2433/2384 2383/2432/2383 2335/2381/2335
f 2385/2434/2385 2384/2433/2384 2336/2382/2336
f 2386/2435/2386 2385/2434/2385 2337/2383/2337
f 2387/2436/2387 2386/2435/2386 2338/2384/2338
f 2388/2437/2388 2387/2436/2387 2339/2385/2339
f 2389/2438/2389 2388/2437/2388 2340/2386/2340
f 2390/2439/2390 2389/2438/2389 2341/2387/2341
f 2391/2440/2391 2390/2439/2390 2342/2388/2342
f 2392/2441/2392 2391/2440/2391 2343/2389/2343
f 2393/2442/2393 2392/2441/2392 2344/2390/2344
f 2394/2443/2394 2393/2442/2393 2345/2391/2345
f 2395/2444/2395 2394/2443/2394 2346/2392/2346
f 2348/2394/2348 2396/2445/2396 2395/2444/2395
f 2349/2395/2349 2397/2446/2397 2396/2445/2396
f 2350/2396/2350 2398/2447/2398 2397/2446/2397
f 2351/2397/2351 2399/2448/2399 2398/2447/2398
f 2352/2399/2352 2400/2400/2400 2399/2448/2399
f 2353/2449/2353 2401/2498/2401 2448/2450/2448
f 2354/2403/2354 2402/2452/2402 2401/2451/2401
f 2355/2404/2355 2403/2453/2403 2402/2452/2402
f 2356/2405/2356 2404/2454/2404 2403/2453/2403
f 2357/2406/2357 2405/2503/2405 2404/2454/2404
f 2406/2455/2406 2405/2503/2405 2357/2406/2357
f 2407/2456/2407 2406/2455/2406 2358/2407/2358
f 2408/2457/2408 2407/2456/2407 2359/2408/2359
f 2409/2458/2409 2408/2457/2408 2360/2409/2360
f 2410/2459/2410 2409/2458/2409 2361/2410/2361
f 2411/2460/2411 2410/2459/2410 2362/2411/2362
f 2412/2461/2412 2411/2460/2411 2363/2412/2363
f 2413/2462/2413 2412/2461/2412 2364/2413/2364
f 2414/2463/2414 2413/2462/2413 2365/2414/2365
f 2415/2464/2415 2414/2463/2414 2366/2415/2366
f 2416/2465/2416 2415/2464/2415 2367/2416/2367
f 2417/2466/2417 2416/2465/2416 2368/2417/2368
f 2418/2467/2418 2417/2466/2417 2369/2418/2369
f 2419/2468/2419 2418/2467/2418 2370/2419/2370
f 2420/2470/2420 2419/2468/2419 2371/2469/2371
f 2421/2471/2421 2420/2470/2420 2372/2420/2372
f 2422/2472/2422 2421/2471/2421 2373/2421/2373
f 2423/2473/2423 2422/2472/2422 2374/2422/2374
f 2424/2474/2424 2423/2473/2423 2375/2423/2375
f 2425/2475/2425 2424/2474/2424 2376/2424/2376
f 2426/2476/2426 2425/2475/2425 2377/2425/2377
f 2427/2477/2427 2426/2476/2426 2378/2426/2378
f 2428/2478/2428 2427/2477/2427 2379/2427/2379
f 2429/2479/2429 2428/2478/2428 2380/2429/2380
f 2382/2431/2382 2430/2480/2430 2429/2479/2429
f 2383/2432/2383 2431/2481/2431 2430/2480/2430
f 2384/2433/2384 2432/2482/2432 2431/2481/2431
f 2385/2434/2385 2433/2483/2433 2432/2482/2432
f 2386/2435/2386 2434/2484/2434 2433/2483/2433
f 2387/2436/2387 2435/2485/2435 2434/2484/2434
f 2388/2437/2388 2436/2486/2436 2435/2485/2435
f 2389/2438/2389 2437/2487/2437 2436/2486/2436
f 2390/2439/2390 2438/2488/2438 2437/2487/2437
f 2391/2440/2391 2439/2489/2439 2438/2488/2438
f 2392/2441/2392 2440/2490/2440 2439/2489/2439
f 2393/2442/2393 2441/2491/2441 2440/2490/2440
f 2394/2443/2394 2442/2492/2442 2441/2491/2441
f 2395/2444/2395 2443/2493/2443 2442/2492/2442
f 2396/2445/2396 2444/2494/2444 2443/2493/2443
f 2397/2446/2397 2445/2495/2445 2444/2494/2444
f 2398/2447/2398 2446/2496/2446 2445/2495/2445
f 2399/2448/2399 2447/2497/2447 2446/2496/2446
f 2400/2400/2400 2448/2450/2448 2447/2497/2447
f 2401/2498/2401 2449/2547/2449 2496/2499/2496
f 2402/2452/2402 2450/2501/2450 2449/2500/2449
f 2403/2453/2403 2451/2502/2451 2450/2501/2450
f 2404/2454/2404 2452/2504/2452 2451/2502/2451
f 2405/2503/2405 2453/2552/2453 2452/2504/2452
f 2454/2505/2454 2453/2552/2453 2405/2503/2405
f 2455/2506/2455 2454/2505/2454 2406/2455/2406
f 2456/2507/2456 2455/2506/2455 2407/2456/2407
f 2457/2508/2457 2456/2507/2456 2408/2457/2408
f 2458/2509/2458 2457/2508/2457 2409/2458/2409
f 2459/2510/2459 2458/2509/2458 2410/2459/2410
f 2460/2511/2460 2459/2510/2459 2411/2460/2411
f 2461/2512/2461 2460/2511/2460 2412/2461/2412
f 2462/2513/2462 2461/2512/2461 2413/2462/2413
f 2463/2514/2463 2462/2513/2462 2414/2463/2414
f 2464/2515/2464 2463/2514/2463 2415/2464/2415
f 2465/2516/2465 2464/2515/2464 2416/2465/2416
f 2466/2517/2466 2465/2516/2465 2417/2466/2417
f 2467/2518/2467 2466/2517/2466 2418/2467/2418
f 2468/2519/2468 2467/2518/2467 2419/2468/2419
f 2469/2520/2469 2468/2519/2468 2420/2470/2420
f 2470/2521/2470 2469/2520/2469 2421/2471/2421
f 2471/2522/2471 2470/2521/2470 2422/2472/2422
f 2472/2523/2472 2471/2522/2471 2423/2473/2423
f 2473/2524/2473 2472/2523/2472 2424/2474/2424
f 2474/2525/2474 2473/2524/2473 2425/2475/2425
f 2475/2526/2475 2474/2525/2474 2426/2476/2426
f 2476/2527/2476 2475/2526/2475 2427/2477/2427
f 2477/2528/2477 2476/2527/2476 2428/2478/2428
f 2430/2480/2430 2478/2529/2478 2477/2528/2477
f 2431/2481/2431 2479/2530/2479 2478/2529/2478
f 2432/2482/2432 2480/2531/2480 2479/2530/2479
f 2433/2483/2433 2481/2532/2481 2480/2531/2480
f 2434/2484/2434 2482/2533/2482 2481/2532/2481
f 2435/2485/2435 2483/2534/2483 2482/2533/2482
f 2436/2486/2436 2484/2535/2484 2483/2534/2483
f 2437/2487/2437 2485/2536/2485 2484/2535/2484
f 2438/2488/2438 2486/2537/2486 2485/2536/2485
f 2439/2489/2439 2487/2538/2487 2486/2537/2486
f 2440/2490/2440 2488/2539/2488 2487/2538/2487
f 2441/2491/2441 2489/2540/2489 2488/2539/2488
f 2442/2492/2442 2490/2541/2490 2489/2540/2489
f 2443/2493/2443 2491/2542/2491 2490/2541/2490
f 2444/2494/2444 2492/2543/2492 2491/2542/2491
f 2445/2495/2445 2493/2544/2493 2492/2543/2492
f 2446/2496/2446 2494/2545/2494 2493/2544/2493
f 2447/2497/2447 2495/2546/2495 2494/2545/2494
f 2448/2450/2448 2496/2499/2496 2495/2546/2495
f 2449/2547/2449 2497/2597/2497 2544/2548/2544
f 2450/2501/2450 2498/2550/2498 2497/2549/2497
f 2451/2502/2451 2499/2551/2499 2498/2550/2498
f 2452/2504/2452 2500/2553/2500 2499/2551/2499
f 2453/2552/2453 2501/2554/2501 2500/2553/2500
f 2454/2505/2454 2502/2555/2502 2501/2554/2501
f 2455/2506/2455 2503/2556/2503 2502/2555/2502
f 2456/2507/2456 2504/2557/2504 2503/2556/2503
f 2457/2508/2457 2505/2558/2505 2504/2557/2504
f 2458/2509/2458 2506/2559/2506 2505/2558/2505
f 2459/2510/2459 2507/2560/2507 2506/2559/2506
f 2460/2511/2460 2508/2607/2508 2507/2560/2507
f 2509/2561/2509 2508/2607/2508 2460/2511/2460
f 2510/2562/2510 2509/2561/2509 2461/2512/2461
f 2511/2563/2511 2510/2562/2510 2462/2513/2462
f 2512/2564/2512 2511/2563/2511 2463/2514/2463
f 2513/2565/2513 2512/2564/2512 2464/2515/2464
f 2514/2566/2514 2513/2565/2513 2465/2516/2465
f 2515/2567/2515 2514/2566/2514 2466/2517/2466
f 2516/2568/2516 2515/2567/2515 2467/2518/2467
f 2517/2569/2517 2516/2568/2516 2468/2519/2468
f 2518/2570/2518 2517/2569/2517 2469/2520/2469
f 2519/2571/2519 2518/2570/2518 2470/2521/2470
f 2520/2572/2520 2519/2571/2519 2471/2522/2471
f 2521/2573/2521 2520/2572/2520 2472/2523/2472
f 2522/2574/2522 2521/2573/2521 2473/2524/2473
f 2523/2575/2523 2522/2574/2522 2474/2525/2474
f 2524/2576/2524 2523/2575/2523 2475/2526/2475
f 2525/2577/2525 2524/2576/2524 2476/2527/2476
f 2526/2578/2526 2525/2577/2525 2477/2528/2477
f 2527/2579/2527 2526/2578/2526 2478/2529/2478
f 2528/2580/2528 2527/2579/2527 2479/2530/2479
f 2529/2581/2529 2528/2580/2528 2480/2531/2480
f 2530/2582/2530 2529/2581/2529 2481/2532/2481
f 2531/2583/2531 2530/2582/2530 2482/2533/2482
f 2532/2584/2532 2531/2583/2531 2483/2534/2483
f 2485/2536/2485 2533/2585/2533 2532/2584/2532
f 2486/2537/2486 2534/2586/2534 2533/2585/2533
f 2487/2538/2487 2535/2587/2535 2534/2586/2534
f 2488/2539/2488 2536/2588/2536 2535/2587/2535
f 2489/2540/2489 2537/2589/2537 2536/2588/2536
f 2490/2541/2490 2538/2590/2538 2537/2589/2537
f 2491/2542/2491 2539/2591/2539 2538/2590/2538
f 2492/2543/2492 2540/2592/2540 2539/2591/2539
f 2493/2544/2493 2541/2593/2541 2540/2592/2540
f 2494/2545/2494 2542/2594/2542 2541/2593/2541
f 2495/2546/2495 2543/2595/2543 2542/2594/2542
f 2496/2499/2496 2544/2548/2544 2543/2595/2543
f 2545/2596/2545 2592/2644/2592 2544/2548/2544
f 2546/2598/2546 2545/2647/2545 2497/2549/2497
f 2547/2599/2547 2546/2598/2546 2498/2550/2498
f 2500/2553/2500 2548/2600/2548 2547/2599/2547
f 2501/2554/2501 2549/2601/2549 2548/2600/2548
f 2502/2555/2502 2550/2602/2550 2549/2601/2549
f 2503/2556/2503 2551/2603/2551 2550/2602/2550
f 2504/2557/2504 2552/2604/2552 2551/2603/2551
f 2505/2558/2505 2553/2605/2553 2552/2604/2552
f 2506/2559/2506 2554/2606/2554 2553/2605/2553
f 2507/2560/2507 2555/2608/2555 2554/2606/2554
f 2508/2607/2508 2556/2609/2556 2555/2608/2555
f 2509/2561/2509 2557/2610/2557 2556/2609/2556
f 2510/2562/2510 2558/2611/2558 2557/2610/2557
f 2511/2563/2511 2559/2612/2559 2558/2611/2558
f 2512/2564/2512 2560/2613/2560 2559/2612/2559
f 2513/2565/2513 2561/2614/2561 2560/2613/2560
f 2514/2566/2514 2562/2615/2562 2561/2614/2561
f 2515/2567/2515 2563/2616/2563 2562/2615/2562
f 2516/2568/2516 2564/2617/2564 2563/2616/2563
f 2517/2569/2517 2565/2618/2565 2564/2617/2564
f 2518/2570/2518 2566/2619/2566 2565/2618/2565
f 2519/2571/2519 2567/2620/2567 2566/2619/2566
f 2520/2572/2520 2568/2621/2568 2567/2620/2567
f 2521/2573/2521 2569/2622/2569 2568/2621/2568
f 2522/2574/2522 2570/2623/2570 2569/2622/2569
f 2523/2575/2523 2571/2671/2571 2570/2623/2570
f 2572/2624/2572 2571/2671/2571 2523/2575/2523
f 2573/2625/2573 2572/2624/2572 2524/2576/2524
f 2574/2626/2574 2573/2625/2573 2525/2577/2525
f 2575/2627/2575 2574/2626/2574 2526/2578/2526
f 2576/2628/2576 2575/2627/2575 2527/2579/2527
f 2577/2629/2577 2576/2628/2576 2528/2580/2528
f 2578/2630/2578 2577/2629/2577 2529/2581/2529
f 2579/2631/2579 2578/2630/2578 2530/2582/2530
f 2580/2632/2580 2579/2631/2579 2531/2583/2531
f 2581/2633/2581 2580/2632/2580 2532/2584/2532
f 2582/2634/2582 2581/2633/2581 2533/2585/2533
f 2583/2635/2583 2582/2634/2582 2534/2586/2534
f 2584/2636/2584 2583/2635/2583 2535/2587/2535
f 2585/2637/2585 2584/2636/2584 2536/2588/2536
f 2586/2638/2586 2585/2637/2585 2537/2589/2537
f 2587/2639/2587 2586/2638/2586 2538/2590/2538
f 2588/2640/2588 2587/2639/2587 2539/2591/2539
f 2589/2641/2589 2588/2640/2588 2540/2592/2540
f 2590/2642/2590 2589/2641/2589 2541/2593/2541
f 2591/2643/2591 2590/2642/2590 2542/2594/2542
f 2592/2644/2592 2591/2643/2591 2543/2595/2543
f 2593/2645/2593 2640/2693/2640 2592/2644/2592
f 2594/2646/2594 2593/2696/2593 2545/2647/2545
f 2595/2648/2595 2594/2646/2594 2546/2598/2546
f 2596/2649/2596 2595/2648/2595 2547/2599/2547
f 2549/2601/2549 2597/2650/2597 2596/2649/2596
f 2550/2602/2550 2598/2651/2598 2597/2650/2597
f 2551/2603/2551 2599/2652/2599 2598/2651/2598
f 2552/2604/2552 2600/2653/2600 2599/2652/2599
f 2553/2605/2553 2601/2654/2601 2600/2653/2600
f 2554/2606/2554 2602/2655/2602 2601/2654/2601
f 2555/2608/2555 2603/2656/2603 2602/2655/2602
f 2556/2609/2556 2604/2657/2604 2603/2656/2603
f 2557/2610/2557 2605/2658/2605 2604/2657/2604
f 2558/2611/2558 2606/2659/2606 2605/2658/2605
f 2559/2612/2559 2607/2660/2607 2606/2659/2606
f 2560/2613/2560 2608/2661/2608 2607/2660/2607
f 2561/2614/2561 2609/2662/2609 2608/2661/2608
f 2562/2615/2562 2610/2663/2610 2609/2662/2609
f 2563/2616/2563 2611/2664/2611 2610/2663/2610
f 2564/2617/2564 2612/2665/2612 2611/2664/2611
f 2565/2618/2565 2613/2666/2613 2612/2665/2612
f 2566/2619/2566 2614/2667/2614 2613/2666/2613
f 2567/2620/2567 2615/2668/2615 2614/2667/2614
f 2568/2621/2568 2616/2669/2616 2615/2668/2615
f 2569/2622/2569 2617/2670/2617 2616/2669/2616
f 2570/2623/2570 2618/2672/2618 2617/2670/2617
f 2571/2671/2571 2619/2673/2619 2618/2672/2618
f 2572/2624/2572 2620/2721/2620 2619/2673/2619
f 2621/2674/2621 2620/2721/2620 2572/2624/2572
f 2622/2675/2622 2621/2674/2621 2573/2625/2573
f 2623/2676/2623 2622/2675/2622 2574/2626/2574
f 2624/2677/2624 2623/2676/2623 2575/2627/2575
f 2625/2678/2625 2624/2677/2624 2576/2628/2576
f 2626/2679/2626 2625/2678/2625 2577/2629/2577
f 2627/2680/2627 2626/2679/2626 2578/2630/2578
f 2628/2681/2628 2627/2680/2627 2579/2631/2579
f 2629/2682/2629 2628/2681/2628 2580/2632/2580
f 2630/2683/2630 2629/2682/2629 2581/2633/2581
f 2631/2684/2631 2630/2683/2630 2582/2634/2582
f 2632/2685/2632 2631/2684/2631 2583/2635/2583
f 2633/2686/2633 2632/2685/2632 2584/2636/2584
f 2634/2687/2634 2633/2686/2633 2585/2637/2585
f 2635/2688/2635 2634/2687/2634 2586/2638/2586
f 2636/2689/2636 2635/2688/2635 2587/2639/2587
f 2637/2690/2637 2636/2689/2636 2588/2640/2588
f 2638/2691/2638 2637/2690/2637 2589/2641/2589
f 2639/2692/2639 2638/2691/2638 2590/2642/2590
f 2640/2693/2640 2639/2692/2639 2591/2643/2591
f 2641/2694/2641 2688/2742/2688 2640/2693/2640
f 2642/2695/2642 2641/2745/2641 2593/2696/2593
f 2643/2697/2643 2642/2695/2642 2594/2646/2594
f 2644/2698/2644 2643/2697/2643 2595/2648/2595
f 2597/2650/2597 2645/2699/2645 2644/2698/2644
f 2598/2651/2598 2646/2700/2646 2645/2699/2645
f 2599/2652/2599 2647/2701/2647 2646/2700/2646
f 2600/2653/2600 2648/2702/2648 2647/2701/2647
f 2601/2654/2601 2649/2703/2649 2648/2702/2648
f 2602/2655/2602 2650/2704/2650 2649/2703/2649
f 2603/2656/2603 2651/2705/2651 2650/2704/2650
f 2604/2657/2604 2652/2706/2652 2651/2705/2651
f 2605/2658/2605 2653/2707/2653 2652/2706/2652
f 2606/2659/2606 2654/2708/2654 2653/2707/2653
f 2607/2660/2607 2655/2709/2655 2654/2708/2654
f 2608/2661/2608 2656/2710/2656 2655/2709/2655
f 2609/2662/2609 2657/2711/2657 2656/2710/2656
f 2610/2663/2610 2658/2712/2658 2657/2711/2657
f 2611/2664/2611 2659/2713/2659 2658/2712/2658
f 2612/2665/2612 2660/2714/2660 2659/2713/2659
f 2613/2666/2613 2661/2715/2661 2660/2714/2660
f 2614/2667/2614 2662/2716/2662 2661/2715/2661
f 2615/2668/2615 2663/2717/2663 2662/2716/2662
f 2616/2669/2616 2664/2718/2664 2663/2717/2663
f 2617/2670/2617 2665/2719/2665 2664/2718/2664
f 2618/2672/2618 2666/2720/2666 2665/2719/2665
f 2619/2673/2619 2667/2722/2667 2666/2720/2666
f 2620/2721/2620 2668/2770/2668 2667/2722/2667
f 2669/2723/2669 2668/2770/2668 2620/2721/2620
f 2670/2724/2670 2669/2723/2669 2621/2674/2621
f 2671/2725/2671 2670/2724/2670 2622/2675/2622
f 2672/2726/2672 2671/2725/2671 2623/2676/2623
f 2673/2727/2673 2672/2726/2672 2624/2677/2624
f 2674/2728/2674 2673/2727/2673 2625/2678/2625
f 2675/2729/2675 2674/2728/2674 2626/2679/2626
f 2676/2730/2676 2675/2729/2675 2627/2680/2627
f 2677/2731/2677 2676/2730/2676 2628/2681/2628
f 2678/2732/2678 2677/2731/2677 2629/2682/2629
f 2679/2733/2679 2678/2732/2678 2630/2683/2630
f 2680/2734/2680 2679/2733/2679 2631/2684/2631
f 2681/2735/2681 2680/2734/2680 2632/2685/2632
f 2682/2736/2682 2681/2735/2681 2633/2686/2633
f 2683/2737/2683 2682/2736/2682 2634/2687/2634
f 2684/2738/2684 2683/2737/2683 2635/2688/2635
f 2685/2739/2685 2684/2738/2684 2636/2689/2636
f 2686/2740/2686 2685/2739/2685 2637/2690/2637
f 2687/2741/2687 2686/2740/2686 2638/2691/2638
f 2688/2742/2688 2687/2741/2687 2639/2692/2639
f 2689/2743/2689 2736/2791/2736 2688/2742/2688
f 2690/2744/2690 2689/2794/2689 2641/2745/2641
f 2691/2746/2691 2690/2744/2690 2642/2695/2642
f 2692/2747/2692 2691/2746/2691 2643/2697/2643
f 2645/2699/2645 2693/2748/2693 2692/2747/2692
f 2646/2700/2646 2694/2749/2694 2693/2748/2693
f 2647/2701/2647 2695/2750/2695 2694/2749/2694
f 2648/2702/2648 2696/2751/2696 2695/2750/2695
f 2649/2703/2649 2697/2752/2697 2696/2751/2696
f 2650/2704/2650 2698/2753/2698 2697/2752/2697
f 2651/2705/2651 2699/2754/2699 2698/2753/2698
f 2652/2706/2652 2700/2755/2700 2699/2754/2699
f 2653/2707/2653 2701/2756/2701 2700/2755/2700
f 2654/2708/2654 2702/2757/2702 2701/2756/2701
f 2655/2709/2655 2703/2758/2703 2702/2757/2702
f 2656/2710/2656 2704/2759/2704 2703/2758/2703
f 2657/2711/2657 2705/2760/2705 2704/2759/2704
f 2658/2712/2658 2706/2761/2706 2705/2760/2705
f 2659/2713/2659 2707/2762/2707 2706/2761/2706
f 2660/2714/2660 2708/2763/2708 2707/2762/2707
f 2661/2715/2661 2709/2764/2709 2708/2763/2708
f 2662/2716/2662 2710/2765/2710 2709/2764/2709
f 2663/2717/2663 2711/2766/2711 2710/2765/2710
f 2664/2718/2664 2712/2767/2712 2711/2766/2711
f 2665/2719/2665 2713/2768/2713 2712/2767/2712
f 2666/2720/2666 2714/2769/2714 2713/2768/2713
f 2667/2722/2667 2715/2771/2715 2714/2769/2714
f 2668/2770/2668 2716/2819/2716 2715/2771/2715
f 2717/2772/2717 2716/2819/2716 2668/2770/2668
f 2718/2773/2718 2717/2772/2717 2669/2723/2669
f 2719/2774/2719 2718/2773/2718 2670/2724/2670
f 2720/2775/2720 2719/2774/2719 2671/2725/2671
f 2721/2776/2721 2720/2775/2720 2672/2726/2672
f 2722/2777/2722 2721/2776/2721 2673/2727/2673
f 2723/2778/2723 2722/2777/2722 2674/2728/2674
f 2724/2779/2724 2723/2778/2723 2675/2729/2675
f 2725/2780/2725 2724/2779/2724 2676/2730/2676
f 2726/2781/2726 2725/2780/2725 2677/2731/2677
f 2727/2782/2727 2726/2781/2726 2678/2732/2678
f 2728/2783/2728 2727/2782/2727 2679/2733/2679
f 2729/2784/2729 2728/2783/2728 2680/2734/2680
f 2730/2785/2730 2729/2784/2729 2681/2735/2681
f 2731/2786/2731 2730/2785/2730 2682/2736/2682
f 2732/2787/2732 2731/2786/2731 2683/2737/2683
f 2733/2788/2733 2732/2787/2732 2684/2738/2684
f 2734/2789/2734 2733/2788/2733 2685/2739/2685
f 2735/2790/2735 2734/2789/2734 2686/2740/2686
f 2736/2791/2736 2735/2790/2735 2687/2741/2687
f 2737/2792/2737 2784/2840/2784 2736/2791/2736
f 2738/2793/2738 2737/2843/2737 2689/2794/2689
f 2739/2795/2739 2738/2793/2738 2690/2744/2690
f 2740/2796/2740 2739/2795/2739 2691/2746/2691
f 2693/2748/2693 2741/2797/2741 2740/2796/2740
f 2694/2749/2694 2742/2798/2742 2741/2797/2741
f 2695/2750/2695 2743/2799/2743 2742/2798/2742
f 2696/2751/2696 2744/2800/2744 2743/2799/2743
f 2697/2752/2697 2745/2801/2745 2744/2800/2744
f 2698/2753/2698 2746/2802/2746 2745/2801/2745
f 2699/2754/2699 2747/2803/2747 2746/2802/2746
f 2700/2755/2700 2748/2804/2748 2747/2803/2747
f 2701/2756/2701 2749/2805/2749 2748/2804/2748
f 2702/2757/2702 2750/2806/2750 2749/2805/2749
f 2703/2758/2703 2751/2807/2751 2750/2806/2750
f 2704/2759/2704 2752/2808/2752 2751/2807/2751
f 2705/2760/2705 2753/2809/2753 2752/2808/2752
f 2706/2761/2706 2754/2810/2754 2753/2809/2753
f 2707/2762/2707 2755/2811/2755 2754/2810/2754
f 2708/2763/2708 2756/2812/2756 2755/2811/2755
f 2709/2764/2709 2757/2813/2757 2756/2812/2756
f 2710/2765/2710 2758/2814/2758 2757/2813/2757
f 2711/2766/2711 2759/2815/2759 2758/2814/2758
f 2712/2767/2712 2760/2816/2760 2759/2815/2759
f 2713/2768/2713 2761/2817/2761 2760/2816/2760
f 2714/2769/2714 2762/2818/2762 2761/2817/2761
f 2715/2771/2715 2763/2820/2763 2762/2818/2762
f 2716/2819/2716 2764/2870/2764 2763/2820/2763
f 2765/2821/2765 2764/2870/2764 2716/2819/2716
f 2766/2822/2766 2765/2821/2765 2717/2772/2717
f 2767/2823/2767 2766/2822/2766 2718/2773/2718
f 2768/2824/2768 2767/2823/2767 2719/2774/2719
f 2769/2825/2769 2768/2824/2768 2720/2775/2720
f 2770/2826/2770 2769/2825/2769 2721/2776/2721
f 2771/2827/2771 2770/2826/2770 2722/2777/2722
f 2772/2828/2772 2771/2827/2771 2723/2778/2723
f 2773/2829/2773 2772/2828/2772 2724/2779/2724
f 2774/2830/2774 2773/2829/2773 2725/2780/2725
f 2775/2831/2775 2774/2830/2774 2726/2781/2726
f 2776/2832/2776 2775/2831/2775 2727/2782/2727
f 2777/2833/2777 2776/2832/2776 2728/2783/2728
f 2778/2834/2778 2777/2833/2777 2729/2784/2729
f 2779/2835/2779 2778/2834/2778 2730/2785/2730
f 2780/2836/2780 2779/2835/2779 2731/2786/2731
f 2781/2837/2781 2780/2836/2780 2732/2787/2732
f 2782/2838/2782 2781/2837/2781 2733/2788/2733
f 2783/2839/2783 2782/2838/2782 2734/2789/2734
f 2784/2840/2784 2783/2839/2783 2735/2790/2735
f 2737/2792/2737 2785/2890/2785 2832/2841/2832
f 2738/2793/2738 2786/2844/2786 2785/2842/2785
f 2739/2795/2739 2787/2845/2787 2786/2844/2786
f 2740/2796/2740 2788/2894/2788 2787/2845/2787
f 2789/2846/2789 2788/2894/2788 2740/2796/2740
f 2790/2847/2790 2789/2846/2789 2741/2797/2741
f 2791/2848/2791 2790/2847/2790 2742/2798/2742
f 2792/2849/2792 2791/2848/2791 2743/2799/2743
f 2793/2850/2793 2792/2849/2792 2744/2800/2744
f 2794/2851/2794 2793/2850/2793 2745/2801/2745
f 2795/2852/2795 2794/2851/2794 2746/2802/2746
f 2796/2853/2796 2795/2852/2795 2747/2803/2747
f 2797/2854/2797 2796/2853/2796 2748/2804/2748
f 2798/2855/2798 2797/2854/2797 2749/2805/2749
f 2799/2856/2799 2798/2855/2798 2750/2806/2750
f 2800/2857/2800 2799/2856/2799 2751/2807/2751
f 2801/2858/2801 2800/2857/2800 2752/2808/2752
f 2802/2859/2802 2801/2858/2801 2753/2809/2753
f 2803/2860/2803 2802/2859/2802 2754/2810/2754
f 2804/2861/2804 2803/2860/2803 2755/2811/2755
f 2805/2862/2805 2804/2861/2804 2756/2812/2756
f 2806/2863/2806 2805/2862/2805 2757/2813/2757
f 2807/2864/2807 2806/2863/2806 2758/2814/2758
f 2808/2865/2808 2807/2864/2807 2759/2815/2759
f 2809/2866/2809 2808/2865/2808 2760/2816/2760
f 2810/2867/2810 2809/2866/2809 2761/2817/2761
f 2811/2868/2811 2810/2867/2810 2762/2818/2762
f 2812/2869/2812 2811/2868/2811 2763/2820/2763
f 2765/2821/2765 2813/2871/2813 2812/2869/2812
f 2766/2822/2766 2814/2872/2814 2813/2871/2813
f 2767/2823/2767 2815/2873/2815 2814/2872/2814
f 2768/2824/2768 2816/2874/2816 2815/2873/2815
f 2769/2825/2769 2817/2875/2817 2816/2874/2816
f 2770/2826/2770 2818/2876/2818 2817/2875/2817
f 2771/2827/2771 2819/2877/2819 2818/2876/2818
f 2772/2828/2772 2820/2878/2820 2819/2877/2819
f 2773/2829/2773 2821/2879/2821 2820/2878/2820
f 2774/2830/2774 2822/2880/2822 2821/2879/2821
f 2775/2831/2775 2823/2881/2823 2822/2880/2822
f 2776/2832/2776 2824/2882/2824 2823/2881/2823
f 2777/2833/2777 2825/2883/2825 2824/2882/2824
f 2778/2834/2778 2826/2884/2826 2825/2883/2825
f 2779/2835/2779 2827/2885/2827 2826/2884/2826
f 2780/2836/2780 2828/2886/2828 2827/2885/2827
f 2781/2837/2781 2829/2887/2829 2828/2886/2828
f 2782/2838/2782 2830/2888/2830 2829/2887/2829
f 2783/2839/2783 2831/2889/2831 2830/2888/2830
f 2784/2840/2784 2832/2841/2832 2831/2889/2831
f 2785/2890/2785 2833/2940/2833 2880/2891/2880
f 2786/2844/2786 2834/2893/2834 2833/2892/2833
f 2787/2845/2787 2835/2895/2835 2834/2893/2834
f 2788/2894/2788 2836/2944/2836 2835/2895/2835
f 2837/2896/2837 2836/2944/2836 2788/2894/2788
f 2838/2897/2838 2837/2896/2837 2789/2846/2789
f 2839/2898/2839 2838/2897/2838 2790/2847/2790
f 2840/2899/2840 2839/2898/2839 2791/2848/2791
f 2841/2900/2841 2840/2899/2840 2792/2849/2792
f 2842/2901/2842 2841/2900/2841 2793/2850/2793
f 2843/2902/2843 2842/2901/2842 2794/2851/2794
f 2844/2903/2844 2843/2902/2843 2795/2852/2795
f 2845/2904/2845 2844/2903/2844 2796/2853/2796
f 2846/2905/2846 2845/2904/2845 2797/2854/2797
f 2847/2906/2847 2846/2905/2846 2798/2855/2798
f 2848/2907/2848 2847/2906/2847 2799/2856/2799
f 2849/2908/2849 2848/2907/2848 2800/2857/2800
f 2850/2909/2850 2849/2908/2849 2801/2858/2801
f 2851/2910/2851 2850/2909/2850 2802/2859/2802
f 2852/2911/2852 2851/2910/2851 2803/2860/2803
f 2853/2912/2853 2852/2911/2852 2804/2861/2804
f 2854/2913/2854 2853/2912/2853 2805/2862/2805
f 2855/2914/2855 2854/2913/2854 2806/2863/2806
f 2856/2915/2856 2855/2914/2855 2807/2864/2807
f 2857/2916/2857 2856/2915/2856 2808/2865/2808
f 2858/2917/2858 2857/2916/2857 2809/2866/2809
f 2859/2918/2859 2858/2917/2858 2810/2867/2810
f 2860/2919/2860 2859/2918/2859 2811/2868/2811
f 2813/2871/2813 2861/2920/2861 2860/2919/2860
f 2814/2872/2814 2862/2921/2862 2861/2920/2861
f 2815/2873/2815 2863/2922/2863 2862/2921/2862
f 2816/2874/2816 2864/2923/2864 2863/2922/2863
f 2817/2875/2817 2865/2924/2865 2864/2923/2864
f 2818/2876/2818 2866/2925/2866 2865/2924/2865
f 2819/2877/2819 2867/2926/2867 2866/2925/2866
f 2820/2878/2820 2868/2927/2868 2867/2926/2867
f 2821/2879/2821 2869/2928/2869 2868/2927/2868
f 2822/2880/2822 2870/2929/2870 2869/2928/2869
f 2823/2881/2823 2871/2930/2871 2870/2929/2870
f 2824/2882/2824 2872/2931/2872 2871/2930/2871
f 2825/2883/2825 2873/2932/2873 2872/2931/2872
f 2826/2884/2826 2874/2933/2874 2873/2932/2873
f 2827/2885/2827 2875/2934/2875 2874/2933/2874
f 2828/2886/2828 2876/2935/2876 2875/2934/2875
f 2829/2887/2829 2877/2936/2877 2876/2935/2876
f 2830/2888/2830 2878/2937/2878 2877/2936/2877
f 2831/2889/2831 2879/2938/2879 2878/2937/2878
f 2832/2841/2832 2880/2891/2880 2879/2938/2879
f 2881/2939/2881 2928/2987/2928 2880/2891/2880
f 2882/2941/2882 2881/2990/2881 2833/2892/2833
f 2883/2942/2883 2882/2941/2882 2834/2893/2834
f 2884/2943/2884 2883/2942/2883 2835/2895/2835
f 2885/2945/2885 2884/2943/2884 2836/2944/2836
f 2886/2946/2886 2885/2945/2885 2837/2896/2837
f 2887/2947/2887 2886/2946/2886 2838/2897/2838
f 2888/2948/2888 2887/2947/2887 2839/2898/2839
f 2889/2949/2889 2888/2948/2888 2840/2899/2840
f 2842/2901/2842 2890/2950/2890 2889/2949/2889
f 2843/2902/2843 2891/2951/2891 2890/2950/2890
f 2844/2903/2844 2892/2952/2892 2891/2951/2891
f 2845/2904/2845 2893/2953/2893 2892/2952/2892
f 2846/2905/2846 2894/2954/2894 2893/2953/2893
f 2847/2906/2847 2895/2955/2895 2894/2954/2894
f 2848/2907/2848 2896/2956/2896 2895/2955/2895
f 2849/2908/2849 2897/2957/2897 2896/2956/2896
f 2850/2909/2850 2898/2958/2898 2897/2957/2897
f 2851/2910/2851 2899/2959/2899 2898/2958/2898
f 2852/2911/2852 2900/2960/2900 2899/2959/2899
f 2853/2912/2853 2901/2961/2901 2900/2960/2900
f 2854/2913/2854 2902/2962/2902 2901/2961/2901
f 2855/2914/2855 2903/2963/2903 2902/2962/2902
f 2856/2915/2856 2904/2964/2904 2903/2963/2903
f 2857/2916/2857 2905/2965/2905 2904/2964/2904
f 2858/2917/2858 2906/2966/2906 2905/2965/2905
f 2859/2918/2859 2907/2967/2907 2906/2966/2906
f 2860/2919/2860 2908/2968/2908 2907/2967/2907
f 2861/2920/2861 2909/2969/2909 2908/2968/2908
f 2862/2921/2862 2910/2970/2910 2909/2969/2909
f 2863/2922/2863 2911/2971/2911 2910/2970/2910
f 2864/2923/2864 2912/2972/2912 2911/2971/2911
f 2865/2924/2865 2913/3020/2913 2912/2972/2912
f 2914/2973/2914 2913/3020/2913 2865/2924/2865
f 2915/2974/2915 2914/2973/2914 2866/2925/2866
f 2916/2975/2916 2915/2974/2915 2867/2926/2867
f 2917/2976/2917 2916/2975/2916 2868/2927/2868
f 2918/2977/2918 2917/2976/2917 2869/2928/2869
f 2919/2978/2919 2918/2977/2918 2870/2929/2870
f 2920/2979/2920 2919/2978/2919 2871/2930/2871
f 2921/2980/2921 2920/2979/2920 2872/2931/2872
f 2922/2981/2922 2921/2980/2921 2873/2932/2873
f 2923/2982/2923 2922/2981/2922 2874/2933/2874
f 2924/2983/2924 2923/2982/2923 2875/2934/2875
f 2925/2984/2925 2924/2983/2924 2876/2935/2876
f 2926/2985/2926 2925/2984/2925 2877/2936/2877
f 2927/2986/2927 2926/2985/2926 2878/2937/2878
f 2928/2987/2928 2927/2986/2927 2879/2938/2879
f 2929/2988/2929 2976/3036/2976 2928/2987/2928
f 2930/2989/2930 2929/3039/2929 2881/2990/2881
f 2931/2991/2931 2930/2989/2930 2882/2941/2882
f 2932/2992/2932 2931/2991/2931 2883/2942/2883
f 2933/2993/2933 2932/2992/2932 2884/2943/2884
f 2934/2994/2934 2933/2993/2933 2885/2945/2885
f 2935/2995/2935 2934/2994/2934 2886/2946/2886
f 2936/2996/2936 2935/2995/2935 2887/2947/2887
f 2937/2997/2937 2936/2996/2936 2888/2948/2888
f 2890/2950/2890 2938/2998/2938 2937/2997/2937
f 2891/2951/2891 2939/2999/2939 2938/2998/2938
f 2892/2952/2892 2940/3000/2940 2939/2999/2939
f 2893/2953/2893 2941/3001/2941 2940/3000/2940
f 2894/2954/2894 2942/3002/2942 2941/3001/2941
f 2895/2955/2895 2943/3003/2943 2942/3002/2942
f 2896/2956/2896 2944/3004/2944 2943/3003/2943
f 2897/2957/2897 2945/3005/2945 2944/3004/2944
f 2898/2958/2898 2946/3006/2946 2945/3005/2945
f 2899/2959/2899 2947/3007/2947 2946/3006/2946
f 2900/2960/2900 2948/3008/2948 2947/3007/2947
f 2901/2961/2901 2949/3009/2949 2948/3008/2948
f 2902/2962/2902 2950/3010/2950 2949/3009/2949
f 2903/2963/2903 2951/3011/2951 2950/3010/2950
f 2904/2964/2904 2952/3012/2952 2951/3011/2951
f 2905/2965/2905 2953/3013/2953 2952/3012/2952
f 2906/2966/2906 2954/3014/2954 2953/3013/2953
f 2907/2967/2907 2955/3015/2955 2954/3014/2954
f 2908/2968/2908 2956/3016/2956 2955/3015/2955
f 2909/2969/2909 2957/3017/2957 2956/3016/2956
f 2910/2970/2910 2958/3018/2958 2957/3017/2957
f 2911/2971/2911 2959/3019/2959 2958/3018/2958
f 2912/2972/2912 2960/3021/2960 2959/3019/2959
f 2913/3020/2913 2961/3069/2961 2960/3021/2960
f 2962/3022/2962 2961/3069/2961 2913/3020/2913
f 2963/3023/2963 2962/3022/2962 2914/2973/2914
f 2964/3024/2964 2963/3023/2963 2915/2974/2915
f 2965/3025/2965 2964/3024/2964 2916/2975/2916
f 2966/3026/2966 2965/3025/2965 2917/2976/2917
f 2967/3027/2967 2966/3026/2966 2918/2977/2918
f 2968/3028/2968 2967/3027/2967 2919/2978/2919
f 2969/3029/2969 2968/3028/2968 2920/2979/2920
f 2970/3030/2970 2969/3029/2969 2921/2980/2921
f 2971/3031/2971 2970/3030/2970 2922/2981/2922
f 2972/3032/2972 2971/3031/2971 2923/2982/2923
f 2973/3033/2973 2972/3032/2972 2924/2983/2924
f 2974/3034/2974 2973/3033/2973 2925/2984/2925
f 2975/3035/2975 2974/3034/2974 2926/2985/2926
f 2976/3036/2976 2975/3035/2975 2927/2986/2927
f 2929/2988/2929 2977/3086/2977 3024/3037/3024
f 2930/2989/2930 2978/3040/2978 2977/3038/2977
f 2931/2991/2931 2979/3041/2979 2978/3040/2978
f 2932/2992/2932 2980/3042/2980 2979/3041/2979
f 2933/2993/2933 2981/3043/2981 2980/3042/2980
f 2934/2994/2934 2982/3044/2982 2981/3043/2981
f 2935/2995/2935 2983/3093/2983 2982/3044/2982
f 2984/3045/2984 2983/3093/2983 2935/2995/2935
f 2985/3046/2985 2984/3045/2984 2936/2996/2936
f 2986/3047/2986 2985/3046/2985 2937/2997/2937
f 2987/3048/2987 2986/3047/2986 2938/2998/2938
f 2988/3049/2988 2987/3048/2987 2939/2999/2939
f 2989/3050/2989 2988/3049/2988 2940/3000/2940
f 2990/3051/2990 2989/3050/2989 2941/3001/2941
f 2991/3052/2991 2990/3051/2990 2942/3002/2942
f 2992/3053/2992 2991/3052/2991 2943/3003/2943
f 2993/3054/2993 2992/3053/2992 2944/3004/2944
f 2994/3055/2994 2993/3054/2993 2945/3005/2945
f 2995/3056/2995 2994/3055/2994 2946/3006/2946
f 2996/3057/2996 2995/3056/2995 2947/3007/2947
f 2997/3058/2997 2996/3057/2996 2948/3008/2948
f 2998/3059/2998 2997/3058/2997 2949/3009/2949
f 2999/3060/2999 2998/3059/2998 2950/3010/2950
f 3000/3061/3000 2999/3060/2999 2951/3011/2951
f 3001/3062/3001 3000/3061/3000 2952/3012/2952
f 3002/3063/3002 3001/3062/3001 2953/3013/2953
f 3003/3064/3003 3002/3063/3002 2954/3014/2954
f 3004/3065/3004 3003/3064/3003 2955/3015/2955
f 3005/3066/3005 3004/3065/3004 2956/3016/2956
f 3006/3067/3006 3005/3066/3005 2957/3017/2957
f 3007/3068/3007 3006/3067/3006 2958/3018/2958
f 2960/3021/2960 3008/3070/3008 3007/3068/3007
f 2961/3069/2961 3009/3071/3009 3008/3070/3008
f 2962/3022/2962 3010/3072/3010 3009/3071/3009
f 2963/3023/2963 3011/3073/3011 3010/3072/3010
f 2964/3024/2964 3012/3074/3012 3011/3073/3011
f 2965/3025/2965 3013/3075/3013 3012/3074/3012
f 2966/3026/2966 3014/3076/3014 3013/3075/3013
f 2967/3027/2967 3015/3077/3015 3014/3076/3014
f 2968/3028/2968 3016/3078/3016 3015/3077/3015
f 2969/3029/2969 3017/3079/3017 3016/3078/3016
f 2970/3030/2970 3018/3080/3018 3017/3079/3017
f 2971/3031/2971 3019/3081/3019 3018/3080/3018
f 2972/3032/2972 3020/3082/3020 3019/3081/3019
f 2973/3033/2973 3021/3083/3021 3020/3082/3020
f 2974/3034/2974 3022/3084/3022 3021/3083/3021
f 2975/3035/2975 3023/3085/3023 3022/3084/3022
f 2976/3036/2976 3024/3037/3024 3023/3085/3023
f 2977/3086/2977 3025/3135/3025 3072/3087/3072
f 2978/3040/2978 3026/3089/3026 3025/3088/3025
f 2979/3041/2979 3027/3090/3027 3026/3089/3026
f 2980/3042/2980 3028/3091/3028 3027/3090/3027
f 2981/3043/2981 3029/3092/3029 3028/3091/3028
f 2982/3044/2982 3030/3094/3030 3029/3092/3029
f 2983/3093/2983 3031/3142/3031 3030/3094/3030
f 3032/3095/3032 3031/3142/3031 2983/3093/2983
f 3033/3096/3033 3032/3095/3032 2984/3045/2984
f 3034/3097/3034 3033/3096/3033 2985/3046/2985
f 3035/3098/3035 3034/3097/3034 2986/3047/2986
f 3036/3099/3036 3035/3098/3035 2987/3048/2987
f 3037/3100/3037 3036/3099/3036 2988/3049/2988
f 3038/3101/3038 3037/3100/3037 2989/3050/2989
f 3039/3102/3039 3038/3101/3038 2990/3051/2990
f 3040/3103/3040 3039/3102/3039 2991/3052/2991
f 3041/3104/3041 3040/3103/3040 2992/3053/2992
f 3042/3105/3042 3041/3104/3041 2993/3054/2993
f 3043/3106/3043 3042/3105/3042 2994/3055/2994
f 3044/3107/3044 3043/3106/3043 2995/3056/2995
f 3045/3108/3045 3044/3107/3044 2996/3057/2996
f 3046/3109/3046 3045/3108/3045 2997/3058/2997
f 3047/3110/3047 3046/3109/3046 2998/3059/2998
f 3048/3111/3048 3047/3110/3047 2999/3060/2999
f 3049/3112/3049 3048/3111/3048 3000/3061/3000
f 3050/3113/3050 3049/3112/3049 3001/3062/3001
f 3051/3114/3051 3050/3113/3050 3002/3063/3002
f 3052/3115/3052 3051/3114/3051 3003/3064/3003
f 3053/3116/3053 3052/3115/3052 3004/3065/3004
f 3054/3117/3054 3053/3116/3053 3005/3066/3005
f 3055/3118/3055 3054/3117/3054 3006/3067/3006
f 3008/3070/3008 3056/3119/3056 3055/3118/3055
f 3009/3071/3009 3057/3120/3057 3056/3119/3056
f 3010/3072/3010 3058/3121/3058 3057/3120/3057
f 3011/3073/3011 3059/3122/3059 3058/3121/3058
f 3012/3074/3012 3060/3123/3060 3059/3122/3059
f 3013/3075/3013 3061/3124/3061 3060/3123/3060
f 3014/3076/3014 3062/3125/3062 3061/3124/3061
f 3015/3077/3015 3063/3126/3063 3062/3125/3062
f 3016/3078/3016 3064/3127/3064 3063/3126/3063
f 3017/3079/3017 3065/3128/3065 3064/3127/3064
f 3018/3080/3018 3066/3129/3066 3065/3128/3065
f 3019/3081/3019 3067/3130/3067 3066/3129/3066
f 3020/3082/3020 3068/3131/3068 3067/3130/3067
f 3021/3083/3021 3069/3132/3069 3068/3131/3068
f 3022/3084/3022 3070/3133/3070 3069/3132/3069
f 3023/3085/3023 3071/3134/3071 3070/3133/3070
f 3024/3037/3024 3072/3087/3072 3071/3134/3071
f 3025/3135/3025 3073/3184/3073 3120/3136/3120
f 3026/3089/3026 3074/3138/3074 3073/3137/3073
f 3027/3090/3027 3075/3139/3075 3074/3138/3074
f 3028/3091/3028 3076/3140/3076 3075/3139/3075
f 3029/3092/3029 3077/3141/3077 3076/3140/3076
f 3030/3094/3030 3078/3143/3078 3077/3141/3077
f 3031/3142/3031 3079/3191/3079 3078/3143/3078
f 3080/3144/3080 3079/3191/3079 3031/3142/3031
f 3081/3145/3081 3080/3144/3080 3032/3095/3032
f 3082/3146/3082 3081/3145/3081 3033/3096/3033
f 3083/3147/3083 3082/3146/3082 3034/3097/3034
f 3084/3148/3084 3083/3147/3083 3035/3098/3035
f 3085/3149/3085 3084/3148/3084 3036/3099/3036
f 3086/3150/3086 3085/3149/3085 3037/3100/3037
f 3087/3151/3087 3086/3150/3086 3038/3101/3038
f 3088/3152/3088 3087/3151/3087 3039/3102/3039
f 3089/3153/3089 3088/3152/3088 3040/3103/3040
f 3090/3154/3090 3089/3153/3089 3041/3104/3041
f 3091/3155/3091 3090/3154/3090 3042/3105/3042
f 3092/3156/3092 3091/3155/3091 3043/3106/3043
f 3093/3157/3093 3092/3156/3092 3044/3107/3044
f 3094/3158/3094 3093/3157/3093 3045/3108/3045
f 3095/3159/3095 3094/3158/3094 3046/3109/3046
f 3096/3160/3096 3095/3159/3095 3047/3110/3047
f 3097/3161/3097 3096/3160/3096 3048/3111/3048
f 3098/3162/3098 3097/3161/3097 3049/3112/3049
f 3099/3163/3099 3098/3162/3098 3050/3113/3050
f 3100/3164/3100 3099/3163/3099 3051/3114/3051
f 3101/3165/3101 3100/3164/3100 3052/3115/3052
f 3102/3166/3102 3101/3165/3101 3053/3116/3053
f 3103/3167/3103 3102/3166/3102 3054/3117/3054
f 3056/3119/3056 3104/3168/3104 3103/3167/3103
f 3057/3120/3057 3105/3169/3105 3104/3168/3104
f 3058/3121/3058 3106/3170/3106 3105/3169/3105
f 3059/3122/3059 3107/3171/3107 3106/3170/3106
f 3060/3123/3060 3108/3172/3108 3107/3171/3107
f 3061/3124/3061 3109/3173/3109 3108/3172/3108
f 3062/3125/3062 3110/3174/3110 3109/3173/3109
f 3063/3126/3063 3111/3175/3111 3110/3174/3110
f 3064/3127/3064 3112/3176/3112 3111/3175/3111
f 3065/3128/3065 3113/3177/3113 3112/3176/3112
f 3066/3129/3066 3114/3178/3114 3113/3177/3113
f 3067/3130/3067 3115/3179/3115 3114/3178/3114
f 3068/3131/3068 3116/3180/3116 3115/3179/3115
f 3069/3132/3069 3117/3181/3117 3116/3180/3116
f 3070/3133/3070 3118/3182/3118 3117/3181/3117
f 3071/3134/3071 3119/3183/3119 3118/3182/3118
f 3072/3087/3072 3120/3136/3120 3119/3183/3119
f 3073/3184/3073 3121/3234/3121 3168/3185/3168
f 3074/3138/3074 3122/3187/3122 3121/3186/3121
f 3075/3139/3075 3123/3188/3123 3122/3187/3122
f 3076/3140/3076 3124/3189/3124 3123/3188/3123
f 3077/3141/3077 3125/3190/3125 3124/3189/3124
f 3078/3143/3078 3126/3192/3126 3125/3190/3125
f 3079/3191/3079 3127/3241/3127 3126/3192/3126
f 3128/3193/3128 3127/3241/3127 3079/3191/3079
f 3129/3194/3129 3128/3193/3128 3080/3144/3080
f 3130/3195/3130 3129/3194/3129 3081/3145/3081
f 3131/3196/3131 3130/3195/3130 3082/3146/3082
f 3132/3197/3132 3131/3196/3131 3083/3147/3083
f 3133/3198/3133 3132/3197/3132 3084/3148/3084
f 3134/3199/3134 3133/3198/3133 3085/3149/3085
f 3135/3200/3135 3134/3199/3134 3086/3150/3086
f 3136/3201/3136 3135/3200/3135 3087/3151/3087
f 3137/3202/3137 3136/3201/3136 3088/3152/3088
f 3138/3203/3138 3137/3202/3137 3089/3153/3089
f 3139/3204/3139 3138/3203/3138 3090/3154/3090
f 3140/3205/3140 3139/3204/3139 3091/3155/3091
f 3141/3206/3141 3140/3205/3140 3092/3156/3092
f 3142/3207/3142 3141/3206/3141 3093/3157/3093
f 3143/3208/3143 3142/3207/3142 3094/3158/3094
f 3144/3209/3144 3143/3208/3143 3095/3159/3095
f 3145/3210/3145 3144/3209/3144 3096/3160/3096
f 3146/3211/3146 3145/3210/3145 3097/3161/3097
f 3147/3212/3147 3146/3211/3146 3098/3162/3098
f 3148/3213/3148 3147/3212/3147 3099/3163/3099
f 3149/3214/3149 3148/3213/3148 3100/3164/3100
f 3150/3215/3150 3149/3214/3149 3101/3165/3101
f 3151/3216/3151 3150/3215/3150 3102/3166/3102
f 3104/3168/3104 3152/3217/3152 3151/3216/3151
f 3105/3169/3105 3153/3218/3153 3152/3217/3152
f 3106/3170/3106 3154/3219/3154 3153/3218/3153
f 3107/3171/3107 3155/3220/3155 3154/3219/3154
f 3108/3172/3108 3156/3221/3156 3155/3220/3155
f 3109/3173/3109 3157/3222/3157 3156/3221/3156
f 3110/3174/3110 3158/3223/3158 3157/3222/3157
f 3111/3175/3111 3159/3224/3159 3158/3223/3158
f 3112/3176/3112 3160/3225/3160 3159/3224/3159
f 3113/3177/3113 3161/3226/3161 3160/3225/3160
f 3114/3178/3114 3162/3227/3162 3161/3226/3161
f 3115/3179/3115 3163/3228/3163 3162/3227/3162
f 3116/3180/3116 3164/3229/3164 3163/3228/3163
f 3117/3181/3117 3165/3230/3165 3164/3229/3164
f 3118/3182/3118 3166/3231/3166 3165/3230/3165
f 3119/3183/3119 3167/3232/3167 3166/3231/3166
f 3120/3136/3120 3168/3185/3168 3167/3232/3167
f 3169/3233/3169 3216/3281/3216 3168/3185/3168
f 3170/3235/3170 3169/3284/3169 3121/3186/3121
f 3171/3236/3171 3170/3235/3170 3122/3187/3122
f 3172/3237/3172 3171/3236/3171 3123/3188/3123
f 3173/3238/3173 3172/3237/3172 3124/3189/3124
f 3174/3239/3174 3173/3238/3173 3125/3190/3125
f 3175/3240/3175 3174/3239/3174 3126/3192/3126
f 3128/3193/3128 3176/3242/3176 3175/3240/3175
f 3129/3194/3129 3177/3243/3177 3176/3242/3176
f 3130/3195/3130 3178/3244/3178 3177/3243/3177
f 3131/3196/3131 3179/3245/3179 3178/3244/3178
f 3132/3197/3132 3180/3246/3180 3179/3245/3179
f 3133/3198/3133 3181/3247/3181 3180/3246/3180
f 3134/3199/3134 3182/3248/3182 3181/3247/3181
f 3135/3200/3135 3183/3249/3183 3182/3248/3182
f 3136/3201/3136 3184/3250/3184 3183/3249/3183
f 3137/3202/3137 3185/3251/3185 3184/3250/3184
f 3138/3203/3138 3186/3252/3186 3185/3251/3185
f 3139/3204/3139 3187/3253/3187 3186/3252/3186
f 3140/3205/3140 3188/3254/3188 3187/3253/3187
f 3141/3206/3141 3189/3255/3189 3188/3254/3188
f 3142/3207/3142 3190/3256/3190 3189/3255/3189
f 3143/3208/3143 3191/3257/3191 3190/3256/3190
f 3144/3209/3144 3192/3258/3192 3191/3257/3191
f 3145/3210/3145 3193/3259/3193 3192/3258/3192
f 3146/3211/3146 3194/3260/3194 3193/3259/3193
f 3147/3212/3147 3195/3261/3195 3194/3260/3194
f 3148/3213/3148 3196/3262/3196 3195/3261/3195
f 3149/3214/3149 3197/3263/3197 3196/3262/3196
f 3150/3215/3150 3198/3264/3198 3197/3263/3197
f 3151/3216/3151 3199/3312/3199 3198/3264/3198
f 3200/3265/3200 3199/3312/3199 3151/3216/3151
f 3201/3266/3201 3200/3265/3200 3152/3217/3152
f 3202/3267/3202 3201/3266/3201 3153/3218/3153
f 3203/3268/3203 3202/3267/3202 3154/3219/3154
f 3204/3269/3204 3203/3268/3203 3155/3220/3155
f 3205/3270/3205 3204/3269/3204 3156/3221/3156
f 3206/3271/3206 3205/3270/3205 3157/3222/3157
f 3207/3272/3207 3206/3271/3206 3158/3223/3158
f 3208/3273/3208 3207/3272/3207 3159/3224/3159
f 3209/3274/3209 3208/3273/3208 3160/3225/3160
f 3210/3275/3210 3209/3274/3209 3161/3226/3161
f 3211/3276/3211 3210/3275/3210 3162/3227/3162
f 3212/3277/3212 3211/3276/3211 3163/3228/3163
f 3213/3278/3213 3212/3277/3212 3164/3229/3164
f 3214/3279/3214 3213/3278/3213 3165/3230/3165
f 3215/3280/3215 3214/3279/3214 3166/3231/3166
f 3216/3281/3216 3215/3280/3215 3167/3232/3167
f 3217/3282/3217 3264/3330/3264 3216/3281/3216
f 3218/3283/3218 3217/3333/3217 3169/3284/3169
f 3219/3285/3219 3218/3283/3218 3170/3235/3170
f 3220/3286/3220 3219/3285/3219 3171/3236/3171
f 3221/3287/3221 3220/3286/3220 3172/3237/3172
f 3222/3288/3222 3221/3287/3221 3173/3238/3173
f 3223/3289/3223 3222/3288/3222 3174/3239/3174
f 3176/3242/3176 3224/3290/3224 3223/3289/3223
f 3177/3243/3177 3225/3291/3225 3224/3290/3224
f 3178/3244/3178 3226/3292/3226 3225/3291/3225
f 3179/3245/3179 3227/3293/3227 3226/3292/3226
f 3180/3246/3180 3228/3294/3228 3227/3293/3227
f 3181/3247/3181 3229/3295/3229 3228/3294/3228
f 3182/3248/3182 3230/3296/3230 3229/3295/3229
f 3183/3249/3183 3231/3297/3231 3230/3296/3230
f 3184/3250/3184 3232/3298/3232 3231/3297/3231
f 3185/3251/3185 3233/3299/3233 3232/3298/3232
f 3186/3252/3186 3234/3300/3234 3233/3299/3233
f 3187/3253/3187 3235/3301/3235 3234/3300/3234
f 3188/3254/3188 3236/3302/3236 3235/3301/3235
f 3189/3255/3189 3237/3303/3237 3236/3302/3236
f 3190/3256/3190 3238/3304/3238 3237/3303/3237
f 3191/3257/3191 3239/3305/3239 3238/3304/3238
f 3192/3258/3192 3240/3306/3240 3239/3305/3239
f 3193/3259/3193 3241/3307/3241 3240/3306/3240
f 3194/3260/3194 3242/3308/3242 3241/3307/3241
f 3195/3261/3195 3243/3309/3243 3242/3308/3242
f 3196/3262/3196 3244/3310/3244 3243/3309/3243
f 3197/3263/3197 3245/3311/3245 3244/3310/3244
f 3198/3264/3198 3246/3313/3246 3245/3311/3245
f 3199/3312/3199 3247/3361/3247 3246/3313/3246
f 3248/3314/3248 3247/3361/3247 3199/3312/3199
f 3249/3315/3249 3248/3314/3248 3200/3265/3200
f 3250/3316/3250 3249/3315/3249 3201/3266/3201
f 3251/3317/3251 3250/3316/3250 3202/3267/3202
f 3252/3318/3252 3251/3317/3251 3203/3268/3203
f 3253/3319/3253 3252/3318/3252 3204/3269/3204
f 3254/3320/3254 3253/3319/3253 3205/3270/3205
f 3255/3321/3255 3254/3320/3254 3206/3271/3206
f 3256/3322/3256 3255/3321/3255 3207/3272/3207
f 3257/3323/3257 3256/3322/3256 3208/3273/3208
f 3258/3324/3258 3257/3323/3257 3209/3274/3209
f 3259/3325/3259 3258/3324/3258 3210/3275/3210
f 3260/3326/3260 3259/3325/3259 3211/3276/3211
f 3261/3327/3261 3260/3326/3260 3212/3277/3212
f 3262/3328/3262 3261/3327/3261 3213/3278/3213
f 3263/3329/3263 3262/3328/3262 3214/3279/3214
f 3264/3330/3264 3263/3329/3263 3215/3280/3215
f 3265/3331/3265 3312/3379/3312 3264/3330/3264
f 3266/3332/3266 3265/3382/3265 3217/3333/3217
f 3267/3334/3267 3266/3332/3266 3218/3283/3218
f 3268/3335/3268 3267/3334/3267 3219/3285/3219
f 3269/3336/3269 3268/3335/3268 3220/3286/3220
f 3270/3337/3270 3269/3336/3269 3221/3287/3221
f 3271/3338/3271 3270/3337/3270 3222/3288/3222
f 3224/3290/3224 3272/3339/3272 3271/3338/3271
f 3225/3291/3225 3273/3340/3273 3272/3339/3272
f 3226/3292/3226 3274/3341/3274 3273/3340/3273
f 3227/3293/3227 3275/3342/3275 3274/3341/3274
f 3228/3294/3228 3276/3343/3276 3275/3342/3275
f 3229/3295/3229 3277/3344/3277 3276/3343/3276
f 3230/3296/3230 3278/3345/3278 3277/3344/3277
f 3231/3297/3231 3279/3346/3279 3278/3345/3278
f 3232/3298/3232 3280/3347/3280 3279/3346/3279
f 3233/3299/3233 3281/3348/3281 3280/3347/3280
f 3234/3300/3234 3282/3349/3282 3281/3348/3281
f 3235/3301/3235 3283/3350/3283 3282/3349/3282
f 3236/3302/3236 3284/3351/3284 3283/3350/3283
f 3237/3303/3237 3285/3352/3285 3284/3351/3284
f 3238/3304/3238 3286/3353/3286 3285/3352/3285
f 3239/3305/3239 3287/3354/3287 3286/3353/3286
f 3240/3306/3240 3288/3355/3288 3287/3354/3287
f 3241/3307/3241 3289/3356/3289 3288/3355/3288
f 3242/3308/3242 3290/3357/3290 3289/3356/3289
f 3243/3309/3243 3291/3358/3291 3290/3357/3290
f 3244/3310/3244 3292/3359/3292 3291/3358/3291
f 3245/3311/3245 3293/3360/3293 3292/3359/3292
f 3246/3313/3246 3294/3362/3294 3293/3360/3293
f 3247/3361/3247 3295/3410/3295 3294/3362/3294
f 3296/3363/3296 3295/3410/3295 3247/3361/3247
f 3297/3364/3297 3296/3363/3296 3248/3314/3248
f 3298/3365/3298 3297/3364/3297 3249/3315/3249
f 3299/3366/3299 3298/3365/3298 3250/3316/3250
f 3300/3367/3300 3299/3366/3299 3251/3317/3251
f 3301/3368/3301 3300/3367/3300 3252/3318/3252
f 3302/3369/3302 3301/3368/3301 3253/3319/3253
f 3303/3370/3303 3302/3369/3302 3254/3320/3254
f 3304/3371/3304 3303/3370/3303 3255/3321/3255
f 3305/3372/3305 3304/3371/3304 3256/3322/3256
f 3306/3373/3306 3305/3372/3305 3257/3323/3257
f 3307/3374/3307 3306/3373/3306 3258/3324/3258
f 3308/3375/3308 3307/3374/3307 3259/3325/3259
f 3309/3376/3309 3308/3375/3308 3260/3326/3260
f 3310/3377/3310 3309/3376/3309 3261/3327/3261
f 3311/3378/3311 3310/3377/3310 3262/3328/3262
f 3312/3379/3312 3311/3378/3311 3263/3329/3263
f 3313/3380/3313 3360/3428/3360 3312/3379/3312
f 3314/3381/3314 3313/3431/3313 3265/3382/3265
f 3315/3383/3315 3314/3381/3314 3266/3332/3266
f 3316/3384/3316 3315/3383/3315 3267/3334/3267
f 3317/3385/3317 3316/3384/3316 3268/3335/3268
f 3318/3386/3318 3317/3385/3317 3269/3336/3269
f 3319/3387/3319 3318/3386/3318 3270/3337/3270
f 3272/3339/3272 3320/3388/3320 3319/3387/3319
f 3273/3340/3273 3321/3389/3321 3320/3388/3320
f 3274/3341/3274 3322/3390/3322 3321/3389/3321
f 3275/3342/3275 3323/3391/3323 3322/3390/3322
f 3276/3343/3276 3324/3392/3324 3323/3391/3323
f 3277/3344/3277 3325/3393/3325 3324/3392/3324
f 3278/3345/3278 3326/3394/3326 3325/3393/3325
f 3279/3346/3279 3327/3395/3327 3326/3394/3326
f 3280/3347/3280 3328/3396/3328 3327/3395/3327
f 3281/3348/3281 3329/3397/3329 3328/3396/3328
f 3282/3349/3282 3330/3398/3330 3329/3397/3329
f 3283/3350/3283 3331/3399/3331 3330/3398/3330
f 3284/3351/3284 3332/3400/3332 3331/3399/3331
f 3285/3352/3285 3333/3401/3333 3332/3400/3332
f 3286/3353/3286 3334/3402/3334 3333/3401/3333
f 3287/3354/3287 3335/3403/3335 3334/3402/3334
f 3288/3355/3288 3336/3404/3336 3335/3403/3335
f 3289/3356/3289 3337/3405/3337 3336/3404/3336
f 3290/3357/3290 3338/3406/3338 3337/3405/3337
f 3291/3358/3291 3339/3407/3339 3338/3406/3338
f 3292/3359/3292 3340/3408/3340 3339/3407/3339
f 3293/3360/3293 3341/3409/3341 3340/3408/3340
f 3294/3362/3294 3342/3411/3342 3341/3409/3341
f 3295/3410/3295 3343/3459/3343 3342/3411/3342
f 3344/3412/3344 3343/3459/3343 3295/3410/3295
f 3345/3413/3345 3344/3412/3344 3296/3363/3296
f 3346/3414/3346 3345/3413/3345 3297/3364/3297
f 3347/3415/3347 3346/3414/3346 3298/3365/3298
f 3348/3416/3348 3347/3415/3347 3299/3366/3299
f 3349/3417/3349 3348/3416/3348 3300/3367/3300
f 3350/3418/3350 3349/3417/3349 3301/3368/3301
f 3351/3419/3351 3350/3418/3350 3302/3369/3302
f 3352/3420/3352 3351/3419/3351 3303/3370/3303
f 3353/3421/3353 3352/3420/3352 3304/3371/3304
f 3354/3422/3354 3353/3421/3353 3305/3372/3305
f 3355/3423/3355 3354/3422/3354 3306/3373/3306
f 3356/3424/3356 3355/3423/3355 3307/3374/3307
f 3357/3425/3357 3356/3424/3356 3308/3375/3308
f 3358/3426/3358 3357/3425/3357 3309/3376/3309
f 3359/3427/3359 3358/3426/3358 3310/3377/3310
f 3360/3428/3360 3359/3427/3359 3311/3378/3311
f 3361/3429/3361 3408/3477/3408 3360/3428/3360
f 3362/3430/3362 3361/3480/3361 3313/3431/3313
f 3363/3432/3363 3362/3430/3362 3314/3381/3314
f 3364/3433/3364 3363/3432/3363 3315/3383/3315
f 3365/3434/3365 3364/3433/3364 3316/3384/3316
f 3366/3435/3366 3365/3434/3365 3317/3385/3317
f 3367/3436/3367 3366/3435/3366 3318/3386/3318
f 3320/3388/3320 3368/3437/3368 3367/3436/3367
f 3321/3389/3321 3369/3438/3369 3368/3437/3368
f 3322/3390/3322 3370/3439/3370 3369/3438/3369
f 3323/3391/3323 3371/3440/3371 3370/3439/3370
f 3324/3392/3324 3372/3441/3372 3371/3440/3371
f 3325/3393/3325 3373/3442/3373 3372/3441/3372
f 3326/3394/3326 3374/3443/3374 3373/3442/3373
f 3327/3395/3327 3375/3444/3375 3374/3443/3374
f 3328/3396/3328 3376/3445/3376 3375/3444/3375
f 3329/3397/3329 3377/3446/3377 3376/3445/3376
f 3330/3398/3330 3378/3447/3378 3377/3446/3377
f 3331/3399/3331 3379/3448/3379 3378/3447/3378
f 3332/3400/3332 3380/3449/3380 3379/3448/3379
f 3333/3401/3333 3381/3450/3381 3380/3449/3380
f 3334/3402/3334 3382/3451/3382 3381/3450/3381
f 3335/3403/3335 3383/3452/3383 3382/3451/3382
f 3336/3404/3336 3384/3453/3384 3383/3452/3383
f 3337/3405/3337 3385/3454/3385 3384/3453/3384
f 3338/3406/3338 3386/3455/3386 3385/3454/3385
f 3339/3407/3339 3387/3456/3387 3386/3455/3386
f 3340/3408/3340 3388/3457/3388 3387/3456/3387
f 3341/3409/3341 3389/3458/3389 3388/3457/3388
f 3342/3411/3342 3390/3460/3390 3389/3458/3389
f 3343/3459/3343 3391/3510/3391 3390/3460/3390
f 3392/3461/3392 3391/3510/3391 3343/3459/3343
f 3393/3462/3393 3392/3461/3392 3344/3412/3344
f 3394/3463/3394 3393/3462/3393 3345/3413/3345
f 3395/3464/3395 3394/3463/3394 3346/3414/3346
f 3396/3465/3396 3395/3464/3395 3347/3415/3347
f 3397/3466/3397 3396/3465/3396 3348/3416/3348
f 3398/3467/3398 3397/3466/3397 3349/3417/3349
f 3399/3468/3399 3398/3467/3398 3350/3418/3350
f 3400/3469/3400 3399/3468/3399 3351/3419/3351
f 3401/3470/3401 3400/3469/3400 3352/3420/3352
f 3402/3471/3402 3401/3470/3401 3353/3421/3353
f 3403/3472/3403 3402/3471/3402 3354/3422/3354
f 3404/3473/3404 3403/3472/3403 3355/3423/3355
f 3405/3474/3405 3404/3473/3404 3356/3424/3356
f 3406/3475/3406 3405/3474/3405 3357/3425/3357
f 3407/3476/3407 3406/3475/3406 3358/3426/3358
f 3408/3477/3408 3407/3476/3407 3359/3427/3359
f 3361/3429/3361 3409/3527/3409 3456/3478/3456
f 3362/3430/3362 3410/3481/3410 3409/3479/3409
f 3363/3432/3363 3411/3482/3411 3410/3481/3410
f 3364/3433/3364 3412/3483/3412 3411/3482/3411
f 3365/3434/3365 3413/3484/3413 3412/3483/3412
f 3366/3435/3366 3414/3485/3414 3413/3484/3413
f 3367/3436/3367 3415/3535/3415 3414/3485/3414
f 3416/3486/3416 3415/3535/3415 3367/3436/3367
f 3417/3487/3417 3416/3486/3416 3368/3437/3368
f 3418/3488/3418 3417/3487/3417 3369/3438/3369
f 3419/3489/3419 3418/3488/3418 3370/3439/3370
f 3420/3490/3420 3419/3489/3419 3371/3440/3371
f 3421/3491/3421 3420/3490/3420 3372/3441/3372
f 3422/3492/3422 3421/3491/3421 3373/3442/3373
f 3423/3493/3423 3422/3492/3422 3374/3443/3374
f 3424/3494/3424 3423/3493/3423 3375/3444/3375
f 3425/3495/3425 3424/3494/3424 3376/3445/3376
f 3426/3496/3426 3425/3495/3425 3377/3446/3377
f 3427/3497/3427 3426/3496/3426 3378/3447/3378
f 3428/3498/3428 3427/3497/3427 3379/3448/3379
f 3429/3499/3429 3428/3498/3428 3380/3449/3380
f 3430/3500/3430 3429/3499/3429 3381/3450/3381
f 3431/3501/3431 3430/3500/3430 3382/3451/3382
f 3432/3502/3432 3431/3501/3431 3383/3452/3383
f 3433/3503/3433 3432/3502/3432 3384/3453/3384
f 3434/3504/3434 3433/3503/3433 3385/3454/3385
f 3435/3505/3435 3434/3504/3434 3386/3455/3386
f 3436/3506/3436 3435/3505/3435 3387/3456/3387
f 3437/3507/3437 3436/3506/3436 3388/3457/3388
f 3438/3508/3438 3437/3507/3437 3389/3458/3389
f 3439/3509/3439 3438/3508/3438 3390/3460/3390
f 3392/3461/3392 3440/3511/3440 3439/3509/3439
f 3393/3462/3393 3441/3512/3441 3440/3511/3440
f 3394/3463/3394 3442/3513/3442 3441/3512/3441
f 3395/3464/3395 3443/3514/3443 3442/3513/3442
f 3396/3465/3396 3444/3515/3444 3443/3514/3443
f 3397/3466/3397 3445/3516/3445 3444/3515/3444
f 3398/3467/3398 3446/3517/3446 3445/3516/3445
f 3399/3468/3399 3447/3518/3447 3446/3517/3446
f 3400/3469/3400 3448/3519/3448 3447/3518/3447
f 3401/3470/3401 3449/3520/3449 3448/3519/3448
f 3402/3471/3402 3450/3521/3450 3449/3520/3449
f 3403/3472/3403 3451/3522/3451 3450/3521/3450
f 3404/3473/3404 3452/3523/3452 3451/3522/3451
f 3405/3474/3405 3453/3524/3453 3452/3523/3452
f 3406/3475/3406 3454/3525/3454 3453/3524/3453
f 3407/3476/3407 3455/3526/3455 3454/3525/3454
f 3408/3477/3408 3456/3478/3456 3455/3526/3455
f 3409/3527/3409 3457/3577/3457 3504/3528/3504
f 3410/3481/3410 3458/3579/3458 3457/3529/3457
f 3459/3530/3459 3458/3579/3458 3410/3481/3410
f 3460/3531/3460 3459/3530/3459 3411/3482/3411
f 3461/3532/3461 3460/3531/3460 3412/3483/3412
f 3462/3533/3462 3461/3532/3461 3413/3484/3413
f 3463/3534/3463 3462/3533/3462 3414/3485/3414
f 3464/3536/3464 3463/3534/3463 3415/3535/3415
f 3465/3537/3465 3464/3536/3464 3416/3486/3416
f 3466/3538/3466 3465/3537/3465 3417/3487/3417
f 3467/3539/3467 3466/3538/3466 3418/3488/3418
f 3468/3540/3468 3467/3539/3467 3419/3489/3419
f 3469/3541/3469 3468/3540/3468 3420/3490/3420
f 3470/3542/3470 3469/3541/3469 3421/3491/3421
f 3471/3543/3471 3470/3542/3470 3422/3492/3422
f 3472/3544/3472 3471/3543/3471 3423/3493/3423
f 3473/3545/3473 3472/3544/3472 3424/3494/3424
f 3474/3546/3474 3473/3545/3473 3425/3495/3425
f 3475/3547/3475 3474/3546/3474 3426/3496/3426
f 3476/3548/3476 3475/3547/3475 3427/3497/3427
f 3477/3549/3477 3476/3548/3476 3428/3498/3428
f 3478/3550/3478 3477/3549/3477 3429/3499/3429
f 3479/3551/3479 3478/3550/3478 3430/3500/3430
f 3480/3552/3480 3479/3551/3479 3431/3501/3431
f 3481/3553/3481 3480/3552/3480 3432/3502/3432
f 3482/3554/3482 3481/3553/3481 3433/3503/3433
f 3435/3505/3435 3483/3555/3483 3482/3554/3482
f 3436/3506/3436 3484/3556/3484 3483/3555/3483
f 3437/3507/3437 3485/3557/3485 3484/3556/3484
f 3438/3508/3438 3486/3558/3486 3485/3557/3485
f 3439/3509/3439 3487/3559/3487 3486/3558/3486
f 3440/3511/3440 3488/3560/3488 3487/3559/3487
f 3441/3512/3441 3489/3561/3489 3488/3560/3488
f 3442/3513/3442 3490/3562/3490 3489/3561/3489
f 3443/3514/3443 3491/3563/3491 3490/3562/3490
f 3444/3515/3444 3492/3564/3492 3491/3563/3491
f 3445/3516/3445 3493/3565/3493 3492/3564/3492
f 3446/3517/3446 3494/3566/3494 3493/3565/3493
f 3447/3518/3447 3495/3567/3495 3494/3566/3494
f 3448/3519/3448 3496/3568/3496 3495/3567/3495
f 3449/3520/3449 3497/3569/3497 3496/3568/3496
f 3450/3521/3450 3498/3570/3498 3497/3569/3497
f 3451/3522/3451 3499/3571/3499 3498/3570/3498
f 3452/3523/3452 3500/3572/3500 3499/3571/3499
f 3453/3524/3453 3501/3573/3501 3500/3572/3500
f 3454/3525/3454 3502/3574/3502 3501/3573/3501
f 3455/3526/3455 3503/3575/3503 3502/3574/3502
f 3456/3478/3456 3504/3528/3504 3503/3575/3503
f 3505/3576/3505 3552/3624/3552 3504/3528/3504
f 3506/3578/3506 3505/3627/3505 3457/3529/3457
f 3507/3580/3507 3506/3578/3506 3458/3579/3458
f 3508/3581/3508 3507/3580/3507 3459/3530/3459
f 3509/3582/3509 3508/3581/3508 3460/3531/3460
f 3510/3583/3510 3509/3582/3509 3461/3532/3461
f 3511/3584/3511 3510/3583/3510 3462/3533/3462
f 3512/3585/3512 3511/3584/3511 3463/3534/3463
f 3513/3586/3513 3512/3585/3512 3464/3536/3464
f 3514/3587/3514 3513/3586/3513 3465/3537/3465
f 3515/3588/3515 3514/3587/3514 3466/3538/3466
f 3468/3540/3468 3516/3589/3516 3515/3588/3515
f 3469/3541/3469 3517/3590/3517 3516/3589/3516
f 3470/3542/3470 3518/3591/3518 3517/3590/3517
f 3471/3543/3471 3519/3592/3519 3518/3591/3518
f 3472/3544/3472 3520/3593/3520 3519/3592/3519
f 3473/3545/3473 3521/3594/3521 3520/3593/3520
f 3474/3546/3474 3522/3595/3522 3521/3594/3521
f 3475/3547/3475 3523/3596/3523 3522/3595/3522
f 3476/3548/3476 3524/3597/3524 3523/3596/3523
f 3477/3549/3477 3525/3598/3525 3524/3597/3524
f 3478/3550/3478 3526/3599/3526 3525/3598/3525
f 3479/3551/3479 3527/3600/3527 3526/3599/3526
f 3480/3552/3480 3528/3601/3528 3527/3600/3527
f 3481/3553/3481 3529/3602/3529 3528/3601/3528
f 3482/3554/3482 3530/3603/3530 3529/3602/3529
f 3483/3555/3483 3531/3604/3531 3530/3603/3530
f 3484/3556/3484 3532/3605/3532 3531/3604/3531
f 3485/3557/3485 3533/3606/3533 3532/3605/3532
f 3486/3558/3486 3534/3607/3534 3533/3606/3533
f 3487/3559/3487 3535/3608/3535 3534/3607/3534
f 3488/3560/3488 3536/3609/3536 3535/3608/3535
f 3489/3561/3489 3537/3610/3537 3536/3609/3536
f 3490/3562/3490 3538/3611/3538 3537/3610/3537
f 3491/3563/3491 3539/3660/3539 3538/3611/3538
f 3540/3612/3540 3539/3660/3539 3491/3563/3491
f 3541/3613/3541 3540/3612/3540 3492/3564/3492
f 3542/3614/3542 3541/3613/3541 3493/3565/3493
f 3543/3615/3543 3542/3614/3542 3494/3566/3494
f 3544/3616/3544 3543/3615/3543 3495/3567/3495
f 3545/3617/3545 3544/3616/3544 3496/3568/3496
f 3546/3618/3546 3545/3617/3545 3497/3569/3497
f 3547/3619/3547 3546/3618/3546 3498/3570/3498
f 3548/3620/3548 3547/3619/3547 3499/3571/3499
f 3549/3621/3549 3548/3620/3548 3500/3572/3500
f 3550/3622/3550 3549/3621/3549 3501/3573/3501
f 3551/3623/3551 3550/3622/3550 3502/3574/3502
f 3552/3624/3552 3551/3623/3551 3503/3575/3503
f 3553/3625/3553 3600/3673/3600 3552/3624/3552
f 3554/3626/3554 3553/3676/3553 3505/3627/3505
f 3555/3628/3555 3554/3626/3554 3506/3578/3506
f 3556/3629/3556 3555/3628/3555 3507/3580/3507
f 3557/3630/3557 3556/3629/3556 3508/3581/3508
f 3558/3631/3558 3557/3630/3557 3509/3582/3509
f 3559/3632/3559 3558/3631/3558 3510/3583/3510
f 3560/3633/3560 3559/3632/3559 3511/3584/3511
f 3561/3634/3561 3560/3633/3560 3512/3585/3512
f 3562/3635/3562 3561/3634/3561 3513/3586/3513
f 3515/3588/3515 3563/3636/3563 3562/3635/3562
f 3516/3589/3516 3564/3637/3564 3563/3636/3563
f 3517/3590/3517 3565/3638/3565 3564/3637/3564
f 3518/3591/3518 3566/3639/3566 3565/3638/3565
f 3519/3592/3519 3567/3640/3567 3566/3639/3566
f 3520/3593/3520 3568/3641/3568 3567/3640/3567
f 3521/3594/3521 3569/3642/3569 3568/3641/3568
f 3522/3595/3522 3570/3643/3570 3569/3642/3569
f 3523/3596/3523 3571/3644/3571 3570/3643/3570
f 3524/3597/3524 3572/3645/3572 3571/3644/3571
f 3525/3598/3525 3573/3646/3573 3572/3645/3572
f 3526/3599/3526 3574/3647/3574 3573/3646/3573
f 3527/3600/3527 3575/3648/3575 3574/3647/3574
f 3528/3601/3528 3576/3649/3576 3575/3648/3575
f 3529/3602/3529 3577/3650/3577 3576/3649/3576
f 3530/3603/3530 3578/3651/3578 3577/3650/3577
f 3531/3604/3531 3579/3652/3579 3578/3651/3578
f 3532/3605/3532 3580/3653/3580 3579/3652/3579
f 3533/3606/3533 3581/3654/3581 3580/3653/3580
f 3534/3607/3534 3582/3655/3582 3581/3654/3581
f 3535/3608/3535 3583/3656/3583 3582/3655/3582
f 3536/3609/3536 3584/3657/3584 3583/3656/3583
f 3537/3610/3537 3585/3658/3585 3584/3657/3584
f 3538/3611/3538 3586/3707/3586 3585/3658/3585
f 3587/3659/3587 3586/3707/3586 3538/3611/3538
f 3588/3661/3588 3587/3659/3587 3539/3660/3539
f 3589/3662/3589 3588/3661/3588 3540/3612/3540
f 3590/3663/3590 3589/3662/3589 3541/3613/3541
f 3591/3664/3591 3590/3663/3590 3542/3614/3542
f 3592/3665/3592 3591/3664/3591 3543/3615/3543
f 3593/3666/3593 3592/3665/3592 3544/3616/3544
f 3594/3667/3594 3593/3666/3593 3545/3617/3545
f 3595/3668/3595 3594/3667/3594 3546/3618/3546
f 3596/3669/3596 3595/3668/3595 3547/3619/3547
f 3597/3670/3597 3596/3669/3596 3548/3620/3548
f 3598/3671/3598 3597/3670/3597 3549/3621/3549
f 3599/3672/3599 3598/3671/3598 3550/3622/3550
f 3600/3673/3600 3599/3672/3599 3551/3623/3551
f 3553/3625/3553 3601/3723/3601 3648/3674/3648
f 3554/3626/3554 3602/3677/3602 3601/3675/3601
f 3555/3628/3555 3603/3678/3603 3602/3677/3602
f 3556/3629/3556 3604/3679/3604 3603/3678/3603
f 3557/3630/3557 3605/3680/3605 3604/3679/3604
f 3558/3631/3558 3606/3681/3606 3605/3680/3605
f 3559/3632/3559 3607/3682/3607 3606/3681/3606
f 3560/3633/3560 3608/3731/3608 3607/3682/3607
f 3609/3683/3609 3608/3731/3608 3560/3633/3560
f 3610/3684/3610 3609/3683/3609 3561/3634/3561
f 3611/3685/3611 3610/3684/3610 3562/3635/3562
f 3612/3686/3612 3611/3685/3611 3563/3636/3563
f 3613/3687/3613 3612/3686/3612 3564/3637/3564
f 3614/3688/3614 3613/3687/3613 3565/3638/3565
f 3615/3689/3615 3614/3688/3614 3566/3639/3566
f 3616/3690/3616 3615/3689/3615 3567/3640/3567
f 3617/3691/3617 3616/3690/3616 3568/3641/3568
f 3618/3692/3618 3617/3691/3617 3569/3642/3569
f 3619/3693/3619 3618/3692/3618 3570/3643/3570
f 3620/3694/3620 3619/3693/3619 3571/3644/3571
f 3621/3695/3621 3620/3694/3620 3572/3645/3572
f 3622/3696/3622 3621/3695/3621 3573/3646/3573
f 3623/3697/3623 3622/3696/3622 3574/3647/3574
f 3624/3698/3624 3623/3697/3623 3575/3648/3575
f 3625/3699/3625 3624/3698/3624 3576/3649/3576
f 3626/3700/3626 3625/3699/3625 3577/3650/3577
f 3627/3701/3627 3626/3700/3626 3578/3651/3578
f 3628/3702/3628 3627/3701/3627 3579/3652/3579
f 3629/3703/3629 3628/3702/3628 3580/3653/3580
f 3630/3704/3630 3629/3703/3629 3581/3654/3581
f 3631/3705/3631 3630/3704/3630 3582/3655/3582
f 3632/3706/3632 3631/3705/3631 3583/3656/3583
f 3585/3658/3585 3633/3708/3633 3632/3706/3632
f 3586/3707/3586 3634/3709/3634 3633/3708/3633
f 3587/3659/3587 3635/3710/3635 3634/3709/3634
f 3588/3661/3588 3636/3711/3636 3635/3710/3635
f 3589/3662/3589 3637/3712/3637 3636/3711/3636
f 3590/3663/3590 3638/3713/3638 3637/3712/3637
f 3591/3664/3591 3639/3714/3639 3638/3713/3638
f 3592/3665/3592 3640/3715/3640 3639/3714/3639
f 3593/3666/3593 3641/3716/3641 3640/3715/3640
f 3594/3667/3594 3642/3717/3642 3641/3716/3641
f 3595/3668/3595 3643/3718/3643 3642/3717/3642
f 3596/3669/3596 3644/3719/3644 3643/3718/3643
f 3597/3670/3597 3645/3720/3645 3644/3719/3644
f 3598/3671/3598 3646/3721/3646 3645/3720/3645
f 3599/3672/3599 3647/3722/3647 3646/3721/3646
f 3600/3673/3600 3648/3674/3648 3647/3722/3647
f 3601/3723/3601 3649/3772/3649 3696/3724/3696
f 3602/3677/3602 3650/3726/3650 3649/3725/3649
f 3603/3678/3603 3651/3727/3651 3650/3726/3650
f 3604/3679/3604 3652/3728/3652 3651/3727/3651
f 3605/3680/3605 3653/3729/3653 3652/3728/3652
f 3606/3681/3606 3654/3730/3654 3653/3729/3653
f 3607/3682/3607 3655/3732/3655 3654/3730/3654
f 3608/3731/3608 3656/3733/3656 3655/3732/3655
f 3609/3683/3609 3657/3781/3657 3656/3733/3656
f 3658/3734/3658 3657/3781/3657 3609/3683/3609
f 3659/3735/3659 3658/3734/3658 3610/3684/3610
f 3660/3736/3660 3659/3735/3659 3611/3685/3611
f 3661/3737/3661 3660/3736/3660 3612/3686/3612
f 3662/3738/3662 3661/3737/3661 3613/3687/3613
f 3663/3739/3663 3662/3738/3662 3614/3688/3614
f 3664/3740/3664 3663/3739/3663 3615/3689/3615
f 3665/3741/3665 3664/3740/3664 3616/3690/3616
f 3666/3742/3666 3665/3741/3665 3617/3691/3617
f 3667/3743/3667 3666/3742/3666 3618/3692/3618
f 3668/3744/3668 3667/3743/3667 3619/3693/3619
f 3669/3745/3669 3668/3744/3668 3620/3694/3620
f 3670/3746/3670 3669/3745/3669 3621/3695/3621
f 3671/3747/3671 3670/3746/3670 3622/3696/3622
f 3672/3748/3672 3671/3747/3671 3623/3697/3623
f 3673/3749/3673 3672/3748/3672 3624/3698/3624
f 3674/3750/3674 3673/3749/3673 3625/3699/3625
f 3675/3751/3675 3674/3750/3674 3626/3700/3626
f 3676/3752/3676 3675/3751/3675 3627/3701/3627
f 3677/3753/3677 3676/3752/3676 3628/3702/3628
f 3678/3754/3678 3677/3753/3677 3629/3703/3629
f 3679/3755/3679 3678/3754/3678 3630/3704/3630
f 3680/3756/3680 3679/3755/3679 3631/3705/3631
f 3681/3757/3681 3680/3756/3680 3632/3706/3632
f 3634/3709/3634 3682/3758/3682 3681/3757/3681
f 3635/3710/3635 3683/3759/3683 3682/3758/3682
f 3636/3711/3636 3684/3760/3684 3683/3759/3683
f 3637/3712/3637 3685/3761/3685 3684/3760/3684
f 3638/3713/3638 3686/3762/3686 3685/3761/3685
f 3639/3714/3639 3687/3763/3687 3686/3762/3686
f 3640/3715/3640 3688/3764/3688 3687/3763/3687
f 3641/3716/3641 3689/3765/3689 3688/3764/3688
f 3642/3717/3642 3690/3766/3690 3689/3765/3689
f 3643/3718/3643 3691/3767/3691 3690/3766/3690
f 3644/3719/3644 3692/3768/3692 3691/3767/3691
f 3645/3720/3645 3693/3769/3693 3692/3768/3692
f 3646/3721/3646 3694/3770/3694 3693/3769/3693
f 3647/3722/3647 3695/3771/3695 3694/3770/3694
f 3648/3674/3648 3696/3724/3696 3695/3771/3695
f 3649/3772/3649 3697/3821/3697 3744/3773/3744
f 3650/3726/3650 3698/3775/3698 3697/3774/3697
f 3651/3727/3651 3699/3776/3699 3698/3775/3698
f 3652/3728/3652 3700/3777/3700 3699/3776/3699
f 3653/3729/3653 3701/3778/3701 3700/3777/3700
f 3654/3730/3654 3702/3779/3702 3701/3778/3701
f 3655/3732/3655 3703/3780/3703 3702/3779/3702
f 3656/3733/3656 3704/3782/3704 3703/3780/3703
f 3657/3781/3657 3705/3831/3705 3704/3782/3704
f 3706/3783/3706 3705/3831/3705 3657/3781/3657
f 3707/3784/3707 3706/3783/3706 3658/3734/3658
f 3708/3785/3708 3707/3784/3707 3659/3735/3659
f 3709/3786/3709 3708/3785/3708 3660/3736/3660
f 3710/3787/3710 3709/3786/3709 3661/3737/3661
f 3711/3788/3711 3710/3787/3710 3662/3738/3662
f 3712/3789/3712 3711/3788/3711 3663/3739/3663
f 3713/3790/3713 3712/3789/3712 3664/3740/3664
f 3714/3791/3714 3713/3790/3713 3665/3741/3665
f 3715/3792/3715 3714/3791/3714 3666/3742/3666
f 3716/3793/3716 3715/3792/3715 3667/3743/3667
f 3717/3794/3717 3716/3793/3716 3668/3744/3668
f 3718/3795/3718 3717/3794/3717 3669/3745/3669
f 3719/3796/3719 3718/3795/3718 3670/3746/3670
f 3720/3797/3720 3719/3796/3719 3671/3747/3671
f 3721/3798/3721 3720/3797/3720 3672/3748/3672
f 3722/3799/3722 3721/3798/3721 3673/3749/3673
f 3723/3800/3723 3722/3799/3722 3674/3750/3674
f 3724/3801/3724 3723/3800/3723 3675/3751/3675
f 3725/3802/3725 3724/3801/3724 3676/3752/3676
f 3726/3803/3726 3725/3802/3725 3677/3753/3677
f 3727/3804/3727 3726/3803/3726 3678/3754/3678
f 3728/3805/3728 3727/3804/3727 3679/3755/3679
f 3729/3806/3729 3728/3805/3728 3680/3756/3680
f 3682/3758/3682 3730/3807/3730 3729/3806/3729
f 3683/3759/3683 3731/3808/3731 3730/3807/3730
f 3684/3760/3684 3732/3809/3732 3731/3808/3731
f 3685/3761/3685 3733/3810/3733 3732/3809/3732
f 3686/3762/3686 3734/3811/3734 3733/3810/3733
f 3687/3763/3687 3735/3812/3735 3734/3811/3734
f 3688/3764/3688 3736/3813/3736 3735/3812/3735
f 3689/3765/3689 3737/3814/3737 3736/3813/3736
f 3690/3766/3690 3738/3815/3738 3737/3814/3737
f 3691/3767/3691 3739/3816/3739 3738/3815/3738
f 3692/3768/3692 3740/3817/3740 3739/3816/3739
f 3693/3769/3693 3741/3818/3741 3740/3817/3740
f 3694/3770/3694 3742/3819/3742 3741/3818/3741
f 3695/3771/3695 3743/3820/3743 3742/3819/3742
f 3696/3724/3696 3744/3773/3744 3743/3820/3743
f 3697/3821/3697 3745/3871/3745 3792/3822/3792
f 3698/3775/3698 3746/3824/3746 3745/3823/3745
f 3699/3776/3699 3747/3825/3747 3746/3824/3746
f 3700/3777/3700 3748/3826/3748 3747/3825/3747
f 3701/3778/3701 3749/3827/3749 3748/3826/3748
f 3702/3779/3702 3750/3828/3750 3749/3827/3749
f 3703/3780/3703 3751/3878/3751 3750/3828/3750
f 3752/3829/3752 3751/3878/3751 3703/3780/3703
f 3753/3830/3753 3752/3829/3752 3704/3782/3704
f 3754/3832/3754 3753/3830/3753 3705/3831/3705
f 3755/3833/3755 3754/3832/3754 3706/3783/3706
f 3756/3834/3756 3755/3833/3755 3707/3784/3707
f 3757/3835/3757 3756/3834/3756 3708/3785/3708
f 3758/3836/3758 3757/3835/3757 3709/3786/3709
f 3759/3837/3759 3758/3836/3758 3710/3787/3710
f 3760/3838/3760 3759/3837/3759 3711/3788/3711
f 3761/3839/3761 3760/3838/3760 3712/3789/3712
f 3762/3840/3762 3761/3839/3761 3713/3790/3713
f 3763/3841/3763 3762/3840/3762 3714/3791/3714
f 3764/3842/3764 3763/3841/3763 3715/3792/3715
f 3765/3843/3765 3764/3842/3764 3716/3793/3716
f 3766/3844/3766 3765/3843/3765 3717/3794/3717
f 3767/3845/3767 3766/3844/3766 3718/3795/3718
f 3768/3846/3768 3767/3845/3767 3719/3796/3719
f 3769/3847/3769 3768/3846/3768 3720/3797/3720
f 3770/3848/3770 3769/3847/3769 3721/3798/3721
f 3771/3849/3771 3770/3848/3770 3722/3799/3722
f 3772/3850/3772 3771/3849/3771 3723/3800/3723
f 3773/3851/3773 3772/3850/3772 3724/3801/3724
f 3774/3852/3774 3773/3851/3773 3725/3802/3725
f 3775/3853/3775 3774/3852/3774 3726/3803/3726
f 3728/3805/3728 3776/3854/3776 3775/3853/3775
f 3729/3806/3729 3777/3855/3777 3776/3854/3776
f 3730/3807/3730 3778/3856/3778 3777/3855/3777
f 3731/3808/3731 3779/3857/3779 3778/3856/3778
f 3732/3809/3732 3780/3858/3780 3779/3857/3779
f 3733/3810/3733 3781/3859/3781 3780/3858/3780
f 3734/3811/3734 3782/3860/3782 3781/3859/3781
f 3735/3812/3735 3783/3861/3783 3782/3860/3782
f 3736/3813/3736 3784/3862/3784 3783/3861/3783
f 3737/3814/3737 3785/3863/3785 3784/3862/3784
f 3738/3815/3738 3786/3864/3786 3785/3863/3785
f 3739/3816/3739 3787/3865/3787 3786/3864/3786
f 3740/3817/3740 3788/3866/3788 3787/3865/3787
f 3741/3818/3741 3789/3867/3789 3788/3866/3788
f 3742/3819/3742 3790/3868/3790 3789/3867/3789
f 3743/3820/3743 3791/3869/3791 3790/3868/3790
f 3744/3773/3744 3792/3822/3792 3791/3869/3791
f 3793/3870/3793 3840/3918/3840 3792/3822/3792
f 3794/3872/3794 3793/3921/3793 3745/3823/3745
f 3795/3873/3795 3794/3872/3794 3746/3824/3746
f 3796/3874/3796 3795/3873/3795 3747/3825/3747
f 3797/3875/3797 3796/3874/3796 3748/3826/3748
f 3798/3876/3798 3797/3875/3797 3749/3827/3749
f 3799/3877/3799 3798/3876/3798 3750/3828/3750
f 3800/3879/3800 3799/3877/3799 3751/3878/3751
f 3801/3880/3801 3800/3879/3800 3752/3829/3752
f 3802/3881/3802 3801/3880/3801 3753/3830/3753
f 3803/3882/3803 3802/3881/3802 3754/3832/3754
f 3804/3883/3804 3803/3882/3803 3755/3833/3755
f 3805/3884/3805 3804/3883/3804 3756/3834/3756
f 3806/3885/3806 3805/3884/3805 3757/3835/3757
f 3807/3886/3807 3806/3885/3806 3758/3836/3758
f 3808/3887/3808 3807/3886/3807 3759/3837/3759
f 3809/3888/3809 3808/3887/3808 3760/3838/3760
f 3810/3889/3810 3809/3888/3809 3761/3839/3761
f 3811/3890/3811 3810/3889/3810 3762/3840/3762
f 3812/3891/3812 3811/3890/3811 3763/3841/3763
f 3813/3892/3813 3812/3891/3812 3764/3842/3764
f 3766/3844/3766 3814/3893/3814 3813/3892/3813
f 3767/3845/3767 3815/3894/3815 3814/3893/3814
f 3768/3846/3768 3816/3895/3816 3815/3894/3815
f 3769/3847/3769 3817/3896/3817 3816/3895/3816
f 3770/3848/3770 3818/3897/3818 3817/3896/3817
f 3771/3849/3771 3819/3898/3819 3818/3897/3818
f 3772/3850/3772 3820/3899/3820 3819/3898/3819
f 3773/3851/3773 3821/3900/3821 3820/3899/3820
f 3774/3852/3774 3822/3901/3822 3821/3900/3821
f 3775/3853/3775 3823/3902/3823 3822/3901/3822
f 3776/3854/3776 3824/3903/3824 3823/3902/3823
f 3777/3855/3777 3825/3904/3825 3824/3903/3824
f 3778/3856/3778 3826/3905/3826 3825/3904/3825
f 3779/3857/3779 3827/3906/3827 3826/3905/3826
f 3780/3858/3780 3828/3907/3828 3827/3906/3827
f 3781/3859/3781 3829/3908/3829 3828/3907/3828
f 3782/3860/3782 3830/3909/3830 3829/3908/3829
f 3783/3861/3783 3831/3910/3831 3830/3909/3830
f 3784/3862/3784 3832/3911/3832 3831/3910/3831
f 3785/3863/3785 3833/3912/3833 3832/3911/3832
f 3786/3864/3786 3834/3913/3834 3833/3912/3833
f 3787/3865/3787 3835/3914/3835 3834/3913/3834
f 3788/3866/3788 3836/3915/3836 3835/3914/3835
f 3789/3867/3789 3837/3964/3837 3836/3915/3836
f 3838/3916/3838 3837/3964/3837 3789/3867/3789
f 3839/3917/3839 3838/3916/3838 3790/3868/3790
f 3840/3918/3840 3839/3917/3839 3791/3869/3791
f 3841/3919/3841 3888/3967/3888 3840/3918/3840
f 3842/3920/3842 3841/3970/3841 3793/3921/3793
f 3843/3922/3843 3842/3920/3842 3794/3872/3794
f 3844/3923/3844 3843/3922/3843 3795/3873/3795
f 3845/3924/3845 3844/3923/3844 3796/3874/3796
f 3846/3925/3846 3845/3924/3845 3797/3875/3797
f 3847/3926/3847 3846/3925/3846 3798/3876/3798
f 3848/3927/3848 3847/3926/3847 3799/3877/3799
f 3849/3928/3849 3848/3927/3848 3800/3879/3800
f 3850/3929/3850 3849/3928/3849 3801/3880/3801
f 3851/3930/3851 3850/3929/3850 3802/3881/3802
f 3852/3931/3852 3851/3930/3851 3803/3882/3803
f 3853/3932/3853 3852/3931/3852 3804/3883/3804
f 3854/3933/3854 3853/3932/3853 3805/3884/3805
f 3855/3934/3855 3854/3933/3854 3806/3885/3806
f 3808/3887/3808 3856/3935/3856 3855/3934/3855
f 3809/3888/3809 3857/3936/3857 3856/3935/3856
f 3810/3889/3810 3858/3937/3858 3857/3936/3857
f 3811/3890/3811 3859/3938/3859 3858/3937/3858
f 3812/3891/3812 3860/3939/3860 3859/3938/3859
f 3813/3892/3813 3861/3940/3861 3860/3939/3860
f 3814/3893/3814 3862/3941/3862 3861/3940/3861
f 3815/3894/3815 3863/3942/3863 3862/3941/3862
f 3816/3895/3816 3864/3943/3864 3863/3942/3863
f 3817/3896/3817 3865/3944/3865 3864/3943/3864
f 3818/3897/3818 3866/3945/3866 3865/3944/3865
f 3819/3898/3819 3867/3946/3867 3866/3945/3866
f 3820/3899/3820 3868/3947/3868 3867/3946/3867
f 3821/3900/3821 3869/3948/3869 3868/3947/3868
f 3822/3901/3822 3870/3949/3870 3869/3948/3869
f 3823/3902/3823 3871/3950/3871 3870/3949/3870
f 3824/3903/3824 3872/3951/3872 3871/3950/3871
f 3825/3904/3825 3873/3952/3873 3872/3951/3872
f 3826/3905/3826 3874/3953/3874 3873/3952/3873
f 3827/3906/3827 3875/3954/3875 3874/3953/3874
f 3828/3907/3828 3876/3955/3876 3875/3954/3875
f 3829/3908/3829 3877/3956/3877 3876/3955/3876
f 3830/3909/3830 3878/3957/3878 3877/3956/3877
f 3831/3910/3831 3879/4006/3879 3878/3957/3878
f 3880/3958/3880 3879/4006/3879 3831/3910/3831
f 3881/3959/3881 3880/3958/3880 3832/3911/3832
f 3882/3960/3882 3881/3959/3881 3833/3912/3833
f 3883/3961/3883 3882/3960/3882 3834/3913/3834
f 3884/3962/3884 3883/3961/3883 3835/3914/3835
f 3885/3963/3885 3884/3962/3884 3836/3915/3836
f 3886/3965/3886 3885/3963/3885 3837/3964/3837
f 3887/3966/3887 3886/3965/3886 3838/3916/3838
f 3888/3967/3888 3887/3966/3887 3839/3917/3839
f 3889/3968/3889 3936/4016/3936 3888/3967/3888
f 3890/3969/3890 3889/4019/3889 3841/3970/3841
f 3891/3971/3891 3890/3969/3890 3842/3920/3842
f 3892/3972/3892 3891/3971/3891 3843/3922/3843
f 3893/3973/3893 3892/3972/3892 3844/3923/3844
f 3894/3974/3894 3893/3973/3893 3845/3924/3845
f 3895/3975/3895 3894/3974/3894 3846/3925/3846
f 3896/3976/3896 3895/3975/3895 3847/3926/3847
f 3897/3977/3897 3896/3976/3896 3848/3927/3848
f 3898/3978/3898 3897/3977/3897 3849/3928/3849
f 3899/3979/3899 3898/3978/3898 3850/3929/3850
f 3900/3980/3900 3899/3979/3899 3851/3930/3851
f 3901/3981/3901 3900/3980/3900 3852/3931/3852
f 3902/3982/3902 3901/3981/3901 3853/3932/3853
f 3903/3983/3903 3902/3982/3902 3854/3933/3854
f 3856/3935/3856 3904/3984/3904 3903/3983/3903
f 3857/3936/3857 3905/3985/3905 3904/3984/3904
f 3858/3937/3858 3906/3986/3906 3905/3985/3905
f 3859/3938/3859 3907/3987/3907 3906/3986/3906
f 3860/3939/3860 3908/3988/3908 3907/3987/3907
f 3861/3940/3861 3909/3989/3909 3908/3988/3908
f 3862/3941/3862 3910/3990/3910 3909/3989/3909
f 3863/3942/3863 3911/3991/3911 3910/3990/3910
f 3864/3943/3864 3912/3992/3912 3911/3991/3911
f 3865/3944/3865 3913/3993/3913 3912/3992/3912
f 3866/3945/3866 3914/3994/3914 3913/3993/3913
f 3867/3946/3867 3915/3995/3915 3914/3994/3914
f 3868/3947/3868 3916/3996/3916 3915/3995/3915
f 3869/3948/3869 3917/3997/3917 3916/3996/3916
f 3870/3949/3870 3918/3998/3918 3917/3997/3917
f 3871/3950/3871 3919/3999/3919 3918/3998/3918
f 3872/3951/3872 3920/4000/3920 3919/3999/3919
f 3873/3952/3873 3921/4001/3921 3920/4000/3920
f 3874/3953/3874 3922/4002/3922 3921/4001/3921
f 3875/3954/3875 3923/4003/3923 3922/4002/3922
f 3876/3955/3876 3924/4004/3924 3923/4003/3923
f 3877/3956/3877 3925/4005/3925 3924/4004/3924
f 3878/3957/3878 3926/4007/3926 3925/4005/3925
f 3879/4006/3879 3927/4054/3927 3926/4007/3926
f 3928/4008/3928 3927/4054/3927 3879/4006/3879
f 3929/4009/3929 3928/4008/3928 3880/3958/3880
f 3930/4010/3930 3929/4009/3929 3881/3959/3881
f 3931/4011/3931 3930/4010/3930 3882/3960/3882
f 3932/4012/3932 3931/4011/3931 3883/3961/3883
f 3933/4013/3933 3932/4012/3932 3884/3962/3884
f 3934/4014/3934 3933/4013/3933 3885/3963/3885
f 3935/4015/3935 3934/4014/3934 3886/3965/3886
f 3936/4016/3936 3935/4015/3935 3887/3966/3887
f 3937/4017/3937 3984/4064/3984 3936/4016/3936
f 3938/4018/3938 3937/4067/3937 3889/4019/3889
f 3939/4020/3939 3938/4018/3938 3890/3969/3890
f 3940/4021/3940 3939/4020/3939 3891/3971/3891
f 3893/3973/3893 3941/4070/3941 3940/4021/3940
f 3942/4022/3942 3941/4070/3941 3893/3973/3893
f 3943/4023/3943 3942/4022/3942 3894/3974/3894
f 3944/4024/3944 3943/4023/3943 3895/3975/3895
f 3945/4025/3945 3944/4024/3944 3896/3976/3896
f 3946/4026/3946 3945/4025/3945 3897/3977/3897
f 3947/4027/3947 3946/4026/3946 3898/3978/3898
f 3948/4028/3948 3947/4027/3947 3899/3979/3899
f 3949/4029/3949 3948/4028/3948 3900/3980/3900
f 3950/4030/3950 3949/4029/3949 3901/3981/3901
f 3951/4031/3951 3950/4030/3950 3902/3982/3902
f 3904/3984/3904 3952/4032/3952 3951/4031/3951
f 3905/3985/3905 3953/4033/3953 3952/4032/3952
f 3906/3986/3906 3954/4034/3954 3953/4033/3953
f 3907/3987/3907 3955/4035/3955 3954/4034/3954
f 3908/3988/3908 3956/4036/3956 3955/4035/3955
f 3909/3989/3909 3957/4037/3957 3956/4036/3956
f 3910/3990/3910 3958/4038/3958 3957/4037/3957
f 3911/3991/3911 3959/4039/3959 3958/4038/3958
f 3912/3992/3912 3960/4040/3960 3959/4039/3959
f 3913/3993/3913 3961/4041/3961 3960/4040/3960
f 3914/3994/3914 3962/4042/3962 3961/4041/3961
f 3915/3995/3915 3963/4043/3963 3962/4042/3962
f 3916/3996/3916 3964/4044/3964 3963/4043/3963
f 3917/3997/3917 3965/4045/3965 3964/4044/3964
f 3918/3998/3918 3966/4046/3966 3965/4045/3965
f 3919/3999/3919 3967/4047/3967 3966/4046/3966
f 3920/4000/3920 3968/4048/3968 3967/4047/3967
f 3921/4001/3921 3969/4049/3969 3968/4048/3968
f 3922/4002/3922 3970/4050/3970 3969/4049/3969
f 3923/4003/3923 3971/4051/3971 3970/4050/3970
f 3924/4004/3924 3972/4052/3972 3971/4051/3971
f 3925/4005/3925 3973/4053/3973 3972/4052/3972
f 3926/4007/3926 3974/4055/3974 3973/4053/3973
f 3927/4054/3927 3975/4105/3975 3974/4055/3974
f 3976/4056/3976 3975/4105/3975 3927/4054/3927
f 3977/4057/3977 3976/4056/3976 3928/4008/3928
f 3978/4058/3978 3977/4057/3977 3929/4009/3929
f 3979/4059/3979 3978/4058/3978 3930/4010/3930
f 3980/4060/3980 3979/4059/3979 3931/4011/3931
f 3981/4061/3981 3980/4060/3980 3932/4012/3932
f 3982/4062/3982 3981/4061/3981 3933/4013/3933
f 3983/4063/3983 3982/4062/3982 3934/4014/3934
f 3984/4064/3984 3983/4063/3983 3935/4015/3935
f 3937/4017/3937 3985/4115/3985 4032/4065/4032
f 3938/4018/3938 3986/4068/3986 3985/4066/3985
f 3939/4020/3939 3987/4069/3987 3986/4068/3986
f 3940/4021/3940 3988/4071/3988 3987/4069/3987
f 3941/4070/3941 3989/4072/3989 3988/4071/3988
f 3942/4022/3942 3990/4073/3990 3989/4072/3989
f 3943/4023/3943 3991/4074/3991 3990/4073/3990
f 3944/4024/3944 3992/4075/3992 3991/4074/3991
f 3945/4025/3945 3993/4076/3993 3992/4075/3992
f 3946/4026/3946 3994/4077/3994 3993/4076/3993
f 3947/4027/3947 3995/4078/3995 3994/4077/3994
f 3948/4028/3948 3996/4079/3996 3995/4078/3995
f 3949/4029/3949 3997/4080/3997 3996/4079/3996
f 3950/4030/3950 3998/4129/3998 3997/4080/3997
f 3999/4081/3999 3998/4129/3998 3950/4030/3950
f 4000/4082/4000 3999/4081/3999 3951/4031/3951
f 4001/4083/4001 4000/4082/4000 3952/4032/3952
f 4002/4084/4002 4001/4083/4001 3953/4033/3953
f 4003/4085/4003 4002/4084/4002 3954/4034/3954
f 4004/4086/4004 4003/4085/4003 3955/4035/3955
f 4005/4087/4005 4004/4086/4004 3956/4036/3956
f 4006/4088/4006 4005/4087/4005 3957/4037/3957
f 4007/4089/4007 4006/4088/4006 3958/4038/3958
f 4008/4090/4008 4007/4089/4007 3959/4039/3959
f 4009/4091/4009 4008/4090/4008 3960/4040/3960
f 4010/4092/4010 4009/4091/4009 3961/4041/3961
f 4011/4093/4011 4010/4092/4010 3962/4042/3962
f 4012/4094/4012 4011/4093/4011 3963/4043/3963
f 4013/4095/4013 4012/4094/4012 3964/4044/3964
f 4014/4096/4014 4013/4095/4013 3965/4045/3965
f 4015/4097/4015 4014/4096/4014 3966/4046/3966
f 4016/4098/4016 4015/4097/4015 3967/4047/3967
f 4017/4099/4017 4016/4098/4016 3968/4048/3968
f 4018/4100/4018 4017/4099/4017 3969/4049/3969
f 4019/4101/4019 4018/4100/4018 3970/4050/3970
f 4020/4102/4020 4019/4101/4019 3971/4051/3971
f 4021/4103/4021 4020/4102/4020 3972/4052/3972
f 4022/4104/4022 4021/4103/4021 3973/4053/3973
f 3975/4105/3975 4023/4106/4023 4022/4104/4022
f 3976/4056/3976 4024/4107/4024 4023/4106/4023
f 3977/4057/3977 4025/4108/4025 4024/4107/4024
f 3978/4058/3978 4026/4109/4026 4025/4108/4025
f 3979/4059/3979 4027/4110/4027 4026/4109/4026
f 3980/4060/3980 4028/4111/4028 4027/4110/4027
f 3981/4061/3981 4029/4112/4029 4028/4111/4028
f 3982/4062/3982 4030/4113/4030 4029/4112/4029
f 3983/4063/3983 4031/4114/4031 4030/4113/4030
f 3984/4064/3984 4032/4065/4032 4031/4114/4031
f 3985/4115/3985 4033/4164/4033 4080/4116/4080
f 3986/4068/3986 4034/4118/4034 4033/4117/4033
f 3987/4069/3987 4035/4119/4035 4034/4118/4034
f 3988/4071/3988 4036/4120/4036 4035/4119/4035
f 3989/4072/3989 4037/4121/4037 4036/4120/4036
f 3990/4073/3990 4038/4122/4038 4037/4121/4037
f 3991/4074/3991 4039/4123/4039 4038/4122/4038
f 3992/4075/3992 4040/4124/4040 4039/4123/4039
f 3993/4076/3993 4041/4125/4041 4040/4124/4040
f 3994/4077/3994 4042/4126/4042 4041/4125/4041
f 3995/4078/3995 4043/4127/4043 4042/4126/4042
f 3996/4079/3996 4044/4128/4044 4043/4127/4043
f 3997/4080/3997 4045/4130/4045 4044/4128/4044
f 3998/4129/3998 4046/4131/4046 4045/4130/4045
f 3999/4081/3999 4047/4179/4047 4046/4131/4046
f 4048/4132/4048 4047/4179/4047 3999/4081/3999
f 4049/4133/4049 4048/4132/4048 4000/4082/4000
f 4050/4134/4050 4049/4133/4049 4001/4083/4001
f 4051/4135/4051 4050/4134/4050 4002/4084/4002
f 4052/4136/4052 4051/4135/4051 4003/4085/4003
f 4053/4137/4053 4052/4136/4052 4004/4086/4004
f 4054/4138/4054 4053/4137/4053 4005/4087/4005
f 4055/4139/4055 4054/4138/4054 4006/4088/4006
f 4056/4140/4056 4055/4139/4055 4007/4089/4007
f 4057/4141/4057 4056/4140/4056 4008/4090/4008
f 4058/4142/4058 4057/4141/4057 4009/4091/4009
f 4059/4143/4059 4058/4142/4058 4010/4092/4010
f 4060/4144/4060 4059/4143/4059 4011/4093/4011
f 4061/4145/4061 4060/4144/4060 4012/4094/4012
f 4062/4146/4062 4061/4145/4061 4013/4095/4013
f 4063/4147/4063 4062/4146/4062 4014/4096/4014
f 4064/4148/4064 4063/4147/4063 4015/4097/4015
f 4065/4149/4065 4064/4148/4064 4016/4098/4016
f 4066/4150/4066 4065/4149/4065 4017/4099/4017
f 4067/4151/4067 4066/4150/4066 4018/4100/4018
f 4068/4152/4068 4067/4151/4067 4019/4101/4019
f 4069/4153/4069 4068/4152/4068 4020/4102/4020
f 4070/4154/4070 4069/4153/4069 4021/4103/4021
f 4071/4155/4071 4070/4154/4070 4022/4104/4022
f 4024/4107/4024 4072/4156/4072 4071/4155/4071
f 4025/4108/4025 4073/4157/4073 4072/4156/4072
f 4026/4109/4026 4074/4158/4074 4073/4157/4073
f 4027/4110/4027 4075/4159/4075 4074/4158/4074
f 4028/4111/4028 4076/4160/4076 4075/4159/4075
f 4029/4112/4029 4077/4161/4077 4076/4160/4076
f 4030/4113/4030 4078/4162/4078 4077/4161/4077
f 4031/4114/4031 4079/4163/4079 4078/4162/4078
f 4032/4065/4032 4080/4116/4080 4079/4163/4079
f 4033/4164/4033 4081/4213/4081 4128/4165/4128
f 4034/4118/4034 4082/4167/4082 4081/4166/4081
f 4035/4119/4035 4083/4168/4083 4082/4167/4082
f 4036/4120/4036 4084/4169/4084 4083/4168/4083
f 4037/4121/4037 4085/4170/4085 4084/4169/4084
f 4038/4122/4038 4086/4171/4086 4085/4170/4085
f 4039/4123/4039 4087/4172/4087 4086/4171/4086
f 4040/4124/4040 4088/4173/4088 4087/4172/4087
f 4041/4125/4041 4089/4174/4089 4088/4173/4088
f 4042/4126/4042 4090/4175/4090 4089/4174/4089
f 4043/4127/4043 4091/4176/4091 4090/4175/4090
f 4044/4128/4044 4092/4177/4092 4091/4176/4091
f 4045/4130/4045 4093/4178/4093 4092/4177/4092
f 4046/4131/4046 4094/4180/4094 4093/4178/4093
f 4047/4179/4047 4095/4181/4095 4094/4180/4094
f 4048/4132/4048 4096/4229/4096 4095/4181/4095
f 4097/4182/4097 4096/4229/4096 4048/4132/4048
f 4098/4183/4098 4097/4182/4097 4049/4133/4049
f 4099/4184/4099 4098/4183/4098 4050/4134/4050
f 4100/4185/4100 4099/4184/4099 4051/4135/4051
f 4101/4186/4101 4100/4185/4100 4052/4136/4052
f 4102/4187/4102 4101/4186/4101 4053/4137/4053
f 4103/4188/4103 4102/4187/4102 4054/4138/4054
f 4104/4189/4104 4103/4188/4103 4055/4139/4055
f 4105/4190/4105 4104/4189/4104 4056/4140/4056
f 4106/4191/4106 4105/4190/4105 4057/4141/4057
f 4107/4192/4107 4106/4191/4106 4058/4142/4058
f 4108/4193/4108 4107/4192/4107 4059/4143/4059
f 4109/4194/4109 4108/4193/4108 4060/4144/4060
f 4110/4195/4110 4109/4194/4109 4061/4145/4061
f 4111/4196/4111 4110/4195/4110 4062/4146/4062
f 4112/4197/4112 4111/4196/4111 4063/4147/4063
f 4113/4198/4113 4112/4197/4112 4064/4148/4064
f 4114/4199/4114 4113/4198/4113 4065/4149/4065
f 4115/4200/4115 4114/4199/4114 4066/4150/4066
f 4116/4201/4116 4115/4200/4115 4067/4151/4067
f 4117/4202/4117 4116/4201/4116 4068/4152/4068
f 4118/4203/4118 4117/4202/4117 4069/4153/4069
f 4119/4204/4119 4118/4203/4118 4070/4154/4070
f 4120/4205/4120 4119/4204/4119 4071/4155/4071
f 4073/4157/4073 4121/4206/4121 4120/4205/4120
f 4074/4158/4074 4122/4207/4122 4121/4206/4121
f 4075/4159/4075 4123/4208/4123 4122/4207/4122
f 4076/4160/4076 4124/4209/4124 4123/4208/4123
f 4077/4161/4077 4125/4210/4125 4124/4209/4124
f 4078/4162/4078 4126/4211/4126 4125/4210/4125
f 4079/4163/4079 4127/4212/4127 4126/4211/4126
f 4080/4116/4080 4128/4165/4128 4127/4212/4127
f 4081/4213/4081 4129/4262/4129 4176/4214/4176
f 4082/4167/4082 4130/4216/4130 4129/4215/4129
f 4083/4168/4083 4131/4217/4131 4130/4216/4130
f 4084/4169/4084 4132/4218/4132 4131/4217/4131
f 4085/4170/4085 4133/4219/4133 4132/4218/4132
f 4086/4171/4086 4134/4220/4134 4133/4219/4133
f 4087/4172/4087 4135/4221/4135 4134/4220/4134
f 4088/4173/4088 4136/4222/4136 4135/4221/4135
f 4089/4174/4089 4137/4223/4137 4136/4222/4136
f 4090/4175/4090 4138/4224/4138 4137/4223/4137
f 4091/4176/4091 4139/4225/4139 4138/4224/4138
f 4092/4177/4092 4140/4226/4140 4139/4225/4139
f 4093/4178/4093 4141/4227/4141 4140/4226/4140
f 4094/4180/4094 4142/4228/4142 4141/4227/4141
f 4095/4181/4095 4143/4230/4143 4142/4228/4142
f 4096/4229/4096 4144/4231/4144 4143/4230/4143
f 4097/4182/4097 4145/4279/4145 4144/4231/4144
f 4146/4232/4146 4145/4279/4145 4097/4182/4097
f 4147/4233/4147 4146/4232/4146 4098/4183/4098
f 4148/4234/4148 4147/4233/4147 4099/4184/4099
f 4149/4235/4149 4148/4234/4148 4100/4185/4100
f 4150/4236/4150 4149/4235/4149 4101/4186/4101
f 4151/4237/4151 4150/4236/4150 4102/4187/4102
f 4152/4238/4152 4151/4237/4151 4103/4188/4103
f 4153/4239/4153 4152/4238/4152 4104/4189/4104
f 4154/4240/4154 4153/4239/4153 4105/4190/4105
f 4155/4241/4155 4154/4240/4154 4106/4191/4106
f 4156/4242/4156 4155/4241/4155 4107/4192/4107
f 4157/4243/4157 4156/4242/4156 4108/4193/4108
f 4158/4244/4158 4157/4243/4157 4109/4194/4109
f 4159/4245/4159 4158/4244/4158 4110/4195/4110
f 4160/4246/4160 4159/4245/4159 4111/4196/4111
f 4161/4247/4161 4160/4246/4160 4112/4197/4112
f 4162/4248/4162 4161/4247/4161 4113/4198/4113
f 4163/4249/4163 4162/4248/4162 4114/4199/4114
f 4164/4250/4164 4163/4249/4163 4115/4200/4115
f 4165/4251/4165 4164/4250/4164 4116/4201/4116
f 4166/4252/4166 4165/4251/4165 4117/4202/4117
f 4167/4253/4167 4166/4252/4166 4118/4203/4118
f 4168/4254/4168 4167/4253/4167 4119/4204/4119
f 4169/4255/4169 4168/4254/4168 4120/4205/4120
f 4122/4207/4122 4170/4256/4170 4169/4255/4169
f 4123/4208/4123 4171/4257/4171 4170/4256/4170
f 4124/4209/4124 4172/4258/4172 4171/4257/4171
f 4125/4210/4125 4173/4259/4173 4172/4258/4172
f 4126/4211/4126 4174/4260/4174 4173/4259/4173
f 4127/4212/4127 4175/4261/4175 4174/4260/4174
f 4128/4165/4128 4176/4214/4176 4175/4261/4175
f 4129/4262/4129 4177/4311/4177 4224/4263/4224
f 4130/4216/4130 4178/4265/4178 4177/4264/4177
f 4131/4217/4131 4179/4266/4179 4178/4265/4178
f 4132/4218/4132 4180/4267/4180 4179/4266/4179
f 4133/4219/4133 4181/4268/4181 4180/4267/4180
f 4134/4220/4134 4182/4269/4182 4181/4268/4181
f 4135/4221/4135 4183/4270/4183 4182/4269/4182
f 4136/4222/4136 4184/4271/4184 4183/4270/4183
f 4137/4223/4137 4185/4272/4185 4184/4271/4184
f 4138/4224/4138 4186/4273/4186 4185/4272/4185
f 4139/4225/4139 4187/4274/4187 4186/4273/4186
f 4140/4226/4140 4188/4275/4188 4187/4274/4187
f 4141/4227/4141 4189/4276/4189 4188/4275/4188
f 4142/4228/4142 4190/4277/4190 4189/4276/4189
f 4143/4230/4143 4191/4278/4191 4190/4277/4190
f 4144/4231/4144 4192/4280/4192 4191/4278/4191
f 4145/4279/4145 4193/4329/4193 4192/4280/4192
f 4194/4281/4194 4193/4329/4193 4145/4279/4145
f 4195/4282/4195 4194/4281/4194 4146/4232/4146
f 4196/4283/4196 4195/4282/4195 4147/4233/4147
f 4197/4284/4197 4196/4283/4196 4148/4234/4148
f 4198/4285/4198 4197/4284/4197 4149/4235/4149
f 4199/4286/4199 4198/4285/4198 4150/4236/4150
f 4200/4287/4200 4199/4286/4199 4151/4237/4151
f 4201/4288/4201 4200/4287/4200 4152/4238/4152
f 4202/4289/4202 4201/4288/4201 4153/4239/4153
f 4203/4290/4203 4202/4289/4202 4154/4240/4154
f 4204/4291/4204 4203/4290/4203 4155/4241/4155
f 4205/4292/4205 4204/4291/4204 4156/4242/4156
f 4206/4293/4206 4205/4292/4205 4157/4243/4157
f 4207/4294/4207 4206/4293/4206 4158/4244/4158
f 4208/4295/4208 4207/4294/4207 4159/4245/4159
f 4209/4296/4209 4208/4295/4208 4160/4246/4160
f 4210/4297/4210 4209/4296/4209 4161/4247/4161
f 4211/4298/4211 4210/4297/4210 4162/4248/4162
f 4212/4299/4212 4211/4298/4211 4163/4249/4163
f 4213/4300/4213 4212/4299/4212 4164/4250/4164
f 4214/4301/4214 4213/4300/4213 4165/4251/4165
f 4215/4302/4215 4214/4301/4214 4166/4252/4166
f 4216/4303/4216 4215/4302/4215 4167/4253/4167
f 4217/4304/4217 4216/4303/4216 4168/4254/4168
f 4170/4256/4170 4218/4305/4218 4217/4304/4217
f 4171/4257/4171 4219/4306/4219 4218/4305/4218
f 4172/4258/4172 4220/4307/4220 4219/4306/4219
f 4173/4259/4173 4221/4308/4221 4220/4307/4220
f 4174/4260/4174 4222/4309/4222 4221/4308/4221
f 4175/4261/4175 4223/4310/4223 4222/4309/4222
f 4176/4214/4176 4224/4263/4224 4223/4310/4223
f 4177/4311/4177 4225/4361/4225 4272/4312/4272
f 4178/4265/4178 4226/4314/4226 4225/4313/4225
f 4179/4266/4179 4227/4315/4227 4226/4314/4226
f 4180/4267/4180 4228/4316/4228 4227/4315/4227
f 4181/4268/4181 4229/4317/4229 4228/4316/4228
f 4182/4269/4182 4230/4318/4230 4229/4317/4229
f 4183/4270/4183 4231/4319/4231 4230/4318/4230
f 4184/4271/4184 4232/4320/4232 4231/4319/4231
f 4185/4272/4185 4233/4321/4233 4232/4320/4232
f 4186/4273/4186 4234/4371/4234 4233/4321/4233
f 4235/4322/4235 4234/4371/4234 4186/4273/4186
f 4236/4323/4236 4235/4322/4235 4187/4274/4187
f 4237/4324/4237 4236/4323/4236 4188/4275/4188
f 4238/4325/4238 4237/4324/4237 4189/4276/4189
f 4239/4326/4239 4238/4325/4238 4190/4277/4190
f 4240/4327/4240 4239/4326/4239 4191/4278/4191
f 4241/4328/4241 4240/4327/4240 4192/4280/4192
f 4242/4330/4242 4241/4328/4241 4193/4329/4193
f 4243/4331/4243 4242/4330/4242 4194/4281/4194
f 4244/4332/4244 4243/4331/4243 4195/4282/4195
f 4245/4333/4245 4244/4332/4244 4196/4283/4196
f 4246/4334/4246 4245/4333/4245 4197/4284/4197
f 4247/4335/4247 4246/4334/4246 4198/4285/4198
f 4248/4336/4248 4247/4335/4247 4199/4286/4199
f 4249/4337/4249 4248/4336/4248 4200/4287/4200
f 4250/4338/4250 4249/4337/4249 4201/4288/4201
f 4251/4339/4251 4250/4338/4250 4202/4289/4202
f 4252/4340/4252 4251/4339/4251 4203/4290/4203
f 4253/4341/4253 4252/4340/4252 4204/4291/4204
f 4254/4342/4254 4253/4341/4253 4205/4292/4205
f 4255/4343/4255 4254/4342/4254 4206/4293/4206
f 4256/4344/4256 4255/4343/4255 4207/4294/4207
f 4257/4345/4257 4256/4344/4256 4208/4295/4208
f 4258/4346/4258 4257/4345/4257 4209/4296/4209
f 4211/4298/4211 4259/4347/4259 4258/4346/4258
f 4212/4299/4212 4260/4348/4260 4259/4347/4259
f 4213/4300/4213 4261/4349/4261 4260/4348/4260
f 4214/4301/4214 4262/4350/4262 4261/4349/4261
f 4215/4302/4215 4263/4351/4263 4262/4350/4262
f 4216/4303/4216 4264/4352/4264 4263/4351/4263
f 4217/4304/4217 4265/4353/4265 4264/4352/4264
f 4218/4305/4218 4266/4354/4266 4265/4353/4265
f 4219/4306/4219 4267/4355/4267 4266/4354/4266
f 4220/4307/4220 4268/4356/4268 4267/4355/4267
f 4221/4308/4221 4269/4357/4269 4268/4356/4268
f 4222/4309/4222 4270/4358/4270 4269/4357/4269
f 4223/4310/4223 4271/4359/4271 4270/4358/4270
f 4224/4263/4224 4272/4312/4272 4271/4359/4271
f 4273/4360/4273 4320/4408/4320 4272/4312/4272
f 4274/4362/4274 4273/4411/4273 4225/4313/4225
f 4275/4363/4275 4274/4362/4274 4226/4314/4226
f 4276/4364/4276 4275/4363/4275 4227/4315/4227
f 4277/4365/4277 4276/4364/4276 4228/4316/4228
f 4278/4366/4278 4277/4365/4277 4229/4317/4229
f 4279/4367/4279 4278/4366/4278 4230/4318/4230
f 4280/4368/4280 4279/4367/4279 4231/4319/4231
f 4281/4369/4281 4280/4368/4280 4232/4320/4232
f 4282/4370/4282 4281/4369/4281 4233/4321/4233
f 4283/4372/4283 4282/4370/4282 4234/4371/4234
f 4284/4373/4284 4283/4372/4283 4235/4322/4235
f 4285/4374/4285 4284/4373/4284 4236/4323/4236
f 4286/4375/4286 4285/4374/4285 4237/4324/4237
f 4287/4376/4287 4286/4375/4286 4238/4325/4238
f 4288/4377/4288 4287/4376/4287 4239/4326/4239
f 4289/4378/4289 4288/4377/4288 4240/4327/4240
f 4242/4330/4242 4290/4379/4290 4289/4378/4289
f 4243/4331/4243 4291/4380/4291 4290/4379/4290
f 4244/4332/4244 4292/4381/4292 4291/4380/4291
f 4245/4333/4245 4293/4382/4293 4292/4381/4292
f 4246/4334/4246 4294/4383/4294 4293/4382/4293
f 4247/4335/4247 4295/4384/4295 4294/4383/4294
f 4248/4336/4248 4296/4385/4296 4295/4384/4295
f 4249/4337/4249 4297/4386/4297 4296/4385/4296
f 4250/4338/4250 4298/4387/4298 4297/4386/4297
f 4251/4339/4251 4299/4388/4299 4298/4387/4298
f 4252/4340/4252 4300/4389/4300 4299/4388/4299
f 4253/4341/4253 4301/4390/4301 4300/4389/4300
f 4254/4342/4254 4302/4391/4302 4301/4390/4301
f 4255/4343/4255 4303/4392/4303 4302/4391/4302
f 4256/4344/4256 4304/4393/4304 4303/4392/4303
f 4257/4345/4257 4305/4394/4305 4304/4393/4304
f 4258/4346/4258 4306/4395/4306 4305/4394/4305
f 4259/4347/4259 4307/4396/4307 4306/4395/4306
f 4260/4348/4260 4308/4397/4308 4307/4396/4307
f 4261/4349/4261 4309/4398/4309 4308/4397/4308
f 4262/4350/4262 4310/4399/4310 4309/4398/4309
f 4263/4351/4263 4311/4400/4311 4310/4399/4310
f 4264/4352/4264 4312/4401/4312 4311/4400/4311
f 4265/4353/4265 4313/4449/4313 4312/4401/4312
f 4314/4402/4314 4313/4449/4313 4265/4353/4265
f 4315/4403/4315 4314/4402/4314 4266/4354/4266
f 4316/4404/4316 4315/4403/4315 4267/4355/4267
f 4317/4405/4317 4316/4404/4316 4268/4356/4268
f 4318/4406/4318 4317/4405/4317 4269/4357/4269
f 4319/4407/4319 4318/4406/4318 4270/4358/4270
f 4320/4408/4320 4319/4407/4319 4271/4359/4271
f 4321/4409/4321 4368/4457/4368 4320/4408/4320
f 4322/4410/4322 4321/4460/4321 4273/4411/4273
f 4323/4412/4323 4322/4410/4322 4274/4362/4274
f 4324/4413/4324 4323/4412/4323 4275/4363/4275
f 4325/4414/4325 4324/4413/4324 4276/4364/4276
f 4326/4415/4326 4325/4414/4325 4277/4365/4277
f 4327/4416/4327 4326/4415/4326 4278/4366/4278
f 4328/4417/4328 4327/4416/4327 4279/4367/4279
f 4329/4418/4329 4328/4417/4328 4280/4368/4280
f 4330/4419/4330 4329/4418/4329 4281/4369/4281
f 4331/4420/4331 4330/4419/4330 4282/4370/4282
f 4332/4421/4332 4331/4420/4331 4283/4372/4283
f 4333/4422/4333 4332/4421/4332 4284/4373/4284
f 4334/4423/4334 4333/4422/4333 4285/4374/4285
f 4335/4424/4335 4334/4423/4334 4286/4375/4286
f 4336/4425/4336 4335/4424/4335 4287/4376/4287
f 4337/4426/4337 4336/4425/4336 4288/4377/4288
f 4290/4379/4290 4338/4427/4338 4337/4426/4337
f 4291/4380/4291 4339/4428/4339 4338/4427/4338
f 4292/4381/4292 4340/4429/4340 4339/4428/4339
f 4293/4382/4293 4341/4430/4341 4340/4429/4340
f 4294/4383/4294 4342/4431/4342 4341/4430/4341
f 4295/4384/4295 4343/4432/4343 4342/4431/4342
f 4296/4385/4296 4344/4433/4344 4343/4432/4343
f 4297/4386/4297 4345/4434/4345 4344/4433/4344
f 4298/4387/4298 4346/4435/4346 4345/4434/4345
f 4299/4388/4299 4347/4436/4347 4346/4435/4346
f 4300/4389/4300 4348/4437/4348 4347/4436/4347
f 4301/4390/4301 4349/4438/4349 4348/4437/4348
f 4302/4391/4302 4350/4439/4350 4349/4438/4349
f 4303/4392/4303 4351/4440/4351 4350/4439/4350
f 4304/4393/4304 4352/4441/4352 4351/4440/4351
f 4305/4394/4305 4353/4442/4353 4352/4441/4352
f 4306/4395/4306 4354/4443/4354 4353/4442/4353
f 4307/4396/4307 4355/4444/4355 4354/4443/4354
f 4308/4397/4308 4356/4445/4356 4355/4444/4355
f 4309/4398/4309 4357/4446/4357 4356/4445/4356
f 4310/4399/4310 4358/4447/4358 4357/4446/4357
f 4311/4400/4311 4359/4448/4359 4358/4447/4358
f 4312/4401/4312 4360/4450/4360 4359/4448/4359
f 4313/4449/4313 4361/4498/4361 4360/4450/4360
f 4362/4451/4362 4361/4498/4361 4313/4449/4313
f 4363/4452/4363 4362/4451/4362 4314/4402/4314
f 4364/4453/4364 4363/4452/4363 4315/4403/4315
f 4365/4454/4365 4364/4453/4364 4316/4404/4316
f 4366/4455/4366 4365/4454/4365 4317/4405/4317
f 4367/4456/4367 4366/4455/4366 4318/4406/4318
f 4368/4457/4368 4367/4456/4367 4319/4407/4319
f 4369/4458/4369 4416/4506/4416 4368/4457/4368
f 4370/4459/4370 4369/4509/4369 4321/4460/4321
f 4371/4461/4371 4370/4459/4370 4322/4410/4322
f 4372/4462/4372 4371/4461/4371 4323/4412/4323
f 4373/4463/4373 4372/4462/4372 4324/4413/4324
f 4374/4464/4374 4373/4463/4373 4325/4414/4325
f 4375/4465/4375 4374/4464/4374 4326/4415/4326
f 4376/4466/4376 4375/4465/4375 4327/4416/4327
f 4377/4467/4377 4376/4466/4376 4328/4417/4328
f 4378/4468/4378 4377/4467/4377 4329/4418/4329
f 4379/4469/4379 4378/4468/4378 4330/4419/4330
f 4380/4470/4380 4379/4469/4379 4331/4420/4331
f 4381/4471/4381 4380/4470/4380 4332/4421/4332
f 4382/4472/4382 4381/4471/4381 4333/4422/4333
f 4383/4473/4383 4382/4472/4382 4334/4423/4334
f 4384/4474/4384 4383/4473/4383 4335/4424/4335
f 4385/4475/4385 4384/4474/4384 4336/4425/4336
f 4386/4476/4386 4385/4475/4385 4337/4426/4337
f 4339/4428/4339 4387/4477/4387 4386/4476/4386
f 4340/4429/4340 4388/4478/4388 4387/4477/4387
f 4341/4430/4341 4389/4479/4389 4388/4478/4388
f 4342/4431/4342 4390/4480/4390 4389/4479/4389
f 4343/4432/4343 4391/4481/4391 4390/4480/4390
f 4344/4433/4344 4392/4482/4392 4391/4481/4391
f 4345/4434/4345 4393/4483/4393 4392/4482/4392
f 4346/4435/4346 4394/4484/4394 4393/4483/4393
f 4347/4436/4347 4395/4485/4395 4394/4484/4394
f 4348/4437/4348 4396/4486/4396 4395/4485/4395
f 4349/4438/4349 4397/4487/4397 4396/4486/4396
f 4350/4439/4350 4398/4488/4398 4397/4487/4397
f 4351/4440/4351 4399/4489/4399 4398/4488/4398
f 4352/4441/4352 4400/4490/4400 4399/4489/4399
f 4353/4442/4353 4401/4491/4401 4400/4490/4400
f 4354/4443/4354 4402/4492/4402 4401/4491/4401
f 4355/4444/4355 4403/4493/4403 4402/4492/4402
f 4356/4445/4356 4404/4494/4404 4403/4493/4403
f 4357/4446/4357 4405/4495/4405 4404/4494/4404
f 4358/4447/4358 4406/4496/4406 4405/4495/4405
f 4359/4448/4359 4407/4497/4407 4406/4496/4406
f 4360/4450/4360 4408/4499/4408 4407/4497/4407
f 4361/4498/4361 4409/4500/4409 4408/4499/4408
f 4362/4451/4362 4410/4548/4410 4409/4500/4409
f 4411/4501/4411 4410/4548/4410 4362/4451/4362
f 4412/4502/4412 4411/4501/4411 4363/4452/4363
f 4413/4503/4413 4412/4502/4412 4364/4453/4364
f 4414/4504/4414 4413/4503/4413 4365/4454/4365
f 4415/4505/4415 4414/4504/4414 4366/4455/4366
f 4416/4506/4416 4415/4505/4415 4367/4456/4367
f 4369/4458/4369 4417/4556/4417 4464/4507/4464
f 4418/4508/4418 4417/4559/4417 4369/4509/4369
f 4419/4510/4419 4418/4508/4418 4370/4459/4370
f 4420/4511/4420 4419/4510/4419 4371/4461/4371
f 4421/4512/4421 4420/4511/4420 4372/4462/4372
f 4422/4513/4422 4421/4512/4421 4373/4463/4373
f 4423/4514/4423 4422/4513/4422 4374/4464/4374
f 4424/4515/4424 4423/4514/4423 4375/4465/4375
f 4425/4516/4425 4424/4515/4424 4376/4466/4376
f 4426/4517/4426 4425/4516/4425 4377/4467/4377
f 4427/4518/4427 4426/4517/4426 4378/4468/4378
f 4428/4519/4428 4427/4518/4427 4379/4469/4379
f 4429/4520/4429 4428/4519/4428 4380/4470/4380
f 4430/4521/4430 4429/4520/4429 4381/4471/4381
f 4431/4522/4431 4430/4521/4430 4382/4472/4382
f 4432/4523/4432 4431/4522/4431 4383/4473/4383
f 4433/4524/4433 4432/4523/4432 4384/4474/4384
f 4434/4525/4434 4433/4524/4433 4385/4475/4385
f 4435/4526/4435 4434/4525/4434 4386/4476/4386
f 4436/4527/4436 4435/4526/4435 4387/4477/4387
f 4437/4528/4437 4436/4527/4436 4388/4478/4388
f 4438/4529/4438 4437/4528/4437 4389/4479/4389
f 4439/4530/4439 4438/4529/4438 4390/4480/4390
f 4440/4531/4440 4439/4530/4439 4391/4481/4391
f 4441/4532/4441 4440/4531/4440 4392/4482/4392
f 4394/4484/4394 4442/4533/4442 4441/4532/4441
f 4395/4485/4395 4443/4534/4443 4442/4533/4442
f 4396/4486/4396 4444/4535/4444 4443/4534/4443
f 4397/4487/4397 4445/4536/4445 4444/4535/4444
f 4398/4488/4398 4446/4537/4446 4445/4536/4445
f 4399/4489/4399 4447/4538/4447 4446/4537/4446
f 4400/4490/4400 4448/4539/4448 4447/4538/4447
f 4401/4491/4401 4449/4540/4449 4448/4539/4448
f 4402/4492/4402 4450/4541/4450 4449/4540/4449
f 4403/4493/4403 4451/4542/4451 4450/4541/4450
f 4404/4494/4404 4452/4543/4452 4451/4542/4451
f 4405/4495/4405 4453/4544/4453 4452/4543/4452
f 4406/4496/4406 4454/4545/4454 4453/4544/4453
f 4407/4497/4407 4455/4546/4455 4454/4545/4454
f 4408/4499/4408 4456/4547/4456 4455/4546/4455
f 4409/4500/4409 4457/4549/4457 4456/4547/4456
f 4410/4548/4410 4458/4550/4458 4457/4549/4457
f 4411/4501/4411 4459/4551/4459 4458/4550/4458
f 4412/4502/4412 4460/4552/4460 4459/4551/4459
f 4413/4503/4413 4461/4553/4461 4460/4552/4460
f 4414/4504/4414 4462/4554/4462 4461/4553/4461
f 4415/4505/4415 4463/4555/4463 4462/4554/4462
f 4416/4506/4416 4464/4507/4464 4463/4555/4463
f 4417/4556/4417 4465/4605/4465 4512/4557/4512
f 4418/4508/4418 4466/4560/4466 4465/4558/4465
f 4419/4510/4419 4467/4561/4467 4466/4560/4466
f 4420/4511/4420 4468/4562/4468 4467/4561/4467
f 4421/4512/4421 4469/4563/4469 4468/4562/4468
f 4422/4513/4422 4470/4564/4470 4469/4563/4469
f 4423/4514/4423 4471/4565/4471 4470/4564/4470
f 4424/4515/4424 4472/4566/4472 4471/4565/4471
f 4425/4516/4425 4473/4567/4473 4472/4566/4472
f 4426/4517/4426 4474/4568/4474 4473/4567/4473
f 4427/4518/4427 4475/4569/4475 4474/4568/4474
f 4428/4519/4428 4476/4570/4476 4475/4569/4475
f 4429/4520/4429 4477/4618/4477 4476/4570/4476
f 4478/4571/4478 4477/4618/4477 4429/4520/4429
f 4479/4572/4479 4478/4571/4478 4430/4521/4430
f 4480/4573/4480 4479/4572/4479 4431/4522/4431
f 4481/4574/4481 4480/4573/4480 4432/4523/4432
f 4482/4575/4482 4481/4574/4481 4433/4524/4433
f 4483/4576/4483 4482/4575/4482 4434/4525/4434
f 4484/4577/4484 4483/4576/4483 4435/4526/4435
f 4485/4578/4485 4484/4577/4484 4436/4527/4436
f 4486/4579/4486 4485/4578/4485 4437/4528/4437
f 4487/4580/4487 4486/4579/4486 4438/4529/4438
f 4488/4581/4488 4487/4580/4487 4439/4530/4439
f 4489/4582/4489 4488/4581/4488 4440/4531/4440
f 4490/4583/4490 4489/4582/4489 4441/4532/4441
f 4491/4584/4491 4490/4583/4490 4442/4533/4442
f 4492/4585/4492 4491/4584/4491 4443/4534/4443
f 4493/4586/4493 4492/4585/4492 4444/4535/4444
f 4494/4587/4494 4493/4586/4493 4445/4536/4445
f 4495/4588/4495 4494/4587/4494 4446/4537/4446
f 4496/4589/4496 4495/4588/4495 4447/4538/4447
f 4497/4590/4497 4496/4589/4496 4448/4539/4448
f 4498/4591/4498 4497/4590/4497 4449/4540/4449
f 4499/4592/4499 4498/4591/4498 4450/4541/4450
f 4500/4593/4500 4499/4592/4499 4451/4542/4451
f 4501/4594/4501 4500/4593/4500 4452/4543/4452
f 4454/4545/4454 4502/4595/4502 4501/4594/4501
f 4455/4546/4455 4503/4596/4503 4502/4595/4502
f 4456/4547/4456 4504/4597/4504 4503/4596/4503
f 4457/4549/4457 4505/4598/4505 4504/4597/4504
f 4458/4550/4458 4506/4599/4506 4505/4598/4505
f 4459/4551/4459 4507/4600/4507 4506/4599/4506
f 4460/4552/4460 4508/4601/4508 4507/4600/4507
f 4461/4553/4461 4509/4602/4509 4508/4601/4508
f 4462/4554/4462 4510/4603/4510 4509/4602/4509
f 4463/4555/4463 4511/4604/4511 4510/4603/4510
f 4464/4507/4464 4512/4557/4512 4511/4604/4511
f 4465/4605/4465 4513/4654/4513 4560/4606/4560
f 4466/4560/4466 4514/4608/4514 4513/4607/4513
f 4467/4561/4467 4515/4609/4515 4514/4608/4514
f 4468/4562/4468 4516/4610/4516 4515/4609/4515
f 4469/4563/4469 4517/4611/4517 4516/4610/4516
f 4470/4564/4470 4518/4612/4518 4517/4611/4517
f 4471/4565/4471 4519/4613/4519 4518/4612/4518
f 4472/4566/4472 4520/4614/4520 4519/4613/4519
f 4473/4567/4473 4521/4615/4521 4520/4614/4520
f 4474/4568/4474 4522/4616/4522 4521/4615/4521
f 4475/4569/4475 4523/4617/4523 4522/4616/4522
f 4476/4570/4476 4524/4619/4524 4523/4617/4523
f 4477/4618/4477 4525/4620/4525 4524/4619/4524
f 4478/4571/4478 4526/4668/4526 4525/4620/4525
f 4527/4621/4527 4526/4668/4526 4478/4571/4478
f 4528/4622/4528 4527/4621/4527 4479/4572/4479
f 4529/4623/4529 4528/4622/4528 4480/4573/4480
f 4530/4624/4530 4529/4623/4529 4481/4574/4481
f 4531/4625/4531 4530/4624/4530 4482/4575/4482
f 4532/4626/4532 4531/4625/4531 4483/4576/4483
f 4533/4627/4533 4532/4626/4532 4484/4577/4484
f 4534/4628/4534 4533/4627/4533 4485/4578/4485
f 4535/4629/4535 4534/4628/4534 4486/4579/4486
f 4536/4630/4536 4535/4629/4535 4487/4580/4487
f 4537/4631/4537 4536/4630/4536 4488/4581/4488
f 4538/4632/4538 4537/4631/4537 4489/4582/4489
f 4539/4633/4539 4538/4632/4538 4490/4583/4490
f 4540/4634/4540 4539/4633/4539 4491/4584/4491
f 4541/4635/4541 4540/4634/4540 4492/4585/4492
f 4542/4636/4542 4541/4635/4541 4493/4586/4493
f 4543/4637/4543 4542/4636/4542 4494/4587/4494
f 4544/4638/4544 4543/4637/4543 4495/4588/4495
f 4545/4639/4545 4544/4638/4544 4496/4589/4496
f 4546/4640/4546 4545/4639/4545 4497/4590/4497
f 4547/4641/4547 4546/4640/4546 4498/4591/4498
f 4548/4642/4548 4547/4641/4547 4499/4592/4499
f 4549/4643/4549 4548/4642/4548 4500/4593/4500
f 4550/4644/4550 4549/4643/4549 4501/4594/4501
f 4503/4596/4503 4551/4645/4551 4550/4644/4550
f 4504/4597/4504 4552/4646/4552 4551/4645/4551
f 4505/4598/4505 4553/4647/4553 4552/4646/4552
f 4506/4599/4506 4554/4648/4554 4553/4647/4553
f 4507/4600/4507 4555/4649/4555 4554/4648/4554
f 4508/4601/4508 4556/4650/4556 4555/4649/4555
f 4509/4602/4509 4557/4651/4557 4556/4650/4556
f 4510/4603/4510 4558/4652/4558 4557/4651/4557
f 4511/4604/4511 4559/4653/4559 4558/4652/4558
f 4512/4557/4512 4560/4606/4560 4559/4653/4559
f 4513/4654/4513 4561/4703/4561 4608/4655/4608
f 4514/4608/4514 4562/4657/4562 4561/4656/4561
f 4515/4609/4515 4563/4658/4563 4562/4657/4562
f 4516/4610/4516 4564/4659/4564 4563/4658/4563
f 4517/4611/4517 4565/4660/4565 4564/4659/4564
f 4518/4612/4518 4566/4661/4566 4565/4660/4565
f 4519/4613/4519 4567/4662/4567 4566/4661/4566
f 4520/4614/4520 4568/4663/4568 4567/4662/4567
f 4521/4615/4521 4569/4664/4569 4568/4663/4568
f 4522/4616/4522 4570/4665/4570 4569/4664/4569
f 4523/4617/4523 4571/4666/4571 4570/4665/4570
f 4524/4619/4524 4572/4667/4572 4571/4666/4571
f 4525/4620/4525 4573/4669/4573 4572/4667/4572
f 4526/4668/4526 4574/4717/4574 4573/4669/4573
f 4575/4670/4575 4574/4717/4574 4526/4668/4526
f 4576/4671/4576 4575/4670/4575 4527/4621/4527
f 4577/4672/4577 4576/4671/4576 4528/4622/4528
f 4578/4673/4578 4577/4672/4577 4529/4623/4529
f 4579/4674/4579 4578/4673/4578 4530/4624/4530
f 4580/4675/4580 4579/4674/4579 4531/4625/4531
f 4581/4676/4581 4580/4675/4580 4532/4626/4532
f 4582/4677/4582 4581/4676/4581 4533/4627/4533
f 4583/4678/4583 4582/4677/4582 4534/4628/4534
f 4584/4679/4584 4583/4678/4583 4535/4629/4535
f 4585/4680/4585 4584/4679/4584 4536/4630/4536
f 4586/4681/4586 4585/4680/4585 4537/4631/4537
f 4587/4682/4587 4586/4681/4586 4538/4632/4538
f 4588/4683/4588 4587/4682/4587 4539/4633/4539
f 4589/4684/4589 4588/4683/4588 4540/4634/4540
f 4590/4685/4590 4589/4684/4589 4541/4635/4541
f 4591/4686/4591 4590/4685/4590 4542/4636/4542
f 4592/4687/4592 4591/4686/4591 4543/4637/4543
f 4593/4688/4593 4592/4687/4592 4544/4638/4544
f 4594/4689/4594 4593/4688/4593 4545/4639/4545
f 4595/4690/4595 4594/4689/4594 4546/4640/4546
f 4548/4642/4548 4596/4738/4596 4595/4690/4595
f 4597/4691/4597 4596/4738/4596 4548/4642/4548
f 4598/4692/4598 4597/4691/4597 4549/4643/4549
f 4551/4645/4551 4599/4693/4599 4598/4692/4598
f 4552/4646/4552 4600/4694/4600 4599/4693/4599
f 4553/4647/4553 4601/4695/4601 4600/4694/4600
f 4554/4648/4554 4602/4696/4602 4601/4695/4601
f 4555/4649/4555 4603/4697/4603 4602/4696/4602
f 4556/4650/4556 4604/4698/4604 4603/4697/4603
f 4557/4651/4557 4605/4699/4605 4604/4698/4604
f 4558/4652/4558 4606/4700/4606 4605/4699/4605
f 4559/4653/4559 4607/4701/4607 4606/4700/4606
f 4560/4606/4560 4608/4655/4608 4607/4701/4607
f 4609/4702/4609 4656/4751/4656 4608/4655/4608
f 4610/4704/4610 4609/4754/4609 4561/4656/4561
f 4611/4705/4611 4610/4704/4610 4562/4657/4562
f 4612/4706/4612 4611/4705/4611 4563/4658/4563
f 4613/4707/4613 4612/4706/4612 4564/4659/4564
f 4614/4708/4614 4613/4707/4613 4565/4660/4565
f 4615/4709/4615 4614/4708/4614 4566/4661/4566
f 4616/4710/4616 4615/4709/4615 4567/4662/4567
f 4617/4711/4617 4616/4710/4616 4568/4663/4568
f 4618/4712/4618 4617/4711/4617 4569/4664/4569
f 4619/4713/4619 4618/4712/4618 4570/4665/4570
f 4620/4714/4620 4619/4713/4619 4571/4666/4571
f 4621/4715/4621 4620/4714/4620 4572/4667/4572
f 4622/4716/4622 4621/4715/4621 4573/4669/4573
f 4623/4718/4623 4622/4716/4622 4574/4717/4574
f 4624/4719/4624 4623/4718/4623 4575/4670/4575
f 4625/4720/4625 4624/4719/4624 4576/4671/4576
f 4626/4721/4626 4625/4720/4625 4577/4672/4577
f 4627/4722/4627 4626/4721/4626 4578/4673/4578
f 4628/4723/4628 4627/4722/4627 4579/4674/4579
f 4629/4724/4629 4628/4723/4628 4580/4675/4580
f 4582/4677/4582 4630/4725/4630 4629/4724/4629
f 4583/4678/4583 4631/4726/4631 4630/4725/4630
f 4584/4679/4584 4632/4727/4632 4631/4726/4631
f 4585/4680/4585 4633/4728/4633 4632/4727/4632
f 4586/4681/4586 4634/4729/4634 4633/4728/4633
f 4587/4682/4587 4635/4730/4635 4634/4729/4634
f 4588/4683/4588 4636/4731/4636 4635/4730/4635
f 4589/4684/4589 4637/4732/4637 4636/4731/4636
f 4590/4685/4590 4638/4733/4638 4637/4732/4637
f 4591/4686/4591 4639/4734/4639 4638/4733/4638
f 4592/4687/4592 4640/4735/4640 4639/4734/4639
f 4593/4688/4593 4641/4736/4641 4640/4735/4640
f 4594/4689/4594 4642/4737/4642 4641/4736/4641
f 4595/4690/4595 4643/4739/4643 4642/4737/4642
f 4596/4738/4596 4644/4740/4644 4643/4739/4643
f 4597/4691/4597 4645/4741/4645 4644/4740/4644
f 4598/4692/4598 4646/4742/4646 4645/4741/4645
f 4599/4693/4599 4647/4743/4647 4646/4742/4646
f 4600/4694/4600 4648/4744/4648 4647/4743/4647
f 4601/4695/4601 4649/4745/4649 4648/4744/4648
f 4602/4696/4602 4650/4746/4650 4649/4745/4649
f 4603/4697/4603 4651/4747/4651 4650/4746/4650
f 4604/4698/4604 4652/4748/4652 4651/4747/4651
f 4605/4699/4605 4653/4796/4653 4652/4748/4652
f 4654/4749/4654 4653/4796/4653 4605/4699/4605
f 4655/4750/4655 4654/4749/4654 4606/4700/4606
f 4656/4751/4656 4655/4750/4655 4607/4701/4607
f 4657/4752/4657 4704/4800/4704 4656/4751/4656
f 4658/4753/4658 4657/4803/4657 4609/4754/4609
f 4659/4755/4659 4658/4753/4658 4610/4704/4610
f 4660/4756/4660 4659/4755/4659 4611/4705/4611
f 4661/4757/4661 4660/4756/4660 4612/4706/4612
f 4662/4758/4662 4661/4757/4661 4613/4707/4613
f 4663/4759/4663 4662/4758/4662 4614/4708/4614
f 4664/4760/4664 4663/4759/4663 4615/4709/4615
f 4665/4761/4665 4664/4760/4664 4616/4710/4616
f 4666/4762/4666 4665/4761/4665 4617/4711/4617
f 4667/4763/4667 4666/4762/4666 4618/4712/4618
f 4668/4764/4668 4667/4763/4667 4619/4713/4619
f 4669/4765/4669 4668/4764/4668 4620/4714/4620
f 4670/4766/4670 4669/4765/4669 4621/4715/4621
f 4671/4767/4671 4670/4766/4670 4622/4716/4622
f 4672/4768/4672 4671/4767/4671 4623/4718/4623
f 4673/4769/4673 4672/4768/4672 4624/4719/4624
f 4674/4770/4674 4673/4769/4673 4625/4720/4625
f 4675/4771/4675 4674/4770/4674 4626/4721/4626
f 4676/4772/4676 4675/4771/4675 4627/4722/4627
f 4677/4773/4677 4676/4772/4676 4628/4723/4628
f 4678/4774/4678 4677/4773/4677 4629/4724/4629
f 4631/4726/4631 4679/4775/4679 4678/4774/4678
f 4632/4727/4632 4680/4776/4680 4679/4775/4679
f 4633/4728/4633 4681/4777/4681 4680/4776/4680
f 4634/4729/4634 4682/4778/4682 4681/4777/4681
f 4635/4730/4635 4683/4779/4683 4682/4778/4682
f 4636/4731/4636 4684/4780/4684 4683/4779/4683
f 4637/4732/4637 4685/4781/4685 4684/4780/4684
f 4638/4733/4638 4686/4782/4686 4685/4781/4685
f 4639/4734/4639 4687/4783/4687 4686/4782/4686
f 4640/4735/4640 4688/4784/4688 4687/4783/4687
f 4641/4736/4641 4689/4785/4689 4688/4784/4688
f 4642/4737/4642 4690/4786/4690 4689/4785/4689
f 4643/4739/4643 4691/4787/4691 4690/4786/4690
f 4644/4740/4644 4692/4788/4692 4691/4787/4691
f 4645/4741/4645 4693/4789/4693 4692/4788/4692
f 4646/4742/4646 4694/4790/4694 4693/4789/4693
f 4647/4743/4647 4695/4791/4695 4694/4790/4694
f 4648/4744/4648 4696/4792/4696 4695/4791/4695
f 4649/4745/4649 4697/4793/4697 4696/4792/4696
f 4650/4746/4650 4698/4794/4698 4697/4793/4697
f 4651/4747/4651 4699/4795/4699 4698/4794/4698
f 4652/4748/4652 4700/4797/4700 4699/4795/4699
f 4653/4796/4653 4701/4798/4701 4700/4797/4700
f 4654/4749/4654 4702/4845/4702 4701/4798/4701
f 4703/4799/4703 4702/4845/4702 4654/4749/4654
f 4704/4800/4704 4703/4799/4703 4655/4750/4655
f 4657/4752/4657 4705/4850/4705 4752/4801/4752
f 4658/4753/4658 4706/4804/4706 4705/4802/4705
f 4659/4755/4659 4707/4805/4707 4706/4804/4706
f 4660/4756/4660 4708/4806/4708 4707/4805/4707
f 4661/4757/4661 4709/4807/4709 4708/4806/4708
f 4662/4758/4662 4710/4856/4710 4709/4807/4709
f 4711/4808/4711 4710/4856/4710 4662/4758/4662
f 4712/4809/4712 4711/4808/4711 4663/4759/4663
f 4713/4810/4713 4712/4809/4712 4664/4760/4664
f 4714/4811/4714 4713/4810/4713 4665/4761/4665
f 4715/4812/4715 4714/4811/4714 4666/4762/4666
f 4716/4813/4716 4715/4812/4715 4667/4763/4667
f 4717/4814/4717 4716/4813/4716 4668/4764/4668
f 4718/4815/4718 4717/4814/4717 4669/4765/4669
f 4719/4816/4719 4718/4815/4718 4670/4766/4670
f 4720/4817/4720 4719/4816/4719 4671/4767/4671
f 4721/4818/4721 4720/4817/4720 4672/4768/4672
f 4722/4819/4722 4721/4818/4721 4673/4769/4673
f 4723/4820/4723 4722/4819/4722 4674/4770/4674
f 4724/4821/4724 4723/4820/4723 4675/4771/4675
f 4725/4822/4725 4724/4821/4724 4676/4772/4676
f 4726/4823/4726 4725/4822/4725 4677/4773/4677
f 4727/4824/4727 4726/4823/4726 4678/4774/4678
f 4728/4825/4728 4727/4824/4727 4679/4775/4679
f 4681/4777/4681 4729/4874/4729 4728/4825/4728
f 4730/4826/4730 4729/4874/4729 4681/4777/4681
f 4731/4827/4731 4730/4826/4730 4682/4778/4682
f 4732/4828/4732 4731/4827/4731 4683/4779/4683
f 4733/4829/4733 4732/4828/4732 4684/4780/4684
f 4734/4830/4734 4733/4829/4733 4685/4781/4685
f 4687/4783/4687 4735/4831/4735 4734/4830/4734
f 4688/4784/4688 4736/4832/4736 4735/4831/4735
f 4689/4785/4689 4737/4833/4737 4736/4832/4736
f 4690/4786/4690 4738/4834/4738 4737/4833/4737
f 4691/4787/4691 4739/4835/4739 4738/4834/4738
f 4692/4788/4692 4740/4836/4740 4739/4835/4739
f 4693/4789/4693 4741/4837/4741 4740/4836/4740
f 4694/4790/4694 4742/4838/4742 4741/4837/4741
f 4695/4791/4695 4743/4839/4743 4742/4838/4742
f 4696/4792/4696 4744/4840/4744 4743/4839/4743
f 4697/4793/4697 4745/4841/4745 4744/4840/4744
f 4698/4794/4698 4746/4842/4746 4745/4841/4745
f 4699/4795/4699 4747/4843/4747 4746/4842/4746
f 4700/4797/4700 4748/4844/4748 4747/4843/4747
f 4701/4798/4701 4749/4846/4749 4748/4844/4748
f 4702/4845/4702 4750/4847/4750 4749/4846/4749
f 4703/4799/4703 4751/4848/4751 4750/4847/4750
f 4704/4800/4704 4752/4801/4752 4751/4848/4751
f 4753/4849/4753 4800/4897/4800 4752/4801/4752
f 4754/4851/4754 4753/4900/4753 4705/4802/4705
f 4755/4852/4755 4754/4851/4754 4706/4804/4706
f 4756/4853/4756 4755/4852/4755 4707/4805/4707
f 4757/4854/4757 4756/4853/4756 4708/4806/4708
f 4758/4855/4758 4757/4854/4757 4709/4807/4709
f 4711/4808/4711 4759/4857/4759 4758/4855/4758
f 4712/4809/4712 4760/4858/4760 4759/4857/4759
f 4713/4810/4713 4761/4859/4761 4760/4858/4760
f 4714/4811/4714 4762/4860/4762 4761/4859/4761
f 4715/4812/4715 4763/4861/4763 4762/4860/4762
f 4716/4813/4716 4764/4862/4764 4763/4861/4763
f 4717/4814/4717 4765/4863/4765 4764/4862/4764
f 4718/4815/4718 4766/4864/4766 4765/4863/4765
f 4719/4816/4719 4767/4865/4767 4766/4864/4766
f 4720/4817/4720 4768/4866/4768 4767/4865/4767
f 4721/4818/4721 4769/4867/4769 4768/4866/4768
f 4722/4819/4722 4770/4868/4770 4769/4867/4769
f 4723/4820/4723 4771/4869/4771 4770/4868/4770
f 4724/4821/4724 4772/4870/4772 4771/4869/4771
f 4725/4822/4725 4773/4871/4773 4772/4870/4772
f 4726/4823/4726 4774/4872/4774 4773/4871/4773
f 4727/4824/4727 4775/4873/4775 4774/4872/4774
f 4728/4825/4728 4776/4875/4776 4775/4873/4775
f 4729/4874/4729 4777/4876/4777 4776/4875/4776
f 4730/4826/4730 4778/4877/4778 4777/4876/4777
f 4731/4827/4731 4779/4878/4779 4778/4877/4778
f 4732/4828/4732 4780/4879/4780 4779/4878/4779
f 4733/4829/4733 4781/4880/4781 4780/4879/4780
f 4734/4830/4734 4782/4927/4782 4781/4880/4781
f 4783/4881/4783 4782/4927/4782 4734/4830/4734
f 4784/4882/4784 4783/4881/4783 4735/4831/4735
f 4785/4883/4785 4784/4882/4784 4736/4832/4736
f 4786/4884/4786 4785/4883/4785 4737/4833/4737
f 4787/4885/4787 4786/4884/4786 4738/4834/4738
f 4740/4836/4740 4788/4935/4788 4787/4885/4787
f 4789/4886/4789 4788/4935/4788 4740/4836/4740
f 4790/4887/4790 4789/4886/4789 4741/4837/4741
f 4791/4888/4791 4790/4887/4790 4742/4838/4742
f 4792/4889/4792 4791/4888/4791 4743/4839/4743
f 4793/4890/4793 4792/4889/4792 4744/4840/4744
f 4794/4891/4794 4793/4890/4793 4745/4841/4745
f 4795/4892/4795 4794/4891/4794 4746/4842/4746
f 4796/4893/4796 4795/4892/4795 4747/4843/4747
f 4797/4894/4797 4796/4893/4796 4748/4844/4748
f 4798/4895/4798 4797/4894/4797 4749/4846/4749
f 4799/4896/4799 4798/4895/4798 4750/4847/4750
f 4800/4897/4800 4799/4896/4799 4751/4848/4751
f 4801/4898/4801 4848/4947/4848 4800/4897/4800
f 4802/4899/4802 4801/4950/4801 4753/4900/4753
f 4803/4901/4803 4802/4899/4802 4754/4851/4754
f 4804/4902/4804 4803/4901/4803 4755/4852/4755
f 4805/4903/4805 4804/4902/4804 4756/4853/4756
f 4806/4904/4806 4805/4903/4805 4757/4854/4757
f 4759/4857/4759 4807/4905/4807 4806/4904/4806
f 4760/4858/4760 4808/4906/4808 4807/4905/4807
f 4761/4859/4761 4809/4907/4809 4808/4906/4808
f 4762/4860/4762 4810/4908/4810 4809/4907/4809
f 4763/4861/4763 4811/4909/4811 4810/4908/4810
f 4764/4862/4764 4812/4910/4812 4811/4909/4811
f 4765/4863/4765 4813/4911/4813 4812/4910/4812
f 4766/4864/4766 4814/4912/4814 4813/4911/4813
f 4767/4865/4767 4815/4913/4815 4814/4912/4814
f 4768/4866/4768 4816/4914/4816 4815/4913/4815
f 4769/4867/4769 4817/4915/4817 4816/4914/4816
f 4770/4868/4770 4818/4916/4818 4817/4915/4817
f 4771/4869/4771 4819/4917/4819 4818/4916/4818
f 4772/4870/4772 4820/4918/4820 4819/4917/4819
f 4773/4871/4773 4821/4919/4821 4820/4918/4820
f 4774/4872/4774 4822/4920/4822 4821/4919/4821
f 4775/4873/4775 4823/4921/4823 4822/4920/4822
f 4776/4875/4776 4824/4922/4824 4823/4921/4823
f 4777/4876/4777 4825/4923/4825 4824/4922/4824
f 4778/4877/4778 4826/4924/4826 4825/4923/4825
f 4779/4878/4779 4827/4925/4827 4826/4924/4826
f 4780/4879/4780 4828/4926/4828 4827/4925/4827
f 4781/4880/4781 4829/4928/4829 4828/4926/4828
f 4782/4927/4782 4830/4977/4830 4829/4928/4829
f 4831/4929/4831 4830/4977/4830 4782/4927/4782
f 4832/4930/4832 4831/4929/4831 4783/4881/4783
f 4833/4931/4833 4832/4930/4832 4784/4882/4784
f 4834/4932/4834 4833/4931/4833 4785/4883/4785
f 4835/4933/4835 4834/4932/4834 4786/4884/4786
f 4836/4934/4836 4835/4933/4835 4787/4885/4787
f 4837/4936/4837 4836/4934/4836 4788/4935/4788
f 4838/4937/4838 4837/4936/4837 4789/4886/4789
f 4839/4938/4839 4838/4937/4838 4790/4887/4790
f 4840/4939/4840 4839/4938/4839 4791/4888/4791
f 4841/4940/4841 4840/4939/4840 4792/4889/4792
f 4842/4941/4842 4841/4940/4841 4793/4890/4793
f 4843/4942/4843 4842/4941/4842 4794/4891/4794
f 4844/4943/4844 4843/4942/4843 4795/4892/4795
f 4845/4944/4845 4844/4943/4844 4796/4893/4796
f 4846/4945/4846 4845/4944/4845 4797/4894/4797
f 4847/4946/4847 4846/4945/4846 4798/4895/4798
f 4848/4947/4848 4847/4946/4847 4799/4896/4799
f 4849/4948/4849 4896/4996/4896 4848/4947/4848
f 4850/4949/4850 4849/4999/4849 4801/4950/4801
f 4851/4951/4851 4850/4949/4850 4802/4899/4802
f 4852/4952/4852 4851/4951/4851 4803/4901/4803
f 4853/4953/4853 4852/4952/4852 4804/4902/4804
f 4854/4954/4854 4853/4953/4853 4805/4903/4805
f 4807/4905/4807 4855/4955/4855 4854/4954/4854
f 4808/4906/4808 4856/4956/4856 4855/4955/4855
f 4809/4907/4809 4857/4957/4857 4856/4956/4856
f 4810/4908/4810 4858/4958/4858 4857/4957/4857
f 4811/4909/4811 4859/4959/4859 4858/4958/4858
f 4812/4910/4812 4860/4960/4860 4859/4959/4859
f 4813/4911/4813 4861/4961/4861 4860/4960/4860
f 4814/4912/4814 4862/4962/4862 4861/4961/4861
f 4815/4913/4815 4863/4963/4863 4862/4962/4862
f 4816/4914/4816 4864/4964/4864 4863/4963/4863
f 4817/4915/4817 4865/4965/4865 4864/4964/4864
f 4818/4916/4818 4866/4966/4866 4865/4965/4865
f 4819/4917/4819 4867/4967/4867 4866/4966/4866
f 4820/4918/4820 4868/4968/4868 4867/4967/4867
f 4821/4919/4821 4869/4969/4869 4868/4968/4868
f 4822/4920/4822 4870/4970/4870 4869/4969/4869
f 4823/4921/4823 4871/4971/4871 4870/4970/4870
f 4824/4922/4824 4872/4972/4872 4871/4971/4871
f 4825/4923/4825 4873/4973/4873 4872/4972/4872
f 4826/4924/4826 4874/4974/4874 4873/4973/4873
f 4827/4925/4827 4875/4975/4875 4874/4974/4874
f 4828/4926/4828 4876/4976/4876 4875/4975/4875
f 4829/4928/4829 4877/4978/4877 4876/4976/4876
f 4830/4977/4830 4878/5026/4878 4877/4978/4877
f 4879/4979/4879 4878/5026/4878 4830/4977/4830
f 4880/4980/4880 4879/4979/4879 4831/4929/4831
f 4881/4981/4881 4880/4980/4880 4832/4930/4832
f 4882/4982/4882 4881/4981/4881 4833/4931/4833
f 4883/4983/4883 4882/4982/4882 4834/4932/4834
f 4884/4984/4884 4883/4983/4883 4835/4933/4835
f 4885/4985/4885 4884/4984/4884 4836/4934/4836
f 4886/4986/4886 4885/4985/4885 4837/4936/4837
f 4887/4987/4887 4886/4986/4886 4838/4937/4838
f 4888/4988/4888 4887/4987/4887 4839/4938/4839
f 4889/4989/4889 4888/4988/4888 4840/4939/4840
f 4890/4990/4890 4889/4989/4889 4841/4940/4841
f 4891/4991/4891 4890/4990/4890 4842/4941/4842
f 4892/4992/4892 4891/4991/4891 4843/4942/4843
f 4893/4993/4893 4892/4992/4892 4844/4943/4844
f 4894/4994/4894 4893/4993/4893 4845/4944/4845
f 4895/4995/4895 4894/4994/4894 4846/4945/4846
f 4896/4996/4896 4895/4995/4895 4847/4946/4847
f 4897/4997/4897 4944/5045/4944 4896/4996/4896
f 4898/4998/4898 4897/5048/4897 4849/4999/4849
f 4899/5000/4899 4898/4998/4898 4850/4949/4850
f 4900/5001/4900 4899/5000/4899 4851/4951/4851
f 4901/5002/4901 4900/5001/4900 4852/4952/4852
f 4902/5003/4902 4901/5002/4901 4853/4953/4853
f 4855/4955/4855 4903/5004/4903 4902/5003/4902
f 4856/4956/4856 4904/5005/4904 4903/5004/4903
f 4857/4957/4857 4905/5006/4905 4904/5005/4904
f 4858/4958/4858 4906/5007/4906 4905/5006/4905
f 4859/4959/4859 4907/5008/4907 4906/5007/4906
f 4860/4960/4860 4908/5009/4908 4907/5008/4907
f 4861/4961/4861 4909/5010/4909 4908/5009/4908
f 4862/4962/4862 4910/5011/4910 4909/5010/4909
f 4863/4963/4863 4911/5012/4911 4910/5011/4910
f 4864/4964/4864 4912/5013/4912 4911/5012/4911
f 4865/4965/4865 4913/5014/4913 4912/5013/4912
f 4866/4966/4866 4914/5015/4914 4913/5014/4913
f 4867/4967/4867 4915/5016/4915 4914/5015/4914
f 4868/4968/4868 4916/5017/4916 4915/5016/4915
f 4869/4969/4869 4917/5018/4917 4916/5017/4916
f 4870/4970/4870 4918/5019/4918 4917/5018/4917
f 4871/4971/4871 4919/5020/4919 4918/5019/4918
f 4872/4972/4872 4920/5021/4920 4919/5020/4919
f 4873/4973/4873 4921/5022/4921 4920/5021/4920
f 4874/4974/4874 4922/5023/4922 4921/5022/4921
f 4875/4975/4875 4923/5024/4923 4922/5023/4922
f 4876/4976/4876 4924/5025/4924 4923/5024/4923
f 4877/4978/4877 4925/5027/4925 4924/5025/4924
f 4878/5026/4878 4926/5075/4926 4925/5027/4925
f 4927/5028/4927 4926/5075/4926 4878/5026/4878
f 4928/5029/4928 4927/5028/4927 4879/4979/4879
f 4929/5030/4929 4928/5029/4928 4880/4980/4880
f 4930/5031/4930 4929/5030/4929 4881/4981/4881
f 4931/5032/4931 4930/5031/4930 4882/4982/4882
f 4932/5033/4932 4931/5032/4931 4883/4983/4883
f 4933/5034/4933 4932/5033/4932 4884/4984/4884
f 4934/5035/4934 4933/5034/4933 4885/4985/4885
f 4935/5036/4935 4934/5035/4934 4886/4986/4886
f 4936/5037/4936 4935/5036/4935 4887/4987/4887
f 4937/5038/4937 4936/5037/4936 4888/4988/4888
f 4938/5039/4938 4937/5038/4937 4889/4989/4889
f 4939/5040/4939 4938/5039/4938 4890/4990/4890
f 4940/5041/4940 4939/5040/4939 4891/4991/4891
f 4941/5042/4941 4940/5041/4940 4892/4992/4892
f 4942/5043/4942 4941/5042/4941 4893/4993/4893
f 4943/5044/4943 4942/5043/4942 4894/4994/4894
f 4944/5045/4944 4943/5044/4943 4895/4995/4895
f 4945/5046/4945 4992/5094/4992 4944/5045/4944
f 4946/5047/4946 4945/5097/4945 4897/5048/4897
f 4947/5049/4947 4946/5047/4946 4898/4998/4898
f 4948/5050/4948 4947/5049/4947 4899/5000/4899
f 4949/5051/4949 4948/5050/4948 4900/5001/4900
f 4950/5052/4950 4949/5051/4949 4901/5002/4901
f 4903/5004/4903 4951/5053/4951 4950/5052/4950
f 4904/5005/4904 4952/5054/4952 4951/5053/4951
f 4905/5006/4905 4953/5055/4953 4952/5054/4952
f 4906/5007/4906 4954/5056/4954 4953/5055/4953
f 4907/5008/4907 4955/5057/4955 4954/5056/4954
f 4908/5009/4908 4956/5058/4956 4955/5057/4955
f 4909/5010/4909 4957/5059/4957 4956/5058/4956
f 4910/5011/4910 4958/5060/4958 4957/5059/4957
f 4911/5012/4911 4959/5061/4959 4958/5060/4958
f 4912/5013/4912 4960/5062/4960 4959/5061/4959
f 4913/5014/4913 4961/5063/4961 4960/5062/4960
f 4914/5015/4914 4962/5064/4962 4961/5063/4961
f 4915/5016/4915 4963/5065/4963 4962/5064/4962
f 4916/5017/4916 4964/5066/4964 4963/5065/4963
f 4917/5018/4917 4965/5067/4965 4964/5066/4964
f 4918/5019/4918 4966/5068/4966 4965/5067/4965
f 4919/5020/4919 4967/5069/4967 4966/5068/4966
f 4920/5021/4920 4968/5070/4968 4967/5069/4967
f 4921/5022/4921 4969/5071/4969 4968/5070/4968
f 4922/5023/4922 4970/5072/4970 4969/5071/4969
f 4923/5024/4923 4971/5073/4971 4970/5072/4970
f 4924/5025/4924 4972/5074/4972 4971/5073/4971
f 4925/5027/4925 4973/5076/4973 4972/5074/4972
f 4926/5075/4926 4974/5124/4974 4973/5076/4973
f 4975/5077/4975 4974/5124/4974 4926/5075/4926
f 4976/5078/4976 4975/5077/4975 4927/5028/4927
f 4977/5079/4977 4976/5078/4976 4928/5029/4928
f 4978/5080/4978 4977/5079/4977 4929/5030/4929
f 4979/5081/4979 4978/5080/4978 4930/5031/4930
f 4980/5082/4980 4979/5081/4979 4931/5032/4931
f 4981/5083/4981 4980/5082/4980 4932/5033/4932
f 4982/5084/4982 4981/5083/4981 4933/5034/4933
f 4983/5085/4983 4982/5084/4982 4934/5035/4934
f 4984/5086/4984 4983/5085/4983 4935/5036/4935
f 4985/5087/4985 4984/5086/4984 4936/5037/4936
f 4986/5088/4986 4985/5087/4985 4937/5038/4937
f 4987/5089/4987 4986/5088/4986 4938/5039/4938
f 4988/5090/4988 4987/5089/4987 4939/5040/4939
f 4989/5091/4989 4988/5090/4988 4940/5041/4940
f 4990/5092/4990 4989/5091/4989 4941/5042/4941
f 4991/5093/4991 4990/5092/4990 4942/5043/4942
f 4992/5094/4992 4991/5093/4991 4943/5044/4943
f 4993/5095/4993 5040/5143/5040 4992/5094/4992
f 4994/5096/4994 4993/5146/4993 4945/5097/4945
f 4995/5098/4995 4994/5096/4994 4946/5047/4946
f 4996/5099/4996 4995/5098/4995 4947/5049/4947
f 4997/5100/4997 4996/5099/4996 4948/5050/4948
f 4998/5101/4998 4997/5100/4997 4949/5051/4949
f 4999/5102/4999 4998/5101/4998 4950/5052/4950
f 4952/5054/4952 5000/5103/5000 4999/5102/4999
f 4953/5055/4953 5001/5104/5001 5000/5103/5000
f 4954/5056/4954 5002/5105/5002 5001/5104/5001
f 4955/5057/4955 5003/5106/5003 5002/5105/5002
f 4956/5058/4956 5004/5107/5004 5003/5106/5003
f 4957/5059/4957 5005/5108/5005 5004/5107/5004
f 4958/5060/4958 5006/5109/5006 5005/5108/5005
f 4959/5061/4959 5007/5110/5007 5006/5109/5006
f 4960/5062/4960 5008/5111/5008 5007/5110/5007
f 4961/5063/4961 5009/5112/5009 5008/5111/5008
f 4962/5064/4962 5010/5113/5010 5009/5112/5009
f 4963/5065/4963 5011/5114/5011 5010/5113/5010
f 4964/5066/4964 5012/5115/5012 5011/5114/5011
f 4965/5067/4965 5013/5116/5013 5012/5115/5012
f 4966/5068/4966 5014/5117/5014 5013/5116/5013
f 4967/5069/4967 5015/5118/5015 5014/5117/5014
f 4968/5070/4968 5016/5119/5016 5015/5118/5015
f 4969/5071/4969 5017/5120/5017 5016/5119/5016
f 4970/5072/4970 5018/5121/5018 5017/5120/5017
f 4971/5073/4971 5019/5122/5019 5018/5121/5018
f 4972/5074/4972 5020/5123/5020 5019/5122/5019
f 4973/5076/4973 5021/5125/5021 5020/5123/5020
f 4974/5124/4974 5022/5126/5022 5021/5125/5021
f 4975/5077/4975 5023/5174/5023 5022/5126/5022
f 5024/5127/5024 5023/5174/5023 4975/5077/4975
f 5025/5128/5025 5024/5127/5024 4976/5078/4976
f 5026/5129/5026 5025/5128/5025 4977/5079/4977
f 5027/5130/5027 5026/5129/5026 4978/5080/4978
f 5028/5131/5028 5027/5130/5027 4979/5081/4979
f 5029/5132/5029 5028/5131/5028 4980/5082/4980
f 5030/5133/5030 5029/5132/5029 4981/5083/4981
f 5031/5134/5031 5030/5133/5030 4982/5084/4982
f 5032/5135/5032 5031/5134/5031 4983/5085/4983
f 5033/5136/5033 5032/5135/5032 4984/5086/4984
f 5034/5137/5034 5033/5136/5033 4985/5087/4985
f 5035/5138/5035 5034/5137/5034 4986/5088/4986
f 5036/5139/5036 5035/5138/5035 4987/5089/4987
f 5037/5140/5037 5036/5139/5036 4988/5090/4988
f 5038/5141/5038 5037/5140/5037 4989/5091/4989
f 5039/5142/5039 5038/5141/5038 4990/5092/4990
f 5040/5143/5040 5039/5142/5039 4991/5093/4991
f 5041/5144/5041 5088/5192/5088 5040/5143/5040
f 5042/5145/5042 5041/5195/5041 4993/5146/4993
f 5043/5147/5043 5042/5145/5042 4994/5096/4994
f 5044/5148/5044 5043/5147/5043 4995/5098/4995
f 5045/5149/5045 5044/5148/5044 4996/5099/4996
f 5046/5150/5046 5045/5149/5045 4997/5100/4997
f 5047/5151/5047 5046/5150/5046 4998/5101/4998
f 5048/5152/5048 5047/5151/5047 4999/5102/4999
f 5001/5104/5001 5049/5153/5049 5048/5152/5048
f 5002/5105/5002 5050/5154/5050 5049/5153/5049
f 5003/5106/5003 5051/5155/5051 5050/5154/5050
f 5004/5107/5004 5052/5156/5052 5051/5155/5051
f 5005/5108/5005 5053/5157/5053 5052/5156/5052
f 5006/5109/5006 5054/5158/5054 5053/5157/5053
f 5007/5110/5007 5055/5159/5055 5054/5158/5054
f 5008/5111/5008 5056/5160/5056 5055/5159/5055
f 5009/5112/5009 5057/5161/5057 5056/5160/5056
f 5010/5113/5010 5058/5162/5058 5057/5161/5057
f 5011/5114/5011 5059/5163/5059 5058/5162/5058
f 5012/5115/5012 5060/5164/5060 5059/5163/5059
f 5013/5116/5013 5061/5165/5061 5060/5164/5060
f 5014/5117/5014 5062/5166/5062 5061/5165/5061
f 5015/5118/5015 5063/5167/5063 5062/5166/5062
f 5016/5119/5016 5064/5168/5064 5063/5167/5063
f 5017/5120/5017 5065/5169/5065 5064/5168/5064
f 5018/5121/5018 5066/5170/5066 5065/5169/5065
f 5019/5122/5019 5067/5171/5067 5066/5170/5066
f 5020/5123/5020 5068/5172/5068 5067/5171/5067
f 5021/5125/5021 5069/5173/5069 5068/5172/5068
f 5022/5126/5022 5070/5175/5070 5069/5173/5069
f 5023/5174/5023 5071/5176/5071 5070/5175/5070
f 5024/5127/5024 5072/5224/5072 5071/5176/5071
f 5073/5177/5073 5072/5224/5072 5024/5127/5024
f 5074/5178/5074 5073/5177/5073 5025/5128/5025
f 5075/5179/5075 5074/5178/5074 5026/5129/5026
f 5076/5180/5076 5075/5179/5075 5027/5130/5027
f 5077/5181/5077 5076/5180/5076 5028/5131/5028
f 5078/5182/5078 5077/5181/5077 5029/5132/5029
f 5079/5183/5079 5078/5182/5078 5030/5133/5030
f 5080/5184/5080 5079/5183/5079 5031/5134/5031
f 5081/5185/5081 5080/5184/5080 5032/5135/5032
f 5082/5186/5082 5081/5185/5081 5033/5136/5033
f 5083/5187/5083 5082/5186/5082 5034/5137/5034
f 5084/5188/5084 5083/5187/5083 5035/5138/5035
f 5085/5189/5085 5084/5188/5084 5036/5139/5036
f 5086/5190/5086 5085/5189/5085 5037/5140/5037
f 5087/5191/5087 5086/5190/5086 5038/5141/5038
f 5088/5192/5088 5087/5191/5087 5039/5142/5039
f 5089/5193/5089 5136/5243/5136 5088/5192/5088
f 5090/5194/5090 5089/5245/5089 5041/5195/5041
f 5091/5196/5091 5090/5194/5090 5042/5145/5042
f 5092/5197/5092 5091/5196/5091 5043/5147/5043
f 5093/5198/5093 5092/5197/5092 5044/5148/5044
f 5094/5199/5094 5093/5198/5093 5045/5149/5045
f 5095/5200/5095 5094/5199/5094 5046/5150/5046
f 5096/5201/5096 5095/5200/5095 5047/5151/5047
f 5097/5202/5097 5096/5201/5096 5048/5152/5048
f 5098/5203/5098 5097/5202/5097 5049/5153/5049
f 5099/5204/5099 5098/5203/5098 5050/5154/5050
f 5100/5205/5100 5099/5204/5099 5051/5155/5051
f 5101/5206/5101 5100/5205/5100 5052/5156/5052
f 5102/5207/5102 5101/5206/5101 5053/5157/5053
f 5103/5208/5103 5102/5207/5102 5054/5158/5054
f 5104/5209/5104 5103/5208/5103 5055/5159/5055
f 5105/5210/5105 5104/5209/5104 5056/5160/5056
f 5106/5211/5106 5105/5210/5105 5057/5161/5057
f 5107/5212/5107 5106/5211/5106 5058/5162/5058
f 5108/5213/5108 5107/5212/5107 5059/5163/5059
f 5109/5214/5109 5108/5213/5108 5060/5164/5060
f 5110/5215/5110 5109/5214/5109 5061/5165/5061
f 5111/5216/5111 5110/5215/5110 5062/5166/5062
f 5112/5217/5112 5111/5216/5111 5063/5167/5063
f 5065/5169/5065 5113/5218/5113 5112/5217/5112
f 5066/5170/5066 5114/5219/5114 5113/5218/5113
f 5067/5171/5067 5115/5220/5115 5114/5219/5114
f 5068/5172/5068 5116/5221/5116 5115/5220/5115
f 5069/5173/5069 5117/5222/5117 5116/5221/5116
f 5070/5175/5070 5118/5223/5118 5117/5222/5117
f 5071/5176/5071 5119/5225/5119 5118/5223/5118
f 5072/5224/5072 5120/5226/5120 5119/5225/5119
f 5073/5177/5073 5121/5227/5121 5120/5226/5120
f 5074/5178/5074 5122/5228/5122 5121/5227/5121
f 5075/5179/5075 5123/5229/5123 5122/5228/5122
f 5076/5180/5076 5124/5230/5124 5123/5229/5123
f 5077/5181/5077 5125/5231/5125 5124/5230/5124
f 5078/5182/5078 5126/5232/5126 5125/5231/5125
f 5079/5183/5079 5127/5233/5127 5126/5232/5126
f 5080/5184/5080 5128/5234/5128 5127/5233/5127
f 5081/5185/5081 5129/5235/5129 5128/5234/5128
f 5082/5186/5082 5130/5236/5130 5129/5235/5129
f 5083/5187/5083 5131/5237/5131 5130/5236/5130
f 5084/5188/5084 5132/5238/5132 5131/5237/5131
f 5085/5189/5085 5133/5239/5133 5132/5238/5132
f 5086/5190/5086 5134/5240/5134 5133/5239/5133
f 5087/5191/5087 5135/5241/5135 5134/5240/5134
f 5088/5192/5088 5136/5243/5136 5135/5241/5135
f 5137/5242/5137 5184/5289/5184 5136/5243/5136
f 5138/5244/5138 5137/5292/5137 5089/5245/5089
f 5139/5246/5139 5138/5244/5138 5090/5194/5090
f 5140/5247/5140 5139/5246/5139 5091/5196/5091
f 5141/5248/5141 5140/5247/5140 5092/5197/5092
f 5142/5249/5142 5141/5248/5141 5093/5198/5093
f 5143/5250/5143 5142/5249/5142 5094/5199/5094
f 5144/5251/5144 5143/5250/5143 5095/5200/5095
f 5145/5252/5145 5144/5251/5144 5096/5201/5096
f 5146/5253/5146 5145/5252/5145 5097/5202/5097
f 5147/5254/5147 5146/5253/5146 5098/5203/5098
f 5100/5205/5100 5148/5302/5148 5147/5254/5147
f 5149/5255/5149 5148/5302/5148 5100/5205/5100
f 5150/5256/5150 5149/5255/5149 5101/5206/5101
f 5151/5257/5151 5150/5256/5150 5102/5207/5102
f 5152/5258/5152 5151/5257/5151 5103/5208/5103
f 5153/5259/5153 5152/5258/5152 5104/5209/5104
f 5154/5260/5154 5153/5259/5153 5105/5210/5105
f 5155/5261/5155 5154/5260/5154 5106/5211/5106
f 5156/5262/5156 5155/5261/5155 5107/5212/5107
f 5157/5263/5157 5156/5262/5156 5108/5213/5108
f 5158/5264/5158 5157/5263/5157 5109/5214/5109
f 5159/5265/5159 5158/5264/5158 5110/5215/5110
f 5112/5217/5112 5160/5266/5160 5159/5265/5159
f 5113/5218/5113 5161/5267/5161 5160/5266/5160
f 5114/5219/5114 5162/5268/5162 5161/5267/5161
f 5115/5220/5115 5163/5269/5163 5162/5268/5162
f 5116/5221/5116 5164/5270/5164 5163/5269/5163
f 5117/5222/5117 5165/5271/5165 5164/5270/5164
f 5118/5223/5118 5166/5272/5166 5165/5271/5165
f 5119/5225/5119 5167/5273/5167 5166/5272/5166
f 5120/5226/5120 5168/5274/5168 5167/5273/5167
f 5121/5227/5121 5169/5275/5169 5168/5274/5168
f 5122/5228/5122 5170/5276/5170 5169/5275/5169
f 5123/5229/5123 5171/5277/5171 5170/5276/5170
f 5124/5230/5124 5172/5278/5172 5171/5277/5171
f 5125/5231/5125 5173/5279/5173 5172/5278/5172
f 5126/5232/5126 5174/5280/5174 5173/5279/5173
f 5127/5233/5127 5175/5281/5175 5174/5280/5174
f 5128/5234/5128 5176/5282/5176 5175/5281/5175
f 5129/5235/5129 5177/5283/5177 5176/5282/5176
f 5130/5236/5130 5178/5284/5178 5177/5283/5177
f 5131/5237/5131 5179/5285/5179 5178/5284/5178
f 5132/5238/5132 5180/5286/5180 5179/5285/5179
f 5133/5239/5133 5181/5287/5181 5180/5286/5180
f 5134/5240/5134 5182/5288/5182 5181/5287/5181
f 5135/5241/5135 5183/5339/5183 5182/5288/5182
f 5184/5289/5184 5183/5339/5183 5135/5241/5135
f 5137/5242/5137 5185/5340/5185 5232/5290/5232
f 5138/5244/5138 5186/5293/5186 5185/5291/5185
f 5139/5246/5139 5187/5294/5187 5186/5293/5186
f 5140/5247/5140 5188/5295/5188 5187/5294/5187
f 5141/5248/5141 5189/5296/5189 5188/5295/5188
f 5142/5249/5142 5190/5297/5190 5189/5296/5189
f 5143/5250/5143 5191/5298/5191 5190/5297/5190
f 5144/5251/5144 5192/5299/5192 5191/5298/5191
f 5145/5252/5145 5193/5300/5193 5192/5299/5192
f 5146/5253/5146 5194/5301/5194 5193/5300/5193
f 5147/5254/5147 5195/5303/5195 5194/5301/5194
f 5148/5302/5148 5196/5304/5196 5195/5303/5195
f 5149/5255/5149 5197/5305/5197 5196/5304/5196
f 5150/5256/5150 5198/5306/5198 5197/5305/5197
f 5151/5257/5151 5199/5307/5199 5198/5306/5198
f 5152/5258/5152 5200/5308/5200 5199/5307/5199
f 5153/5259/5153 5201/5309/5201 5200/5308/5200
f 5154/5260/5154 5202/5310/5202 5201/5309/5201
f 5155/5261/5155 5203/5311/5203 5202/5310/5202
f 5156/5262/5156 5204/5312/5204 5203/5311/5203
f 5157/5263/5157 5205/5313/5205 5204/5312/5204
f 5158/5264/5158 5206/5314/5206 5205/5313/5205
f 5159/5265/5159 5207/5315/5207 5206/5314/5206
f 5160/5266/5160 5208/5341/5208 5207/5315/5207
f 5209/5316/5209 5208/5341/5208 5160/5266/5160
f 5210/5317/5210 5209/5316/5209 5161/5267/5161
f 5211/5318/5211 5210/5317/5210 5162/5268/5162
f 5212/5319/5212 5211/5318/5211 5163/5269/5163
f 5213/5320/5213 5212/5319/5212 5164/5270/5164
f 5214/5321/5214 5213/5320/5213 5165/5271/5165
f 5215/5322/5215 5214/5321/5214 5166/5272/5166
f 5216/5323/5216 5215/5322/5215 5167/5273/5167
f 5217/5324/5217 5216/5323/5216 5168/5274/5168
f 5218/5325/5218 5217/5324/5217 5169/5275/5169
f 5219/5326/5219 5218/5325/5218 5170/5276/5170
f 5220/5327/5220 5219/5326/5219 5171/5277/5171
f 5221/5328/5221 5220/5327/5220 5172/5278/5172
f 5222/5329/5222 5221/5328/5221 5173/5279/5173
f 5223/5330/5223 5222/5329/5222 5174/5280/5174
f 5224/5331/5224 5223/5330/5223 5175/5281/5175
f 5225/5332/5225 5224/5331/5224 5176/5282/5176
f 5226/5333/5226 5225/5332/5225 5177/5283/5177
f 5227/5334/5227 5226/5333/5226 5178/5284/5178
f 5228/5335/5228 5227/5334/5227 5179/5285/5179
f 5229/5336/5229 5228/5335/5228 5180/5286/5180
f 5230/5337/5230 5229/5336/5229 5181/5287/5181
f 5231/5338/5231 5230/5337/5230 5182/5288/5182
f 5232/5290/5232 5231/5338/5231 5183/5339/5183
