# Blender 4.5.3 LTS
# www.blender.org
mtllib Power.mtl
o Cube.004
v -1.289574 -0.195152 -1.516872
v -1.289574 0.113390 -1.432174
v -1.289574 -0.110454 -1.825415
v -1.289574 0.198088 -1.740716
v -1.126089 -0.195152 -1.516872
v -1.126089 0.113390 -1.432174
v -1.124870 -0.111306 -1.826912
v -1.126089 0.198088 -1.740716
v -1.236655 -0.058264 -1.761028
v -1.237437 -0.057395 -1.760759
v -1.238273 -0.056589 -1.760515
v -1.239157 -0.055850 -1.760296
v -1.240085 -0.055179 -1.760103
v -1.241052 -0.054578 -1.759936
v -1.242052 -0.054049 -1.759797
v -1.243081 -0.053595 -1.759685
v -1.244134 -0.053216 -1.759600
v -1.245206 -0.052916 -1.759545
v -1.246293 -0.052697 -1.759518
v -1.247388 -0.052559 -1.759521
v -1.248488 -0.052507 -1.759553
v -1.250324 -0.052591 -1.759669
v -1.252081 -0.052880 -1.759852
v -1.253744 -0.053374 -1.760103
v -1.255295 -0.054076 -1.760422
v -1.256721 -0.054987 -1.760809
v -1.258005 -0.056112 -1.761264
v -1.259132 -0.057450 -1.761788
v -1.260085 -0.059005 -1.762379
v -1.260851 -0.060779 -1.763039
v -1.261412 -0.062774 -1.763767
v -1.261754 -0.064992 -1.764563
v -1.261860 -0.067435 -1.765428
v -1.261711 -0.090462 -1.773523
v -1.253876 -0.090531 -1.773183
v -1.254025 -0.067421 -1.765058
v -1.253972 -0.066090 -1.764588
v -1.253798 -0.064847 -1.764142
v -1.253508 -0.063695 -1.763723
v -1.253104 -0.062641 -1.763334
v -1.252593 -0.061691 -1.762976
v -1.251977 -0.060851 -1.762652
v -1.251262 -0.060126 -1.762363
v -1.250451 -0.059521 -1.762113
v -1.249549 -0.059044 -1.761903
v -1.248560 -0.058698 -1.761735
v -1.247488 -0.058491 -1.761612
v -1.246337 -0.058428 -1.761537
v -1.245492 -0.058467 -1.761511
v -1.244671 -0.058571 -1.761510
v -1.243866 -0.058744 -1.761533
v -1.243073 -0.058989 -1.761582
v -1.242286 -0.059309 -1.761658
v -1.241498 -0.059707 -1.761761
v -1.240705 -0.060186 -1.761893
v -1.239899 -0.060750 -1.762054
v -1.239076 -0.061402 -1.762245
v -1.238230 -0.062145 -1.762468
v -1.237354 -0.062983 -1.762721
v -1.236442 -0.063918 -1.763008
v -1.236269 -0.090686 -1.772418
v -1.228435 -0.090755 -1.772078
v -1.228676 -0.053429 -1.758956
v -1.236511 -0.053360 -1.759296
v -1.236479 -0.058265 -1.761021
v -1.191961 -0.033907 -1.750379
v -1.196430 -0.034655 -1.750850
v -1.200555 -0.035885 -1.751475
v -1.204319 -0.037561 -1.752240
v -1.207704 -0.039643 -1.753130
v -1.210692 -0.042096 -1.754132
v -1.213265 -0.044881 -1.755232
v -1.215406 -0.047961 -1.756415
v -1.217096 -0.051300 -1.757668
v -1.218318 -0.054859 -1.758977
v -1.219054 -0.058601 -1.760328
v -1.219286 -0.062490 -1.761707
v -1.219011 -0.066278 -1.763027
v -1.218244 -0.069965 -1.764289
v -1.216999 -0.073508 -1.765478
v -1.215291 -0.076866 -1.766580
v -1.213133 -0.079994 -1.767580
v -1.210539 -0.082849 -1.768464
v -1.207523 -0.085390 -1.769218
v -1.204101 -0.087574 -1.769827
v -1.200284 -0.089356 -1.770276
v -1.196088 -0.090695 -1.770552
v -1.191527 -0.091548 -1.770640
v -1.186614 -0.091872 -1.770525
v -1.181861 -0.091635 -1.770221
v -1.177431 -0.090865 -1.769744
v -1.173340 -0.089605 -1.769110
v -1.169608 -0.087896 -1.768335
v -1.166251 -0.085779 -1.767434
v -1.163287 -0.083297 -1.766423
v -1.160734 -0.080490 -1.765317
v -1.158610 -0.077402 -1.764131
v -1.156933 -0.074072 -1.762882
v -1.155720 -0.070544 -1.761584
v -1.154989 -0.066859 -1.760253
v -1.154758 -0.063058 -1.758905
v -1.155045 -0.059183 -1.757555
v -1.155842 -0.055438 -1.756275
v -1.157128 -0.051863 -1.755077
v -1.158881 -0.048496 -1.753974
v -1.161080 -0.045376 -1.752978
v -1.163704 -0.042540 -1.752102
v -1.166731 -0.040029 -1.751360
v -1.170139 -0.037880 -1.750762
v -1.173909 -0.036132 -1.750322
v -1.178017 -0.034823 -1.750053
v -1.182443 -0.033992 -1.749967
v -1.187166 -0.033678 -1.750076
v -1.190130 -0.084170 -1.767979
v -1.193254 -0.083591 -1.767921
v -1.196190 -0.082671 -1.767734
v -1.198914 -0.081431 -1.767424
v -1.201404 -0.079893 -1.766999
v -1.203637 -0.078079 -1.766464
v -1.205592 -0.076008 -1.765827
v -1.207245 -0.073704 -1.765093
v -1.208574 -0.071186 -1.764269
v -1.209557 -0.068477 -1.763361
v -1.210172 -0.065597 -1.762377
v -1.210395 -0.062568 -1.761321
v -1.210211 -0.059525 -1.760242
v -1.209634 -0.056644 -1.759202
v -1.208686 -0.053946 -1.758208
v -1.207389 -0.051449 -1.757269
v -1.205765 -0.049175 -1.756394
v -1.203837 -0.047143 -1.755589
v -1.201627 -0.045374 -1.754864
v -1.199157 -0.043887 -1.754225
v -1.196448 -0.042702 -1.753682
v -1.193524 -0.041839 -1.753243
v -1.190406 -0.041318 -1.752915
v -1.187117 -0.041160 -1.752706
v -1.183846 -0.041376 -1.752630
v -1.180738 -0.041951 -1.752688
v -1.177817 -0.042866 -1.752873
v -1.175104 -0.044098 -1.753181
v -1.172623 -0.045629 -1.753604
v -1.170395 -0.047438 -1.754137
v -1.168446 -0.049504 -1.754773
v -1.166796 -0.051807 -1.755507
v -1.165468 -0.054326 -1.756331
v -1.164486 -0.057042 -1.757241
v -1.163872 -0.059933 -1.758230
v -1.163649 -0.062980 -1.759291
v -1.163833 -0.066005 -1.760365
v -1.164410 -0.068874 -1.761401
v -1.165357 -0.071567 -1.762392
v -1.166652 -0.074061 -1.763330
v -1.168272 -0.076337 -1.764206
v -1.170196 -0.078373 -1.765012
v -1.172400 -0.080149 -1.765739
v -1.174861 -0.081643 -1.766380
v -1.177559 -0.082835 -1.766925
v -1.180469 -0.083703 -1.767366
v -1.183570 -0.084228 -1.767694
v -1.186838 -0.084388 -1.767903
v -1.259816 -0.051977 -1.809362
v -1.259701 -0.049472 -1.808674
v -1.259352 -0.047194 -1.808049
v -1.258783 -0.045141 -1.807485
v -1.258010 -0.043312 -1.806983
v -1.257050 -0.041704 -1.806542
v -1.255916 -0.040315 -1.806161
v -1.253195 -0.038188 -1.805577
v -1.251637 -0.037445 -1.805373
v -1.254626 -0.039144 -1.805839
v -1.259739 -0.075545 -1.815918
v -1.251964 -0.051829 -1.809371
v -1.251907 -0.050467 -1.808992
v -1.251728 -0.049191 -1.808638
v -1.251026 -0.046922 -1.808012
v -1.251433 -0.048007 -1.808311
v -1.251886 -0.075480 -1.815960
v -1.249171 -0.044315 -1.807300
v -1.249891 -0.045070 -1.807504
v -1.249970 -0.036913 -1.805231
v -1.246459 -0.042807 -1.806900
v -1.246367 -0.036469 -1.805135
v -1.247451 -0.043178 -1.806996
v -1.248208 -0.036587 -1.805154
v -1.248357 -0.043682 -1.807130
v -1.250510 -0.045941 -1.807742
v -1.245265 -0.036504 -1.805153
v -1.245384 -0.042576 -1.806844
v -1.244168 -0.036625 -1.805196
v -1.244230 -0.042491 -1.806829
v -1.241754 -0.042773 -1.806927
v -1.242006 -0.037119 -1.805350
v -1.242560 -0.042609 -1.806875
v -1.243080 -0.036831 -1.805261
v -1.243383 -0.042517 -1.806843
v -1.240172 -0.043323 -1.807092
v -1.239921 -0.037936 -1.805593
v -1.240960 -0.043009 -1.806999
v -1.240952 -0.037488 -1.805461
v -1.238590 -0.044193 -1.807347
v -1.237954 -0.039058 -1.805921
v -1.239384 -0.043717 -1.807208
v -1.238921 -0.038460 -1.805747
v -1.236115 -0.046156 -1.807912
v -1.235307 -0.041280 -1.806560
v -1.236962 -0.045410 -1.807698
v -1.236142 -0.040470 -1.806328
v -1.235240 -0.046998 -1.808154
v -1.234525 -0.042155 -1.806810
v -1.234330 -0.047939 -1.808423
v -1.234349 -0.042154 -1.806811
v -1.234365 -0.037134 -1.805413
v -1.237026 -0.039729 -1.806115
v -1.234240 -0.075333 -1.816054
v -1.217130 -0.046179 -1.808064
v -1.267281 0.150734 -1.718362
v -1.226513 -0.037069 -1.805454
v -1.266975 0.150848 -1.718308
v -1.226387 -0.075267 -1.816096
v -1.216108 -0.053812 -1.810198
v -1.266684 0.150948 -1.718259
v -1.266403 0.151035 -1.718216
v -1.216865 -0.050051 -1.809145
v -1.216885 -0.042196 -1.806956
v -1.266128 0.151108 -1.718177
v -1.216135 -0.038352 -1.805891
v -1.265855 0.151170 -1.718143
v -1.208218 -0.046105 -1.808112
v -1.265580 0.151220 -1.718113
v -1.207397 -0.052138 -1.809798
v -1.265299 0.151259 -1.718086
v -1.207437 -0.040029 -1.806425
v -1.265008 0.151287 -1.718062
v -1.205171 -0.034673 -1.804950
v -1.264704 0.151306 -1.718042
v -1.264381 0.151315 -1.718023
v -1.206420 -0.054894 -1.810574
v -1.264036 0.151316 -1.718007
v -1.206478 -0.037250 -1.805658
v -1.205096 -0.057448 -1.811295
v -1.262517 0.151222 -1.717969
v -1.208425 -0.066865 -1.813893
v -1.261171 0.150973 -1.717994
v -1.211016 -0.063987 -1.813072
v -1.259991 0.150572 -1.718080
v -1.213170 -0.060823 -1.812174
v -1.258968 0.150025 -1.718225
v -1.208004 -0.049201 -1.808976
v -1.258095 0.149336 -1.718427
v -1.214872 -0.057417 -1.811212
v -1.257362 0.148511 -1.718683
v -1.208024 -0.042987 -1.807245
v -1.256763 0.147553 -1.718992
v -1.214900 -0.034689 -1.804880
v -1.256288 0.146468 -1.719352
v -1.213195 -0.031242 -1.803933
v -1.255931 0.145261 -1.719760
v -1.211040 -0.028052 -1.803061
v -1.255683 0.143936 -1.720215
v -1.208452 -0.025157 -1.802274
v -1.255536 0.142497 -1.720714
v -1.205411 -0.069414 -1.814626
v -1.255482 0.140951 -1.721256
v -1.255456 0.136964 -1.722657
v -1.237785 -0.044757 -1.807510
v -1.205450 -0.022595 -1.801584
v -1.262693 0.137028 -1.722972
v -1.262645 0.129611 -1.725579
v -1.203446 -0.059778 -1.811957
v -1.201598 -0.030204 -1.803733
v -1.255408 0.129547 -1.725265
v -1.201493 -0.061862 -1.812552
v -1.255187 0.095338 -1.737291
v -1.199260 -0.063681 -1.813076
v -1.247236 0.095268 -1.736946
v -1.199377 -0.028355 -1.803235
v -1.247457 0.129477 -1.724919
v -1.201987 -0.071589 -1.815258
v -1.241828 0.129428 -1.724675
v -1.241876 0.136845 -1.722068
v -1.202051 -0.020404 -1.800999
v -1.247505 0.136894 -1.722312
v -1.196769 -0.065212 -1.813522
v -1.247525 0.139953 -1.721237
v -1.194178 -0.025530 -1.802487
v -1.247576 0.141907 -1.720552
v -1.198167 -0.073347 -1.815777
v -1.196896 -0.026790 -1.802818
v -1.247703 0.143696 -1.719928
v -1.191104 -0.067324 -1.814153
v -1.247903 0.145334 -1.719361
v -1.248175 0.146833 -1.718846
v -1.191244 -0.024596 -1.802250
v -1.248516 0.148207 -1.718379
v -1.194043 -0.066433 -1.813883
v -1.193966 -0.074644 -1.816171
v -1.248926 0.149468 -1.717954
v -1.249402 0.150629 -1.717568
v -1.194134 -0.017294 -1.800193
v -1.249943 0.151704 -1.717215
v -1.198273 -0.018625 -1.800533
v -1.189397 -0.075438 -1.816427
v -1.250547 0.152704 -1.716891
v -1.251211 0.153643 -1.716592
v -1.187973 -0.067863 -1.814327
v -1.251935 0.154533 -1.716312
v -1.188118 -0.024009 -1.802110
v -1.252716 0.155388 -1.716048
v -1.189653 -0.016451 -1.799993
v -1.253595 0.156237 -1.715790
v -1.181543 -0.023954 -1.802145
v -1.254527 0.157002 -1.715564
v -1.184675 -0.068029 -1.814399
v -1.255515 0.157678 -1.715372
v -1.184474 -0.075684 -1.816533
v -1.256563 0.158258 -1.715217
v -1.184821 -0.023790 -1.802074
v -1.184846 -0.016133 -1.799941
v -1.257677 0.158735 -1.715101
v -1.258860 0.159104 -1.715026
v -1.180113 -0.016373 -1.800044
v -1.179709 -0.075359 -1.816479
v -1.260117 0.159357 -1.714995
v -1.261451 0.159489 -1.715011
v -1.178289 -0.067217 -1.814222
v -1.262869 0.159493 -1.715075
v -1.181399 -0.067808 -1.814363
v -1.178430 -0.024489 -1.802318
v -1.264372 0.159362 -1.715191
v -1.265967 0.159090 -1.715361
v -1.175504 -0.025374 -1.802587
v -1.267657 0.158672 -1.715587
v -1.175680 -0.017146 -1.800293
v -1.267604 0.150606 -1.718423
v -1.175369 -0.066277 -1.813982
v -1.175266 -0.074494 -1.816272
v -1.244946 0.150538 -1.717393
v -1.244640 0.150652 -1.717338
v -1.171162 -0.073134 -1.815924
v -1.172662 -0.065011 -1.813650
v -1.244349 0.150752 -1.717290
v -1.244068 0.150838 -1.717246
v -1.170306 -0.028112 -1.803389
v -1.243793 0.150912 -1.717207
v -1.171566 -0.018414 -1.800678
v -1.243520 0.150973 -1.717173
v -1.172789 -0.026589 -1.802946
v -1.170190 -0.063439 -1.813231
v -1.243245 0.151023 -1.717143
v -1.242964 0.151062 -1.717116
v -1.167416 -0.071319 -1.815448
v -1.167976 -0.061583 -1.812731
v -1.242673 0.151090 -1.717092
v -1.242368 0.151109 -1.717072
v -1.168080 -0.029925 -1.803911
v -1.242046 0.151118 -1.717053
v -1.167794 -0.020138 -1.801187
v -1.166042 -0.059466 -1.812156
v -1.241701 0.151119 -1.717037
v -1.163105 -0.054533 -1.810804
v -1.240182 0.151026 -1.716999
v -1.238836 0.150776 -1.717024
v -1.163163 -0.036889 -1.805889
v -1.237656 0.150375 -1.717111
v -1.164045 -0.069095 -1.814854
v -1.236633 0.149828 -1.717255
v -1.164410 -0.057109 -1.811512
v -1.164485 -0.034334 -1.805167
v -1.235759 0.149140 -1.717457
v -1.235027 0.148314 -1.717713
v -1.166132 -0.032006 -1.804506
v -1.234428 0.147357 -1.718022
v -1.164384 -0.022278 -1.801810
v -1.161560 -0.048814 -1.809223
v -1.233953 0.146272 -1.718382
v -1.233596 0.145064 -1.718790
v -1.161580 -0.042600 -1.807492
v -1.161366 -0.045714 -1.808361
v -1.233348 0.143739 -1.719245
v -1.152455 -0.045640 -1.808409
v -1.233201 0.142301 -1.719744
v -1.153442 -0.053319 -1.810540
v -1.233147 0.140754 -1.720286
v -1.152698 -0.049534 -1.809492
v -1.233121 0.136767 -1.721688
v -1.240358 0.136831 -1.722002
v -1.152731 -0.041679 -1.807303
v -1.156360 -0.060388 -1.812487
v -1.240310 0.129414 -1.724609
v -1.154669 -0.056951 -1.811543
v -1.233073 0.129351 -1.724295
v -1.232852 0.095141 -1.736321
v -1.153518 -0.037860 -1.806233
v -1.154796 -0.034224 -1.805210
v -1.224901 0.095071 -1.735976
v -1.156543 -0.030808 -1.804246
v -1.225122 0.129281 -1.723950
v -1.161066 -0.066503 -1.814154
v -1.219493 0.129231 -1.723705
v -1.219541 0.136648 -1.721098
v -1.158499 -0.063586 -1.813362
v -1.162147 -0.051761 -1.810040
v -1.225170 0.136697 -1.721342
v -1.225189 0.139757 -1.720267
v -1.162187 -0.039652 -1.806666
v -1.225241 0.141710 -1.719582
v -1.158737 -0.027652 -1.803350
v -1.161358 -0.024796 -1.802534
v -1.225368 0.143499 -1.718958
v -1.225568 0.145137 -1.718391
v -1.203536 -0.032317 -1.804307
v -1.225839 0.146636 -1.717876
v -1.226181 0.148010 -1.717409
v -1.226591 0.149271 -1.716984
v -1.227067 0.150433 -1.716598
v -1.227608 0.151507 -1.716245
v -1.228212 0.152507 -1.715921
v -1.228876 0.153446 -1.715622
v -1.229600 0.154336 -1.715342
v -1.230381 0.155191 -1.715078
v -1.231260 0.156040 -1.714820
v -1.232192 0.156806 -1.714594
v -1.233179 0.157482 -1.714402
v -1.234228 0.158061 -1.714247
v -1.235342 0.158539 -1.714131
v -1.236525 0.158907 -1.714056
v -1.237782 0.159161 -1.714025
v -1.239116 0.159292 -1.714041
v -1.240533 0.159296 -1.714106
v -1.242037 0.159165 -1.714222
v -1.243632 0.158894 -1.714391
v -1.245322 0.158475 -1.714617
v -1.245269 0.150409 -1.717453
v -1.186940 0.158493 -1.711895
v -1.191475 0.157655 -1.712401
v -1.195661 0.156279 -1.713080
v -1.199479 0.154408 -1.713916
v -1.202913 0.152082 -1.714894
v -1.205944 0.149344 -1.715998
v -1.208553 0.146236 -1.717213
v -1.210724 0.142799 -1.718524
v -1.212437 0.139074 -1.719914
v -1.213674 0.135103 -1.721368
v -1.214419 0.130929 -1.722872
v -1.214652 0.126593 -1.724408
v -1.214370 0.122369 -1.725881
v -1.213590 0.118257 -1.727292
v -1.212324 0.114306 -1.728623
v -1.210588 0.110564 -1.729859
v -1.208396 0.107077 -1.730984
v -1.205762 0.103895 -1.731981
v -1.202700 0.101064 -1.732835
v -1.199225 0.098632 -1.733529
v -1.195351 0.096647 -1.734047
v -1.191092 0.095158 -1.734373
v -1.186462 0.094211 -1.734491
v -1.181476 0.093854 -1.734384
v -1.176653 0.094123 -1.734065
v -1.172157 0.094985 -1.733553
v -1.168007 0.096394 -1.732864
v -1.164220 0.098303 -1.732016
v -1.160814 0.100667 -1.731026
v -1.157808 0.103438 -1.729911
v -1.155219 0.106570 -1.728689
v -1.153066 0.110016 -1.727376
v -1.151366 0.113730 -1.725990
v -1.150137 0.117666 -1.724548
v -1.149398 0.121777 -1.723067
v -1.149166 0.126016 -1.721565
v -1.149460 0.130338 -1.720058
v -1.150272 0.134513 -1.718627
v -1.151579 0.138499 -1.717285
v -1.153360 0.142252 -1.716047
v -1.155594 0.145730 -1.714927
v -1.158258 0.148890 -1.713940
v -1.161332 0.151688 -1.713098
v -1.164792 0.154082 -1.712417
v -1.168618 0.156028 -1.711910
v -1.172789 0.157484 -1.711592
v -1.177281 0.158406 -1.711476
v -1.182074 0.158752 -1.711577
v -1.185049 0.102439 -1.731529
v -1.188221 0.103083 -1.731451
v -1.191200 0.104107 -1.731229
v -1.193965 0.105487 -1.730872
v -1.196493 0.107200 -1.730387
v -1.198761 0.109221 -1.729781
v -1.200746 0.111528 -1.729062
v -1.202425 0.114097 -1.728236
v -1.203776 0.116904 -1.727311
v -1.204775 0.119924 -1.726295
v -1.205400 0.123135 -1.725194
v -1.205629 0.126513 -1.724017
v -1.205444 0.129907 -1.722814
v -1.204860 0.133120 -1.721656
v -1.203900 0.136131 -1.720552
v -1.202586 0.138916 -1.719511
v -1.200939 0.141453 -1.718542
v -1.198984 0.143721 -1.717653
v -1.196742 0.145696 -1.716853
v -1.194236 0.147357 -1.716153
v -1.191488 0.148681 -1.715559
v -1.188521 0.149646 -1.715081
v -1.185358 0.150229 -1.714729
v -1.182020 0.150408 -1.714511
v -1.178700 0.150171 -1.714440
v -1.175546 0.149532 -1.714518
v -1.172580 0.148515 -1.714738
v -1.169826 0.147142 -1.715093
v -1.167307 0.145437 -1.715575
v -1.165046 0.143422 -1.716179
v -1.163066 0.141120 -1.716897
v -1.161390 0.138553 -1.717722
v -1.160041 0.135744 -1.718648
v -1.159042 0.132717 -1.719667
v -1.158418 0.129493 -1.720772
v -1.158189 0.126096 -1.721957
v -1.158374 0.122721 -1.723152
v -1.158957 0.119521 -1.724306
v -1.159917 0.116517 -1.725407
v -1.161229 0.113734 -1.726447
v -1.162872 0.111195 -1.727417
v -1.164823 0.108923 -1.728307
v -1.167058 0.106940 -1.729109
v -1.169556 0.105272 -1.729812
v -1.172292 0.103940 -1.730408
v -1.175245 0.102969 -1.730887
v -1.178391 0.102381 -1.731240
v -1.181709 0.102200 -1.731459
v -1.266132 0.170206 -1.748370
v -1.266106 0.161941 -1.750639
v -1.265781 0.162078 -1.750601
v -1.265475 0.162199 -1.750568
v -1.265182 0.162306 -1.750539
v -1.263794 0.162644 -1.750446
v -1.264437 0.170661 -1.748245
v -1.263502 0.162678 -1.750437
v -1.264900 0.162399 -1.750513
v -1.264625 0.162478 -1.750491
v -1.264351 0.162545 -1.750473
v -1.264075 0.162600 -1.750458
v -1.263197 0.162702 -1.750430
v -1.262873 0.162716 -1.750426
v -1.262838 0.170963 -1.748162
v -1.262528 0.162722 -1.750424
v -1.261229 0.148099 -1.754439
v -1.259911 0.171137 -1.748114
v -1.261006 0.162649 -1.750444
v -1.259659 0.162413 -1.750509
v -1.258478 0.162020 -1.750617
v -1.258574 0.171021 -1.748146
v -1.261205 0.140499 -1.756525
v -1.261331 0.171119 -1.748119
v -1.256581 0.160782 -1.750957
v -1.257455 0.161475 -1.750767
v -1.256132 0.170421 -1.748311
v -1.257316 0.170781 -1.748212
v -1.255253 0.158975 -1.751453
v -1.254427 0.156638 -1.752095
v -1.254183 0.155283 -1.752466
v -1.254781 0.157870 -1.751756
v -1.255850 0.159947 -1.751186
v -1.255018 0.169948 -1.748441
v -1.253845 0.105487 -1.766136
v -1.253955 0.140542 -1.756513
v -1.253978 0.148142 -1.754427
v -1.253991 0.152227 -1.753305
v -1.254040 0.153811 -1.752870
v -1.248406 0.163330 -1.750258
v -1.249007 0.164346 -1.749979
v -1.249670 0.165298 -1.749717
v -1.250393 0.166200 -1.749470
v -1.251173 0.167064 -1.749232
v -1.252051 0.167921 -1.748997
v -1.252981 0.168691 -1.748786
v -1.253969 0.169369 -1.748600
v -1.246988 0.159767 -1.751235
v -1.247394 0.161054 -1.750882
v -1.246650 0.158365 -1.751621
v -1.245988 0.140589 -1.756500
v -1.246011 0.148189 -1.754414
v -1.246187 0.155157 -1.752501
v -1.243727 0.162073 -1.750603
v -1.246382 0.156832 -1.752041
v -1.247868 0.162237 -1.750558
v -1.241697 0.162732 -1.750422
v -1.241972 0.162677 -1.750437
v -1.240818 0.162833 -1.750394
v -1.241124 0.162810 -1.750400
v -1.242059 0.170792 -1.748209
v -1.241415 0.162776 -1.750409
v -1.243096 0.162331 -1.750532
v -1.242804 0.162438 -1.750502
v -1.242522 0.162530 -1.750477
v -1.242246 0.162610 -1.750455
v -1.246021 0.151324 -1.753553
v -1.246066 0.153325 -1.753004
v -1.243402 0.162210 -1.750565
v -1.243753 0.170338 -1.748334
v -1.240495 0.162848 -1.750390
v -1.240372 0.148222 -1.754405
v -1.238850 0.148231 -1.754402
v -1.240149 0.162854 -1.750388
v -1.240460 0.171095 -1.748126
v -1.237533 0.171268 -1.748078
v -1.238628 0.162781 -1.750408
v -1.236099 0.162152 -1.750581
v -1.236196 0.171153 -1.748110
v -1.237280 0.162545 -1.750473
v -1.238827 0.140631 -1.756489
v -1.240348 0.140622 -1.756491
v -1.238953 0.171251 -1.748083
v -1.233472 0.160079 -1.751150
v -1.234203 0.160914 -1.750921
v -1.235076 0.161607 -1.750731
v -1.233753 0.170552 -1.748275
v -1.234938 0.170912 -1.748176
v -1.232402 0.158002 -1.751720
v -1.231804 0.155415 -1.752430
v -1.232049 0.156770 -1.752058
v -1.231662 0.153943 -1.752834
v -1.232874 0.159106 -1.751417
v -1.232639 0.170080 -1.748405
v -1.245879 0.105534 -1.766123
v -1.231467 0.105618 -1.766100
v -1.225016 0.161186 -1.750846
v -1.224609 0.159899 -1.751199
v -1.224271 0.158496 -1.751584
v -1.217970 0.140754 -1.756455
v -1.217993 0.148354 -1.754369
v -1.223609 0.140721 -1.756464
v -1.223633 0.148321 -1.754378
v -1.223643 0.151456 -1.753517
v -1.223688 0.153457 -1.752968
v -1.223809 0.155288 -1.752465
v -1.224004 0.156964 -1.752005
v -1.223500 0.105665 -1.766087
v -1.231576 0.140674 -1.756477
v -1.231600 0.148274 -1.754391
v -1.231612 0.152359 -1.753269
v -1.204087 0.138176 -1.757163
v -1.203295 0.144958 -1.755301
v -1.203869 0.134717 -1.758112
v -1.203891 0.141656 -1.756207
v -1.202262 0.128355 -1.759858
v -1.200918 0.125499 -1.760643
v -1.200997 0.150931 -1.753661
v -1.204294 0.114994 -1.763526
v -1.203253 0.131436 -1.759013
v -1.202323 0.148057 -1.754450
v -1.206923 0.118216 -1.762642
v -1.209108 0.121756 -1.761670
v -1.210835 0.125566 -1.760624
v -1.212090 0.129596 -1.759518
v -1.212859 0.133798 -1.758364
v -1.213128 0.138122 -1.757177
v -1.212950 0.141315 -1.756301
v -1.212880 0.142570 -1.755956
v -1.212120 0.146859 -1.754779
v -1.210867 0.150946 -1.753657
v -1.209138 0.154789 -1.752602
v -1.206952 0.158344 -1.751626
v -1.204328 0.161569 -1.750741
v -1.201236 0.112138 -1.764310
v -1.225489 0.162369 -1.750521
v -1.226027 0.163461 -1.750221
v -1.226629 0.164477 -1.749943
v -1.227292 0.165430 -1.749681
v -1.228014 0.166332 -1.749434
v -1.201282 0.164420 -1.749958
v -1.228794 0.167196 -1.749196
v -1.229672 0.168053 -1.748961
v -1.197262 0.120557 -1.761999
v -1.197762 0.109698 -1.764980
v -1.197372 0.155910 -1.752295
v -1.197834 0.166854 -1.749290
v -1.192469 0.116802 -1.763030
v -1.192603 0.159707 -1.751252
v -1.193887 0.107722 -1.765522
v -1.194997 0.118519 -1.762559
v -1.194001 0.168829 -1.748748
v -1.195120 0.157967 -1.751730
v -1.189703 0.115429 -1.763407
v -1.189846 0.161105 -1.750868
v -1.186721 0.114424 -1.763683
v -1.186870 0.162138 -1.750585
v -1.189624 0.106259 -1.765924
v -1.189803 0.170301 -1.748344
v -1.183545 0.113812 -1.763851
v -1.184988 0.105358 -1.766172
v -1.179994 0.105067 -1.766251
v -1.180199 0.113616 -1.763905
v -1.180353 0.163016 -1.750344
v -1.180380 0.171566 -1.747997
v -1.183698 0.162783 -1.750408
v -1.185256 0.171228 -1.748089
v -1.176875 0.113851 -1.763840
v -1.177027 0.162822 -1.750397
v -1.175578 0.171283 -1.748074
v -1.173869 0.162214 -1.750564
v -1.173720 0.114501 -1.763662
v -1.170901 0.161216 -1.750838
v -1.171080 0.170405 -1.748315
v -1.168146 0.159851 -1.751212
v -1.166906 0.168975 -1.748708
v -1.165627 0.158141 -1.751682
v -1.163368 0.156110 -1.752239
v -1.163079 0.167038 -1.749240
v -1.159721 0.151174 -1.753594
v -1.161392 0.153780 -1.752879
v -1.159619 0.164636 -1.749899
v -1.157388 0.145229 -1.755227
v -1.156773 0.141934 -1.756131
v -1.151663 0.155085 -1.752521
v -1.153890 0.158616 -1.751551
v -1.156549 0.161815 -1.750674
v -1.158379 0.148316 -1.754379
v -1.199244 0.122892 -1.761358
v -1.199339 0.153556 -1.752940
v -1.230603 0.168823 -1.748749
v -1.231590 0.169501 -1.748563
v -1.170758 0.115540 -1.763376
v -1.170651 0.106375 -1.765925
v -1.175160 0.105415 -1.766158
v -1.166487 0.107889 -1.765535
v -1.168012 0.116949 -1.763000
v -1.162686 0.109909 -1.765001
v -1.163257 0.120767 -1.761972
v -1.159640 0.125754 -1.760610
v -1.159265 0.112387 -1.764336
v -1.161295 0.123127 -1.761330
v -1.165504 0.118700 -1.762531
v -1.157345 0.131716 -1.758967
v -1.156750 0.135002 -1.758056
v -1.151469 0.122090 -1.761692
v -1.156554 0.138459 -1.757095
v -1.147511 0.138534 -1.757142
v -1.147756 0.134191 -1.758350
v -1.147792 0.142952 -1.755909
v -1.148593 0.147211 -1.754717
v -1.149891 0.151268 -1.753577
v -1.153639 0.118525 -1.762669
v -1.156243 0.115275 -1.763554
v -1.158316 0.128626 -1.759820
v -1.149754 0.125921 -1.760638
v -1.148510 0.129971 -1.759520
vn -1.0000 -0.0000 -0.0000
vn -0.0074 0.2683 -0.9633
vn -0.0036 0.2665 -0.9638
vn -0.0000 0.2647 -0.9643
vn -0.0003 0.2649 -0.9643
vn 1.0000 0.0013 0.0023
vn -0.0000 -0.2647 0.9643
vn -0.0037 -0.9648 -0.2629
vn -0.0000 0.9643 0.2647
vn 0.0438 0.3317 -0.9424
vn 0.0438 0.3316 -0.9424
vn 0.0438 0.3314 -0.9425
vn 0.0438 0.3319 -0.9423
vn 0.0438 0.3315 -0.9424
vn 0.1243 -0.9378 -0.3242
vn 0.1305 -0.9371 -0.3237
vn 0.2554 -0.9157 -0.3103
vn 0.2490 -0.9172 -0.3111
vn 0.3801 -0.8779 -0.2912
vn 0.3737 -0.8803 -0.2923
vn 0.5007 -0.8236 -0.2665
vn 0.4946 -0.8268 -0.2679
vn 0.6134 -0.7535 -0.2366
vn 0.6077 -0.7576 -0.2383
vn 0.7148 -0.6694 -0.2023
vn 0.7098 -0.6742 -0.2042
vn 0.8025 -0.5736 -0.1645
vn 0.7983 -0.5788 -0.1665
vn 0.8746 -0.4686 -0.1242
vn 0.8714 -0.4741 -0.1263
vn 0.9304 -0.3573 -0.0824
vn 0.9281 -0.3626 -0.0844
vn 0.9694 -0.2421 -0.0401
vn 0.9682 -0.2468 -0.0418
vn 0.9921 -0.1254 0.0020
vn 0.9916 -0.1291 0.0007
vn 0.9990 -0.0089 0.0434
vn 0.9990 -0.0113 0.0425
vn 0.9907 0.1074 0.0839
vn 0.9908 0.1065 0.0835
vn 0.9668 0.2235 0.1236
vn 0.9667 0.2239 0.1238
vn 0.9271 0.3380 0.1620
vn 0.9265 0.3395 0.1625
vn 0.8712 0.4490 0.1985
vn 0.8698 0.4513 0.1993
vn 0.7992 0.5544 0.2322
vn 0.7969 0.5572 0.2331
vn 0.7116 0.6517 0.2624
vn 0.7084 0.6548 0.2633
vn 0.6098 0.7383 0.2881
vn 0.6057 0.7413 0.2890
vn 0.4960 0.8116 0.3086
vn 0.4912 0.8143 0.3093
vn 0.3737 0.8694 0.3233
vn 0.3683 0.8715 0.3238
vn 0.2469 0.9105 0.3318
vn 0.2411 0.9119 0.3321
vn 0.1199 0.9347 0.3345
vn 0.1140 0.9355 0.3345
vn -0.0045 0.9434 0.3317
vn -0.0104 0.9434 0.3315
vn -0.1298 0.9372 0.3237
vn -0.1361 0.9365 0.3232
vn -0.2580 0.9151 0.3100
vn -0.2645 0.9135 0.3091
vn -0.3847 0.8762 0.2904
vn -0.3912 0.8737 0.2892
vn -0.5058 0.8209 0.2653
vn -0.5119 0.8175 0.2638
vn -0.6177 0.7504 0.2353
vn -0.6232 0.7463 0.2336
vn -0.7175 0.6669 0.2013
vn -0.7224 0.6622 0.1994
vn -0.8034 0.5724 0.1640
vn -0.8074 0.5673 0.1620
vn -0.8743 0.4692 0.1244
vn -0.8774 0.4639 0.1224
vn -0.9294 0.3595 0.0833
vn -0.9316 0.3543 0.0813
vn -0.9686 0.2450 0.0412
vn -0.9699 0.2403 0.0394
vn -0.9918 0.1276 -0.0013
vn -0.9923 0.1238 -0.0026
vn -0.9990 0.0086 -0.0435
vn -0.9990 0.0061 -0.0443
vn -0.9901 -0.1113 -0.0852
vn -0.9900 -0.1123 -0.0856
vn -0.9648 -0.2309 -0.1261
vn -0.9649 -0.2305 -0.1260
vn -0.9228 -0.3479 -0.1653
vn -0.9235 -0.3463 -0.1648
vn -0.8646 -0.4601 -0.2021
vn -0.8660 -0.4576 -0.2013
vn -0.7907 -0.5651 -0.2356
vn -0.7930 -0.5622 -0.2347
vn -0.7021 -0.6609 -0.2652
vn -0.7053 -0.6578 -0.2643
vn -0.6004 -0.7452 -0.2901
vn -0.6044 -0.7423 -0.2893
vn -0.4879 -0.8161 -0.3098
vn -0.4926 -0.8135 -0.3091
vn -0.3672 -0.8719 -0.3239
vn -0.3726 -0.8698 -0.3234
vn -0.2419 -0.9117 -0.3320
vn -0.2476 -0.9103 -0.3318
vn -0.1156 -0.9353 -0.3345
vn -0.1215 -0.9345 -0.3345
vn 0.0079 -0.9434 -0.3316
vn 0.0020 -0.9433 -0.3318
vn -0.1134 -0.9356 -0.3345
vn -0.1193 -0.9348 -0.3345
vn -0.2434 -0.9113 -0.3320
vn -0.2378 -0.9127 -0.3322
vn -0.3662 -0.8723 -0.3240
vn -0.3609 -0.8743 -0.3244
vn -0.4848 -0.8178 -0.3103
vn -0.4800 -0.8203 -0.3109
vn -0.5963 -0.7482 -0.2910
vn -0.5922 -0.7511 -0.2918
vn -0.6981 -0.6646 -0.2663
vn -0.6949 -0.6676 -0.2672
vn -0.7878 -0.5686 -0.2367
vn -0.7854 -0.5716 -0.2376
vn -0.8632 -0.4624 -0.2028
vn -0.8616 -0.4649 -0.2037
vn -0.9226 -0.3485 -0.1655
vn -0.9218 -0.3502 -0.1661
vn -0.9650 -0.2300 -0.1258
vn -0.9903 -0.1100 -0.0848
vn -0.9904 -0.1090 -0.0844
vn -0.9990 0.0087 -0.0434
vn -0.9990 0.0112 -0.0426
vn -0.9919 0.1271 -0.0014
vn -0.9914 0.1309 -0.0001
vn -0.9683 0.2465 0.0417
vn -0.9669 0.2513 0.0435
vn -0.9274 0.3644 0.0851
vn -0.9250 0.3698 0.0871
vn -0.8692 0.4776 0.1276
vn -0.8659 0.4832 0.1297
vn -0.7949 0.5830 0.1682
vn -0.7906 0.5883 0.1702
vn -0.7059 0.6778 0.2056
vn -0.7008 0.6825 0.2075
vn -0.6046 0.7598 0.2392
vn -0.5990 0.7637 0.2408
vn -0.4936 0.8273 0.2681
vn -0.4875 0.8305 0.2695
vn -0.3756 0.8796 0.2920
vn -0.3694 0.8818 0.2931
vn -0.2536 0.9161 0.3105
vn -0.2474 0.9175 0.3113
vn -0.1304 0.9371 0.3237
vn -0.1243 0.9378 0.3242
vn -0.0084 0.9434 0.3315
vn -0.0025 0.9433 0.3318
vn 0.1199 0.9348 0.3345
vn 0.2380 0.9127 0.3322
vn 0.2436 0.9113 0.3320
vn 0.3609 0.8744 0.3244
vn 0.3661 0.8723 0.3240
vn 0.4798 0.8204 0.3110
vn 0.4846 0.8179 0.3103
vn 0.5920 0.7512 0.2919
vn 0.5961 0.7483 0.2910
vn 0.6947 0.6678 0.2673
vn 0.6979 0.6648 0.2664
vn 0.7852 0.5718 0.2377
vn 0.7876 0.5688 0.2368
vn 0.8615 0.4651 0.2037
vn 0.8630 0.4626 0.2029
vn 0.9216 0.3506 0.1663
vn 0.9224 0.3490 0.1657
vn 0.9646 0.2314 0.1263
vn 0.9647 0.2310 0.1261
vn 0.9902 0.1107 0.0850
vn 0.9901 0.1117 0.0854
vn 0.9990 -0.0090 0.0433
vn 0.9990 -0.0065 0.0442
vn 0.9917 -0.1287 0.0009
vn 0.9922 -0.1248 0.0022
vn 0.9675 -0.2491 -0.0426
vn 0.9689 -0.2442 -0.0409
vn 0.9261 -0.3674 -0.0862
vn 0.9284 -0.3620 -0.0842
vn 0.8676 -0.4803 -0.1286
vn 0.8709 -0.4749 -0.1266
vn 0.7931 -0.5851 -0.1690
vn 0.7974 -0.5800 -0.1670
vn 0.7043 -0.6792 -0.2062
vn 0.7093 -0.6746 -0.2044
vn 0.6033 -0.7607 -0.2396
vn 0.6089 -0.7567 -0.2379
vn 0.4924 -0.8280 -0.2684
vn 0.4984 -0.8248 -0.2670
vn 0.3742 -0.8801 -0.2923
vn 0.3804 -0.8778 -0.2912
vn 0.2515 -0.9166 -0.3108
vn 0.2578 -0.9151 -0.3100
vn 0.1271 -0.9375 -0.3239
vn 0.1333 -0.9368 -0.3234
vn 0.0039 -0.9434 -0.3317
vn 0.0098 -0.9434 -0.3315
vn -0.4534 -0.8340 -0.3145
vn -0.4849 -0.8177 -0.3103
vn -0.7327 -0.6306 -0.2560
vn -0.7342 -0.6290 -0.2555
vn -0.6819 -0.6795 -0.2708
vn -0.6837 -0.6778 -0.2703
vn -0.6276 -0.7248 -0.2842
vn -0.6296 -0.7232 -0.2838
vn -0.5698 -0.7665 -0.2962
vn -0.5721 -0.7650 -0.2958
vn -0.5087 -0.8045 -0.3067
vn -0.5112 -0.8030 -0.3063
vn -0.4442 -0.8384 -0.3157
vn -0.4470 -0.8371 -0.3153
vn -0.3765 -0.8683 -0.3230
vn -0.3795 -0.8671 -0.3227
vn -0.3055 -0.8937 -0.3286
vn -0.3088 -0.8926 -0.3284
vn -0.2314 -0.9143 -0.3325
vn -0.2348 -0.9135 -0.3323
vn -0.1542 -0.9298 -0.3343
vn -0.1579 -0.9292 -0.3343
vn -0.0743 -0.9396 -0.3341
vn -0.0781 -0.9393 -0.3341
vn 0.0164 -0.9434 -0.3312
vn 0.0116 -0.9434 -0.3314
vn 0.1279 -0.9374 -0.3239
vn 0.1218 -0.9380 -0.3244
vn 0.2533 -0.9162 -0.3106
vn 0.2469 -0.9177 -0.3114
vn 0.3828 -0.8769 -0.2907
vn 0.3762 -0.8794 -0.2919
vn 0.5115 -0.8177 -0.2639
vn 0.5050 -0.8213 -0.2655
vn 0.6333 -0.7388 -0.2305
vn 0.6272 -0.7434 -0.2324
vn 0.7416 -0.6428 -0.1917
vn 0.7364 -0.6482 -0.1938
vn 0.8316 -0.5349 -0.1495
vn 0.8275 -0.5406 -0.1517
vn 0.9006 -0.4214 -0.1064
vn 0.8977 -0.4270 -0.1085
vn 0.9490 -0.3085 -0.0644
vn 0.9473 -0.3135 -0.0662
vn 0.9793 -0.2007 -0.0251
vn 0.9785 -0.2047 -0.0265
vn 0.9949 -0.1007 0.0108
vn 0.9946 -0.1037 0.0098
vn 0.9989 -0.0310 0.0356
vn 0.9989 -0.0320 0.0352
vn 0.8939 0.4083 0.1852
vn 0.8836 0.4272 0.1914
vn -0.8846 0.4513 0.1176
vn -0.9089 0.4049 0.1002
vn -0.9989 0.0294 -0.0361
vn -0.9989 0.0303 -0.0358
vn -0.9956 0.0932 -0.0135
vn -0.9953 0.0957 -0.0126
vn -0.9828 0.1835 0.0188
vn -0.9822 0.1869 0.0201
vn -0.9584 0.2801 0.0540
vn -0.9571 0.2844 0.0555
vn -0.9194 0.3824 0.0918
vn -0.9171 0.3874 0.0936
vn -0.8627 0.4882 0.1317
vn -0.8593 0.4936 0.1337
vn -0.7857 0.5940 0.1725
vn -0.7811 0.5995 0.1746
vn -0.6874 0.6946 0.2124
vn -0.6816 0.6996 0.2145
vn -0.5689 0.7837 0.2493
vn -0.5622 0.7880 0.2511
vn -0.4348 0.8556 0.2808
vn -0.4274 0.8588 0.2823
vn -0.2918 0.9064 0.3054
vn -0.2844 0.9084 0.3064
vn -0.1479 0.9351 0.3221
vn -0.1408 0.9359 0.3228
vn -0.0222 0.9434 0.3309
vn -0.0169 0.9434 0.3312
vn 0.0744 0.9396 0.3341
vn 0.0784 0.9393 0.3341
vn 0.1615 0.9286 0.3342
vn 0.1657 0.9278 0.3342
vn 0.2512 0.9094 0.3316
vn 0.2552 0.9083 0.3315
vn 0.3391 0.8824 0.3262
vn 0.3428 0.8810 0.3259
vn 0.4211 0.8493 0.3184
vn 0.4244 0.8478 0.3180
vn 0.4945 0.8124 0.3089
vn 0.4973 0.8109 0.3084
vn 0.5578 0.7745 0.2984
vn 0.5601 0.7730 0.2980
vn 0.6108 0.7375 0.2879
vn 0.6126 0.7362 0.2875
vn 0.6543 0.7033 0.2779
vn 0.6557 0.7021 0.2775
vn 0.6895 0.6726 0.2687
vn 0.6906 0.6716 0.2684
vn 0.7177 0.6458 0.2606
vn 0.7185 0.6449 0.2603
vn 0.9530 0.2692 0.1390
vn 0.9542 0.2654 0.1378
vn 0.8836 0.4273 0.1915
vn -0.8786 -0.4361 -0.1943
vn -0.8893 -0.4169 -0.1881
vn 0.8991 -0.4244 -0.1075
vn 0.8727 -0.4719 -0.1254
vn 0.8846 -0.4513 -0.1177
vn 0.9089 -0.4049 -0.1002
vn 0.0439 0.3322 -0.9422
vn 0.0436 0.3309 -0.9427
vn 0.0447 0.3310 -0.9426
vn 0.0438 0.3312 -0.9425
vn 0.0439 0.3339 -0.9416
vn 0.0440 0.3299 -0.9430
vn 0.0437 0.3371 -0.9405
vn 0.0437 0.3332 -0.9418
vn 0.0438 0.3309 -0.9427
vn 0.0439 0.3295 -0.9431
vn 0.0481 0.2644 -0.9632
vn 0.0438 0.3342 -0.9415
vn 0.0438 0.3325 -0.9421
vn 0.0438 0.3315 -0.9425
vn -0.1435 -0.2620 0.9543
vn 0.0438 0.3313 -0.9425
vn 0.0438 0.3318 -0.9423
vn 0.0457 0.3309 -0.9426
vn 0.0439 0.3330 -0.9419
vn 0.0441 0.3341 -0.9415
vn 0.0437 0.3328 -0.9420
vn 0.0444 0.3316 -0.9424
vn 0.0439 0.3333 -0.9418
vn 0.0439 0.3319 -0.9423
vn 0.0334 0.2646 -0.9638
vn 0.0439 0.3343 -0.9415
vn 0.3254 0.2503 -0.9119
vn -0.8847 -0.1234 0.4495
vn 0.1359 -0.9365 -0.3232
vn 0.1425 -0.9357 -0.3226
vn 0.2782 -0.9101 -0.3073
vn 0.2714 -0.9118 -0.3082
vn 0.4111 -0.8657 -0.2855
vn 0.4045 -0.8684 -0.2867
vn 0.5361 -0.8038 -0.2579
vn 0.5298 -0.8074 -0.2594
vn 0.6489 -0.7267 -0.2255
vn 0.6433 -0.7311 -0.2273
vn 0.7466 -0.6376 -0.1896
vn 0.7419 -0.6425 -0.1916
vn 0.8280 -0.5399 -0.1515
vn 0.8242 -0.5451 -0.1535
vn 0.8926 -0.4367 -0.1121
vn 0.8898 -0.4418 -0.1141
vn 0.9411 -0.3303 -0.0724
vn 0.9392 -0.3352 -0.0742
vn 0.9743 -0.2227 -0.0330
vn 0.9733 -0.2270 -0.0346
vn 0.9933 -0.1153 0.0056
vn 0.9929 -0.1187 0.0044
vn 0.9978 -0.0623 0.0245
vn 0.9990 -0.0088 0.0434
vn 0.9990 -0.0112 0.0425
vn 0.9920 0.0974 0.0804
vn 0.9921 0.0962 0.0800
vn 0.9719 0.2042 0.1171
vn 0.9719 0.2042 0.1170
vn 0.9380 0.3109 0.1530
vn 0.9376 0.3119 0.1534
vn 0.8893 0.4168 0.1880
vn 0.8883 0.4186 0.1886
vn 0.8248 0.5203 0.2214
vn 0.8230 0.5228 0.2222
vn 0.7435 0.6192 0.2525
vn 0.7408 0.6221 0.2533
vn 0.6455 0.7106 0.2800
vn 0.6418 0.7136 0.2809
vn 0.5317 0.7909 0.3030
vn 0.5271 0.7936 0.3038
vn 0.4051 0.8564 0.3202
vn 0.3997 0.8587 0.3207
vn 0.2700 0.9043 0.3307
vn 0.2640 0.9059 0.3310
vn 0.1321 0.9331 0.3345
vn 0.1258 0.9340 0.3345
vn -0.0043 0.9434 0.3317
vn -0.0107 0.9434 0.3314
vn -0.1418 0.9358 0.3227
vn -0.1486 0.9350 0.3221
vn -0.2810 0.9093 0.3069
vn -0.2881 0.9074 0.3059
vn -0.4160 0.8637 0.2845
vn -0.4227 0.8609 0.2832
vn -0.5413 0.8008 0.2566
vn -0.5475 0.7970 0.2550
vn -0.6531 0.7234 0.2241
vn -0.6586 0.7189 0.2223
vn -0.7492 0.6349 0.1885
vn -0.7538 0.6300 0.1866
vn -0.8289 0.5386 0.1510
vn -0.8325 0.5335 0.1490
vn -0.8924 0.4371 0.1123
vn -0.8951 0.4320 0.1104
vn -0.9404 0.3322 0.0731
vn -0.9422 0.3274 0.0714
vn -0.9737 0.2253 0.0340
vn -0.9747 0.2211 0.0324
vn -0.9931 0.1173 -0.0049
vn -0.9935 0.1139 -0.0061
vn -0.9990 0.0086 -0.0434
vn -0.9990 0.0063 -0.0442
vn -0.9915 -0.1009 -0.0816
vn -0.9914 -0.1019 -0.0820
vn -0.9702 -0.2109 -0.1193
vn -0.9702 -0.2107 -0.1193
vn -0.9344 -0.3202 -0.1561
vn -0.9349 -0.3190 -0.1557
vn -0.8836 -0.4274 -0.1915
vn -0.8846 -0.4254 -0.1908
vn -0.8171 -0.5309 -0.2248
vn -0.8189 -0.5284 -0.2240
vn -0.7346 -0.6286 -0.2554
vn -0.7373 -0.6258 -0.2545
vn -0.6363 -0.7179 -0.2822
vn -0.6400 -0.7150 -0.2813
vn -0.5234 -0.7958 -0.3044
vn -0.5280 -0.7931 -0.3036
vn -0.3983 -0.8593 -0.3209
vn -0.4037 -0.8570 -0.3203
vn -0.2647 -0.9058 -0.3310
vn -0.2706 -0.9041 -0.3307
vn -0.1274 -0.9338 -0.3345
vn -0.1336 -0.9329 -0.3345
vn 0.0081 -0.9434 -0.3316
vn 0.0018 -0.9433 -0.3318
vn -0.1252 -0.9340 -0.3345
vn -0.1314 -0.9332 -0.3345
vn -0.2663 -0.9053 -0.3309
vn -0.2604 -0.9069 -0.3312
vn -0.3972 -0.8598 -0.3210
vn -0.3919 -0.8620 -0.3215
vn -0.5202 -0.7977 -0.3049
vn -0.5157 -0.8004 -0.3056
vn -0.6322 -0.7212 -0.2832
vn -0.6285 -0.7241 -0.2840
vn -0.7308 -0.6326 -0.2566
vn -0.7280 -0.6354 -0.2574
vn -0.8144 -0.5345 -0.2260
vn -0.8124 -0.5371 -0.2268
vn -0.8822 -0.4298 -0.1923
vn -0.8811 -0.4318 -0.1929
vn -0.9341 -0.3209 -0.1564
vn -0.9337 -0.3220 -0.1567
vn -0.9704 -0.2102 -0.1191
vn -0.9917 -0.0998 -0.0812
vn -0.9918 -0.0986 -0.0808
vn -0.9990 0.0111 -0.0426
vn -0.9931 0.1169 -0.0051
vn -0.9927 0.1204 -0.0038
vn -0.9733 0.2268 0.0345
vn -0.9722 0.2312 0.0361
vn -0.9385 0.3370 0.0749
vn -0.9365 0.3421 0.0768
vn -0.8879 0.4454 0.1154
vn -0.8849 0.4507 0.1174
vn -0.8210 0.5494 0.1551
vn -0.8171 0.5546 0.1571
vn -0.7382 0.6464 0.1931
vn -0.7334 0.6512 0.1950
vn -0.6402 0.7335 0.2283
vn -0.6347 0.7377 0.2300
vn -0.5288 0.8080 0.2597
vn -0.5227 0.8115 0.2612
vn -0.4064 0.8677 0.2864
vn -0.3999 0.8703 0.2876
vn -0.2763 0.9105 0.3075
vn -0.2697 0.9122 0.3084
vn -0.1425 0.9357 0.3226
vn -0.1359 0.9365 0.3232
vn -0.0086 0.9434 0.3315
vn -0.0023 0.9433 0.3318
vn 0.1257 0.9340 0.3345
vn 0.1319 0.9331 0.3345
vn 0.2605 0.9069 0.3312
vn 0.2663 0.9053 0.3309
vn 0.3916 0.8621 0.3216
vn 0.3969 0.8599 0.3210
vn 0.5152 0.8007 0.3057
vn 0.5198 0.7980 0.3050
vn 0.6280 0.7245 0.2841
vn 0.6318 0.7215 0.2833
vn 0.7276 0.6359 0.2576
vn 0.7304 0.6330 0.2567
vn 0.8121 0.5376 0.2269
vn 0.8140 0.5350 0.2261
vn 0.8808 0.4323 0.1931
vn 0.8819 0.4303 0.1924
vn 0.9334 0.3228 0.1570
vn 0.9338 0.3216 0.1566
vn 0.9701 0.2114 0.1195
vn 0.9701 0.2113 0.1195
vn 0.9916 0.1003 0.0814
vn 0.9915 0.1014 0.0818
vn 0.9990 -0.0067 0.0441
vn 0.9930 -0.1183 0.0046
vn 0.9934 -0.1148 0.0058
vn 0.9728 -0.2291 -0.0354
vn 0.9738 -0.2247 -0.0338
vn 0.9375 -0.3397 -0.0759
vn 0.9394 -0.3347 -0.0741
vn 0.8865 -0.4479 -0.1163
vn 0.8894 -0.4427 -0.1144
vn 0.8195 -0.5514 -0.1559
vn 0.8233 -0.5463 -0.1539
vn 0.7368 -0.6478 -0.1937
vn 0.7415 -0.6430 -0.1917
vn 0.6390 -0.7345 -0.2287
vn 0.6445 -0.7302 -0.2269
vn 0.5276 -0.8087 -0.2600
vn 0.5337 -0.8052 -0.2585
vn 0.4049 -0.8683 -0.2867
vn 0.4114 -0.8656 -0.2854
vn 0.2740 -0.9111 -0.3078
vn 0.2807 -0.9094 -0.3069
vn 0.1388 -0.9362 -0.3229
vn 0.1455 -0.9354 -0.3223
vn 0.0036 -0.9434 -0.3318
vn 0.0100 -0.9434 -0.3315
vn -0.3899 0.8742 0.2895
vn -0.3672 0.8826 0.2935
vn -0.3659 0.8831 0.2937
vn -0.3888 0.8746 0.2896
vn -0.3389 0.8923 0.2982
vn -0.3373 0.8928 0.2984
vn -0.3052 0.9026 0.3034
vn -0.3034 0.9032 0.3037
vn -0.2669 0.9129 0.3088
vn -0.2649 0.9134 0.3091
vn -0.2254 0.9223 0.3140
vn -0.2232 0.9227 0.3143
vn -0.1823 0.9301 0.3188
vn -0.1801 0.9305 0.3190
vn -0.1398 0.9361 0.3229
vn -0.1377 0.9363 0.3230
vn -0.0998 0.9400 0.3261
vn -0.0980 0.9402 0.3262
vn -0.0639 0.9423 0.3286
vn -0.0623 0.9424 0.3287
vn -0.0330 0.9433 0.3304
vn -0.0316 0.9433 0.3304
vn 0.0144 0.9430 0.3325
vn 0.0176 0.9429 0.3326
vn 0.1119 0.9357 0.3344
vn 0.1178 0.9350 0.3345
vn 0.2504 0.9096 0.3317
vn 0.2569 0.9079 0.3314
vn 0.4041 0.8568 0.3203
vn 0.4106 0.8540 0.3196
vn 0.5602 0.7729 0.2980
vn 0.5658 0.7692 0.2970
vn 0.7013 0.6616 0.2654
vn 0.7054 0.6577 0.2642
vn 0.8138 0.5353 0.2262
vn 0.8162 0.5321 0.2252
vn 0.8934 0.4092 0.1855
vn 0.8945 0.4071 0.1849
vn 0.9443 0.2942 0.1474
vn 0.9446 0.2934 0.1472
vn 0.9741 0.1953 0.1140
vn 0.9741 0.1955 0.1141
vn 0.9898 0.1133 0.0859
vn 0.9897 0.1140 0.0861
vn 0.9969 0.0465 0.0627
vn 0.9969 0.0475 0.0631
vn 0.9988 0.0039 0.0478
vn 0.9988 0.0045 0.0480
vn 0.8846 -0.4513 -0.1176
vn 0.9088 -0.4049 -0.1002
vn 0.8726 -0.4720 -0.1255
vn 0.8845 0.4257 0.1909
vn 0.8786 0.4361 0.1943
vn -0.9088 0.4049 0.1002
vn -0.8991 0.4244 0.1075
vn -0.8726 0.4720 0.1255
vn -0.8883 -0.4186 -0.1886
vn -0.8939 -0.4083 -0.1852
vn -0.8845 -0.4257 -0.1909
vn -0.9989 -0.0001 -0.0465
vn -0.9989 -0.0004 -0.0466
vn -0.9980 -0.0287 -0.0565
vn -0.9980 -0.0294 -0.0568
vn -0.9949 -0.0712 -0.0713
vn -0.9948 -0.0718 -0.0716
vn -0.9889 -0.1196 -0.0881
vn -0.9888 -0.1200 -0.0882
vn -0.9790 -0.1738 -0.1067
vn -0.9789 -0.1740 -0.1068
vn -0.9641 -0.2332 -0.1269
vn -0.9641 -0.2331 -0.1269
vn -0.9434 -0.2966 -0.1482
vn -0.9436 -0.2960 -0.1481
vn -0.9166 -0.3618 -0.1699
vn -0.9170 -0.3609 -0.1696
vn -0.8842 -0.4262 -0.1911
vn -0.8848 -0.4251 -0.1907
vn -0.8475 -0.4872 -0.2108
vn -0.8483 -0.4859 -0.2104
vn -0.8087 -0.5421 -0.2284
vn -0.8097 -0.5408 -0.2279
vn -0.7706 -0.5892 -0.2431
vn -0.7716 -0.5880 -0.2428
vn -0.7305 -0.6329 -0.2567
vn -0.7318 -0.6315 -0.2562
vn -0.6793 -0.6818 -0.2715
vn -0.6812 -0.6801 -0.2710
vn -0.6137 -0.7354 -0.2873
vn -0.6163 -0.7335 -0.2867
vn -0.5363 -0.7880 -0.3022
vn -0.5395 -0.7861 -0.3017
vn -0.4477 -0.8368 -0.3152
vn -0.4515 -0.8349 -0.3148
vn -0.3497 -0.8785 -0.3254
vn -0.3540 -0.8769 -0.3250
vn -0.2457 -0.9108 -0.3319
vn -0.2504 -0.9096 -0.3317
vn -0.1398 -0.9320 -0.3344
vn -0.1446 -0.9313 -0.3344
vn -0.0361 -0.9422 -0.3332
vn -0.0408 -0.9419 -0.3333
vn 0.0618 -0.9424 -0.3287
vn 0.0573 -0.9426 -0.3290
vn 0.1514 -0.9346 -0.3218
vn 0.1473 -0.9352 -0.3222
vn 0.2317 -0.9210 -0.3133
vn 0.2279 -0.9218 -0.3137
vn 0.9198 -0.3815 -0.0914
vn 0.9002 -0.4223 -0.1067
vn 0.8509 0.4818 0.2091
vn 0.8330 0.5086 0.2177
vn -0.3898 0.8742 0.2895
vn -0.3671 0.8827 0.2935
vn -0.3658 0.8831 0.2937
vn -0.3053 0.9026 0.3034
vn -0.2670 0.9129 0.3088
vn -0.2253 0.9223 0.3140
vn -0.1822 0.9301 0.3188
vn -0.1397 0.9361 0.3229
vn -0.1397 -0.9320 -0.3344
vt 0.375000 0.000000
vt 0.625000 0.000000
vt 0.625000 0.250000
vt 0.375000 0.250000
vt 0.427347 0.360139
vt 0.424212 0.360530
vt 0.421170 0.361670
vt 0.418255 0.363540
vt 0.415503 0.366116
vt 0.412949 0.369378
vt 0.410628 0.373305
vt 0.408576 0.377876
vt 0.406828 0.383069
vt 0.405420 0.388865
vt 0.404385 0.395242
vt 0.403760 0.402178
vt 0.403579 0.409654
vt 0.403860 0.416891
vt 0.404576 0.423642
vt 0.405693 0.429881
vt 0.407174 0.435579
vt 0.408986 0.440710
vt 0.411093 0.445246
vt 0.413460 0.449160
vt 0.416054 0.452425
vt 0.418838 0.455012
vt 0.375000 0.500000
vt 0.403409 0.295346
vt 0.403491 0.307274
vt 0.422656 0.307191
vt 0.423760 0.307279
vt 0.424795 0.307552
vt 0.425755 0.308002
vt 0.426636 0.308623
vt 0.427433 0.309408
vt 0.428141 0.310351
vt 0.428754 0.311445
vt 0.429270 0.312684
vt 0.429681 0.314062
vt 0.429985 0.315571
vt 0.430175 0.317206
vt 0.430247 0.318959
vt 0.430229 0.320246
vt 0.430157 0.321497
vt 0.430027 0.322721
vt 0.429838 0.323928
vt 0.429586 0.325125
vt 0.429270 0.326322
vt 0.428886 0.327528
vt 0.428432 0.328752
vt 0.427906 0.330001
vt 0.427304 0.331286
vt 0.426625 0.332615
vt 0.425865 0.333996
vt 0.403676 0.334076
vt 0.403758 0.346002
vt 0.434695 0.345900
vt 0.430574 0.360521
vt 0.594127 0.301508
vt 0.593340 0.302420
vt 0.592446 0.303139
vt 0.591449 0.303678
vt 0.590353 0.304050
vt 0.589161 0.304266
vt 0.587879 0.304339
vt 0.584571 0.304353
vt 0.584531 0.293278
vt 0.578376 0.293307
vt 0.578418 0.304380
vt 0.550033 0.304510
vt 0.550084 0.316667
vt 0.578464 0.316548
vt 0.578496 0.325162
vt 0.578504 0.327486
vt 0.578545 0.338561
vt 0.550177 0.338659
vt 0.550228 0.350816
vt 0.578590 0.350730
vt 0.578622 0.359344
vt 0.579080 0.367013
vt 0.576498 0.366732
vt 0.573000 0.367130
vt 0.569602 0.368293
vt 0.566344 0.370198
vt 0.563265 0.372824
vt 0.560405 0.376149
vt 0.557803 0.380151
vt 0.555499 0.384810
vt 0.553531 0.390104
vt 0.551940 0.396011
vt 0.550764 0.402510
vt 0.550044 0.409580
vt 0.549817 0.417200
vt 0.550106 0.424576
vt 0.550883 0.431461
vt 0.552108 0.437822
vt 0.553741 0.443633
vt 0.555745 0.448866
vt 0.558080 0.453492
vt 0.560708 0.457484
vt 0.563589 0.460814
vt 0.566686 0.463453
vt 0.569959 0.465373
vt 0.573370 0.466547
vt 0.576881 0.466946
vt 0.580452 0.466540
vt 0.583895 0.465340
vt 0.587176 0.463379
vt 0.590259 0.460691
vt 0.625000 0.500000
vt 0.421779 0.456895
vt 0.424841 0.458045
vt 0.427990 0.458435
vt 0.431192 0.458035
vt 0.434277 0.456858
vt 0.437214 0.454933
vt 0.439971 0.452294
vt 0.442516 0.448973
vt 0.444819 0.445001
vt 0.446847 0.440411
vt 0.448569 0.435235
vt 0.449953 0.429505
vt 0.450968 0.423254
vt 0.451582 0.416514
vt 0.451763 0.409317
vt 0.451494 0.402005
vt 0.450799 0.395186
vt 0.449711 0.388887
vt 0.448260 0.383136
vt 0.446478 0.377960
vt 0.444395 0.373387
vt 0.442043 0.369445
vt 0.439454 0.366159
vt 0.436658 0.363559
vt 0.433688 0.361671
vt 0.434618 0.333963
vt 0.430552 0.333979
vt 0.430550 0.333710
vt 0.431257 0.332524
vt 0.431910 0.331256
vt 0.432508 0.329914
vt 0.433048 0.328505
vt 0.433530 0.327036
vt 0.433952 0.325516
vt 0.434311 0.323951
vt 0.434607 0.322349
vt 0.434837 0.320717
vt 0.435001 0.319063
vt 0.435096 0.317394
vt 0.435121 0.315719
vt 0.435020 0.312920
vt 0.434751 0.310241
vt 0.434313 0.307706
vt 0.433705 0.305337
vt 0.432924 0.303160
vt 0.431970 0.301197
vt 0.430840 0.299473
vt 0.429534 0.298010
vt 0.428049 0.296834
vt 0.426385 0.295967
vt 0.424538 0.295433
vt 0.422509 0.295256
vt 0.602428 0.285809
vt 0.595735 0.285840
vt 0.595847 0.286336
vt 0.595945 0.286804
vt 0.596031 0.287251
vt 0.596107 0.287682
vt 0.596172 0.288104
vt 0.596226 0.288522
vt 0.596271 0.288943
vt 0.596307 0.289373
vt 0.596334 0.289819
vt 0.596354 0.290285
vt 0.596365 0.290780
vt 0.596370 0.291308
vt 0.596312 0.293633
vt 0.596122 0.295691
vt 0.595805 0.297496
vt 0.595363 0.299058
vt 0.594803 0.300392
vt 0.591570 0.337873
vt 0.590474 0.338243
vt 0.589283 0.338458
vt 0.588001 0.338530
vt 0.584696 0.338541
vt 0.584655 0.327464
vt 0.584647 0.325139
vt 0.584615 0.316523
vt 0.587153 0.316513
vt 0.588773 0.316448
vt 0.590255 0.316266
vt 0.591612 0.315970
vt 0.592852 0.315564
vt 0.593987 0.315050
vt 0.595028 0.314431
vt 0.595985 0.313710
vt 0.596870 0.312889
vt 0.597692 0.311971
vt 0.598462 0.310960
vt 0.599192 0.309857
vt 0.599891 0.308666
vt 0.600585 0.307326
vt 0.601208 0.305905
vt 0.601756 0.304396
vt 0.602224 0.302794
vt 0.602606 0.301092
vt 0.602898 0.299282
vt 0.603092 0.297359
vt 0.603185 0.295316
vt 0.603170 0.293146
vt 0.603042 0.290842
vt 0.602797 0.288399
vt 0.593109 0.457307
vt 0.595691 0.453259
vt 0.597969 0.448581
vt 0.599907 0.443305
vt 0.601471 0.437464
vt 0.602625 0.431090
vt 0.603333 0.424219
vt 0.603560 0.416881
vt 0.603285 0.409426
vt 0.602534 0.402474
vt 0.601342 0.396051
vt 0.599744 0.390187
vt 0.597774 0.384909
vt 0.595467 0.380246
vt 0.592858 0.376225
vt 0.589981 0.372874
vt 0.586872 0.370222
vt 0.583565 0.368296
vt 0.580096 0.367123
vt 0.584770 0.359327
vt 0.584739 0.350712
vt 0.587276 0.350704
vt 0.588894 0.350640
vt 0.590376 0.350460
vt 0.591732 0.350165
vt 0.592971 0.349761
vt 0.594106 0.349248
vt 0.595146 0.348629
vt 0.596103 0.347909
vt 0.596987 0.347089
vt 0.597809 0.346172
vt 0.598579 0.345161
vt 0.599308 0.344059
vt 0.600007 0.342869
vt 0.600700 0.341529
vt 0.601323 0.340109
vt 0.601871 0.338601
vt 0.602339 0.336999
vt 0.602721 0.335297
vt 0.603012 0.333488
vt 0.603207 0.331565
vt 0.603299 0.329521
vt 0.603285 0.327351
vt 0.603158 0.325047
vt 0.602913 0.322603
vt 0.602544 0.320012
vt 0.595855 0.320037
vt 0.595966 0.320533
vt 0.596064 0.321001
vt 0.596150 0.321448
vt 0.596226 0.321879
vt 0.596290 0.322301
vt 0.596345 0.322719
vt 0.596390 0.323141
vt 0.596425 0.323571
vt 0.596452 0.324016
vt 0.596472 0.324483
vt 0.596484 0.324978
vt 0.596489 0.325506
vt 0.596430 0.327831
vt 0.596240 0.329890
vt 0.595923 0.331694
vt 0.595482 0.333256
vt 0.594922 0.334589
vt 0.594247 0.335705
vt 0.593460 0.336616
vt 0.592566 0.337334
vt 0.557450 0.426814
vt 0.556920 0.421997
vt 0.556725 0.416922
vt 0.556879 0.411816
vt 0.557369 0.406971
vt 0.558176 0.402423
vt 0.559282 0.398207
vt 0.560667 0.394355
vt 0.562312 0.390904
vt 0.564197 0.387887
vt 0.566303 0.385340
vt 0.568610 0.383297
vt 0.571100 0.381793
vt 0.573753 0.380862
vt 0.576550 0.380541
vt 0.579365 0.380851
vt 0.582035 0.381771
vt 0.584542 0.383266
vt 0.586867 0.385301
vt 0.588991 0.387843
vt 0.590895 0.390855
vt 0.592560 0.394305
vt 0.593968 0.398156
vt 0.595099 0.402375
vt 0.595936 0.406927
vt 0.596459 0.411776
vt 0.596649 0.416889
vt 0.596494 0.421970
vt 0.596005 0.426794
vt 0.595200 0.431326
vt 0.594098 0.435530
vt 0.592718 0.439371
vt 0.591078 0.442813
vt 0.589197 0.445822
vt 0.587094 0.448362
vt 0.584786 0.450399
vt 0.582293 0.451896
vt 0.579632 0.452820
vt 0.576823 0.453136
vt 0.574029 0.452820
vt 0.571373 0.451895
vt 0.568874 0.450397
vt 0.566553 0.448360
vt 0.564429 0.445821
vt 0.562522 0.442814
vt 0.560850 0.439375
vt 0.559434 0.435538
vt 0.558294 0.431339
vt 0.422555 0.374911
vt 0.424930 0.373998
vt 0.427436 0.373682
vt 0.429961 0.373985
vt 0.432358 0.374887
vt 0.434610 0.376352
vt 0.436701 0.378348
vt 0.438613 0.380840
vt 0.440329 0.383794
vt 0.441833 0.387176
vt 0.443107 0.390953
vt 0.444134 0.395091
vt 0.444898 0.399554
vt 0.445382 0.404311
vt 0.445568 0.409325
vt 0.445444 0.414309
vt 0.445020 0.419041
vt 0.444313 0.423486
vt 0.443338 0.427609
vt 0.442112 0.431377
vt 0.440653 0.434754
vt 0.438975 0.437707
vt 0.437097 0.440199
vt 0.435034 0.442198
vt 0.432804 0.443669
vt 0.430421 0.444577
vt 0.427903 0.444887
vt 0.425396 0.444578
vt 0.423011 0.443672
vt 0.420766 0.442204
vt 0.418679 0.440208
vt 0.416767 0.437719
vt 0.415047 0.434771
vt 0.413539 0.431398
vt 0.412258 0.427636
vt 0.411224 0.423519
vt 0.410453 0.419080
vt 0.409964 0.414354
vt 0.409773 0.409376
vt 0.409895 0.404367
vt 0.410320 0.399614
vt 0.411031 0.395152
vt 0.412009 0.391015
vt 0.413239 0.387236
vt 0.414703 0.383850
vt 0.416384 0.380891
vt 0.418264 0.378391
vt 0.420327 0.376387
vt 0.625000 0.750000
vt 0.375000 0.750000
vt 0.625000 1.000000
vt 0.375000 1.000000
vt 0.125000 0.500000
vt 0.125000 0.750000
vt 0.875000 0.500000
vt 0.875000 0.750000
vt 0.196429 0.000000
vt 0.232143 0.000000
vt 0.214286 0.000000
vt 0.178571 0.000000
vt 0.250000 0.000000
vt 0.160714 0.000000
vt 0.142857 0.000000
vt 0.267857 0.000000
vt 0.125000 0.000000
vt 0.946429 0.000000
vt 0.982143 0.000000
vt 0.964286 0.000000
vt 1.000000 0.000000
vt 0.285714 0.000000
vt 0.107143 0.000000
vt 0.089286 0.000000
vt 0.303571 0.000000
vt 0.071429 0.000000
vt 0.321429 0.000000
vt 0.053571 0.000000
vt 0.035714 0.000000
vt 0.339286 0.000000
vt 0.017857 0.000000
vt 0.000000 0.000000
vt 0.696429 0.000000
vt 0.357143 0.000000
vt 0.910714 0.000000
vt 0.892857 0.000000
vt 0.875000 0.000000
vt 0.857143 0.000000
vt 0.839286 0.000000
vt 0.821429 0.000000
vt 0.803571 0.000000
vt 0.785714 0.000000
vt 0.767857 0.000000
vt 0.750000 0.000000
vt 0.732143 0.000000
vt 0.714286 0.000000
vt 0.678571 0.000000
vt 0.660714 0.000000
vt 0.642857 0.000000
vt 0.607143 0.000000
vt 0.589286 0.000000
vt 0.571429 0.000000
vt 0.392857 0.000000
vt 0.553571 0.000000
vt 0.535714 0.000000
vt 0.410714 0.000000
vt 0.517857 0.000000
vt 0.928571 0.000000
vt 0.500000 0.000000
vt 0.428571 0.000000
vt 0.482143 0.000000
vt 0.464286 0.000000
vt 0.446429 0.000000
vt 0.484211 0.000000
vt 0.494737 0.000000
vt 0.010526 0.000000
vt 0.473684 0.000000
vt 0.021053 0.000000
vt 0.463158 0.000000
vt 0.031579 0.000000
vt 0.452632 0.000000
vt 0.042105 0.000000
vt 0.442105 0.000000
vt 0.052632 0.000000
vt 0.431579 0.000000
vt 0.747368 0.000000
vt 0.757895 0.000000
vt 0.736842 0.000000
vt 0.726316 0.000000
vt 0.768421 0.000000
vt 0.715789 0.000000
vt 0.778947 0.000000
vt 0.063158 0.000000
vt 0.421053 0.000000
vt 0.705263 0.000000
vt 0.789474 0.000000
vt 0.694737 0.000000
vt 0.800000 0.000000
vt 0.073684 0.000000
vt 0.410526 0.000000
vt 0.684211 0.000000
vt 0.810526 0.000000
vt 0.673684 0.000000
vt 0.821053 0.000000
vt 0.084211 0.000000
vt 0.400000 0.000000
vt 0.663158 0.000000
vt 0.831579 0.000000
vt 0.094737 0.000000
vt 0.389474 0.000000
vt 0.652632 0.000000
vt 0.842105 0.000000
vt 0.642105 0.000000
vt 0.852632 0.000000
vt 0.105263 0.000000
vt 0.378947 0.000000
vt 0.631579 0.000000
vt 0.863158 0.000000
vt 0.115789 0.000000
vt 0.368421 0.000000
vt 0.621053 0.000000
vt 0.873684 0.000000
vt 0.357895 0.000000
vt 0.884211 0.000000
vt 0.610526 0.000000
vt 0.126316 0.000000
vt 0.894737 0.000000
vt 0.600000 0.000000
vt 0.136842 0.000000
vt 0.347368 0.000000
vt 0.905263 0.000000
vt 0.589474 0.000000
vt 0.147368 0.000000
vt 0.336842 0.000000
vt 0.578947 0.000000
vt 0.915789 0.000000
vt 0.157895 0.000000
vt 0.326316 0.000000
vt 0.568421 0.000000
vt 0.926316 0.000000
vt 0.557895 0.000000
vt 0.936842 0.000000
vt 0.168421 0.000000
vt 0.315789 0.000000
vt 0.547368 0.000000
vt 0.947368 0.000000
vt 0.536842 0.000000
vt 0.957895 0.000000
vt 0.178947 0.000000
vt 0.305263 0.000000
vt 0.526316 0.000000
vt 0.968421 0.000000
vt 0.515789 0.000000
vt 0.978947 0.000000
vt 0.189474 0.000000
vt 0.294737 0.000000
vt 0.505263 0.000000
vt 0.989474 0.000000
vt 0.200000 0.000000
vt 0.284211 0.000000
vt 0.210526 0.000000
vt 0.273684 0.000000
vt 0.221053 0.000000
vt 0.263158 0.000000
vt 0.231579 0.000000
vt 0.252632 0.000000
vt 0.242105 0.000000
vt 0.000000 0.853474
vt 0.020833 0.000000
vt 0.020833 0.848821
vt 0.020833 0.848821
vt 0.041667 0.000000
vt 0.041667 0.843905
vt 0.041667 0.843905
vt 0.062500 0.000000
vt 0.062500 0.838786
vt 0.062500 0.838786
vt 0.083333 0.000000
vt 0.083333 0.833521
vt 0.083333 0.833521
vt 0.104167 0.000000
vt 0.104167 0.828168
vt 0.104167 0.828167
vt 0.125000 0.822784
vt 0.125000 0.822784
vt 0.145833 0.000000
vt 0.145833 0.817429
vt 0.145833 0.817429
vt 0.166667 0.000000
vt 0.166667 0.812160
vt 0.166667 0.812160
vt 0.187500 0.000000
vt 0.187500 0.807034
vt 0.187500 0.807035
vt 0.208333 0.000000
vt 0.208333 0.802112
vt 0.208333 0.802112
vt 0.229167 0.000000
vt 0.229167 0.797449
vt 0.229167 0.797449
vt 0.250000 0.793332
vt 0.250000 0.793332
vt 0.270833 0.000000
vt 0.270833 0.789748
vt 0.270833 0.789748
vt 0.291667 0.000000
vt 0.291667 0.786736
vt 0.291667 0.786736
vt 0.312500 0.000000
vt 0.312500 0.784330
vt 0.312500 0.784330
vt 0.333333 0.000000
vt 0.333333 0.782570
vt 0.333333 0.782570
vt 0.354167 0.000000
vt 0.354167 0.781492
vt 0.354167 0.781492
vt 0.375000 0.781134
vt 0.375000 0.781134
vt 0.395833 0.000000
vt 0.395833 0.781532
vt 0.395833 0.781532
vt 0.416667 0.000000
vt 0.416667 0.782725
vt 0.416667 0.782725
vt 0.437500 0.000000
vt 0.437500 0.784749
vt 0.437500 0.784750
vt 0.458333 0.000000
vt 0.458333 0.787643
vt 0.458333 0.787643
vt 0.479167 0.000000
vt 0.479167 0.791442
vt 0.479167 0.791442
vt 0.500000 0.795748
vt 0.500000 0.795749
vt 0.520833 0.000000
vt 0.520833 0.800394
vt 0.520833 0.800394
vt 0.541667 0.000000
vt 0.541667 0.805314
vt 0.541667 0.805313
vt 0.562500 0.000000
vt 0.562500 0.810446
vt 0.562500 0.810446
vt 0.583333 0.000000
vt 0.583333 0.815727
vt 0.583333 0.815727
vt 0.604167 0.000000
vt 0.604167 0.821094
vt 0.604167 0.821094
vt 0.625000 0.826484
vt 0.645833 0.000000
vt 0.645833 0.831835
vt 0.625000 0.826484
vt 0.645833 0.831835
vt 0.666667 0.000000
vt 0.666667 0.837082
vt 0.666667 0.837082
vt 0.687500 0.000000
vt 0.687500 0.842164
vt 0.687500 0.842164
vt 0.708333 0.000000
vt 0.708333 0.847017
vt 0.708333 0.847017
vt 0.729167 0.000000
vt 0.729167 0.851579
vt 0.750000 0.855786
vt 0.770833 0.000000
vt 0.770833 0.859409
vt 0.750000 0.855785
vt 0.791667 0.000000
vt 0.791667 0.862423
vt 0.770833 0.859409
vt 0.812500 0.000000
vt 0.812500 0.864802
vt 0.791667 0.862423
vt 0.812500 0.864802
vt 0.833333 0.000000
vt 0.833333 0.866519
vt 0.833333 0.866519
vt 0.854167 0.000000
vt 0.854167 0.867548
vt 0.854167 0.867548
vt 0.875000 0.867862
vt 0.875000 0.867863
vt 0.895833 0.000000
vt 0.895833 0.867437
vt 0.895833 0.867437
vt 0.916667 0.000000
vt 0.916667 0.866245
vt 0.916667 0.866245
vt 0.937500 0.000000
vt 0.937500 0.864260
vt 0.937500 0.864260
vt 0.958333 0.000000
vt 0.958333 0.861456
vt 0.958333 0.861456
vt 0.979167 0.000000
vt 0.979167 0.857807
vt 0.979167 0.857807
vt 1.000000 0.853474
vt 0.000000 0.797301
vt 0.020833 0.795315
vt 0.020833 0.795315
vt 0.041667 0.793879
vt 0.041667 0.793879
vt 0.062500 0.792990
vt 0.062500 0.792991
vt 0.083333 0.792642
vt 0.083333 0.792643
vt 0.104167 0.792831
vt 0.104167 0.792831
vt 0.125000 0.793549
vt 0.125000 0.793549
vt 0.145833 0.794792
vt 0.166667 0.796555
vt 0.145833 0.794792
vt 0.187500 0.798832
vt 0.166667 0.796555
vt 0.208333 0.801618
vt 0.187500 0.798832
vt 0.229167 0.804908
vt 0.208333 0.801618
vt 0.250000 0.808559
vt 0.270833 0.812357
vt 0.250000 0.808558
vt 0.291667 0.816261
vt 0.270833 0.812357
vt 0.312500 0.820229
vt 0.291667 0.816261
vt 0.333333 0.824219
vt 0.312500 0.820229
vt 0.354167 0.828190
vt 0.375000 0.832098
vt 0.354167 0.828190
vt 0.375000 0.832098
vt 0.395833 0.835904
vt 0.395833 0.835903
vt 0.416667 0.839564
vt 0.416667 0.839564
vt 0.437500 0.843037
vt 0.437500 0.843037
vt 0.458333 0.846282
vt 0.458333 0.846282
vt 0.479167 0.849256
vt 0.479167 0.849256
vt 0.500000 0.851785
vt 0.500000 0.851785
vt 0.520833 0.853763
vt 0.541667 0.855192
vt 0.541667 0.855193
vt 0.562500 0.856081
vt 0.562500 0.856080
vt 0.583333 0.856429
vt 0.604167 0.856242
vt 0.583333 0.856429
vt 0.625000 0.855525
vt 0.604167 0.856242
vt 0.645833 0.854281
vt 0.625000 0.855525
vt 0.645833 0.854281
vt 0.666667 0.852514
vt 0.666667 0.852514
vt 0.687500 0.850229
vt 0.687500 0.850229
vt 0.708333 0.847430
vt 0.729167 0.844120
vt 0.729167 0.844120
vt 0.750000 0.840489
vt 0.750000 0.840489
vt 0.770833 0.836704
vt 0.770833 0.836704
vt 0.791667 0.832808
vt 0.791667 0.832808
vt 0.812500 0.828844
vt 0.812500 0.828844
vt 0.833333 0.824855
vt 0.833333 0.824855
vt 0.854167 0.820883
vt 0.854167 0.820883
vt 0.875000 0.816973
vt 0.875000 0.816973
vt 0.895833 0.813167
vt 0.895833 0.813167
vt 0.916667 0.809508
vt 0.916667 0.809508
vt 0.937500 0.806040
vt 0.937500 0.806040
vt 0.958333 0.802804
vt 0.958333 0.802805
vt 0.979167 0.799846
vt 0.979167 0.799846
vt 1.000000 0.797302
vt 0.000000 0.787557
vt 0.017544 0.000000
vt 0.017544 0.787891
vt 0.035088 0.000000
vt 0.035088 0.788106
vt 0.035088 0.788106
vt 0.052632 0.788204
vt 0.070175 0.000000
vt 0.070175 0.788187
vt 0.070175 0.788187
vt 0.087719 0.000000
vt 0.087719 0.788057
vt 0.087719 0.788057
vt 0.105263 0.787815
vt 0.105263 0.787815
vt 0.122807 0.000000
vt 0.122807 0.787463
vt 0.122807 0.787463
vt 0.140351 0.000000
vt 0.140351 0.787004
vt 0.140351 0.787004
vt 0.157895 0.786439
vt 0.157895 0.786439
vt 0.175439 0.000000
vt 0.175439 0.785769
vt 0.175439 0.785769
vt 0.192982 0.000000
vt 0.192982 0.784996
vt 0.192982 0.784995
vt 0.210526 0.784122
vt 0.210526 0.784122
vt 0.228070 0.000000
vt 0.228070 0.782466
vt 0.228070 0.782466
vt 0.245614 0.000000
vt 0.245614 0.780643
vt 0.245614 0.780644
vt 0.263158 0.778756
vt 0.263158 0.778755
vt 0.280702 0.000000
vt 0.280702 0.776771
vt 0.280702 0.776772
vt 0.298246 0.000000
vt 0.298246 0.774625
vt 0.298246 0.774624
vt 0.315789 0.772324
vt 0.315789 0.772324
vt 0.333333 0.769877
vt 0.333333 0.769877
vt 0.350877 0.000000
vt 0.350877 0.767294
vt 0.350877 0.767294
vt 0.368421 0.764583
vt 0.368421 0.764584
vt 0.385965 0.000000
vt 0.385965 0.761754
vt 0.385965 0.761754
vt 0.403509 0.000000
vt 0.403509 0.758814
vt 0.403509 0.758814
vt 0.421053 0.755773
vt 0.438596 0.000000
vt 0.438596 0.729305
vt 0.421053 0.755773
vt 0.438596 0.729306
vt 0.456140 0.000000
vt 0.456140 0.735878
vt 0.456140 0.735878
vt 0.473684 0.762293
vt 0.491228 0.000000
vt 0.491228 0.763866
vt 0.473684 0.762293
vt 0.508772 0.000000
vt 0.508772 0.765443
vt 0.491228 0.763866
vt 0.526316 0.767012
vt 0.508772 0.765442
vt 0.543860 0.000000
vt 0.543860 0.768564
vt 0.526316 0.767012
vt 0.561404 0.000000
vt 0.561404 0.770089
vt 0.578947 0.771577
vt 0.561404 0.770089
vt 0.596491 0.000000
vt 0.596491 0.773018
vt 0.578947 0.771577
vt 0.614035 0.000000
vt 0.614035 0.774400
vt 0.596491 0.773017
vt 0.631579 0.775714
vt 0.649123 0.000000
vt 0.649123 0.776951
vt 0.631579 0.775715
vt 0.666667 0.778099
vt 0.649123 0.776951
vt 0.684211 0.779149
vt 0.666667 0.778100
vt 0.701754 0.000000
vt 0.701754 0.779821
vt 0.684211 0.779148
vt 0.719298 0.000000
vt 0.719298 0.780399
vt 0.701754 0.779821
vt 0.736842 0.780883
vt 0.719298 0.780399
vt 0.754386 0.000000
vt 0.754386 0.781275
vt 0.736842 0.780883
vt 0.771930 0.000000
vt 0.771930 0.781576
vt 0.754386 0.781275
vt 0.789474 0.781788
vt 0.771930 0.781576
vt 0.807018 0.000000
vt 0.807018 0.781911
vt 0.824561 0.000000
vt 0.824561 0.781947
vt 0.842105 0.781897
vt 0.824561 0.781947
vt 0.859649 0.000000
vt 0.859649 0.781762
vt 0.842105 0.781897
vt 0.877193 0.000000
vt 0.877193 0.781544
vt 0.859649 0.781762
vt 0.894737 0.781243
vt 0.877193 0.781544
vt 0.894737 0.781243
vt 0.912281 0.000000
vt 0.912281 0.750647
vt 0.912281 0.750647
vt 0.929825 0.000000
vt 0.929825 0.757220
vt 0.929825 0.757220
vt 0.947368 0.799883
vt 0.947368 0.799883
vt 0.964912 0.000000
vt 0.964912 0.793311
vt 0.964912 0.793311
vt 0.982456 0.000000
vt 0.982456 0.787705
vt 0.982456 0.787705
vt 1.000000 0.787557
vt 0.898305 0.000000
vt 0.932203 0.000000
vt 0.915254 0.000000
vt 0.949153 0.000000
vt 0.881356 0.000000
vt 0.966102 0.000000
vt 0.864407 0.000000
vt 0.983051 0.000000
vt 0.847458 0.000000
vt 0.830508 0.000000
vt 0.813559 0.000000
vt 0.796610 0.000000
vt 0.779661 0.000000
vt 0.033898 0.000000
vt 0.016949 0.000000
vt 0.762712 0.000000
vt 0.067797 0.000000
vt 0.050847 0.000000
vt 0.745763 0.000000
vt 0.101695 0.000000
vt 0.084746 0.000000
vt 0.728814 0.000000
vt 0.118644 0.000000
vt 0.711864 0.000000
vt 0.169492 0.000000
vt 0.152542 0.000000
vt 0.135593 0.000000
vt 0.694915 0.000000
vt 0.186441 0.000000
vt 0.203390 0.000000
vt 0.220339 0.000000
vt 0.237288 0.000000
vt 0.677966 0.000000
vt 0.254237 0.000000
vt 0.271186 0.000000
vt 0.661017 0.000000
vt 0.288136 0.000000
vt 0.305085 0.000000
vt 0.644068 0.000000
vt 0.322034 0.000000
vt 0.627119 0.000000
vt 0.338983 0.000000
vt 0.610169 0.000000
vt 0.355932 0.000000
vt 0.372881 0.000000
vt 0.593220 0.000000
vt 0.389830 0.000000
vt 0.576271 0.000000
vt 0.406780 0.000000
vt 0.559322 0.000000
vt 0.525424 0.000000
vt 0.542373 0.000000
vt 0.423729 0.000000
vt 0.440678 0.000000
vt 0.508475 0.000000
vt 0.491525 0.000000
vt 0.457627 0.000000
vt 0.474576 0.000000
vt 0.000000 0.787287
vt 0.020833 0.781816
vt 0.020833 0.781816
vt 0.041667 0.775843
vt 0.041667 0.775843
vt 0.062500 0.769448
vt 0.062500 0.769448
vt 0.083333 0.762712
vt 0.083333 0.762712
vt 0.104167 0.755715
vt 0.104167 0.755716
vt 0.125000 0.748539
vt 0.125000 0.748540
vt 0.145833 0.741264
vt 0.145833 0.741264
vt 0.166667 0.733969
vt 0.166667 0.733969
vt 0.187500 0.726736
vt 0.187500 0.726736
vt 0.208333 0.719645
vt 0.214214 0.717707
vt 0.208333 0.719645
vt 0.229167 0.712778
vt 0.229167 0.712778
vt 0.250000 0.706558
vt 0.250000 0.706558
vt 0.270833 0.700972
vt 0.270833 0.700972
vt 0.291667 0.696079
vt 0.291667 0.696079
vt 0.312500 0.691940
vt 0.333333 0.688614
vt 0.333333 0.688614
vt 0.354167 0.686162
vt 0.354167 0.686162
vt 0.375000 0.684645
vt 0.375000 0.684645
vt 0.395833 0.684121
vt 0.395833 0.684121
vt 0.416667 0.684652
vt 0.416667 0.684652
vt 0.437500 0.686297
vt 0.458333 0.689116
vt 0.458333 0.689117
vt 0.479167 0.693170
vt 0.479167 0.693170
vt 0.500000 0.698081
vt 0.500000 0.698081
vt 0.520833 0.704149
vt 0.520833 0.704149
vt 0.541667 0.710641
vt 0.541667 0.710642
vt 0.562500 0.717473
vt 0.562500 0.717473
vt 0.583333 0.724554
vt 0.583333 0.724554
vt 0.604167 0.731801
vt 0.604167 0.731800
vt 0.625000 0.739125
vt 0.625000 0.739124
vt 0.645833 0.746439
vt 0.666667 0.753658
vt 0.666667 0.753657
vt 0.687500 0.760692
vt 0.687500 0.760692
vt 0.708333 0.767456
vt 0.708333 0.767457
vt 0.729167 0.773864
vt 0.750000 0.779829
vt 0.750000 0.779829
vt 0.770833 0.785026
vt 0.770833 0.785026
vt 0.791667 0.789418
vt 0.812500 0.793359
vt 0.791667 0.789417
vt 0.812500 0.793359
vt 0.833333 0.796633
vt 0.833333 0.796633
vt 0.854167 0.799021
vt 0.854167 0.799021
vt 0.875000 0.800478
vt 0.875000 0.800478
vt 0.895833 0.800956
vt 0.895833 0.800956
vt 0.916667 0.800412
vt 0.916667 0.800412
vt 0.937500 0.798797
vt 0.937500 0.798797
vt 0.958333 0.796066
vt 0.958333 0.796066
vt 0.979167 0.792174
vt 0.979167 0.792174
vt 1.000000 0.787287
vt 0.000000 0.703044
vt 0.020833 0.701104
vt 0.020833 0.701104
vt 0.041667 0.699925
vt 0.041667 0.699925
vt 0.062500 0.699490
vt 0.062500 0.699490
vt 0.083333 0.699785
vt 0.104167 0.700794
vt 0.104167 0.700794
vt 0.125000 0.702501
vt 0.125000 0.702501
vt 0.145833 0.704892
vt 0.166667 0.707951
vt 0.145833 0.704892
vt 0.187500 0.711663
vt 0.208333 0.716012
vt 0.187500 0.711663
vt 0.208333 0.716012
vt 0.229167 0.720983
vt 0.229167 0.720983
vt 0.250000 0.726359
vt 0.270833 0.731827
vt 0.270833 0.731827
vt 0.291667 0.737332
vt 0.291667 0.737331
vt 0.312500 0.742817
vt 0.312500 0.742817
vt 0.333333 0.748229
vt 0.333333 0.748229
vt 0.354167 0.753512
vt 0.375000 0.758611
vt 0.375000 0.758611
vt 0.395833 0.763471
vt 0.395833 0.763471
vt 0.416667 0.768038
vt 0.416667 0.768038
vt 0.437500 0.772256
vt 0.437500 0.772255
vt 0.458333 0.776070
vt 0.458333 0.776070
vt 0.479167 0.779425
vt 0.479167 0.779424
vt 0.500000 0.782123
vt 0.500000 0.782123
vt 0.520833 0.784054
vt 0.520833 0.784054
vt 0.541667 0.785230
vt 0.541667 0.785230
vt 0.562500 0.785666
vt 0.562500 0.785666
vt 0.583333 0.785375
vt 0.583333 0.785375
vt 0.604167 0.784370
vt 0.604167 0.784370
vt 0.625000 0.782665
vt 0.625000 0.782666
vt 0.645833 0.780275
vt 0.666667 0.777211
vt 0.666667 0.777211
vt 0.687500 0.773488
vt 0.687500 0.773488
vt 0.708333 0.769119
vt 0.708333 0.769119
vt 0.729167 0.764315
vt 0.729167 0.764315
vt 0.750000 0.759214
vt 0.750000 0.759214
vt 0.770833 0.753939
vt 0.770833 0.753939
vt 0.791667 0.748547
vt 0.791667 0.748547
vt 0.812500 0.743098
vt 0.812500 0.743098
vt 0.833333 0.737648
vt 0.833333 0.737648
vt 0.854167 0.732257
vt 0.854167 0.732257
vt 0.875000 0.726982
vt 0.875000 0.726983
vt 0.895833 0.721884
vt 0.895833 0.721884
vt 0.916667 0.717117
vt 0.916667 0.717118
vt 0.937500 0.712902
vt 0.937500 0.712902
vt 0.958333 0.709097
vt 0.958333 0.709097
vt 0.979167 0.705757
vt 0.979167 0.705758
vt 1.000000 0.703044
vt 0.016667 0.000000
vt 0.016667 0.722014
vt 0.000000 0.721556
vt 0.033333 0.000000
vt 0.033333 0.722435
vt 0.016667 0.722013
vt 0.050000 0.000000
vt 0.050000 0.722827
vt 0.033333 0.722435
vt 0.066667 0.000000
vt 0.066667 0.723193
vt 0.050000 0.722827
vt 0.083333 0.723540
vt 0.066667 0.723195
vt 0.100000 0.000000
vt 0.100000 0.723871
vt 0.083333 0.723541
vt 0.116667 0.000000
vt 0.116667 0.724190
vt 0.100000 0.723870
vt 0.133333 0.000000
vt 0.133333 0.724502
vt 0.116667 0.724190
vt 0.150000 0.000000
vt 0.150000 0.724810
vt 0.133333 0.724502
vt 0.166667 0.725123
vt 0.150000 0.724810
vt 0.183333 0.000000
vt 0.183333 0.725444
vt 0.166667 0.725123
vt 0.200000 0.726701
vt 0.183333 0.725444
vt 0.216667 0.000000
vt 0.216667 0.727560
vt 0.200000 0.726701
vt 0.233333 0.000000
vt 0.233333 0.728034
vt 0.216667 0.727559
vt 0.250000 0.728139
vt 0.233333 0.728034
vt 0.266667 0.000000
vt 0.266667 0.727889
vt 0.250000 0.728139
vt 0.283333 0.000000
vt 0.283333 0.727299
vt 0.266667 0.727889
vt 0.300000 0.000000
vt 0.300000 0.726383
vt 0.283333 0.727298
vt 0.300000 0.726382
vt 0.316667 0.000000
vt 0.316667 0.725156
vt 0.316667 0.725156
vt 0.333333 0.723633
vt 0.333333 0.723633
vt 0.350000 0.000000
vt 0.350000 0.721829
vt 0.350000 0.721829
vt 0.366667 0.000000
vt 0.366667 0.719758
vt 0.366667 0.719758
vt 0.383333 0.000000
vt 0.383333 0.717436
vt 0.383333 0.717436
vt 0.400000 0.711344
vt 0.416667 0.704764
vt 0.400000 0.711344
vt 0.416667 0.704764
vt 0.433333 0.000000
vt 0.433333 0.693431
vt 0.433333 0.693431
vt 0.450000 0.000000
vt 0.450000 0.700010
vt 0.450000 0.700011
vt 0.466667 0.000000
vt 0.466667 0.647736
vt 0.466667 0.647735
vt 0.483333 0.000000
vt 0.483333 0.654966
vt 0.483333 0.654966
vt 0.500000 0.707240
vt 0.500000 0.707240
vt 0.516667 0.000000
vt 0.516667 0.712358
vt 0.516667 0.712358
vt 0.533333 0.000000
vt 0.533333 0.723692
vt 0.550000 0.000000
vt 0.550000 0.718574
vt 0.533333 0.723691
vt 0.566667 0.000000
vt 0.566667 0.723249
vt 0.550000 0.718574
vt 0.583333 0.726198
vt 0.566667 0.723249
vt 0.600000 0.728825
vt 0.583333 0.726198
vt 0.616667 0.000000
vt 0.616667 0.731153
vt 0.600000 0.728825
vt 0.633333 0.000000
vt 0.633333 0.733203
vt 0.616667 0.731153
vt 0.650000 0.000000
vt 0.650000 0.734995
vt 0.666667 0.736551
vt 0.650000 0.734995
vt 0.683333 0.000000
vt 0.683333 0.737893
vt 0.666667 0.736551
vt 0.700000 0.000000
vt 0.700000 0.739042
vt 0.683333 0.737893
vt 0.700000 0.739042
vt 0.716667 0.000000
vt 0.716667 0.740020
vt 0.716667 0.740019
vt 0.733333 0.000000
vt 0.733333 0.740846
vt 0.733333 0.740846
vt 0.750000 0.741544
vt 0.750000 0.741545
vt 0.766667 0.000000
vt 0.766667 0.742135
vt 0.783333 0.000000
vt 0.783333 0.742626
vt 0.800000 0.742941
vt 0.800000 0.742941
vt 0.816667 0.000000
vt 0.816667 0.743066
vt 0.816667 0.743066
vt 0.833333 0.742988
vt 0.833333 0.742988
vt 0.850000 0.000000
vt 0.850000 0.742693
vt 0.850000 0.742693
vt 0.866667 0.000000
vt 0.866667 0.742167
vt 0.866667 0.742166
vt 0.883333 0.000000
vt 0.883333 0.741395
vt 0.883333 0.741395
vt 0.900000 0.000000
vt 0.900000 0.740366
vt 0.900000 0.740366
vt 0.916667 0.739063
vt 0.916667 0.739064
vt 0.933333 0.000000
vt 0.933333 0.737476
vt 0.933333 0.737476
vt 0.950000 0.000000
vt 0.950000 0.735588
vt 0.950000 0.735587
vt 0.966667 0.000000
vt 0.966667 0.733386
vt 0.966667 0.733386
vt 0.983333 0.000000
vt 0.983333 0.721061
vt 1.000000 0.721557
vt 0.983333 0.721061
vt 0.016667 0.701705
vt 0.000000 0.701247
vt 0.033333 0.702126
vt 0.016667 0.701705
vt 0.050000 0.702519
vt 0.033333 0.702127
vt 0.066667 0.702886
vt 0.050000 0.702519
vt 0.083333 0.703231
vt 0.066667 0.702886
vt 0.100000 0.703561
vt 0.083333 0.703232
vt 0.116667 0.703880
vt 0.100000 0.703563
vt 0.133333 0.704192
vt 0.116666 0.703880
vt 0.150000 0.704503
vt 0.133333 0.704192
vt 0.166667 0.704815
vt 0.150000 0.704503
vt 0.183333 0.705134
vt 0.183333 0.705135
vt 0.200000 0.706392
vt 0.216667 0.707251
vt 0.200000 0.706393
vt 0.233333 0.707726
vt 0.216667 0.707251
vt 0.250000 0.707830
vt 0.233333 0.707726
vt 0.266667 0.707580
vt 0.250000 0.707830
vt 0.283333 0.706990
vt 0.266667 0.707580
vt 0.300000 0.706074
vt 0.283333 0.706990
vt 0.316667 0.704848
vt 0.316667 0.704847
vt 0.333333 0.703325
vt 0.333333 0.703325
vt 0.350000 0.701521
vt 0.350000 0.701521
vt 0.366667 0.699450
vt 0.366667 0.699450
vt 0.383333 0.697127
vt 0.383333 0.697127
vt 0.400000 0.691035
vt 0.416667 0.684456
vt 0.400000 0.691036
vt 0.416667 0.684455
vt 0.433333 0.673122
vt 0.433333 0.673123
vt 0.450000 0.679702
vt 0.450000 0.679702
vt 0.466667 0.627427
vt 0.466667 0.627427
vt 0.483333 0.634657
vt 0.500000 0.686932
vt 0.500000 0.686931
vt 0.516667 0.692049
vt 0.516667 0.692050
vt 0.533333 0.703383
vt 0.550000 0.698265
vt 0.533333 0.703382
vt 0.566667 0.702940
vt 0.550000 0.698265
vt 0.583333 0.705889
vt 0.566667 0.702940
vt 0.600000 0.708517
vt 0.583333 0.705889
vt 0.616667 0.710845
vt 0.600000 0.708517
vt 0.633333 0.712894
vt 0.616667 0.710845
vt 0.650000 0.714686
vt 0.633333 0.712894
vt 0.666667 0.716243
vt 0.650000 0.714686
vt 0.683333 0.717584
vt 0.666667 0.716243
vt 0.700000 0.718734
vt 0.683333 0.717585
vt 0.700000 0.718734
vt 0.716667 0.719711
vt 0.716667 0.719711
vt 0.733333 0.720538
vt 0.733333 0.720538
vt 0.750000 0.721236
vt 0.750000 0.721236
vt 0.766667 0.721826
vt 0.766667 0.721826
vt 0.783333 0.722317
vt 0.783333 0.722317
vt 0.800000 0.722632
vt 0.800000 0.722632
vt 0.816667 0.722758
vt 0.816667 0.722758
vt 0.833333 0.722679
vt 0.833333 0.722679
vt 0.850000 0.722384
vt 0.850000 0.722384
vt 0.866667 0.721858
vt 0.866667 0.721858
vt 0.883333 0.721087
vt 0.883333 0.721087
vt 0.900000 0.720057
vt 0.900000 0.720057
vt 0.916667 0.718755
vt 0.916667 0.718754
vt 0.933333 0.717168
vt 0.933333 0.717167
vt 0.950000 0.715279
vt 0.950000 0.715279
vt 0.966667 0.713077
vt 0.966667 0.713077
vt 0.983333 0.700752
vt 1.000000 0.701247
vt 0.983333 0.700752
s 0
usemtl Material.582
f 1/1/1 2/2/1 4/3/1 3/4/1
f 216/5/2 224/6/2 221/7/2 251/8/2 247/9/2 245/10/2 243/11/2 263/12/2 279/13/2 288/14/2 297/15/2 303/16/2 316/17/2 323/18/2 337/19/2 340/20/2 352/21/2 366/22/2 399/23/2 402/24/2 389/25/2 391/26/2 7/27/2 3/4/2 172/28/2 178/29/2 173/30/2 174/31/2 175/32/2 177/33/2 176/34/2 187/35/2 180/36/2 179/37/2 186/38/2 184/39/2 182/40/2 189/41/2 191/42/2 196/43/2 194/44/2 192/45/2 199/46/2 197/47/2 203/48/2 201/49/2 266/50/2 207/51/2 205/52/2 209/53/2 211/54/2 215/55/2 220/56/2 218/57/2 225/58/2
f 563/59/3 559/60/3 562/61/3 560/62/3 561/63/3 569/64/3 568/65/3 567/66/3 547/67/3 553/68/3 566/69/3 565/70/3 625/71/3 581/72/3 612/73/3 611/74/3 639/75/3 626/76/3 638/77/3 632/78/3 630/79/3 658/80/3 657/81/3 656/82/3 655/83/3 654/84/3 653/85/3 652/86/3 649/87/3 665/88/3 675/89/3 680/90/3 688/91/3 691/92/3 692/93/3 725/94/3 724/95/3 726/96/3 728/97/3 731/98/3 744/99/3 743/100/3 736/101/3 746/102/3 747/103/3 739/104/3 738/105/3 740/106/3 741/107/3 742/108/3 715/109/3 8/110/3 7/27/3 391/26/3 383/111/3 385/112/3 381/113/3 388/114/3 394/115/3 395/116/3 397/117/3 408/118/3 409/119/3 374/120/3 358/121/3 346/122/3 334/123/3 322/124/3 319/125/3 310/126/3 300/127/3 302/128/3 282/129/3 267/130/3 261/131/3 259/132/3 257/133/3 255/134/3 227/135/3 225/58/3 218/57/3 213/136/3 212/137/3 210/138/3 206/139/3 208/140/3 214/141/3 202/142/3 204/143/3 198/144/3 200/145/3 193/146/3 195/147/3 190/148/3 188/149/3 183/150/3 185/151/3 181/152/3 170/153/3 169/154/3 171/155/3 168/156/3 167/157/3 166/158/3 165/159/3 164/160/3 163/161/3 162/162/3 172/28/3 3/4/3 4/3/3 531/163/3 532/164/3 533/165/3 534/166/3 535/167/3 539/168/3 540/169/3 541/170/3 542/171/3 536/172/3 538/173/3 543/174/3 544/175/3 546/176/3 549/177/3 550/178/3 551/179/3 556/180/3 555/181/3
f 621/182/4 620/183/4 622/184/4 641/185/4 640/186/4 603/187/4 611/74/4 612/73/4 602/188/4 582/189/4 597/190/4 598/191/4 583/192/4 585/193/4 580/194/4 578/195/4 579/196/4 586/197/4 570/198/4 571/199/4 572/200/4 573/201/4 574/202/4 575/203/4 576/204/4 577/205/4 564/206/4 557/207/4 558/208/4 552/209/4 548/210/4 554/211/4 545/212/4 537/213/4 531/163/4 4/3/4 8/110/4 715/109/4 716/214/4 717/215/4 712/216/4 709/217/4 706/218/4 704/219/4 700/220/4 695/221/4 697/222/4 689/223/4 682/224/4 677/225/4 671/226/4 664/227/4 663/228/4 662/229/4 661/230/4 660/231/4 659/232/4 658/80/4 630/79/4 631/233/4 633/234/4 634/235/4 635/236/4 636/237/4 637/238/4 629/239/4 628/240/4 627/241/4 666/242/4 667/243/4 668/244/4 669/245/4 670/246/4 672/247/4 673/248/4 721/249/4 722/250/4 624/251/4 617/252/4 618/253/4 609/254/4 606/255/4 613/256/4 605/257/4 591/258/4 600/259/4 584/260/4 599/261/4 593/262/4 594/263/4 595/264/4 596/265/4 588/266/4 587/267/4 592/268/4 590/269/4 589/270/4 601/271/4 604/272/4 607/273/4 610/274/4 608/275/4 616/276/4 615/277/4 614/278/4 623/279/4 619/280/4
f 702/281/5 698/282/5 693/283/5 690/284/5 686/285/5 684/286/5 678/287/5 681/288/5 674/289/5 719/290/5 647/291/5 646/292/5 650/293/5 644/294/5 642/295/5 645/296/5 643/297/5 651/298/5 648/299/5 720/300/5 676/301/5 683/302/5 679/303/5 685/304/5 687/305/5 696/306/5 694/307/5 699/308/5 701/309/5 703/310/5 705/311/5 707/312/5 708/313/5 711/314/5 710/315/5 718/316/5 713/317/5 714/318/5 737/319/5 735/320/5 734/321/5 745/322/5 730/323/5 732/324/5 729/325/5 733/326/5 727/327/5 723/328/5
f 231/329/2 249/330/2 229/331/2 253/332/2 233/333/2 240/334/2 235/335/2 412/336/2 271/337/2 277/338/2 289/339/2 286/340/2 294/341/2 308/342/2 318/343/2 312/344/2 329/345/2 332/346/2 348/347/2 344/348/2 356/349/2 372/350/2 369/351/2 364/352/2 406/353/2 378/354/2 379/355/2 375/356/2 403/357/2 361/358/2 368/359/2 359/360/2 353/361/2 349/362/2 341/363/2 336/364/2 326/365/2 328/366/2 314/367/2 306/368/2 291/369/2 296/370/2 284/371/2 275/372/2 273/373/2 270/374/2 241/375/2 238/376/2
f 7/27/6 8/110/6 6/377/6 5/378/6
f 5/378/7 6/377/7 2/379/7 1/380/7
f 3/381/8 7/27/8 5/378/8 1/382/8
f 8/110/9 4/383/9 2/384/9 6/377/9
f 20/385/10 22/386/10 21/387/10
f 19/388/11 22/386/11 20/385/11
f 19/388/11 23/389/11 22/386/11
f 18/390/11 23/389/11 19/388/11
f 17/391/11 23/389/11 18/390/11
f 17/391/11 24/392/11 23/389/11
f 16/393/11 24/392/11 17/391/11
f 62/394/11 64/395/11 63/396/11
f 62/394/11 65/397/11 64/395/11
f 16/393/11 25/398/11 24/392/11
f 15/399/11 25/398/11 16/393/11
f 14/400/11 25/398/11 15/399/11
f 14/400/11 26/401/11 25/398/11
f 13/402/11 26/401/11 14/400/11
f 13/402/11 27/403/11 26/401/11
f 12/404/11 27/403/11 13/402/11
f 11/405/11 27/403/11 12/404/11
f 11/405/11 28/406/11 27/403/11
f 10/407/11 28/406/11 11/405/11
f 9/408/11 28/406/11 10/407/11
f 9/408/11 48/409/11 28/406/11
f 48/409/11 29/410/11 28/406/11
f 62/394/11 9/408/11 65/397/11
f 62/394/11 60/411/11 9/408/11
f 60/411/11 59/412/11 9/408/11
f 59/412/11 58/413/11 9/408/11
f 58/413/11 57/414/11 9/408/11
f 57/414/11 56/415/11 9/408/11
f 56/415/11 55/416/11 9/408/11
f 55/416/11 54/417/11 9/408/11
f 54/417/11 53/418/11 9/408/11
f 53/418/11 52/419/11 9/408/11
f 52/419/11 51/420/11 9/408/11
f 51/420/11 50/421/11 9/408/11
f 50/421/12 49/422/12 9/408/12
f 49/422/13 48/409/13 9/408/13
f 47/423/11 29/410/11 48/409/11
f 46/424/10 29/410/10 47/423/10
f 45/425/11 29/410/11 46/424/11
f 44/2/11 29/410/11 45/425/11
f 44/2/11 30/1/11 29/410/11
f 43/426/11 30/1/11 44/2/11
f 42/427/11 30/1/11 43/426/11
f 41/428/11 30/1/11 42/427/11
f 41/428/11 31/429/11 30/1/11
f 40/430/11 31/429/11 41/428/11
f 39/431/11 31/429/11 40/430/11
f 39/431/11 32/432/11 31/429/11
f 38/433/11 32/432/11 39/431/11
f 62/394/11 61/434/11 60/411/11
f 37/435/11 32/432/11 38/433/11
f 37/435/11 33/436/11 32/432/11
f 36/437/11 33/436/11 37/435/11
f 35/438/11 33/436/11 36/437/11
f 35/438/11 34/439/11 33/436/11
f 112/440/11 66/408/11 113/441/11
f 112/440/11 67/442/11 66/408/11
f 111/443/11 67/442/11 112/440/11
f 111/443/11 68/444/11 67/442/11
f 110/445/11 68/444/11 111/443/11
f 110/445/11 69/446/11 68/444/11
f 109/447/11 69/446/11 110/445/11
f 109/447/11 70/448/11 69/446/11
f 108/449/11 70/448/11 109/447/11
f 108/449/11 71/450/11 70/448/11
f 107/451/11 137/452/11 108/449/11
f 137/452/14 71/450/14 108/449/14
f 107/451/10 138/453/10 137/452/10
f 136/454/10 71/450/10 137/452/10
f 135/455/11 71/450/11 136/454/11
f 107/451/11 139/456/11 138/453/11
f 134/457/11 71/450/11 135/455/11
f 107/451/11 140/458/11 139/456/11
f 134/457/11 72/459/11 71/450/11
f 106/460/11 140/458/11 107/451/11
f 133/461/11 72/459/11 134/457/11
f 106/460/11 141/462/11 140/458/11
f 132/463/11 72/459/11 133/461/11
f 106/460/11 142/464/11 141/462/11
f 132/463/11 73/465/11 72/459/11
f 105/466/11 142/464/11 106/460/11
f 131/467/11 73/465/11 132/463/11
f 105/466/11 143/468/11 142/464/11
f 130/469/11 73/465/11 131/467/11
f 105/466/11 144/470/11 143/468/11
f 130/469/11 74/471/11 73/465/11
f 104/472/11 144/470/11 105/466/11
f 129/473/11 74/471/11 130/469/11
f 104/472/11 145/474/11 144/470/11
f 129/473/11 75/475/11 74/471/11
f 103/476/11 145/474/11 104/472/11
f 128/477/11 75/475/11 129/473/11
f 103/476/11 146/478/11 145/474/11
f 127/479/11 75/475/11 128/477/11
f 103/476/11 147/480/11 146/478/11
f 127/479/11 76/481/11 75/475/11
f 102/482/11 147/480/11 103/476/11
f 126/483/11 76/481/11 127/479/11
f 102/482/11 148/484/11 147/480/11
f 126/483/11 77/485/11 76/481/11
f 101/486/11 148/484/11 102/482/11
f 125/487/11 77/485/11 126/483/11
f 101/486/11 149/488/11 148/484/11
f 100/489/11 149/488/11 101/486/11
f 100/489/11 150/490/11 149/488/11
f 124/491/11 77/485/11 125/487/11
f 124/491/11 78/492/11 77/485/11
f 100/489/11 151/493/11 150/490/11
f 123/494/11 78/492/11 124/491/11
f 123/494/11 79/495/11 78/492/11
f 99/496/11 151/493/11 100/489/11
f 99/496/11 152/497/11 151/493/11
f 122/498/11 79/495/11 123/494/11
f 122/498/11 80/499/11 79/495/11
f 98/500/11 152/497/11 99/496/11
f 121/501/11 80/499/11 122/498/11
f 98/500/11 153/502/11 152/497/11
f 121/501/11 81/503/11 80/499/11
f 97/504/11 153/502/11 98/500/11
f 120/505/11 81/503/11 121/501/11
f 97/504/11 154/506/11 153/502/11
f 119/507/11 81/503/11 120/505/11
f 97/504/11 155/508/11 154/506/11
f 119/507/11 82/509/11 81/503/11
f 96/510/11 155/508/11 97/504/11
f 118/511/11 82/509/11 119/507/11
f 96/510/11 156/512/11 155/508/11
f 117/513/11 82/509/11 118/511/11
f 96/510/11 157/514/11 156/512/11
f 117/513/11 83/515/11 82/509/11
f 95/516/11 157/514/11 96/510/11
f 116/517/11 83/515/11 117/513/11
f 95/516/11 158/518/11 157/514/11
f 115/519/11 83/515/11 116/517/11
f 95/516/11 159/520/11 158/518/11
f 115/519/11 84/521/11 83/515/11
f 94/522/11 159/520/11 95/516/11
f 114/523/11 84/521/11 115/519/11
f 94/522/11 160/524/11 159/520/11
f 161/397/11 84/521/11 114/523/11
f 94/522/11 161/397/11 160/524/11
f 94/522/11 84/521/11 161/397/11
f 94/522/11 85/525/11 84/521/11
f 93/526/11 85/525/11 94/522/11
f 93/526/11 86/527/11 85/525/11
f 92/528/11 86/527/11 93/526/11
f 92/528/11 87/529/11 86/527/11
f 91/530/11 87/529/11 92/528/11
f 91/530/11 88/531/11 87/529/11
f 90/532/11 88/531/11 91/530/11
f 90/532/14 89/533/14 88/531/14
s 1
f 310/534/15 66/408/16 67/535/17 300/536/18
f 300/537/18 67/535/17 68/538/19 302/539/20
f 302/540/20 68/538/19 69/541/21 282/542/22
f 282/543/22 69/541/21 70/544/23 267/545/24
f 267/546/24 70/544/23 71/547/25 261/548/26
f 261/549/26 71/547/25 72/393/27 259/550/28
f 259/551/28 72/393/27 73/552/29 257/553/30
f 257/554/30 73/552/29 74/555/31 255/556/32
f 255/557/32 74/555/31 75/558/33 227/559/34
f 227/560/34 75/558/33 76/561/35 225/562/36
f 225/563/36 76/561/35 77/564/37 216/565/38
f 216/566/38 77/564/37 78/389/39 224/567/40
f 224/568/40 78/389/39 79/569/41 221/570/42
f 221/571/42 79/569/41 80/572/43 251/573/44
f 251/574/44 80/572/43 81/575/45 247/576/46
f 247/577/46 81/575/45 82/578/47 245/579/48
f 245/580/48 82/578/47 83/581/49 243/582/50
f 243/583/50 83/581/49 84/1/51 263/584/52
f 263/585/52 84/1/51 85/586/53 279/587/54
f 279/588/54 85/586/53 86/589/55 288/590/56
f 288/591/56 86/589/55 87/592/57 297/593/58
f 297/594/58 87/592/57 88/595/59 303/596/60
f 303/597/60 88/595/59 89/598/61 316/599/62
f 316/600/62 89/598/61 90/435/63 323/601/64
f 323/602/64 90/435/63 91/603/65 337/604/66
f 337/605/66 91/603/65 92/606/67 340/607/68
f 340/608/68 92/606/67 93/609/69 352/610/70
f 352/611/70 93/609/69 94/612/71 366/613/72
f 366/614/72 94/612/71 95/615/73 399/616/74
f 399/617/74 95/615/73 96/2/75 402/618/76
f 96/2/75 97/619/77 389/620/78 402/621/76
f 389/622/78 97/619/77 98/623/79 391/624/80
f 391/625/80 98/623/79 99/626/81 383/627/82
f 383/628/82 99/626/81 100/629/83 385/630/84
f 385/631/84 100/629/83 101/632/85 381/633/86
f 102/420/87 388/634/88 381/633/86 101/632/85
f 103/635/89 394/636/90 388/637/88 102/420/87
f 104/638/91 395/639/92 394/640/90 103/635/89
f 105/641/93 397/642/94 395/643/92 104/638/91
f 397/644/94 105/641/93 106/645/95 408/646/96
f 408/647/96 106/645/95 107/648/97 409/649/98
f 409/650/98 107/648/97 108/413/99 374/651/100
f 374/652/100 108/413/99 109/653/101 358/654/102
f 358/655/102 109/653/101 110/656/103 346/657/104
f 346/658/104 110/656/103 111/659/105 334/660/106
f 334/661/106 111/659/105 112/662/107 322/663/108
f 322/664/108 112/662/107 113/665/109 319/666/110
f 319/667/110 113/665/109 66/397/16 310/668/15
f 306/669/111 114/408/112 115/535/113 291/670/114
f 291/671/114 115/535/113 116/538/115 296/672/116
f 296/673/116 116/538/115 117/541/117 284/674/118
f 284/675/118 117/541/117 118/544/119 275/676/120
f 275/677/120 118/544/119 119/547/121 273/678/122
f 273/679/122 119/547/121 120/393/123 270/680/124
f 270/681/124 120/393/123 121/552/125 241/682/126
f 122/555/127 238/683/128 241/684/126 121/552/125
f 123/558/129 231/685/90 238/686/128 122/555/127
f 124/561/130 249/687/131 231/688/90 123/558/129
f 125/564/132 229/689/133 249/690/131 124/561/130
f 126/389/134 253/691/135 229/689/133 125/564/132
f 127/569/136 233/692/137 253/693/135 126/389/134
f 128/572/138 240/694/139 233/695/137 127/569/136
f 129/575/140 235/696/141 240/697/139 128/572/138
f 129/575/140 130/578/142 412/698/143 235/699/141
f 130/578/142 131/581/144 271/700/145 412/698/143
f 131/581/144 132/1/146 277/701/147 271/702/145
f 277/703/147 132/1/146 133/586/148 289/704/149
f 289/705/149 133/586/148 134/589/150 286/706/151
f 286/707/151 134/589/150 135/592/152 294/708/153
f 294/709/153 135/592/152 136/595/154 308/710/155
f 308/711/155 136/595/154 137/598/156 318/712/157
f 318/713/157 137/598/156 138/435/60 312/714/158
f 312/715/158 138/435/60 139/603/159 329/716/160
f 329/716/160 139/603/159 140/606/161 332/717/162
f 332/718/162 140/606/161 141/609/163 348/719/164
f 348/720/164 141/609/163 142/612/165 344/721/166
f 142/612/165 143/615/167 356/722/168 344/723/166
f 143/615/167 144/2/169 372/724/170 356/725/168
f 144/2/169 145/619/171 369/726/172 372/727/170
f 369/728/172 145/619/171 146/623/173 364/729/174
f 364/730/174 146/623/173 147/626/175 406/731/176
f 406/732/176 147/626/175 148/629/177 378/733/178
f 378/733/178 148/629/177 149/632/179 379/734/180
f 379/735/180 149/632/179 150/420/181 375/736/182
f 375/737/182 150/420/181 151/635/183 403/738/184
f 403/739/184 151/635/183 152/638/185 361/740/186
f 361/741/186 152/638/185 153/641/187 368/742/188
f 368/743/188 153/641/187 154/645/189 359/744/190
f 359/745/190 154/645/189 155/648/191 353/746/192
f 353/747/192 155/648/191 156/413/193 349/748/194
f 349/749/194 156/413/193 157/653/195 341/750/196
f 341/751/196 157/653/195 158/656/197 336/752/198
f 336/753/198 158/656/197 159/659/199 326/754/200
f 326/755/200 159/659/199 160/662/201 328/756/202
f 328/757/202 160/662/201 161/665/203 314/758/204
f 314/759/204 161/665/203 114/397/112 306/760/111
f 210/761/205 9/408/206 10/762/207 206/763/208
f 206/763/208 10/762/207 11/764/209 208/765/210
f 208/766/210 11/764/209 12/450/211 214/767/212
f 214/767/212 12/450/211 13/768/213 202/769/214
f 202/770/214 13/768/213 14/771/215 204/772/216
f 204/773/216 14/771/215 15/481/217 198/774/218
f 198/775/218 15/481/217 16/776/219 200/777/220
f 200/778/220 16/776/219 17/779/221 193/780/222
f 193/781/222 17/779/221 18/503/223 195/782/224
f 195/783/224 18/503/223 19/784/225 190/785/226
f 190/786/226 19/784/225 20/787/227 188/788/228
f 188/789/228 20/787/227 21/527/229 183/790/230
f 183/791/230 21/527/229 22/792/231 185/793/232
f 185/794/232 22/792/231 23/795/233 181/796/234
f 181/797/234 23/795/233 24/530/235 170/798/236
f 170/799/236 24/530/235 25/800/237 169/801/238
f 169/802/238 25/800/237 26/803/239 171/804/240
f 171/805/240 26/803/239 27/510/241 168/806/242
f 168/807/242 27/510/241 28/578/243 167/808/244
f 167/809/244 28/578/243 29/810/245 166/811/246
f 166/812/246 29/810/245 30/486/247 165/813/248
f 165/814/248 30/486/247 31/815/249 164/816/250
f 164/817/250 31/815/249 32/818/251 163/819/252
f 163/820/252 32/818/251 33/460/253 162/821/254
f 33/460/253 34/822/255 172/823/256 162/824/254
f 172/825/256 34/822/255 35/826/257 178/827/258
f 178/828/258 35/826/257 36/443/259 173/829/260
f 37/830/261 174/831/262 173/832/260 36/443/259
f 38/833/263 175/834/264 174/835/262 37/830/261
f 39/517/265 177/836/266 175/837/264 38/833/263
f 40/838/267 176/839/268 177/840/266 39/517/265
f 41/841/269 187/842/270 176/839/268 40/838/267
f 41/841/269 42/501/271 180/843/272 187/844/270
f 42/501/271 43/845/273 179/846/274 180/847/272
f 43/845/273 44/848/275 186/849/276 179/850/274
f 44/848/275 45/483/277 184/851/278 186/849/276
f 45/483/277 46/852/279 182/853/280 184/854/278
f 46/852/279 47/623/281 189/855/282 182/856/280
f 47/623/281 48/467/283 191/857/284 189/858/282
f 48/467/283 49/859/285 196/860/286 191/861/284
f 49/859/285 50/862/287 194/863/288 196/864/286
f 50/862/287 51/454/289 192/865/290 194/866/288
f 51/454/289 52/867/291 199/868/292 192/869/290
f 52/867/291 53/870/293 197/871/294 199/872/292
f 53/870/293 54/462/295 203/873/296 197/874/294
f 54/462/295 55/875/297 201/876/298 203/873/296
f 55/875/297 56/877/299 266/878/300 201/876/298
f 56/877/299 57/478/301 207/879/302 266/880/300
f 57/478/301 58/881/303 205/882/304 207/883/302
f 58/881/303 59/884/305 209/885/306 205/886/304
f 59/884/305 60/493/307 211/887/308 209/888/306
f 211/889/308 60/493/307 61/890/255 215/891/309
f 215/892/309 61/890/255 62/893/257 220/894/258
f 220/895/258 62/893/257 63/512/310 218/896/311
f 218/897/311 63/512/310 64/898/312 213/899/313
f 213/900/313 64/898/312 65/901/314 212/902/315
f 212/903/315 65/901/314 9/397/206 210/904/205
s 0
f 324/905/13 327/906/13 325/907/13
f 324/905/11 330/908/11 327/906/11
f 321/909/14 330/908/14 324/905/14
f 321/909/11 331/910/11 330/908/11
f 320/911/11 331/910/11 321/909/11
f 320/911/14 333/912/14 331/910/14
f 317/913/11 333/912/11 320/911/11
f 317/913/11 335/397/11 333/912/11
f 315/914/11 335/397/11 317/913/11
f 313/915/11 335/397/11 315/914/11
f 311/916/11 335/397/11 313/915/11
f 309/917/11 222/918/11 311/916/11
f 222/918/316 219/919/316 311/916/316
f 219/919/317 217/408/317 311/916/317
f 217/408/318 335/397/318 311/916/318
f 307/920/11 226/921/11 309/917/11
f 226/921/319 223/922/319 309/917/319
f 223/922/320 222/918/320 309/917/320
f 305/923/11 230/924/11 307/920/11
f 230/924/321 228/925/321 307/920/321
f 228/925/322 226/921/322 307/920/322
f 304/926/11 232/927/11 305/923/11
f 232/927/323 230/924/323 305/923/323
f 301/928/11 237/929/11 304/926/11
f 237/929/324 236/930/324 304/926/324
f 236/930/325 234/931/325 304/926/325
f 234/931/326 232/927/326 304/926/326
f 299/932/11 239/933/11 301/928/11
f 239/933/327 237/929/327 301/928/327
f 299/932/328 242/934/328 239/933/328
f 299/932/329 244/935/329 242/934/329
f 299/932/11 246/936/11 244/935/11
f 298/937/11 246/936/11 299/932/11
f 298/937/11 248/938/11 246/936/11
f 298/937/11 250/939/11 248/938/11
f 295/940/11 250/939/11 298/937/11
f 295/940/11 252/941/11 250/939/11
f 295/940/11 254/942/11 252/941/11
f 293/943/11 254/942/11 295/940/11
f 293/943/11 256/944/11 254/942/11
f 292/945/11 256/944/11 293/943/11
f 292/945/11 258/946/11 256/944/11
f 290/947/11 258/946/11 292/945/11
f 290/947/11 260/948/11 258/946/11
f 290/947/11 262/949/11 260/948/11
f 287/950/11 262/949/11 290/947/11
f 287/950/11 264/951/11 262/949/11
f 285/952/11 264/951/11 287/950/11
f 285/952/11 265/953/11 264/951/11
f 283/954/11 265/953/11 285/952/11
f 280/955/11 283/954/11 281/956/11
f 280/955/11 265/953/11 283/954/11
f 280/955/11 268/957/11 265/953/11
f 280/955/11 269/958/11 268/957/11
f 278/959/7 269/958/7 280/955/7
f 276/960/11 272/961/11 278/959/11
f 272/961/330 269/958/330 278/959/330
f 276/960/11 274/962/11 272/961/11
f 428/905/331 430/906/331 429/907/331
f 428/905/332 431/908/332 430/906/332
f 427/909/14 431/908/14 428/905/14
f 427/909/11 432/910/11 431/908/11
f 426/911/14 432/910/14 427/909/14
f 426/911/11 433/912/11 432/910/11
f 425/913/14 433/912/14 426/911/14
f 425/913/11 434/397/11 433/912/11
f 424/914/11 434/397/11 425/913/11
f 423/915/11 434/397/11 424/914/11
f 422/916/11 434/397/11 423/915/11
f 421/917/11 342/918/11 422/916/11
f 342/918/316 339/919/316 422/916/316
f 339/919/317 338/408/317 422/916/317
f 338/408/333 434/397/333 422/916/333
f 420/920/11 345/921/11 421/917/11
f 345/921/334 343/922/334 421/917/334
f 343/922/335 342/918/335 421/917/335
f 419/923/11 350/924/11 420/920/11
f 350/924/336 347/925/336 420/920/336
f 347/925/337 345/921/337 420/920/337
f 418/926/11 351/927/11 419/923/11
f 351/927/338 350/924/338 419/923/338
f 417/928/11 357/929/11 418/926/11
f 357/929/339 355/930/339 418/926/339
f 355/930/11 354/931/11 418/926/11
f 354/931/340 351/927/340 418/926/340
f 416/932/11 360/933/11 417/928/11
f 360/933/341 357/929/341 417/928/341
f 416/932/13 362/934/13 360/933/13
f 416/932/11 363/935/11 362/934/11
f 416/932/11 365/936/11 363/935/11
f 415/937/11 365/936/11 416/932/11
f 415/937/14 367/938/14 365/936/14
f 415/937/11 370/939/11 367/938/11
f 414/940/11 370/939/11 415/937/11
f 414/940/11 371/941/11 370/939/11
f 414/940/11 373/942/11 371/941/11
f 413/943/11 373/942/11 414/940/11
f 413/943/11 376/944/11 373/942/11
f 411/945/11 376/944/11 413/943/11
f 411/945/11 377/946/11 376/944/11
f 410/947/11 377/946/11 411/945/11
f 410/947/11 380/948/11 377/946/11
f 410/947/11 382/949/11 380/948/11
f 407/950/11 382/949/11 410/947/11
f 407/950/11 384/951/11 382/949/11
f 405/952/11 384/951/11 407/950/11
f 405/952/11 386/953/11 384/951/11
f 404/954/11 386/953/11 405/952/11
f 400/955/11 404/954/11 401/956/11
f 400/955/11 386/953/11 404/954/11
f 400/955/11 387/957/11 386/953/11
f 400/955/11 390/958/11 387/957/11
f 398/959/342 390/958/342 400/955/342
f 396/960/11 392/961/11 398/959/11
f 392/961/343 390/958/343 398/959/343
f 396/960/11 393/962/11 392/961/11
f 481/440/11 435/408/11 482/441/11
f 481/440/11 436/442/11 435/408/11
f 480/443/11 436/442/11 481/440/11
f 480/443/11 437/444/11 436/442/11
f 479/445/11 437/444/11 480/443/11
f 479/445/11 438/446/11 437/444/11
f 478/447/11 438/446/11 479/445/11
f 478/447/11 439/448/11 438/446/11
f 477/449/11 439/448/11 478/447/11
f 477/449/11 440/450/11 439/448/11
f 476/451/11 506/452/11 477/449/11
f 506/452/14 440/450/14 477/449/14
f 476/451/319 507/453/319 506/452/319
f 505/454/329 440/450/329 506/452/329
f 504/455/11 440/450/11 505/454/11
f 476/451/11 508/456/11 507/453/11
f 503/457/11 440/450/11 504/455/11
f 476/451/11 509/458/11 508/456/11
f 503/457/11 441/459/11 440/450/11
f 475/460/11 509/458/11 476/451/11
f 502/461/11 441/459/11 503/457/11
f 475/460/11 510/462/11 509/458/11
f 501/463/11 441/459/11 502/461/11
f 475/460/11 511/464/11 510/462/11
f 501/463/11 442/465/11 441/459/11
f 474/466/11 511/464/11 475/460/11
f 500/467/11 442/465/11 501/463/11
f 474/466/11 512/468/11 511/464/11
f 499/469/11 442/465/11 500/467/11
f 474/466/11 513/470/11 512/468/11
f 499/469/11 443/471/11 442/465/11
f 473/472/11 513/470/11 474/466/11
f 498/473/11 443/471/11 499/469/11
f 473/472/11 514/474/11 513/470/11
f 498/473/11 444/475/11 443/471/11
f 472/476/11 514/474/11 473/472/11
f 497/477/11 444/475/11 498/473/11
f 472/476/11 515/478/11 514/474/11
f 496/479/11 444/475/11 497/477/11
f 472/476/11 516/480/11 515/478/11
f 496/479/11 445/481/11 444/475/11
f 471/482/11 516/480/11 472/476/11
f 495/483/11 445/481/11 496/479/11
f 471/482/11 517/484/11 516/480/11
f 495/483/11 446/485/11 445/481/11
f 470/486/11 517/484/11 471/482/11
f 494/487/11 446/485/11 495/483/11
f 470/486/11 518/488/11 517/484/11
f 469/489/11 518/488/11 470/486/11
f 469/489/11 519/490/11 518/488/11
f 493/491/11 446/485/11 494/487/11
f 493/491/11 447/492/11 446/485/11
f 469/489/11 520/493/11 519/490/11
f 492/494/11 447/492/11 493/491/11
f 492/494/11 448/495/11 447/492/11
f 468/496/11 520/493/11 469/489/11
f 468/496/11 521/497/11 520/493/11
f 491/498/11 448/495/11 492/494/11
f 491/498/11 449/499/11 448/495/11
f 467/500/11 521/497/11 468/496/11
f 490/501/11 449/499/11 491/498/11
f 467/500/11 522/502/11 521/497/11
f 490/501/11 450/503/11 449/499/11
f 466/504/11 522/502/11 467/500/11
f 489/505/11 450/503/11 490/501/11
f 466/504/11 523/506/11 522/502/11
f 488/507/11 450/503/11 489/505/11
f 466/504/11 524/508/11 523/506/11
f 488/507/11 451/509/11 450/503/11
f 465/510/11 524/508/11 466/504/11
f 487/511/11 451/509/11 488/507/11
f 465/510/11 525/512/11 524/508/11
f 486/513/11 451/509/11 487/511/11
f 465/510/11 526/514/11 525/512/11
f 486/513/11 452/515/11 451/509/11
f 464/516/11 526/514/11 465/510/11
f 485/517/11 452/515/11 486/513/11
f 464/516/11 527/518/11 526/514/11
f 484/519/11 452/515/11 485/517/11
f 464/516/11 528/520/11 527/518/11
f 484/519/11 453/521/11 452/515/11
f 463/522/11 528/520/11 464/516/11
f 483/523/11 453/521/11 484/519/11
f 463/522/11 529/524/11 528/520/11
f 530/397/11 453/521/11 483/523/11
f 463/522/11 530/397/11 529/524/11
f 463/522/11 453/521/11 530/397/11
f 463/522/11 454/525/11 453/521/11
f 462/526/11 454/525/11 463/522/11
f 462/526/11 455/527/11 454/525/11
f 461/528/11 455/527/11 462/526/11
f 461/528/11 456/529/11 455/527/11
f 460/530/11 456/529/11 461/528/11
f 460/530/11 457/531/11 456/529/11
f 459/532/11 457/531/11 460/530/11
f 459/532/11 458/533/11 457/531/11
s 1
f 697/963/344 435/408/345 436/535/346 689/964/347
f 689/965/347 436/535/346 437/538/348 682/966/349
f 682/967/349 437/538/348 438/541/350 677/968/351
f 677/969/351 438/541/350 439/544/352 671/970/353
f 671/971/353 439/544/352 440/547/354 664/972/355
f 664/973/355 440/547/354 441/393/356 663/974/357
f 663/975/357 441/393/356 442/552/358 662/976/359
f 662/977/359 442/552/358 443/555/360 661/978/361
f 661/979/361 443/555/360 444/558/362 660/980/363
f 660/981/363 444/558/362 445/561/364 659/982/365
f 658/983/366 659/984/365 445/561/364 446/564/367 657/985/368
f 657/986/368 446/564/367 447/389/369 656/987/370
f 656/988/370 447/389/369 448/569/371 655/989/372
f 655/990/372 448/569/371 449/572/373 654/991/374
f 654/992/374 449/572/373 450/575/375 653/993/376
f 653/993/376 450/575/375 451/578/377 652/994/378
f 652/995/378 451/578/377 452/581/379 649/996/380
f 649/997/380 452/581/379 453/1/381 665/998/382
f 665/999/382 453/1/381 454/586/383 675/1000/384
f 675/1001/384 454/586/383 455/589/385 680/1002/386
f 680/1003/386 455/589/385 456/592/387 688/1004/388
f 688/1004/388 456/592/387 457/595/389 691/1005/390
f 691/1006/390 457/595/389 458/598/391 692/1007/392
f 692/1008/392 458/598/391 459/435/393 725/1009/394
f 725/1010/394 459/435/393 460/603/395 724/1011/396
f 724/1012/396 460/603/395 461/606/397 726/1013/398
f 726/1014/398 461/606/397 462/609/399 728/1015/400
f 728/1016/400 462/609/399 463/612/401 731/1017/402
f 731/1018/402 463/612/401 464/615/403 744/1019/404
f 744/1020/404 464/615/403 465/2/405 743/1021/406
f 743/1022/406 465/2/405 466/619/407 736/1023/408
f 736/1023/408 466/619/407 467/623/409 746/1024/410
f 746/1025/410 467/623/409 468/626/411 747/1026/412
f 747/1027/412 468/626/411 469/629/413 739/1028/414
f 739/1029/414 469/629/413 470/632/415 738/1030/416
f 738/1030/416 470/632/415 471/420/417 740/1031/418
f 740/1032/418 471/420/417 472/635/419 741/1033/420
f 741/1034/420 472/635/419 473/638/421 742/1035/422
f 474/641/423 715/1036/424 742/1037/422 473/638/421
f 715/1038/424 474/641/423 475/645/425 716/1039/426
f 716/1040/426 475/645/425 476/648/427 717/1041/428
f 717/1042/428 476/648/427 477/413/429 712/1043/430
f 712/1044/430 477/413/429 478/653/431 709/1045/432
f 709/1046/432 478/653/431 479/656/433 706/1047/434
f 706/1048/434 479/656/433 480/659/435 704/1049/436
f 704/1050/436 480/659/435 481/662/437 700/1051/438
f 700/1052/438 481/662/437 482/665/439 695/1053/440
f 695/1054/440 482/665/439 435/397/345 697/1055/344
f 690/1056/441 483/408/442 484/535/443 686/1057/444
f 686/1058/444 484/535/443 485/538/445 684/1059/446
f 684/1060/446 485/538/445 486/541/447 678/1061/448
f 678/1062/448 486/541/447 487/544/449 681/1063/450
f 681/1063/450 487/544/449 488/547/451 674/1064/452
f 674/1065/452 488/547/451 489/393/453 719/1066/454
f 719/1067/454 489/393/453 490/552/455 647/1068/456
f 491/555/457 646/1069/458 647/1070/456 490/552/455
f 492/558/459 650/1071/459 646/1069/458 491/555/457
f 493/561/460 644/1072/461 650/1073/459 492/558/459
f 644/1074/461 493/561/460 494/564/132 642/1075/462
f 642/1076/462 494/564/132 495/389/463 645/1077/464
f 645/1077/464 495/389/463 496/569/465 643/1078/466
f 643/1079/466 496/569/465 497/572/467 651/1080/468
f 651/1081/468 497/572/467 498/575/469 648/1082/470
f 648/1083/470 498/575/469 499/578/471 720/1084/472
f 720/1085/472 499/578/471 500/581/473 676/1086/474
f 676/1086/474 500/581/473 501/1/475 683/1087/476
f 683/1088/476 501/1/475 502/586/477 679/1089/478
f 679/1090/478 502/586/477 503/589/479 685/1091/480
f 685/1092/480 503/589/479 504/592/481 687/1093/482
f 687/1094/482 504/592/481 505/595/483 696/1095/484
f 696/1096/484 505/595/483 506/598/485 694/1097/486
f 694/1098/486 506/598/485 507/435/487 699/1099/488
f 699/1100/488 507/435/487 508/603/489 701/1101/490
f 701/1102/490 508/603/489 509/606/491 703/1103/492
f 703/1104/492 509/606/491 510/609/493 705/1105/494
f 705/1106/494 510/609/493 511/612/495 707/1107/496
f 707/1108/496 511/612/495 512/615/497 708/1109/498
f 708/1110/498 512/615/497 513/2/499 711/1111/500
f 711/1112/500 513/2/499 514/619/501 710/1113/502
f 710/1113/502 514/619/501 515/623/503 718/1114/504
f 718/1115/504 515/623/503 516/626/505 713/1116/506
f 713/1117/506 516/626/505 517/629/507 714/1118/508
f 714/1119/508 517/629/507 518/632/179 737/1120/509
f 737/1121/509 518/632/179 519/420/510 735/1122/511
f 735/1123/511 519/420/510 520/635/512 734/1124/513
f 734/1125/513 520/635/512 521/638/514 745/1126/515
f 745/1127/515 521/638/514 522/641/516 730/1128/517
f 730/1129/517 522/641/516 523/645/518 732/1130/519
f 732/1131/519 523/645/518 524/648/520 729/1132/521
f 729/1133/521 524/648/520 525/413/522 733/1134/523
f 733/1135/523 525/413/522 526/653/524 727/1136/525
f 727/1137/525 526/653/524 527/656/526 723/1138/527
f 723/1139/527 527/656/526 528/659/528 702/1140/529
f 702/1141/529 528/659/528 529/662/530 698/1142/531
f 698/1143/531 529/662/530 530/665/532 693/1144/533
f 693/1145/533 530/665/532 483/397/442 690/1146/441
f 338/408/534 339/1147/535 593/1148/536 599/1149/537
f 339/1147/535 342/1150/538 594/1151/539 593/1152/536
f 342/1150/538 343/1153/540 595/1154/541 594/1155/539
f 343/1153/540 345/1156/542 596/1157/543 595/1158/541
f 345/1156/542 347/544/544 588/1159/545 596/1160/543
f 347/544/544 350/1161/546 587/1162/547 588/1163/545
f 350/1161/546 351/1164/548 592/1165/549 587/1166/547
f 351/1164/548 354/1167/550 590/1168/551 592/1169/549
f 354/1167/550 355/1170/552 589/1171/553 590/1172/551
f 355/1170/552 357/555/554 601/1173/555 589/1174/553
f 357/555/554 360/1175/556 604/1176/557 601/1177/555
f 360/1175/556 362/525/558 607/1178/559 604/1179/557
f 362/525/558 363/1180/560 610/1181/561 607/1182/559
f 363/1180/560 365/1183/562 608/1184/563 610/1185/561
f 365/1183/562 367/389/564 616/1186/565 608/1187/563
f 367/389/564 370/1188/566 615/1189/567 616/1190/565
f 370/1188/566 371/1191/568 614/1192/569 615/1193/567
f 371/1191/568 373/1194/570 623/1195/571 614/1196/569
f 623/1197/571 373/1194/570 376/1198/572 619/1199/573
f 619/1200/573 376/1198/572 377/578/574 621/1201/575
f 621/1202/575 377/578/574 380/1203/576 620/1204/577
f 620/1205/577 380/1203/576 382/1206/578 622/1207/579
f 622/1208/579 382/1206/578 384/1209/580 641/1210/581
f 641/1211/581 384/1209/580 386/472/582 640/1212/583
f 386/472/582 387/589/312 603/1213/584 640/1214/583
f 603/1215/584 387/589/312 390/1216/255 611/1217/585
f 611/1218/585 390/1216/255 392/1219/586 639/1220/376
f 639/1221/376 392/1219/586 393/1222/255 626/1223/585
f 626/1224/585 393/1222/255 396/1225/257 638/1226/587
f 638/1227/587 396/1225/257 398/435/588 632/1228/589
f 632/1229/589 398/435/588 400/1230/257 630/1231/587
f 630/1232/587 400/1230/257 401/1233/310 631/1234/590
f 401/1233/310 404/1235/591 633/1236/592 631/1237/590
f 405/1238/593 634/1239/594 633/1240/592 404/1235/591
f 407/612/595 635/1241/596 634/1242/594 405/1238/593
f 410/494/597 636/1243/598 635/1244/596 407/612/595
f 411/1245/599 637/1246/600 636/1247/598 410/494/597
f 413/1248/601 629/1249/602 637/1250/600 411/1245/599
f 414/1251/603 628/1252/604 629/1249/602 413/1248/601
f 415/623/605 627/1253/606 628/1254/604 414/1251/603
f 416/1255/607 666/1256/608 627/1257/606 415/623/605
f 417/1258/609 667/1259/610 666/1260/608 416/1255/607
f 667/1261/610 417/1258/609 418/1262/611 668/1263/612
f 668/1264/612 418/1262/611 419/1265/613 669/1266/614
f 669/1267/614 419/1265/613 420/420/615 670/1268/616
f 670/1269/616 420/420/615 421/1270/617 672/1271/618
f 672/1271/618 421/1270/617 422/1272/619 673/1273/620
f 673/1273/620 422/1272/619 423/464/621 721/1274/622
f 721/1275/622 423/464/621 424/1276/623 722/1277/624
f 722/1278/624 424/1276/623 425/645/625 624/1279/626
f 624/1280/626 425/645/625 426/1281/627 617/1282/628
f 617/1283/628 426/1281/627 427/1284/629 618/1285/630
f 618/1286/630 427/1284/629 428/1287/631 609/1288/632
f 609/1289/632 428/1287/631 429/1290/633 606/1291/634
f 606/1292/634 429/1290/633 430/656/635 613/1293/636
f 613/1294/636 430/656/635 431/1295/637 605/1296/638
f 605/1297/638 431/1295/637 432/1298/639 591/1299/640
f 591/1300/640 432/1298/639 433/1301/641 600/1302/642
f 600/1303/642 433/1301/641 434/1304/643 584/1305/644
f 434/1304/643 338/397/534 599/1306/537 584/1307/644
f 217/408/645 219/1147/646 534/1308/647 533/1309/537
f 219/1147/646 222/1150/538 535/1310/539 534/1311/647
f 222/1150/538 223/1153/648 539/1312/541 535/1313/539
f 223/1153/648 226/1156/649 540/1314/543 539/1315/541
f 226/1156/649 228/544/650 541/1316/545 540/1317/543
f 228/544/650 230/1161/651 542/1318/547 541/1319/545
f 230/1161/651 232/1164/652 536/1320/549 542/1321/547
f 232/1164/652 234/1167/550 538/1322/551 536/1323/549
f 234/1167/550 236/1170/552 543/1324/553 538/1325/551
f 236/1170/552 237/555/554 544/1326/555 543/1327/553
f 237/555/554 239/1175/556 546/1328/557 544/1326/555
f 546/1329/557 239/1175/556 242/525/558 549/1330/559
f 242/525/558 244/1180/560 550/1331/561 549/1332/559
f 244/1180/560 246/1183/562 551/1333/563 550/1334/561
f 246/1183/562 248/389/564 556/1335/565 551/1336/563
f 248/389/564 250/1188/566 555/1337/567 556/1338/565
f 250/1188/566 252/1191/568 563/1339/569 555/1340/567
f 252/1191/568 254/1194/570 559/1341/571 563/1342/569
f 559/1341/571 254/1194/570 256/1198/572 562/1343/573
f 562/1344/573 256/1198/572 258/578/574 560/1345/575
f 560/1346/575 258/578/574 260/1203/576 561/1347/577
f 561/1348/577 260/1203/576 262/1206/578 569/1349/579
f 569/1350/579 262/1206/578 264/1209/580 568/1351/581
f 568/1352/581 264/1209/580 265/472/582 567/1353/583
f 265/472/582 268/589/312 547/1354/584 567/1355/583
f 547/1356/584 268/589/312 269/1216/255 553/1357/585
f 553/1358/585 269/1216/255 272/1219/586 566/1359/376
f 566/1360/376 272/1219/586 274/1222/255 565/1361/585
f 565/1362/585 274/1222/255 276/1225/257 625/1363/587
f 625/1363/587 276/1225/257 278/435/588 581/1364/589
f 581/1365/589 278/435/588 280/1230/257 612/1366/587
f 612/1367/587 280/1230/257 281/1233/310 602/1368/590
f 281/1233/310 283/1235/591 582/1369/592 602/1370/590
f 285/1238/593 597/1371/594 582/1372/592 283/1235/591
f 287/612/595 598/1373/596 597/1374/594 285/1238/593
f 290/494/597 583/1375/598 598/1376/596 287/612/595
f 292/1245/599 585/1377/600 583/1378/598 290/494/597
f 293/1248/601 580/1379/602 585/1380/600 292/1245/599
f 295/1251/603 578/1381/604 580/1382/602 293/1248/601
f 298/623/605 579/1383/606 578/1384/604 295/1251/603
f 299/1255/607 586/1385/608 579/1386/606 298/623/605
f 301/1258/609 570/1387/610 586/1388/608 299/1255/607
f 570/1389/610 301/1258/609 304/1262/611 571/1390/612
f 571/1391/612 304/1262/611 305/1265/613 572/1392/614
f 572/1393/614 305/1265/613 307/420/615 573/1394/616
f 573/1395/616 307/420/615 309/1270/617 574/1396/618
f 574/1397/618 309/1270/617 311/1272/619 575/1398/620
f 575/1399/620 311/1272/619 313/464/621 576/1400/622
f 576/1401/622 313/464/621 315/1276/623 577/1402/624
f 577/1403/624 315/1276/623 317/645/625 564/1404/626
f 564/1405/626 317/645/625 320/1281/627 557/1406/628
f 557/1407/628 320/1281/627 321/1284/629 558/1408/630
f 558/1409/630 321/1284/629 324/1287/653 552/1410/632
f 552/1411/632 324/1287/653 325/1290/633 548/1412/634
f 548/1413/634 325/1290/633 327/656/635 554/1414/636
f 554/1415/636 327/656/635 330/1295/637 545/1416/638
f 545/1417/638 330/1295/637 331/1298/639 537/1418/640
f 537/1419/640 331/1298/639 333/1301/641 531/1420/642
f 531/1421/642 333/1301/641 335/1304/643 532/1422/644
f 335/1304/643 217/397/645 533/1423/537 532/1424/644
