# Blender 4.5.3 LTS
# www.blender.org
mtllib Table.mtl
o Cube
v 2.454513 -0.303146 1.312951
v 2.085174 -0.303146 1.577577
v 2.336153 -0.303146 1.492774
v 2.474181 -0.303146 1.312951
v 2.085174 -0.303146 1.591669
v 2.469287 -0.295413 1.312951
v 2.474181 -0.300306 1.312951
v 2.472749 -0.296852 1.312951
v 2.085174 -0.300306 1.591669
v 2.085174 -0.295413 1.588163
v 2.085174 -0.296852 1.590644
v 2.454513 -0.300306 1.312951
v 2.459406 -0.295413 1.312951
v 2.455944 -0.296852 1.312951
v 2.085174 -0.295413 1.581084
v 2.085174 -0.300306 1.577577
v 2.085174 -0.296852 1.578603
v 2.150286 -0.303146 1.577577
v 2.189910 -0.303146 1.575716
v 2.451914 -0.303146 1.387993
v 2.454513 -0.303146 1.359603
v 2.224913 -0.303146 1.572415
v 2.263106 -0.303146 1.565080
v 2.294483 -0.303146 1.555771
v 2.328731 -0.303146 1.541600
v 2.355666 -0.303146 1.526789
v 2.383628 -0.303146 1.506755
v 2.404307 -0.303146 1.487456
v 2.424077 -0.303146 1.462918
v 2.437070 -0.303146 1.440436
v 2.447308 -0.303146 1.413072
v 2.151578 -0.536550 1.591669
v 2.191194 -0.536550 1.589808
v 2.471582 -0.536550 1.388913
v 2.474181 -0.536550 1.360528
v 2.230064 -0.536550 1.586140
v 2.268225 -0.536550 1.578815
v 2.304418 -0.536550 1.568073
v 2.338627 -0.536550 1.553925
v 2.369717 -0.536550 1.536834
v 2.397647 -0.536550 1.516822
v 2.421501 -0.536550 1.494547
v 2.441247 -0.536550 1.470036
v 2.456240 -0.536550 1.444104
v 2.466471 -0.536550 1.416762
v 2.268225 -0.303146 1.578815
v 2.230064 -0.303146 1.586145
v 2.191194 -0.303146 1.589808
v 2.151578 -0.303146 1.591669
v 2.338635 -0.303146 1.553920
v 2.304418 -0.303146 1.568073
v 2.397647 -0.303146 1.516817
v 2.369709 -0.303146 1.536834
v 2.441247 -0.303146 1.470036
v 2.421494 -0.303146 1.494553
v 2.466471 -0.303146 1.416762
v 2.456240 -0.303146 1.444104
v 2.474181 -0.303146 1.360528
v 2.471582 -0.303146 1.388913
v 2.230056 -0.300306 1.586145
v 2.268233 -0.300306 1.578815
v 2.266973 -0.295413 1.575392
v 2.228756 -0.295413 1.582728
v 2.229667 -0.296852 1.585136
v 2.267867 -0.296852 1.577800
v 2.190883 -0.295413 1.586301
v 2.151251 -0.295413 1.588163
v 2.151578 -0.300306 1.591669
v 2.191194 -0.300306 1.589808
v 2.151476 -0.296852 1.590638
v 2.191108 -0.296852 1.588776
v 2.304410 -0.300306 1.568079
v 2.338643 -0.300306 1.553920
v 2.336192 -0.295413 1.550848
v 2.301921 -0.295413 1.565018
v 2.303671 -0.296852 1.567170
v 2.337919 -0.296852 1.553006
v 2.369701 -0.300306 1.536840
v 2.397655 -0.300306 1.516811
v 2.394178 -0.295413 1.514303
v 2.366200 -0.295413 1.534348
v 2.368659 -0.296852 1.536104
v 2.396628 -0.296852 1.516064
v 2.421494 -0.300306 1.494558
v 2.441255 -0.300306 1.470031
v 2.436984 -0.295413 1.468247
v 2.417207 -0.295413 1.492802
v 2.420218 -0.296852 1.494040
v 2.439987 -0.296852 1.469501
v 2.456240 -0.300306 1.444110
v 2.466471 -0.300306 1.416757
v 2.461701 -0.295413 1.415826
v 2.451463 -0.295413 1.443207
v 2.454824 -0.296852 1.443848
v 2.465062 -0.296852 1.416478
v 2.471582 -0.300306 1.388913
v 2.474181 -0.300306 1.360528
v 2.469287 -0.295413 1.360294
v 2.466688 -0.295413 1.388690
v 2.470143 -0.296852 1.388851
v 2.472741 -0.296852 1.360455
v 2.226174 -0.295413 1.575833
v 2.264397 -0.295413 1.568491
v 2.263113 -0.300306 1.565080
v 2.224905 -0.300306 1.572415
v 2.225279 -0.296852 1.573425
v 2.263495 -0.296852 1.566089
v 2.189910 -0.300306 1.575716
v 2.150286 -0.300306 1.577577
v 2.150605 -0.295413 1.581084
v 2.190237 -0.295413 1.579222
v 2.150379 -0.296852 1.578609
v 2.190004 -0.296852 1.576747
v 2.296934 -0.295413 1.558836
v 2.331205 -0.295413 1.544661
v 2.328731 -0.300306 1.541600
v 2.294483 -0.300306 1.555771
v 2.295207 -0.296852 1.556679
v 2.329470 -0.296852 1.542509
v 2.359151 -0.295413 1.529298
v 2.387129 -0.295413 1.509252
v 2.383636 -0.300306 1.506755
v 2.355666 -0.300306 1.526795
v 2.356693 -0.296852 1.527536
v 2.384670 -0.296852 1.507491
v 2.408571 -0.295413 1.489229
v 2.428356 -0.295413 1.464674
v 2.424077 -0.300306 1.462918
v 2.404299 -0.300306 1.487456
v 2.405568 -0.296852 1.487980
v 2.425345 -0.296852 1.463436
v 2.441831 -0.295413 1.441362
v 2.452077 -0.295413 1.413975
v 2.447308 -0.300306 1.413066
v 2.437070 -0.300306 1.440442
v 2.438478 -0.296852 1.440715
v 2.448716 -0.296852 1.413334
v 2.456808 -0.295413 1.388227
v 2.459406 -0.295413 1.359831
v 2.454513 -0.300306 1.359603
v 2.451914 -0.300306 1.387993
v 2.453353 -0.296852 1.388060
v 2.455952 -0.296852 1.359669
v 2.265129 -0.543692 1.320855
v 2.474181 -0.536550 1.312951
v 2.096206 -0.543692 1.441886
v 2.085174 -0.536550 1.591669
v 2.474181 -0.543692 1.360528
v 2.471582 -0.543692 1.388913
v 2.456240 -0.543692 1.444104
v 2.466471 -0.543692 1.416762
v 2.421501 -0.543692 1.494547
v 2.441247 -0.543692 1.470036
v 2.369717 -0.543692 1.536834
v 2.397647 -0.543692 1.516822
v 2.304418 -0.543692 1.568073
v 2.338627 -0.543692 1.553925
v 2.230064 -0.543692 1.586140
v 2.268225 -0.543692 1.578815
v 2.151578 -0.543692 1.591669
v 2.191194 -0.543692 1.589808
v 2.085540 -0.543692 1.586675
v 2.467210 -0.543692 1.313213
v -2.952243 -0.303146 1.312951
v -2.582905 -0.303146 1.577577
v -2.833884 -0.303146 1.492774
v -2.971911 -0.303146 1.312951
v -2.582905 -0.303146 1.591669
v -2.967017 -0.295413 1.312951
v -2.971911 -0.300306 1.312951
v -2.970479 -0.296852 1.312951
v -2.582905 -0.300306 1.591669
v -2.582905 -0.295413 1.588163
v -2.582905 -0.296852 1.590644
v -2.952243 -0.300306 1.312951
v -2.957136 -0.295413 1.312951
v -2.953674 -0.296852 1.312951
v -2.582905 -0.295413 1.581084
v -2.582905 -0.300306 1.577577
v -2.582905 -0.296852 1.578603
v -2.648016 -0.303146 1.577577
v -2.687640 -0.303146 1.575716
v -2.949644 -0.303146 1.387993
v -2.952243 -0.303146 1.359603
v -2.722643 -0.303146 1.572415
v -2.760836 -0.303146 1.565080
v -2.792213 -0.303146 1.555771
v -2.826461 -0.303146 1.541600
v -2.853396 -0.303146 1.526789
v -2.881358 -0.303146 1.506755
v -2.902038 -0.303146 1.487456
v -2.921807 -0.303146 1.462918
v -2.934800 -0.303146 1.440436
v -2.945038 -0.303146 1.413072
v -2.649308 -0.536550 1.591669
v -2.688924 -0.536550 1.589808
v -2.969312 -0.536550 1.388913
v -2.971911 -0.536550 1.360528
v -2.727794 -0.536550 1.586140
v -2.765955 -0.536550 1.578815
v -2.802148 -0.536550 1.568073
v -2.836358 -0.536550 1.553925
v -2.867447 -0.536550 1.536834
v -2.895378 -0.536550 1.516822
v -2.919232 -0.536550 1.494547
v -2.938977 -0.536550 1.470036
v -2.953970 -0.536550 1.444104
v -2.964201 -0.536550 1.416762
v -2.765955 -0.303146 1.578815
v -2.727794 -0.303146 1.586145
v -2.688924 -0.303146 1.589808
v -2.649308 -0.303146 1.591669
v -2.836365 -0.303146 1.553920
v -2.802148 -0.303146 1.568073
v -2.895378 -0.303146 1.516817
v -2.867439 -0.303146 1.536834
v -2.938977 -0.303146 1.470036
v -2.919224 -0.303146 1.494553
v -2.964201 -0.303146 1.416762
v -2.953970 -0.303146 1.444104
v -2.971911 -0.303146 1.360528
v -2.969312 -0.303146 1.388913
v -2.727786 -0.300306 1.586145
v -2.765963 -0.300306 1.578815
v -2.764703 -0.295413 1.575392
v -2.726487 -0.295413 1.582728
v -2.727397 -0.296852 1.585136
v -2.765598 -0.296852 1.577800
v -2.688613 -0.295413 1.586301
v -2.648981 -0.295413 1.588163
v -2.649308 -0.300306 1.591669
v -2.688924 -0.300306 1.589808
v -2.649207 -0.296852 1.590638
v -2.688839 -0.296852 1.588776
v -2.802141 -0.300306 1.568079
v -2.836373 -0.300306 1.553920
v -2.833923 -0.295413 1.550848
v -2.799651 -0.295413 1.565018
v -2.801402 -0.296852 1.567170
v -2.835650 -0.296852 1.553006
v -2.867432 -0.300306 1.536840
v -2.895386 -0.300306 1.516811
v -2.891908 -0.295413 1.514303
v -2.863930 -0.295413 1.534348
v -2.866389 -0.296852 1.536104
v -2.894359 -0.296852 1.516064
v -2.919224 -0.300306 1.494558
v -2.938985 -0.300306 1.470031
v -2.934714 -0.295413 1.468247
v -2.914937 -0.295413 1.492802
v -2.917948 -0.296852 1.494040
v -2.937717 -0.296852 1.469501
v -2.953970 -0.300306 1.444110
v -2.964201 -0.300306 1.416757
v -2.959432 -0.295413 1.415826
v -2.949193 -0.295413 1.443207
v -2.952554 -0.296852 1.443848
v -2.962793 -0.296852 1.416478
v -2.969312 -0.300306 1.388913
v -2.971911 -0.300306 1.360528
v -2.967017 -0.295413 1.360294
v -2.964419 -0.295413 1.388690
v -2.967873 -0.296852 1.388851
v -2.970472 -0.296852 1.360455
v -2.723904 -0.295413 1.575833
v -2.762127 -0.295413 1.568491
v -2.760844 -0.300306 1.565080
v -2.722636 -0.300306 1.572415
v -2.723009 -0.296852 1.573425
v -2.761225 -0.296852 1.566089
v -2.687640 -0.300306 1.575716
v -2.648016 -0.300306 1.577577
v -2.648335 -0.295413 1.581084
v -2.687967 -0.295413 1.579222
v -2.648110 -0.296852 1.578609
v -2.687734 -0.296852 1.576747
v -2.794664 -0.295413 1.558836
v -2.828935 -0.295413 1.544661
v -2.826461 -0.300306 1.541600
v -2.792213 -0.300306 1.555771
v -2.792937 -0.296852 1.556679
v -2.827201 -0.296852 1.542509
v -2.856882 -0.295413 1.529298
v -2.884859 -0.295413 1.509252
v -2.881366 -0.300306 1.506755
v -2.853396 -0.300306 1.526795
v -2.854423 -0.296852 1.527536
v -2.882401 -0.296852 1.507491
v -2.906301 -0.295413 1.489229
v -2.926086 -0.295413 1.464674
v -2.921807 -0.300306 1.462918
v -2.902030 -0.300306 1.487456
v -2.903298 -0.296852 1.487980
v -2.923075 -0.296852 1.463436
v -2.939561 -0.295413 1.441362
v -2.949808 -0.295413 1.413975
v -2.945038 -0.300306 1.413066
v -2.934800 -0.300306 1.440442
v -2.936208 -0.296852 1.440715
v -2.946447 -0.296852 1.413334
v -2.954538 -0.295413 1.388227
v -2.957136 -0.295413 1.359831
v -2.952243 -0.300306 1.359603
v -2.949644 -0.300306 1.387993
v -2.951083 -0.296852 1.388060
v -2.953682 -0.296852 1.359669
v -2.762859 -0.543692 1.320855
v -2.971911 -0.536550 1.312951
v -2.593937 -0.543692 1.441886
v -2.582905 -0.536550 1.591669
v -2.971911 -0.543692 1.360528
v -2.969312 -0.543692 1.388913
v -2.953970 -0.543692 1.444104
v -2.964201 -0.543692 1.416762
v -2.919232 -0.543692 1.494547
v -2.938977 -0.543692 1.470036
v -2.867447 -0.543692 1.536834
v -2.895378 -0.543692 1.516822
v -2.802148 -0.543692 1.568073
v -2.836358 -0.543692 1.553925
v -2.727794 -0.543692 1.586140
v -2.765955 -0.543692 1.578815
v -2.649308 -0.543692 1.591669
v -2.688924 -0.543692 1.589808
v -2.583270 -0.543692 1.586675
v -2.964940 -0.543692 1.313213
v -0.248865 -0.536550 1.591669
v -0.248865 -0.303146 1.492774
v -0.248865 -0.303146 1.591669
v -0.248865 -0.543692 1.446880
v -0.248865 -0.303146 1.577577
v -0.248865 -0.300306 1.591669
v -0.248865 -0.296852 1.590644
v -0.248865 -0.295413 1.588163
v -0.248865 -0.295413 1.581084
v -0.248865 -0.296852 1.578603
v -0.248865 -0.300306 1.577577
v -0.248865 -0.543692 1.586675
v 2.454513 -0.303146 -2.031677
v 2.085174 -0.303146 -2.296304
v 2.336153 -0.303146 -2.211501
v 2.474181 -0.303146 -2.031677
v 2.085174 -0.303146 -2.310396
v 2.469287 -0.295413 -2.031677
v 2.474181 -0.300307 -2.031677
v 2.472749 -0.296852 -2.031677
v 2.085174 -0.300307 -2.310396
v 2.085174 -0.295413 -2.306890
v 2.085174 -0.296852 -2.309370
v 2.454513 -0.300307 -2.031677
v 2.459406 -0.295413 -2.031677
v 2.455944 -0.296852 -2.031677
v 2.085174 -0.295413 -2.299810
v 2.085174 -0.300307 -2.296304
v 2.085174 -0.296852 -2.297330
v 2.150286 -0.303146 -2.296304
v 2.189910 -0.303146 -2.294442
v 2.451914 -0.303146 -2.106719
v 2.454513 -0.303146 -2.078329
v 2.224913 -0.303146 -2.291142
v 2.263106 -0.303146 -2.283806
v 2.294483 -0.303146 -2.274497
v 2.328731 -0.303146 -2.260327
v 2.355666 -0.303146 -2.245516
v 2.383628 -0.303146 -2.225482
v 2.404307 -0.303146 -2.206183
v 2.424077 -0.303146 -2.181644
v 2.437070 -0.303146 -2.159163
v 2.447308 -0.303146 -2.131799
v 2.151578 -0.536550 -2.310396
v 2.191194 -0.536550 -2.308534
v 2.471582 -0.536550 -2.107639
v 2.474181 -0.536550 -2.079254
v 2.230064 -0.536550 -2.304866
v 2.268225 -0.536550 -2.297541
v 2.304418 -0.536550 -2.286799
v 2.338627 -0.536550 -2.272652
v 2.369717 -0.536550 -2.255561
v 2.397647 -0.536550 -2.235549
v 2.421501 -0.536550 -2.213274
v 2.441247 -0.536550 -2.188763
v 2.456240 -0.536550 -2.162831
v 2.466471 -0.536550 -2.135489
v 2.268225 -0.303146 -2.297541
v 2.230064 -0.303146 -2.304872
v 2.191194 -0.303146 -2.308534
v 2.151578 -0.303146 -2.310396
v 2.338635 -0.303146 -2.272646
v 2.304418 -0.303146 -2.286799
v 2.397647 -0.303146 -2.235543
v 2.369709 -0.303146 -2.255561
v 2.441247 -0.303146 -2.188763
v 2.421494 -0.303146 -2.213279
v 2.466471 -0.303146 -2.135489
v 2.456240 -0.303146 -2.162831
v 2.474181 -0.303146 -2.079254
v 2.471582 -0.303146 -2.107639
v 2.230056 -0.300307 -2.304872
v 2.268233 -0.300307 -2.297541
v 2.266973 -0.295413 -2.294119
v 2.228756 -0.295413 -2.301455
v 2.229667 -0.296852 -2.303863
v 2.267867 -0.296852 -2.296527
v 2.190883 -0.295413 -2.305028
v 2.151251 -0.295413 -2.306890
v 2.151578 -0.300307 -2.310396
v 2.191194 -0.300307 -2.308534
v 2.151476 -0.296852 -2.309365
v 2.191108 -0.296852 -2.307503
v 2.304410 -0.300307 -2.286805
v 2.338643 -0.300307 -2.272646
v 2.336192 -0.295413 -2.269575
v 2.301921 -0.295413 -2.283745
v 2.303671 -0.296852 -2.285897
v 2.337919 -0.296852 -2.271732
v 2.369701 -0.300307 -2.255566
v 2.397655 -0.300307 -2.235538
v 2.394178 -0.295413 -2.233029
v 2.366200 -0.295413 -2.253075
v 2.368659 -0.296852 -2.254831
v 2.396628 -0.296852 -2.234791
v 2.421494 -0.300307 -2.213284
v 2.441255 -0.300307 -2.188757
v 2.436984 -0.295413 -2.186974
v 2.417207 -0.295413 -2.211529
v 2.420218 -0.296852 -2.212766
v 2.439987 -0.296852 -2.188228
v 2.456240 -0.300307 -2.162837
v 2.466471 -0.300307 -2.135483
v 2.461701 -0.295413 -2.134552
v 2.451463 -0.295413 -2.161933
v 2.454824 -0.296852 -2.162575
v 2.465062 -0.296852 -2.135204
v 2.471582 -0.300307 -2.107639
v 2.474181 -0.300307 -2.079254
v 2.469287 -0.295413 -2.079020
v 2.466688 -0.295413 -2.107416
v 2.470143 -0.296852 -2.107578
v 2.472741 -0.296852 -2.079182
v 2.226174 -0.295413 -2.294559
v 2.264397 -0.295413 -2.287218
v 2.263113 -0.300307 -2.283806
v 2.224905 -0.300307 -2.291142
v 2.225279 -0.296852 -2.292151
v 2.263495 -0.296852 -2.284815
v 2.189910 -0.300307 -2.294442
v 2.150286 -0.300307 -2.296304
v 2.150605 -0.295413 -2.299810
v 2.190237 -0.295413 -2.297948
v 2.150379 -0.296852 -2.297335
v 2.190004 -0.296852 -2.295473
v 2.296934 -0.295413 -2.277563
v 2.331205 -0.295413 -2.263387
v 2.328731 -0.300307 -2.260327
v 2.294483 -0.300307 -2.274497
v 2.295207 -0.296852 -2.275405
v 2.329470 -0.296852 -2.261235
v 2.359151 -0.295413 -2.248024
v 2.387129 -0.295413 -2.227979
v 2.383636 -0.300307 -2.225482
v 2.355666 -0.300307 -2.245521
v 2.356693 -0.296852 -2.246263
v 2.384670 -0.296852 -2.226217
v 2.408571 -0.295413 -2.207955
v 2.428356 -0.295413 -2.183400
v 2.424077 -0.300307 -2.181644
v 2.404299 -0.300307 -2.206183
v 2.405568 -0.296852 -2.206707
v 2.425345 -0.296852 -2.182163
v 2.441831 -0.295413 -2.160088
v 2.452077 -0.295413 -2.132701
v 2.447308 -0.300307 -2.131793
v 2.437070 -0.300307 -2.159168
v 2.438478 -0.296852 -2.159442
v 2.448716 -0.296852 -2.132060
v 2.456808 -0.295413 -2.106953
v 2.459406 -0.295413 -2.078557
v 2.454513 -0.300307 -2.078329
v 2.451914 -0.300307 -2.106719
v 2.453353 -0.296852 -2.106786
v 2.455952 -0.296852 -2.078396
v 2.265129 -0.543693 -2.039582
v 2.474181 -0.536550 -2.031677
v 2.096206 -0.543693 -2.160612
v 2.085174 -0.536550 -2.310396
v 2.474181 -0.543693 -2.079254
v 2.471582 -0.543693 -2.107639
v 2.456240 -0.543693 -2.162831
v 2.466471 -0.543693 -2.135489
v 2.421501 -0.543693 -2.213274
v 2.441247 -0.543693 -2.188763
v 2.369717 -0.543693 -2.255561
v 2.397647 -0.543693 -2.235549
v 2.304418 -0.543693 -2.286799
v 2.338627 -0.543693 -2.272652
v 2.230064 -0.543693 -2.304866
v 2.268225 -0.543693 -2.297541
v 2.151578 -0.543693 -2.310396
v 2.191194 -0.543693 -2.308534
v 2.085540 -0.543693 -2.305401
v 2.467210 -0.543693 -2.031939
v 2.474181 -0.303146 -0.359363
v 2.336153 -0.303146 -0.359363
v 2.474181 -0.536550 -0.359363
v 2.454513 -0.303146 -0.359363
v 2.474181 -0.300306 -0.359363
v 2.472749 -0.296852 -0.359363
v 2.469287 -0.295413 -0.359363
v 2.459406 -0.295413 -0.359363
v 2.455944 -0.296852 -0.359363
v 2.454513 -0.300306 -0.359363
v 2.272099 -0.543692 -0.359363
v 2.467210 -0.543692 -0.359363
v -2.952243 -0.303146 -2.031677
v -2.582905 -0.303146 -2.296304
v -2.833884 -0.303146 -2.211501
v -2.971911 -0.303146 -2.031677
v -2.582905 -0.303146 -2.310396
v -2.967017 -0.295413 -2.031677
v -2.971911 -0.300307 -2.031677
v -2.970479 -0.296852 -2.031677
v -2.582905 -0.300307 -2.310396
v -2.582905 -0.295413 -2.306890
v -2.582905 -0.296852 -2.309370
v -2.952243 -0.300307 -2.031677
v -2.957136 -0.295413 -2.031677
v -2.953674 -0.296852 -2.031677
v -2.582905 -0.295413 -2.299810
v -2.582905 -0.300307 -2.296304
v -2.582905 -0.296852 -2.297330
v -2.648016 -0.303146 -2.296304
v -2.687640 -0.303146 -2.294442
v -2.949644 -0.303146 -2.106719
v -2.952243 -0.303146 -2.078329
v -2.722643 -0.303146 -2.291142
v -2.760836 -0.303146 -2.283806
v -2.792213 -0.303146 -2.274497
v -2.826461 -0.303146 -2.260327
v -2.853396 -0.303146 -2.245516
v -2.881358 -0.303146 -2.225482
v -2.902038 -0.303146 -2.206183
v -2.921807 -0.303146 -2.181644
v -2.934800 -0.303146 -2.159163
v -2.945038 -0.303146 -2.131799
v -2.649308 -0.536550 -2.310396
v -2.688924 -0.536550 -2.308534
v -2.969312 -0.536550 -2.107639
v -2.971911 -0.536550 -2.079254
v -2.727794 -0.536550 -2.304866
v -2.765955 -0.536550 -2.297541
v -2.802148 -0.536550 -2.286799
v -2.836358 -0.536550 -2.272652
v -2.867447 -0.536550 -2.255561
v -2.895378 -0.536550 -2.235549
v -2.919232 -0.536550 -2.213274
v -2.938977 -0.536550 -2.188763
v -2.953970 -0.536550 -2.162831
v -2.964201 -0.536550 -2.135489
v -2.765955 -0.303146 -2.297541
v -2.727794 -0.303146 -2.304872
v -2.688924 -0.303146 -2.308534
v -2.649308 -0.303146 -2.310396
v -2.836365 -0.303146 -2.272646
v -2.802148 -0.303146 -2.286799
v -2.895378 -0.303146 -2.235543
v -2.867439 -0.303146 -2.255561
v -2.938977 -0.303146 -2.188763
v -2.919224 -0.303146 -2.213279
v -2.964201 -0.303146 -2.135489
v -2.953970 -0.303146 -2.162831
v -2.971911 -0.303146 -2.079254
v -2.969312 -0.303146 -2.107639
v -2.727786 -0.300307 -2.304872
v -2.765963 -0.300307 -2.297541
v -2.764703 -0.295413 -2.294119
v -2.726487 -0.295413 -2.301455
v -2.727397 -0.296852 -2.303863
v -2.765598 -0.296852 -2.296527
v -2.688613 -0.295413 -2.305028
v -2.648981 -0.295413 -2.306890
v -2.649308 -0.300307 -2.310396
v -2.688924 -0.300307 -2.308534
v -2.649207 -0.296852 -2.309365
v -2.688839 -0.296852 -2.307503
v -2.802141 -0.300307 -2.286805
v -2.836373 -0.300307 -2.272646
v -2.833923 -0.295413 -2.269575
v -2.799651 -0.295413 -2.283745
v -2.801402 -0.296852 -2.285897
v -2.835650 -0.296852 -2.271732
v -2.867432 -0.300307 -2.255566
v -2.895386 -0.300307 -2.235538
v -2.891908 -0.295413 -2.233029
v -2.863930 -0.295413 -2.253075
v -2.866389 -0.296852 -2.254831
v -2.894359 -0.296852 -2.234791
v -2.919224 -0.300307 -2.213284
v -2.938985 -0.300307 -2.188757
v -2.934714 -0.295413 -2.186974
v -2.914937 -0.295413 -2.211529
v -2.917948 -0.296852 -2.212766
v -2.937717 -0.296852 -2.188228
v -2.953970 -0.300307 -2.162837
v -2.964201 -0.300307 -2.135483
v -2.959432 -0.295413 -2.134552
v -2.949193 -0.295413 -2.161933
v -2.952554 -0.296852 -2.162575
v -2.962793 -0.296852 -2.135204
v -2.969312 -0.300307 -2.107639
v -2.971911 -0.300307 -2.079254
v -2.967017 -0.295413 -2.079020
v -2.964419 -0.295413 -2.107416
v -2.967873 -0.296852 -2.107578
v -2.970472 -0.296852 -2.079182
v -2.723904 -0.295413 -2.294559
v -2.762127 -0.295413 -2.287218
v -2.760844 -0.300307 -2.283806
v -2.722636 -0.300307 -2.291142
v -2.723009 -0.296852 -2.292151
v -2.761225 -0.296852 -2.284815
v -2.687640 -0.300307 -2.294442
v -2.648016 -0.300307 -2.296304
v -2.648335 -0.295413 -2.299810
v -2.687967 -0.295413 -2.297948
v -2.648110 -0.296852 -2.297335
v -2.687734 -0.296852 -2.295473
v -2.794664 -0.295413 -2.277563
v -2.828935 -0.295413 -2.263387
v -2.826461 -0.300307 -2.260327
v -2.792213 -0.300307 -2.274497
v -2.792937 -0.296852 -2.275405
v -2.827201 -0.296852 -2.261235
v -2.856882 -0.295413 -2.248024
v -2.884859 -0.295413 -2.227979
v -2.881366 -0.300307 -2.225482
v -2.853396 -0.300307 -2.245521
v -2.854423 -0.296852 -2.246263
v -2.882401 -0.296852 -2.226217
v -2.906301 -0.295413 -2.207955
v -2.926086 -0.295413 -2.183400
v -2.921807 -0.300307 -2.181644
v -2.902030 -0.300307 -2.206183
v -2.903298 -0.296852 -2.206707
v -2.923075 -0.296852 -2.182163
v -2.939561 -0.295413 -2.160088
v -2.949808 -0.295413 -2.132701
v -2.945038 -0.300307 -2.131793
v -2.934800 -0.300307 -2.159168
v -2.936208 -0.296852 -2.159442
v -2.946447 -0.296852 -2.132060
v -2.954538 -0.295413 -2.106953
v -2.957136 -0.295413 -2.078557
v -2.952243 -0.300307 -2.078329
v -2.949644 -0.300307 -2.106719
v -2.951083 -0.296852 -2.106786
v -2.953682 -0.296852 -2.078396
v -2.762859 -0.543693 -2.039582
v -2.971911 -0.536550 -2.031677
v -2.593937 -0.543693 -2.160612
v -2.582905 -0.536550 -2.310396
v -2.971911 -0.543693 -2.079254
v -2.969312 -0.543693 -2.107639
v -2.953970 -0.543693 -2.162831
v -2.964201 -0.543693 -2.135489
v -2.919232 -0.543693 -2.213274
v -2.938977 -0.543693 -2.188763
v -2.867447 -0.543693 -2.255561
v -2.895378 -0.543693 -2.235549
v -2.802148 -0.543693 -2.286799
v -2.836358 -0.543693 -2.272652
v -2.727794 -0.543693 -2.304866
v -2.765955 -0.543693 -2.297541
v -2.649308 -0.543693 -2.310396
v -2.688924 -0.543693 -2.308534
v -2.583270 -0.543693 -2.305401
v -2.964940 -0.543693 -2.031939
v -0.248865 -0.536550 -2.310396
v -0.248865 -0.303146 -2.211501
v -0.248865 -0.303146 -2.310396
v -0.248865 -0.543693 -2.165607
v -0.248865 -0.303146 -2.296304
v -0.248865 -0.300307 -2.310396
v -0.248865 -0.296852 -2.309370
v -0.248865 -0.295413 -2.306890
v -0.248865 -0.295413 -2.299810
v -0.248865 -0.296852 -2.297330
v -0.248865 -0.300307 -2.296304
v -2.971911 -0.303146 -0.359363
v -2.833884 -0.303146 -0.359363
v -2.971911 -0.536550 -0.359363
v -2.952243 -0.303146 -0.359363
v -2.971911 -0.300306 -0.359363
v -2.970479 -0.296852 -0.359363
v -2.967017 -0.295413 -0.359363
v -2.957136 -0.295413 -0.359363
v -2.953674 -0.296852 -0.359363
v -2.952243 -0.300306 -0.359363
v -2.769830 -0.543692 -0.359363
v -0.248865 -0.303146 -0.359363
v -0.248865 -0.543693 -2.305401
v -2.964940 -0.543692 -0.359363
v 2.471924 -0.541350 1.312594
v 2.471924 -0.541319 -0.359363
v 2.471924 -0.541351 -2.031320
v 2.084676 -0.541351 -2.308779
v -0.248865 -0.541320 -2.308779
v -2.582407 -0.541351 -2.308779
v -2.969655 -0.541350 1.312594
v -2.969655 -0.541319 -0.359363
v -2.969655 -0.541351 -2.031320
v 2.084676 -0.541350 1.590053
v -0.248865 -0.541319 1.590053
v -2.582407 -0.541350 1.590053
v 2.471582 -2.969770 1.388913
v 2.471582 -0.600113 1.388913
v 2.471582 -2.179885 1.388913
v 2.471582 -1.389999 1.388913
v 2.456240 -2.969770 1.444105
v 2.456240 -0.600113 1.444104
v 2.456240 -2.179885 1.444105
v 2.456240 -1.389999 1.444105
v 2.421501 -2.969770 1.494547
v 2.421501 -0.600113 1.494547
v 2.421501 -2.179885 1.494547
v 2.421501 -1.389999 1.494547
v 2.369717 -2.969770 1.536834
v 2.369717 -0.600113 1.536834
v 2.369717 -2.179885 1.536834
v 2.369717 -1.389999 1.536834
v 2.304426 -2.969770 1.568073
v 2.304418 -0.600113 1.568073
v 2.304418 -2.179885 1.568073
v 2.304418 -1.389999 1.568073
v 2.230071 -2.969770 1.586140
v 2.230064 -0.600113 1.586140
v 2.230071 -2.179885 1.586140
v 2.230071 -1.389999 1.586140
v 2.151578 -0.600113 1.591669
v 2.151578 -2.969770 1.591670
v 2.151578 -1.389999 1.591670
v 2.151578 -2.179885 1.591670
v 2.474181 -2.969770 1.360528
v 2.474181 -0.600113 1.360528
v 2.474181 -2.179885 1.360528
v 2.474181 -1.389999 1.360528
v 2.466471 -0.600113 1.416762
v 2.466463 -2.969770 1.416768
v 2.466471 -1.389999 1.416768
v 2.466463 -2.179885 1.416768
v 2.441247 -0.600113 1.470036
v 2.441247 -2.969770 1.470042
v 2.441247 -1.389999 1.470037
v 2.441247 -2.179885 1.470037
v 2.397647 -0.600113 1.516822
v 2.397647 -2.969770 1.516823
v 2.397647 -1.389999 1.516822
v 2.397647 -2.179885 1.516822
v 2.338627 -0.600113 1.553925
v 2.338627 -2.969770 1.553926
v 2.338627 -1.389999 1.553925
v 2.338627 -2.179885 1.553925
v 2.268225 -0.600113 1.578815
v 2.268225 -2.969770 1.578815
v 2.268225 -1.389999 1.578815
v 2.268225 -2.179885 1.578815
v 2.191194 -0.600113 1.589808
v 2.191194 -2.969770 1.589808
v 2.191194 -1.389999 1.589808
v 2.191194 -2.179885 1.589808
v -2.969312 -0.600113 1.388913
v -2.969312 -2.969770 1.388913
v -2.969312 -1.389999 1.388913
v -2.969312 -2.179885 1.388913
v -2.953970 -0.600113 1.444104
v -2.953970 -2.969770 1.444105
v -2.953970 -1.389999 1.444105
v -2.953970 -2.179885 1.444105
v -2.919232 -0.600113 1.494547
v -2.919232 -2.969770 1.494547
v -2.919232 -1.389999 1.494547
v -2.919232 -2.179885 1.494547
v -2.867447 -0.600113 1.536834
v -2.867447 -2.969770 1.536834
v -2.867447 -1.389999 1.536834
v -2.867447 -2.179885 1.536834
v -2.802148 -0.600113 1.568073
v -2.802156 -2.969770 1.568073
v -2.802148 -1.389999 1.568073
v -2.802148 -2.179885 1.568073
v -2.727794 -0.600113 1.586140
v -2.727802 -2.969770 1.586140
v -2.727802 -1.389999 1.586140
v -2.727802 -2.179885 1.586140
v -2.649308 -2.969770 1.591670
v -2.649308 -0.600113 1.591669
v -2.649308 -2.179885 1.591670
v -2.649308 -1.389999 1.591670
v -2.971911 -0.600113 1.360528
v -2.971911 -2.969770 1.360528
v -2.971911 -1.389999 1.360528
v -2.971911 -2.179885 1.360528
v -2.964193 -2.969770 1.416768
v -2.964201 -0.600113 1.416762
v -2.964193 -2.179885 1.416768
v -2.964201 -1.389999 1.416768
v -2.938977 -2.969770 1.470042
v -2.938977 -0.600113 1.470036
v -2.938977 -2.179885 1.470037
v -2.938977 -1.389999 1.470037
v -2.895378 -2.969770 1.516823
v -2.895378 -0.600113 1.516822
v -2.895378 -2.179885 1.516822
v -2.895378 -1.389999 1.516822
v -2.836358 -2.969770 1.553926
v -2.836358 -0.600113 1.553925
v -2.836358 -2.179885 1.553925
v -2.836358 -1.389999 1.553925
v -2.765955 -2.969770 1.578815
v -2.765955 -0.600113 1.578815
v -2.765955 -2.179885 1.578815
v -2.765955 -1.389999 1.578815
v -2.688924 -2.969770 1.589808
v -2.688924 -0.600113 1.589808
v -2.688924 -2.179885 1.589808
v -2.688924 -1.389999 1.589808
v -2.969312 -2.969771 -2.107639
v -2.969312 -0.600114 -2.107639
v -2.969312 -2.179885 -2.107639
v -2.969312 -1.389999 -2.107639
v -2.953970 -2.969771 -2.162831
v -2.953970 -0.600114 -2.162831
v -2.953970 -2.179885 -2.162831
v -2.953970 -1.389999 -2.162831
v -2.919232 -2.969771 -2.213273
v -2.919232 -0.600114 -2.213274
v -2.919232 -2.179885 -2.213273
v -2.919232 -1.389999 -2.213273
v -2.867447 -2.969771 -2.255560
v -2.867447 -0.600114 -2.255561
v -2.867447 -2.179885 -2.255561
v -2.867447 -1.389999 -2.255561
v -2.802156 -2.969771 -2.286799
v -2.802148 -0.600114 -2.286799
v -2.802148 -2.179885 -2.286799
v -2.802148 -1.389999 -2.286799
v -2.727802 -2.969771 -2.304866
v -2.727794 -0.600114 -2.304866
v -2.727802 -2.179885 -2.304866
v -2.727802 -1.389999 -2.304866
v -2.649308 -0.600114 -2.310396
v -2.649308 -2.969771 -2.310396
v -2.649308 -1.389999 -2.310396
v -2.649308 -2.179885 -2.310396
v -2.971911 -2.969771 -2.079254
v -2.971911 -0.600114 -2.079254
v -2.971911 -2.179885 -2.079254
v -2.971911 -1.389999 -2.079254
v -2.964201 -0.600114 -2.135489
v -2.964193 -2.969771 -2.135494
v -2.964201 -1.389999 -2.135494
v -2.964193 -2.179885 -2.135494
v -2.938977 -0.600114 -2.188763
v -2.938977 -2.969771 -2.188768
v -2.938977 -1.389999 -2.188763
v -2.938977 -2.179885 -2.188763
v -2.895378 -0.600114 -2.235549
v -2.895378 -2.969771 -2.235548
v -2.895378 -1.389999 -2.235549
v -2.895378 -2.179885 -2.235549
v -2.836358 -0.600114 -2.272652
v -2.836358 -2.969771 -2.272651
v -2.836358 -1.389999 -2.272652
v -2.836358 -2.179885 -2.272652
v -2.765955 -0.600114 -2.297541
v -2.765955 -2.969771 -2.297541
v -2.765955 -1.389999 -2.297541
v -2.765955 -2.179885 -2.297541
v -2.688924 -0.600114 -2.308534
v -2.688924 -2.969771 -2.308534
v -2.688924 -1.389999 -2.308534
v -2.688924 -2.179885 -2.308534
v 2.471582 -0.600114 -2.107639
v 2.471582 -2.969771 -2.107639
v 2.471582 -1.389999 -2.107639
v 2.471582 -2.179885 -2.107639
v 2.456240 -0.600114 -2.162831
v 2.456240 -2.969771 -2.162831
v 2.456240 -1.389999 -2.162831
v 2.456240 -2.179885 -2.162831
v 2.421501 -0.600114 -2.213274
v 2.421501 -2.969771 -2.213273
v 2.421501 -1.389999 -2.213273
v 2.421501 -2.179885 -2.213273
v 2.369717 -0.600114 -2.255561
v 2.369717 -2.969771 -2.255560
v 2.369717 -1.389999 -2.255561
v 2.369717 -2.179885 -2.255561
v 2.304418 -0.600114 -2.286799
v 2.304426 -2.969771 -2.286799
v 2.304418 -1.389999 -2.286799
v 2.304418 -2.179885 -2.286799
v 2.230064 -0.600114 -2.304866
v 2.230071 -2.969771 -2.304866
v 2.230071 -1.389999 -2.304866
v 2.230071 -2.179885 -2.304866
v 2.151578 -2.969771 -2.310396
v 2.151578 -0.600114 -2.310396
v 2.151578 -2.179885 -2.310396
v 2.151578 -1.389999 -2.310396
v 2.474181 -0.600114 -2.079254
v 2.474181 -2.969771 -2.079254
v 2.474181 -1.389999 -2.079254
v 2.474181 -2.179885 -2.079254
v 2.466463 -2.969771 -2.135494
v 2.466471 -0.600114 -2.135489
v 2.466463 -2.179885 -2.135494
v 2.466471 -1.389999 -2.135494
v 2.441247 -2.969771 -2.188768
v 2.441247 -0.600114 -2.188763
v 2.441247 -2.179885 -2.188763
v 2.441247 -1.389999 -2.188763
v 2.397647 -2.969771 -2.235548
v 2.397647 -0.600114 -2.235549
v 2.397647 -2.179885 -2.235549
v 2.397647 -1.389999 -2.235549
v 2.338627 -2.969771 -2.272651
v 2.338627 -0.600114 -2.272652
v 2.338627 -2.179885 -2.272652
v 2.338627 -1.389999 -2.272652
v 2.268225 -2.969771 -2.297541
v 2.268225 -0.600114 -2.297541
v 2.268225 -2.179885 -2.297541
v 2.268225 -1.389999 -2.297541
v 2.191194 -2.969771 -2.308534
v 2.191194 -0.600114 -2.308534
v 2.191194 -2.179885 -2.308534
v 2.191194 -1.389999 -2.308534
v 2.265129 -2.969771 -2.039581
v 2.265129 -0.600114 -2.039582
v 2.265129 -2.179885 -2.039581
v 2.265129 -1.389999 -2.039581
v 2.096206 -0.600114 -2.160612
v 2.096206 -2.969771 -2.160612
v 2.096206 -1.389999 -2.160612
v 2.096206 -2.179885 -2.160612
v 2.265129 -0.600113 1.320855
v 2.265129 -2.969770 1.320855
v 2.265129 -1.389999 1.320855
v 2.265129 -2.179885 1.320855
v 2.096206 -2.969770 1.441886
v 2.096206 -0.600113 1.441886
v 2.096206 -2.179885 1.441886
v 2.096206 -1.389999 1.441886
v -2.762859 -2.969770 1.320855
v -2.762859 -0.600113 1.320855
v -2.762859 -2.179885 1.320855
v -2.762859 -1.389999 1.320855
v -2.593937 -0.600113 1.441886
v -2.593937 -2.969770 1.441886
v -2.593937 -1.389999 1.441886
v -2.593937 -2.179885 1.441886
v -2.762859 -0.600114 -2.039582
v -2.762859 -2.969771 -2.039581
v -2.762859 -1.389999 -2.039581
v -2.762859 -2.179885 -2.039581
v -2.593937 -2.969771 -2.160612
v -2.593937 -0.600114 -2.160612
v -2.593937 -2.179885 -2.160612
v -2.593937 -1.389999 -2.160612
v 2.085306 -0.543692 1.589880
v 2.087672 -0.543692 1.591669
v 2.085944 -0.543692 1.591145
v 2.474181 -0.543692 1.314740
v 2.471683 -0.543692 1.313045
v 2.473449 -0.543692 1.313502
v -2.585402 -0.543692 1.591669
v -2.583037 -0.543692 1.589880
v -2.583674 -0.543692 1.591145
v -2.969414 -0.543692 1.313045
v -2.971911 -0.543692 1.314740
v -2.971179 -0.543692 1.313502
v 2.087672 -0.543693 -2.310396
v 2.085306 -0.543693 -2.308606
v 2.085944 -0.543693 -2.309872
v 2.471683 -0.543693 -2.031772
v 2.474181 -0.543693 -2.033466
v 2.473449 -0.543693 -2.032229
v -2.583037 -0.543693 -2.308606
v -2.585402 -0.543693 -2.310396
v -2.583674 -0.543693 -2.309872
v -2.971911 -0.543693 -2.033466
v -2.969414 -0.543693 -2.031772
v -2.971179 -0.543693 -2.032229
v 2.087672 -0.600113 1.591669
v 2.085306 -0.600113 1.589880
v 2.085944 -0.600113 1.591145
v 2.085306 -2.969770 1.589880
v 2.087672 -2.969770 1.591670
v 2.085944 -2.969770 1.591146
v 2.087672 -1.389999 1.591670
v 2.085306 -1.389999 1.589880
v 2.085944 -1.389999 1.591146
v 2.087672 -2.179885 1.591670
v 2.085306 -2.179885 1.589880
v 2.085944 -2.179885 1.591146
v 2.474181 -2.969770 1.314740
v 2.471683 -2.969770 1.313046
v 2.473449 -2.969770 1.313503
v 2.471683 -0.600113 1.313045
v 2.474181 -0.600113 1.314740
v 2.473449 -0.600113 1.313502
v 2.471683 -2.179885 1.313045
v 2.474181 -2.179885 1.314740
v 2.473449 -2.179885 1.313502
v 2.471683 -1.389999 1.313045
v 2.474181 -1.389999 1.314740
v 2.473449 -1.389999 1.313502
v -2.585402 -2.969770 1.591670
v -2.583037 -2.969770 1.589880
v -2.583674 -2.969770 1.591146
v -2.583037 -0.600113 1.589880
v -2.585402 -0.600113 1.591669
v -2.583674 -0.600113 1.591145
v -2.583037 -2.179885 1.589880
v -2.585402 -2.179885 1.591670
v -2.583674 -2.179885 1.591146
v -2.583037 -1.389999 1.589880
v -2.585402 -1.389999 1.591670
v -2.583674 -1.389999 1.591146
v -2.971911 -0.600113 1.314740
v -2.969414 -0.600113 1.313045
v -2.971179 -0.600113 1.313502
v -2.969414 -2.969770 1.313046
v -2.971911 -2.969770 1.314740
v -2.971179 -2.969770 1.313503
v -2.971911 -1.389999 1.314740
v -2.969414 -1.389999 1.313045
v -2.971179 -1.389999 1.313502
v -2.971911 -2.179885 1.314740
v -2.969414 -2.179885 1.313045
v -2.971179 -2.179885 1.313502
v -2.585402 -0.600114 -2.310396
v -2.583037 -0.600114 -2.308606
v -2.583674 -0.600114 -2.309872
v -2.583037 -2.969771 -2.308606
v -2.585402 -2.969771 -2.310396
v -2.583674 -2.969771 -2.309872
v -2.585402 -1.389999 -2.310396
v -2.583037 -1.389999 -2.308606
v -2.583674 -1.389999 -2.309872
v -2.585402 -2.179885 -2.310396
v -2.583037 -2.179885 -2.308606
v -2.583674 -2.179885 -2.309872
v -2.971911 -2.969771 -2.033466
v -2.969414 -2.969771 -2.031771
v -2.971179 -2.969771 -2.032228
v -2.969414 -0.600114 -2.031772
v -2.971911 -0.600114 -2.033466
v -2.971179 -0.600114 -2.032229
v -2.969414 -2.179885 -2.031772
v -2.971911 -2.179885 -2.033466
v -2.971179 -2.179885 -2.032229
v -2.969414 -1.389999 -2.031772
v -2.971911 -1.389999 -2.033466
v -2.971179 -1.389999 -2.032229
v 2.087672 -2.969771 -2.310396
v 2.085306 -2.969771 -2.308606
v 2.085944 -2.969771 -2.309872
v 2.085306 -0.600114 -2.308606
v 2.087672 -0.600114 -2.310396
v 2.085944 -0.600114 -2.309872
v 2.085306 -2.179885 -2.308606
v 2.087672 -2.179885 -2.310396
v 2.085944 -2.179885 -2.309872
v 2.085306 -1.389999 -2.308606
v 2.087672 -1.389999 -2.310396
v 2.085944 -1.389999 -2.309872
v 2.474181 -0.600114 -2.033466
v 2.471683 -0.600114 -2.031772
v 2.473449 -0.600114 -2.032229
v 2.471683 -2.969771 -2.031771
v 2.474181 -2.969771 -2.033466
v 2.473449 -2.969771 -2.032228
v 2.474181 -1.389999 -2.033466
v 2.471683 -1.389999 -2.031772
v 2.473449 -1.389999 -2.032229
v 2.474181 -2.179885 -2.033466
v 2.471683 -2.179885 -2.031772
v 2.473449 -2.179885 -2.032229
v 2.097723 -3.026192 1.442371
v 2.096206 -3.024636 1.441886
v 2.265805 -3.026192 1.321942
v 2.265129 -3.024636 1.320855
v 2.472625 -3.026192 1.360489
v 2.474181 -3.024636 1.360528
v 2.471582 -3.024636 1.388913
v 2.470034 -3.026192 1.388807
v 2.191046 -3.026192 1.588699
v 2.191194 -3.024636 1.589808
v 2.151523 -3.026192 1.590555
v 2.151578 -3.024636 1.591670
v 2.464938 -3.026192 1.416551
v 2.466463 -3.024636 1.416768
v 2.456240 -3.024636 1.444105
v 2.454769 -3.026192 1.443742
v 2.439847 -3.026192 1.469546
v 2.441247 -3.024636 1.470042
v 2.421501 -3.024636 1.494547
v 2.420202 -3.026192 1.493929
v 2.396473 -3.026192 1.516087
v 2.397647 -3.024636 1.516823
v 2.369717 -3.024636 1.536834
v 2.368690 -3.026192 1.535993
v 2.337764 -3.026192 1.552995
v 2.338627 -3.024636 1.553926
v 2.304426 -3.024636 1.568073
v 2.303734 -3.026192 1.567070
v 2.267719 -3.026192 1.577762
v 2.268225 -3.024636 1.578815
v 2.230071 -3.024636 1.586140
v 2.229768 -3.026192 1.585047
v -2.595454 -3.026192 1.442371
v -2.593937 -3.024636 1.441886
v -2.763536 -3.026192 1.321942
v -2.762859 -3.024636 1.320855
v -2.970355 -3.026192 1.360489
v -2.971911 -3.024636 1.360528
v -2.967764 -3.026192 1.388807
v -2.969312 -3.024636 1.388913
v -2.688924 -3.024636 1.589808
v -2.688776 -3.026192 1.588699
v -2.649253 -3.026192 1.590555
v -2.649308 -3.024636 1.591670
v -2.964193 -3.024636 1.416768
v -2.962668 -3.026192 1.416551
v -2.952500 -3.026192 1.443742
v -2.953970 -3.024636 1.444105
v -2.938977 -3.024636 1.470042
v -2.937577 -3.026192 1.469546
v -2.917933 -3.026192 1.493929
v -2.919232 -3.024636 1.494547
v -2.895378 -3.024636 1.516823
v -2.894203 -3.026192 1.516087
v -2.866420 -3.026192 1.535993
v -2.867447 -3.024636 1.536834
v -2.836358 -3.024636 1.553926
v -2.835494 -3.026192 1.552995
v -2.801464 -3.026192 1.567070
v -2.802156 -3.024636 1.568073
v -2.765955 -3.024636 1.578815
v -2.765450 -3.026192 1.577762
v -2.727498 -3.026192 1.585047
v -2.727802 -3.024636 1.586140
v 2.097723 -3.026192 -2.161097
v 2.096206 -3.024636 -2.160612
v 2.265805 -3.026192 -2.040668
v 2.265129 -3.024636 -2.039581
v 2.472625 -3.026192 -2.079215
v 2.474181 -3.024636 -2.079254
v 2.470034 -3.026192 -2.107533
v 2.471582 -3.024636 -2.107639
v 2.191194 -3.024636 -2.308534
v 2.191046 -3.026192 -2.307425
v 2.151523 -3.026192 -2.309281
v 2.151578 -3.024636 -2.310396
v 2.466463 -3.024636 -2.135494
v 2.464938 -3.026192 -2.135277
v 2.454769 -3.026192 -2.162468
v 2.456240 -3.024636 -2.162831
v 2.441247 -3.024636 -2.188768
v 2.439847 -3.026192 -2.188272
v 2.420202 -3.026192 -2.212655
v 2.421501 -3.024636 -2.213273
v 2.397647 -3.024636 -2.235548
v 2.396473 -3.026192 -2.234813
v 2.368690 -3.026192 -2.254719
v 2.369717 -3.024636 -2.255560
v 2.338627 -3.024636 -2.272651
v 2.337764 -3.026192 -2.271721
v 2.303734 -3.026192 -2.285796
v 2.304426 -3.024636 -2.286799
v 2.268225 -3.024636 -2.297541
v 2.267719 -3.026192 -2.296488
v 2.229768 -3.026192 -2.303773
v 2.230071 -3.024636 -2.304866
v -2.595454 -3.026192 -2.161097
v -2.593937 -3.024636 -2.160612
v -2.763536 -3.026192 -2.040668
v -2.762859 -3.024636 -2.039581
v -2.970355 -3.026192 -2.079215
v -2.971911 -3.024636 -2.079254
v -2.969312 -3.024636 -2.107639
v -2.967764 -3.026192 -2.107533
v -2.688776 -3.026192 -2.307425
v -2.688924 -3.024636 -2.308534
v -2.649253 -3.026192 -2.309281
v -2.649308 -3.024636 -2.310396
v -2.962668 -3.026192 -2.135277
v -2.964193 -3.024636 -2.135494
v -2.953970 -3.024636 -2.162831
v -2.952500 -3.026192 -2.162468
v -2.937577 -3.026192 -2.188272
v -2.938977 -3.024636 -2.188768
v -2.919232 -3.024636 -2.213273
v -2.917933 -3.026192 -2.212655
v -2.894203 -3.026192 -2.234813
v -2.895378 -3.024636 -2.235548
v -2.867447 -3.024636 -2.255560
v -2.866420 -3.026192 -2.254719
v -2.835494 -3.026192 -2.271721
v -2.836358 -3.024636 -2.272651
v -2.802156 -3.024636 -2.286799
v -2.801464 -3.026192 -2.285796
v -2.765450 -3.026192 -2.296488
v -2.765955 -3.024636 -2.297541
v -2.727802 -3.024636 -2.304866
v -2.727498 -3.026192 -2.303773
v 2.087991 -3.026192 1.590555
v 2.087672 -3.024636 1.591670
v 2.086878 -3.026192 1.589713
v 2.085306 -3.024636 1.589880
v 2.087174 -3.026192 1.590310
v 2.085944 -3.024636 1.591146
v 2.471450 -3.026192 1.314172
v 2.471683 -3.024636 1.313046
v 2.472625 -3.026192 1.314969
v 2.474181 -3.024636 1.314740
v 2.472282 -3.026192 1.314383
v 2.473449 -3.024636 1.313503
v -2.584608 -3.026192 1.589713
v -2.583037 -3.024636 1.589880
v -2.585721 -3.026192 1.590555
v -2.585402 -3.024636 1.591670
v -2.584904 -3.026192 1.590310
v -2.583674 -3.024636 1.591146
v -2.970355 -3.026192 1.314969
v -2.971911 -3.024636 1.314740
v -2.969180 -3.026192 1.314172
v -2.969414 -3.024636 1.313046
v -2.970013 -3.026192 1.314383
v -2.971179 -3.024636 1.313503
v 2.086878 -3.026192 -2.308439
v 2.085306 -3.024636 -2.308606
v 2.087991 -3.026192 -2.309281
v 2.087672 -3.024636 -2.310396
v 2.087174 -3.026192 -2.309036
v 2.085944 -3.024636 -2.309872
v 2.472625 -3.026192 -2.033695
v 2.474181 -3.024636 -2.033466
v 2.471450 -3.026192 -2.032897
v 2.471683 -3.024636 -2.031771
v 2.472282 -3.026192 -2.033109
v 2.473449 -3.024636 -2.032228
v -2.585721 -3.026192 -2.309281
v -2.585402 -3.024636 -2.310396
v -2.584608 -3.026192 -2.308439
v -2.583037 -3.024636 -2.308606
v -2.584904 -3.026192 -2.309036
v -2.583674 -3.024636 -2.309872
v -2.969180 -3.026192 -2.032897
v -2.969414 -3.024636 -2.031771
v -2.970355 -3.026192 -2.033695
v -2.971911 -3.024636 -2.033466
v -2.970013 -3.026192 -2.033109
v -2.971179 -3.024636 -2.032228
vn -0.0192 0.5746 -0.8182
vn -0.0000 0.5824 -0.8129
vn -0.0000 0.1413 -0.9900
vn -0.0231 0.1425 -0.9895
vn -0.0000 1.0000 -0.0000
vn 0.2363 -0.0002 0.9717
vn 0.2363 -0.0000 0.9717
vn 0.3331 -0.0000 0.9429
vn 0.3332 -0.0000 0.9429
vn 0.9880 -0.1183 -0.0988
vn 0.9692 -0.0272 -0.2448
vn 0.5873 -0.0706 -0.8063
vn -0.9641 -0.1121 0.2406
vn -0.5014 -0.4560 0.7353
vn -0.7606 -0.6360 0.1302
vn 0.0704 -0.0000 0.9975
vn 0.1411 -0.0000 0.9900
vn 0.1400 0.1435 0.9797
vn 0.0696 0.1420 0.9874
vn -0.0000 -0.1584 0.9874
vn -0.0511 -0.0854 0.9950
vn -0.0000 -0.0000 1.0000
vn 0.9907 -0.0000 0.1361
vn 0.9636 -0.0000 0.2675
vn 0.0235 -0.0000 0.9997
vn -0.1286 -0.0199 0.9915
vn -0.1439 -0.0000 0.9896
vn 0.5320 -0.0000 0.8467
vn 0.4318 -0.0000 0.9020
vn 0.7314 -0.0000 0.6820
vn 0.6327 -0.0000 0.7744
vn 0.9037 -0.0000 0.4282
vn 0.8238 -0.0000 0.5669
vn 1.0000 -0.0000 -0.0000
vn 0.9990 -0.0000 0.0457
vn -0.0000 0.1411 0.9900
vn -0.0000 0.1412 0.9900
vn -0.7071 0.7071 -0.0000
vn -0.7138 0.6996 -0.0326
vn -0.9795 0.1965 -0.0445
vn -0.9807 0.1954 -0.0000
vn 0.5527 0.6547 0.5156
vn 0.4871 0.6383 0.5961
vn 0.6235 0.1665 0.7639
vn 0.7206 0.1738 0.6713
vn 0.0191 0.5786 0.8154
vn -0.0000 0.5825 0.8128
vn 0.0233 0.1413 0.9897
vn -0.6661 0.6758 -0.3155
vn -0.6178 0.6614 -0.4252
vn -0.8100 0.1841 -0.5568
vn -0.8868 0.1910 -0.4209
vn -0.5588 0.6451 -0.5211
vn -0.4920 0.6286 -0.6023
vn -0.6239 0.1693 -0.7629
vn -0.7194 0.1764 -0.6718
vn 0.6326 0.0002 0.7744
vn 0.7314 0.0001 0.6820
vn -0.4205 0.6126 -0.6692
vn -0.3460 0.5984 -0.7226
vn -0.4269 0.1566 -0.8906
vn -0.5246 0.1623 -0.8357
vn -0.2699 0.5862 -0.7639
vn -0.1930 0.5769 -0.7937
vn -0.2341 0.1483 -0.9608
vn -0.3289 0.1519 -0.9321
vn -0.2632 0.6130 -0.7450
vn -0.1885 0.6037 -0.7746
vn -0.0588 0.9681 -0.2436
vn -0.0820 0.9696 -0.2306
vn -0.0364 0.9669 -0.2524
vn -0.0183 0.9651 -0.2613
vn 0.0193 0.9622 0.2716
vn 0.0383 0.9615 0.2722
vn -0.1950 0.9808 -0.0000
vn -0.1952 0.9808 -0.0000
vn 0.1951 0.9808 -0.0000
vn 0.4318 -0.0001 0.9020
vn 0.5321 0.0002 0.8467
vn 0.5256 0.1599 0.8356
vn 0.4263 0.1541 0.8914
vn 0.0063 0.9621 0.2725
vn -0.0000 0.9636 0.2675
vn 0.8237 -0.0000 0.5670
vn 0.9037 -0.0003 0.4282
vn 0.8878 0.1881 0.4200
vn 0.8098 0.1812 0.5580
vn 0.9635 -0.0000 0.2676
vn 0.9717 0.1950 0.1333
vn 0.9452 0.1932 0.2631
vn 0.9807 0.1954 -0.0000
vn 0.9797 0.1953 0.0450
vn 0.2675 0.5959 0.7572
vn 0.1916 0.5865 0.7870
vn 0.2334 0.1461 0.9613
vn 0.3297 0.1494 0.9322
vn 0.6584 0.6848 0.3122
vn 0.6109 0.6710 0.4203
vn -0.7093 0.6982 -0.0975
vn -0.7009 0.6862 -0.1947
vn -0.9451 0.1960 -0.2616
vn -0.9714 0.1965 -0.1337
vn -0.0576 0.5754 -0.8158
vn -0.1160 0.5704 -0.8131
vn 0.7052 0.7023 0.0971
vn 0.6926 0.6953 0.1921
vn 0.7071 0.7072 -0.0000
vn 0.7098 0.7036 0.0325
vn 0.9037 -0.0000 0.4281
vn 0.8423 -0.3624 0.3991
vn 0.8945 -0.3718 0.2483
vn 0.9621 -0.0000 -0.2725
vn 0.9241 -0.3798 0.0423
vn 0.8958 -0.3650 -0.2536
vn -0.0000 0.5824 0.8129
vn -0.0000 0.9635 0.2676
vn 0.0646 0.9626 0.2630
vn 0.0878 0.9642 0.2502
vn 0.0574 0.5796 0.8129
vn 0.1149 0.5798 0.8066
vn -0.1226 0.9733 -0.1942
vn -0.1023 0.9713 -0.2148
vn 0.1115 0.9664 0.2316
vn 0.1317 0.9686 0.2107
vn 0.3430 0.6078 0.7162
vn 0.4164 0.6223 0.6628
vn -0.1549 0.9774 -0.1437
vn -0.1393 0.9753 -0.1713
vn 0.1514 0.9711 0.1843
vn 0.1673 0.9734 0.1568
vn -0.1769 0.9807 -0.0832
vn -0.1670 0.9792 -0.1156
vn 0.1814 0.9756 0.1239
vn 0.1913 0.9773 0.0915
vn -0.1904 0.9814 -0.0260
vn -0.1832 0.9817 -0.0515
vn 0.1985 0.9786 0.0544
vn 0.1981 0.9798 0.0275
vn -0.0063 0.9650 -0.2623
vn -0.0000 0.9636 -0.2675
vn -0.1910 0.9816 -0.0089
vn 0.1989 0.9800 0.0089
vn -0.0000 0.5826 -0.8127
vn -0.0000 0.1412 -0.9900
vn -0.0000 0.9635 -0.2677
vn -0.0189 0.5875 -0.8090
vn -0.1392 0.1456 -0.9795
vn -0.0697 0.1431 -0.9873
vn -0.0569 0.5886 -0.8064
vn -0.1131 0.5973 -0.7940
vn -0.5419 0.6714 -0.5056
vn -0.4781 0.6551 -0.5851
vn -0.3372 0.6248 -0.7042
vn -0.4092 0.6390 -0.6514
vn -0.6445 0.7009 -0.3055
vn -0.5985 0.6872 -0.4118
vn -0.6972 0.7104 -0.0958
vn -0.6774 0.7112 -0.1879
vn -0.7071 0.7072 -0.0000
vn -0.7020 0.7115 -0.0320
vn 0.0750 -0.5121 -0.8556
vn 0.5337 -0.4618 -0.7085
vn 0.1267 -0.0823 -0.9885
vn 0.6884 -0.3379 0.6419
vn 0.7714 -0.3509 0.5309
vn 0.1354 -0.2828 0.9496
vn 0.0675 -0.2828 0.9568
vn 0.5053 -0.3127 0.8043
vn 0.5984 -0.3247 0.7324
vn 0.3184 -0.2937 0.9013
vn 0.4116 -0.3021 0.8598
vn 0.2264 -0.2869 0.9308
vn -0.1382 -0.2777 0.9507
vn 0.0225 -0.2824 0.9590
vn -0.5363 -0.7754 -0.3334
vn -0.8493 -0.0000 -0.5280
vn -0.9792 -0.0000 0.2028
vn 0.8493 -0.0000 -0.5280
vn 0.9793 -0.0000 0.2023
vn 0.9107 -0.3676 0.1885
vn 0.7969 -0.3455 -0.4956
vn 0.9621 -0.0000 -0.2726
vn 0.7152 -0.6989 -0.0000
vn 0.9758 -0.2185 -0.0000
vn 0.9808 0.1952 -0.0000
vn -0.7073 0.7069 -0.0000
vn -0.9808 0.1952 -0.0000
vn 0.7073 0.7070 -0.0000
vn -0.0000 -0.9498 0.3129
vn -0.0000 -1.0000 -0.0000
vn -0.0000 -0.5736 0.8192
vn -0.2164 -0.7025 -0.6780
vn 0.2298 -0.9732 -0.0000
vn 0.1057 -0.0000 -0.9944
vn -0.3040 -0.0000 -0.9527
vn 0.0192 0.5746 -0.8182
vn 0.0231 0.1425 -0.9895
vn -0.2363 -0.0000 0.9717
vn -0.3332 -0.0000 0.9429
vn -0.3331 -0.0000 0.9429
vn -0.9692 -0.0272 -0.2448
vn -0.9621 -0.0000 -0.2726
vn -0.9990 -0.0000 0.0457
vn -0.9170 -0.3785 0.1261
vn -0.8945 -0.3718 0.2483
vn -0.9636 -0.0000 0.2675
vn -0.9907 -0.0000 0.1362
vn -0.0704 -0.0000 0.9975
vn -0.0696 0.1420 0.9874
vn -0.1400 0.1435 0.9797
vn -0.1411 -0.0000 0.9900
vn 0.0511 -0.0854 0.9950
vn -0.9907 -0.0000 0.1361
vn -0.0750 -0.5121 -0.8556
vn -0.1267 -0.0823 -0.9885
vn -0.5336 -0.4618 -0.7086
vn -0.5320 -0.0000 0.8467
vn -0.4318 -0.0000 0.9020
vn -0.7314 -0.0000 0.6820
vn -0.6327 -0.0000 0.7744
vn -0.9037 -0.0000 0.4282
vn -0.8238 -0.0000 0.5669
vn -0.9880 -0.1183 -0.0988
vn -1.0000 -0.0000 -0.0000
vn -0.0000 0.1413 0.9900
vn 0.7071 0.7071 -0.0000
vn 0.9794 0.1969 -0.0446
vn 0.7138 0.6996 -0.0326
vn -0.5527 0.6547 0.5156
vn -0.7205 0.1742 0.6712
vn -0.6235 0.1665 0.7639
vn -0.4871 0.6383 0.5961
vn -0.0235 -0.0000 0.9997
vn -0.0191 0.5786 0.8154
vn -0.0233 0.1411 0.9897
vn 0.6661 0.6758 -0.3155
vn 0.8868 0.1910 -0.4209
vn 0.8100 0.1841 -0.5568
vn 0.6178 0.6614 -0.4252
vn 0.5588 0.6451 -0.5211
vn 0.7194 0.1764 -0.6718
vn 0.6239 0.1691 -0.7630
vn 0.4918 0.6290 -0.6021
vn -0.6326 0.0002 0.7744
vn -0.7314 -0.0001 0.6820
vn 0.4206 0.6125 -0.6693
vn 0.5246 0.1624 -0.8357
vn 0.4269 0.1566 -0.8906
vn 0.3460 0.5984 -0.7226
vn 0.2699 0.5862 -0.7639
vn 0.3289 0.1521 -0.9320
vn 0.2341 0.1483 -0.9608
vn 0.1930 0.5769 -0.7937
vn 0.2631 0.6131 -0.7449
vn 0.0820 0.9696 -0.2306
vn 0.0588 0.9681 -0.2436
vn 0.1885 0.6037 -0.7746
vn 0.0363 0.9671 -0.2517
vn -0.0383 0.9615 0.2721
vn -0.0194 0.9621 0.2720
vn 0.0183 0.9651 -0.2612
vn -0.1951 0.9808 -0.0000
vn -0.4318 -0.0001 0.9020
vn -0.4262 0.1544 0.8913
vn -0.5256 0.1599 0.8356
vn -0.5321 0.0001 0.8467
vn -0.0063 0.9621 0.2725
vn -0.8237 -0.0000 0.5670
vn -0.8098 0.1812 0.5580
vn -0.8878 0.1884 0.4198
vn -0.9037 0.0002 0.4281
vn -0.9635 -0.0000 0.2676
vn -0.9452 0.1932 0.2631
vn -0.9717 0.1950 0.1333
vn -0.9798 0.1949 0.0449
vn -0.2675 0.5959 0.7572
vn -0.3297 0.1494 0.9322
vn -0.2335 0.1459 0.9614
vn -0.1916 0.5865 0.7870
vn -0.6584 0.6848 0.3122
vn -0.6109 0.6710 0.4203
vn 0.7093 0.6982 -0.0975
vn 0.9714 0.1965 -0.1337
vn 0.9451 0.1960 -0.2616
vn 0.7008 0.6864 -0.1943
vn 0.1160 0.5704 -0.8131
vn 0.0576 0.5754 -0.8158
vn -0.7051 0.7024 0.0971
vn -0.6926 0.6953 0.1921
vn -0.7099 0.7035 0.0325
vn -0.9037 -0.0000 0.4281
vn -0.8423 -0.3624 0.3991
vn -0.3924 -0.8868 0.2440
vn -0.4124 -0.9070 -0.0851
vn -0.3056 -0.8620 -0.4044
vn -0.0768 -0.8441 -0.5306
vn 0.0119 -0.8613 -0.5079
vn 0.0358 -0.8616 -0.5063
vn 0.0722 -0.8590 -0.5068
vn 0.1195 -0.8628 -0.4912
vn 0.1653 -0.8681 -0.4680
vn 0.2092 -0.8748 -0.4370
vn 0.2505 -0.8822 -0.3986
vn 0.2882 -0.8902 -0.3528
vn 0.3215 -0.8982 -0.2998
vn 0.3497 -0.9054 -0.2407
vn 0.3718 -0.9115 -0.1762
vn 0.3869 -0.9158 -0.1074
vn 0.3875 -0.9203 -0.0533
vn 0.3891 -0.9210 -0.0178
vn 0.4078 -0.9058 0.1150
vn 0.2885 -0.8582 0.4245
vn 0.0567 -0.8430 0.5350
vn -0.1654 -0.8391 0.5182
vn -0.0877 0.9642 0.2502
vn -0.0646 0.9626 0.2630
vn -0.1148 0.5801 0.8064
vn -0.0574 0.5796 0.8129
vn 0.1225 0.9733 -0.1941
vn -0.1318 0.9686 0.2108
vn -0.1115 0.9664 0.2316
vn 0.1023 0.9713 -0.2147
vn -0.4165 0.6219 0.6631
vn -0.3430 0.6078 0.7162
vn 0.1549 0.9774 -0.1437
vn -0.1672 0.9734 0.1568
vn -0.1515 0.9711 0.1844
vn 0.1393 0.9753 -0.1713
vn 0.1770 0.9807 -0.0832
vn -0.1914 0.9772 0.0916
vn -0.1813 0.9756 0.1239
vn 0.1671 0.9791 -0.1157
vn 0.1905 0.9813 -0.0260
vn -0.1982 0.9798 0.0275
vn -0.1985 0.9786 0.0544
vn 0.1831 0.9817 -0.0515
vn 0.0063 0.9650 -0.2622
vn -0.1988 0.9800 0.0089
vn 0.1909 0.9816 -0.0089
vn 0.0189 0.5876 -0.8089
vn 0.1392 0.1455 -0.9795
vn 0.1131 0.5971 -0.7941
vn 0.0569 0.5884 -0.8065
vn 0.0697 0.1431 -0.9873
vn 0.5419 0.6714 -0.5056
vn 0.4782 0.6549 -0.5852
vn 0.4091 0.6391 -0.6513
vn 0.3372 0.6251 -0.7039
vn 0.6444 0.7010 -0.3054
vn 0.5984 0.6872 -0.4118
vn 0.6977 0.7100 -0.0959
vn 0.6773 0.7113 -0.1879
vn 0.7070 0.7072 -0.0000
vn 0.7020 0.7115 -0.0320
vn -0.5984 -0.3247 0.7324
vn -0.5053 -0.3127 0.8043
vn -0.4116 -0.3023 0.8598
vn -0.3184 -0.2937 0.9013
vn -0.2264 -0.2869 0.9308
vn -0.1354 -0.2828 0.9496
vn -0.0225 -0.2824 0.9590
vn 0.1382 -0.2775 0.9507
vn 0.1439 -0.0000 0.9896
vn -0.0675 -0.2828 0.9568
vn 0.9641 -0.1124 0.2406
vn 0.9792 -0.0000 0.2028
vn 0.5363 -0.7754 -0.3334
vn 0.7608 -0.6358 0.1300
vn -0.7969 -0.3455 0.4956
vn -0.2915 -0.2841 0.9134
vn -0.3040 -0.0000 0.9527
vn -0.8493 -0.0000 0.5280
vn -0.7714 -0.3509 0.5309
vn -0.6884 -0.3379 0.6419
vn 0.1286 -0.0199 0.9915
vn 0.9793 -0.0000 -0.2023
vn 0.8493 -0.0000 0.5280
vn 0.7969 -0.3455 0.4956
vn 0.9107 -0.3675 -0.1884
vn 0.2164 -0.7025 -0.6780
vn 0.3040 -0.0000 -0.9527
vn -0.1057 -0.0000 -0.9944
vn -0.9758 -0.2185 -0.0000
vn -0.7152 -0.6989 -0.0000
vn 0.7073 0.7069 -0.0000
vn -0.7073 0.7070 -0.0000
vn 0.5014 -0.4560 0.7353
vn -0.2298 -0.9732 -0.0000
vn -0.0192 0.5746 0.8182
vn -0.0231 0.1425 0.9895
vn 0.2363 -0.0000 -0.9717
vn 0.3332 -0.0000 -0.9429
vn 0.3331 -0.0000 -0.9429
vn 0.9692 -0.0272 0.2448
vn 0.9621 -0.0000 0.2726
vn 0.9990 -0.0000 -0.0457
vn 0.9170 -0.3785 -0.1261
vn 0.8945 -0.3718 -0.2483
vn 0.9636 -0.0000 -0.2675
vn 0.9907 -0.0000 -0.1362
vn 0.0704 -0.0000 -0.9975
vn 0.0696 0.1420 -0.9874
vn 0.1400 0.1435 -0.9797
vn 0.1411 -0.0000 -0.9900
vn -0.0000 -0.1584 -0.9874
vn -0.0000 -0.0000 -1.0000
vn -0.0511 -0.0854 -0.9950
vn 0.9907 -0.0000 -0.1361
vn 0.0750 -0.5121 0.8556
vn 0.1267 -0.0823 0.9885
vn 0.5336 -0.4618 0.7086
vn 0.5320 -0.0000 -0.8467
vn 0.4318 -0.0000 -0.9020
vn 0.7314 -0.0000 -0.6820
vn 0.6327 -0.0000 -0.7744
vn 0.9037 -0.0000 -0.4282
vn 0.8238 -0.0000 -0.5669
vn 0.9880 -0.1183 0.0988
vn -0.9794 0.1969 0.0446
vn -0.7138 0.6996 0.0326
vn 0.5527 0.6547 -0.5156
vn 0.7205 0.1742 -0.6712
vn 0.6235 0.1665 -0.7639
vn 0.4871 0.6383 -0.5961
vn 0.0235 -0.0000 -0.9997
vn 0.0191 0.5786 -0.8154
vn 0.0233 0.1411 -0.9897
vn -0.0000 0.5825 -0.8128
vn -0.6661 0.6758 0.3155
vn -0.8868 0.1910 0.4209
vn -0.8100 0.1841 0.5568
vn -0.6178 0.6614 0.4252
vn -0.5588 0.6451 0.5211
vn -0.7194 0.1764 0.6718
vn -0.6239 0.1691 0.7630
vn -0.4918 0.6290 0.6021
vn 0.6326 0.0002 -0.7744
vn 0.7314 -0.0001 -0.6820
vn -0.4206 0.6125 0.6693
vn -0.5246 0.1624 0.8357
vn -0.4269 0.1566 0.8906
vn -0.3460 0.5984 0.7226
vn -0.2699 0.5862 0.7639
vn -0.3289 0.1521 0.9320
vn -0.2341 0.1483 0.9608
vn -0.1930 0.5769 0.7937
vn -0.2631 0.6131 0.7449
vn -0.0820 0.9696 0.2306
vn -0.0588 0.9681 0.2436
vn -0.1885 0.6037 0.7746
vn -0.0363 0.9671 0.2517
vn 0.0383 0.9615 -0.2721
vn 0.0194 0.9621 -0.2720
vn -0.0183 0.9651 0.2612
vn 0.4318 -0.0001 -0.9020
vn 0.4262 0.1544 -0.8913
vn 0.5256 0.1599 -0.8356
vn 0.5321 0.0001 -0.8467
vn 0.0063 0.9621 -0.2725
vn 0.8237 -0.0000 -0.5670
vn 0.8098 0.1812 -0.5580
vn 0.8878 0.1884 -0.4198
vn 0.9037 0.0002 -0.4281
vn 0.9635 -0.0000 -0.2676
vn 0.9452 0.1932 -0.2631
vn 0.9717 0.1950 -0.1333
vn 0.9798 0.1949 -0.0449
vn 0.2675 0.5959 -0.7572
vn 0.3297 0.1494 -0.9322
vn 0.2335 0.1459 -0.9614
vn 0.1916 0.5865 -0.7870
vn 0.6584 0.6848 -0.3122
vn 0.6109 0.6710 -0.4203
vn -0.7093 0.6982 0.0975
vn -0.9714 0.1965 0.1337
vn -0.9451 0.1960 0.2616
vn -0.7008 0.6864 0.1943
vn -0.1160 0.5704 0.8131
vn -0.0576 0.5754 0.8158
vn 0.7051 0.7024 -0.0971
vn 0.6926 0.6953 -0.1921
vn 0.7099 0.7035 -0.0325
vn 0.9037 -0.0000 -0.4281
vn 0.8423 -0.3624 -0.3991
vn 0.3040 -0.0000 0.9527
vn -0.1057 -0.0000 0.9944
vn -0.1016 -0.2764 0.9557
vn 0.2915 -0.2841 0.9134
vn -0.0000 0.9635 -0.2676
vn 0.0877 0.9642 -0.2502
vn 0.0646 0.9626 -0.2630
vn 0.1148 0.5801 -0.8064
vn 0.0574 0.5796 -0.8129
vn -0.1225 0.9733 0.1941
vn 0.1318 0.9686 -0.2108
vn 0.1115 0.9664 -0.2317
vn -0.1023 0.9713 0.2147
vn 0.4165 0.6219 -0.6631
vn 0.3430 0.6078 -0.7162
vn -0.1549 0.9774 0.1437
vn 0.1672 0.9734 -0.1568
vn 0.1515 0.9711 -0.1844
vn -0.1393 0.9753 0.1713
vn -0.1770 0.9807 0.0832
vn 0.1914 0.9772 -0.0916
vn 0.1813 0.9756 -0.1239
vn -0.1671 0.9791 0.1157
vn -0.1905 0.9813 0.0260
vn 0.1982 0.9798 -0.0275
vn 0.1985 0.9786 -0.0544
vn -0.1831 0.9817 0.0515
vn -0.0063 0.9650 0.2622
vn 0.1988 0.9800 -0.0089
vn -0.1909 0.9816 0.0089
vn -0.0000 0.9635 0.2677
vn -0.0189 0.5876 0.8089
vn -0.1392 0.1455 0.9795
vn -0.1131 0.5971 0.7941
vn -0.0569 0.5884 0.8065
vn -0.0697 0.1431 0.9873
vn -0.5419 0.6714 0.5056
vn -0.4782 0.6549 0.5852
vn -0.4091 0.6391 0.6513
vn -0.3372 0.6251 0.7039
vn -0.6444 0.7010 0.3054
vn -0.5984 0.6872 0.4118
vn -0.6977 0.7100 0.0959
vn -0.6773 0.7113 0.1879
vn -0.7070 0.7072 -0.0000
vn -0.7020 0.7115 0.0320
vn 0.5984 -0.3247 -0.7324
vn 0.5053 -0.3127 -0.8043
vn 0.4116 -0.3023 -0.8598
vn 0.3184 -0.2937 -0.9013
vn 0.2264 -0.2869 -0.9308
vn 0.1354 -0.2828 -0.9496
vn 0.0225 -0.2824 -0.9590
vn -0.1382 -0.2775 -0.9507
vn -0.1439 -0.0000 -0.9896
vn 0.0675 -0.2828 -0.9568
vn -0.9641 -0.1119 -0.2406
vn -0.9792 -0.0000 -0.2028
vn -0.5363 -0.7754 0.3334
vn -0.7608 -0.6358 -0.1300
vn 0.3924 -0.8868 0.2440
vn 0.1654 -0.8391 0.5182
vn -0.0568 -0.8429 0.5350
vn -0.2885 -0.8582 0.4246
vn -0.4080 -0.9057 0.1153
vn -0.3891 -0.9210 -0.0178
vn -0.3871 -0.9205 -0.0533
vn -0.3869 -0.9158 -0.1074
vn -0.3718 -0.9115 -0.1762
vn -0.3497 -0.9054 -0.2407
vn -0.3215 -0.8982 -0.2998
vn -0.2882 -0.8902 -0.3528
vn -0.2505 -0.8822 -0.3986
vn -0.2092 -0.8748 -0.4370
vn -0.1653 -0.8681 -0.4680
vn -0.1195 -0.8628 -0.4913
vn -0.0722 -0.8591 -0.5067
vn -0.0358 -0.8616 -0.5063
vn -0.0119 -0.8613 -0.5079
vn 0.0768 -0.8441 -0.5306
vn 0.3055 -0.8620 -0.4044
vn 0.4124 -0.9070 -0.0853
vn 0.7714 -0.3509 -0.5309
vn 0.6884 -0.3379 -0.6419
vn -0.1286 -0.0199 -0.9915
vn -0.9793 -0.0000 0.2023
vn -0.7969 -0.3455 -0.4956
vn -0.9107 -0.3675 0.1884
vn -0.2164 -0.7025 0.6780
vn 0.1057 -0.0000 0.9944
vn -0.0000 -0.9498 -0.3129
vn -0.0000 -0.5736 -0.8192
vn -0.5013 -0.4560 -0.7353
vn 0.0192 0.5746 0.8182
vn 0.0231 0.1425 0.9895
vn -0.2363 -0.0002 -0.9717
vn -0.2363 -0.0000 -0.9717
vn -0.3331 -0.0000 -0.9429
vn -0.3332 -0.0000 -0.9429
vn -0.9880 -0.1183 0.0988
vn -0.9692 -0.0272 0.2448
vn -0.5873 -0.0706 0.8063
vn 0.9641 -0.1121 -0.2405
vn 0.5013 -0.4560 -0.7353
vn 0.7606 -0.6360 -0.1302
vn -0.0704 -0.0000 -0.9975
vn -0.1411 -0.0000 -0.9900
vn -0.1400 0.1435 -0.9797
vn -0.0696 0.1420 -0.9874
vn 0.0511 -0.0854 -0.9950
vn -0.9907 -0.0000 -0.1361
vn -0.9636 -0.0000 -0.2675
vn -0.0235 -0.0000 -0.9997
vn 0.1286 -0.0199 -0.9915
vn 0.1439 -0.0000 -0.9896
vn -0.5320 -0.0000 -0.8467
vn -0.4318 -0.0000 -0.9020
vn -0.7314 -0.0000 -0.6820
vn -0.6327 -0.0000 -0.7744
vn -0.9037 -0.0000 -0.4282
vn -0.8238 -0.0000 -0.5669
vn -0.9990 -0.0000 -0.0457
vn -0.0000 0.1411 -0.9900
vn 0.7138 0.6996 0.0326
vn 0.9795 0.1965 0.0445
vn -0.5527 0.6547 -0.5156
vn -0.4871 0.6383 -0.5961
vn -0.6235 0.1665 -0.7639
vn -0.7206 0.1738 -0.6713
vn -0.0191 0.5786 -0.8154
vn -0.0233 0.1413 -0.9897
vn 0.6661 0.6758 0.3155
vn 0.6178 0.6614 0.4252
vn 0.8100 0.1841 0.5568
vn 0.8868 0.1910 0.4209
vn 0.5588 0.6451 0.5211
vn 0.4920 0.6286 0.6023
vn 0.6239 0.1693 0.7629
vn 0.7194 0.1764 0.6718
vn -0.6326 0.0002 -0.7744
vn -0.7314 0.0001 -0.6820
vn 0.4205 0.6126 0.6692
vn 0.3460 0.5984 0.7226
vn 0.4269 0.1566 0.8906
vn 0.5246 0.1623 0.8357
vn 0.2699 0.5862 0.7639
vn 0.1930 0.5769 0.7937
vn 0.2341 0.1483 0.9608
vn 0.3289 0.1519 0.9321
vn 0.2632 0.6130 0.7450
vn 0.1885 0.6037 0.7746
vn 0.0588 0.9681 0.2436
vn 0.0820 0.9696 0.2306
vn 0.0364 0.9669 0.2524
vn 0.0183 0.9651 0.2613
vn -0.0193 0.9622 -0.2716
vn -0.0383 0.9615 -0.2722
vn 0.1952 0.9808 -0.0000
vn -0.4318 -0.0001 -0.9020
vn -0.5321 0.0002 -0.8467
vn -0.5256 0.1599 -0.8356
vn -0.4263 0.1541 -0.8914
vn -0.0063 0.9621 -0.2725
vn -0.8237 -0.0000 -0.5670
vn -0.9037 -0.0003 -0.4282
vn -0.8878 0.1881 -0.4200
vn -0.8098 0.1812 -0.5580
vn -0.9635 -0.0000 -0.2676
vn -0.9717 0.1950 -0.1333
vn -0.9452 0.1932 -0.2631
vn -0.9797 0.1953 -0.0450
vn -0.2675 0.5959 -0.7572
vn -0.1916 0.5865 -0.7870
vn -0.2334 0.1461 -0.9613
vn -0.3297 0.1494 -0.9322
vn -0.6584 0.6848 -0.3122
vn -0.6109 0.6710 -0.4203
vn 0.7093 0.6982 0.0975
vn 0.7009 0.6862 0.1947
vn 0.9451 0.1960 0.2616
vn 0.9714 0.1965 0.1337
vn 0.0576 0.5754 0.8158
vn 0.1160 0.5704 0.8131
vn -0.7052 0.7023 -0.0971
vn -0.6926 0.6953 -0.1921
vn -0.7098 0.7036 -0.0325
vn -0.9037 -0.0000 -0.4281
vn -0.8423 -0.3624 -0.3991
vn -0.8945 -0.3718 -0.2483
vn -0.9621 -0.0000 0.2725
vn -0.9241 -0.3798 -0.0423
vn -0.8958 -0.3650 0.2536
vn -0.0646 0.9626 -0.2630
vn -0.0878 0.9642 -0.2502
vn -0.0574 0.5796 -0.8129
vn -0.1149 0.5798 -0.8066
vn 0.1226 0.9733 0.1942
vn 0.1023 0.9713 0.2148
vn -0.1115 0.9664 -0.2316
vn -0.1317 0.9686 -0.2107
vn -0.3430 0.6078 -0.7162
vn -0.4164 0.6223 -0.6628
vn 0.1549 0.9774 0.1437
vn 0.1393 0.9753 0.1713
vn -0.1514 0.9711 -0.1843
vn -0.1673 0.9734 -0.1568
vn 0.1769 0.9807 0.0832
vn 0.1670 0.9792 0.1156
vn -0.1814 0.9756 -0.1239
vn -0.1913 0.9773 -0.0915
vn 0.1904 0.9814 0.0260
vn 0.1832 0.9817 0.0515
vn -0.1985 0.9786 -0.0544
vn -0.1981 0.9798 -0.0275
vn 0.0063 0.9650 0.2623
vn 0.1910 0.9816 0.0089
vn -0.1989 0.9800 -0.0089
vn -0.0000 0.5826 0.8127
vn 0.0189 0.5875 0.8090
vn 0.1392 0.1456 0.9795
vn 0.0697 0.1431 0.9873
vn 0.0569 0.5886 0.8064
vn 0.1131 0.5973 0.7940
vn 0.5419 0.6714 0.5056
vn 0.4781 0.6551 0.5851
vn 0.3372 0.6248 0.7042
vn 0.4092 0.6390 0.6514
vn 0.6445 0.7009 0.3055
vn 0.5985 0.6872 0.4118
vn 0.6972 0.7104 0.0958
vn 0.6774 0.7112 0.1879
vn 0.7020 0.7115 0.0320
vn -0.0750 -0.5121 0.8556
vn -0.5337 -0.4618 0.7085
vn -0.1267 -0.0823 0.9885
vn -0.6884 -0.3379 -0.6419
vn -0.7714 -0.3509 -0.5309
vn -0.1354 -0.2828 -0.9496
vn -0.0675 -0.2828 -0.9568
vn -0.5053 -0.3127 -0.8043
vn -0.5984 -0.3247 -0.7324
vn -0.3184 -0.2937 -0.9013
vn -0.4116 -0.3021 -0.8598
vn -0.2264 -0.2869 -0.9308
vn 0.1382 -0.2777 -0.9507
vn -0.0225 -0.2824 -0.9590
vn 0.5363 -0.7754 0.3334
vn 0.9792 -0.0000 -0.2028
vn -0.9621 -0.0000 0.2726
vn 0.2164 -0.7025 0.6780
vn 0.2915 -0.2841 -0.9134
vn 0.3924 -0.8868 -0.2440
vn 0.4124 -0.9070 0.0851
vn 0.3056 -0.8620 0.4044
vn 0.0768 -0.8441 0.5306
vn -0.0119 -0.8613 0.5079
vn -0.0358 -0.8616 0.5063
vn -0.0722 -0.8590 0.5068
vn -0.1195 -0.8628 0.4912
vn -0.1653 -0.8681 0.4680
vn -0.2092 -0.8748 0.4370
vn -0.2505 -0.8822 0.3986
vn -0.2882 -0.8902 0.3528
vn -0.3215 -0.8982 0.2998
vn -0.3497 -0.9054 0.2407
vn -0.3718 -0.9115 0.1762
vn -0.3869 -0.9158 0.1074
vn -0.3875 -0.9203 0.0533
vn -0.3891 -0.9210 0.0178
vn -0.4078 -0.9058 -0.1150
vn -0.2885 -0.8582 -0.4245
vn -0.0567 -0.8430 -0.5350
vn 0.1654 -0.8391 -0.5182
vn 0.9170 -0.3785 0.1261
vn 0.9907 -0.0000 0.1362
vn -0.9241 -0.3798 0.0423
vn -0.9621 -0.0000 -0.2725
vn -0.8958 -0.3650 -0.2536
vn 0.1016 -0.2764 0.9557
vn -0.6028 -0.0000 0.7979
vn -0.5728 -0.3133 0.7574
vn -0.9170 -0.3785 -0.1261
vn -0.9907 -0.0000 -0.1362
vn -0.9793 -0.0000 -0.2023
vn -0.9107 -0.3676 -0.1885
vn 0.9241 -0.3798 -0.0423
vn 0.9621 -0.0000 0.2725
vn 0.8958 -0.3650 0.2536
vn -0.5744 -0.0702 -0.8156
vn -0.1016 -0.2764 -0.9557
vn 0.5744 -0.0702 0.8156
vn 0.1054 -0.0000 -0.9944
vn 0.1058 -0.0000 -0.9944
vn -0.1058 -0.0000 -0.9944
vn -0.1054 -0.0000 -0.9944
vn -0.1054 -0.0000 0.9944
vn -0.1058 -0.0000 0.9944
vn 0.1058 -0.0000 0.9944
vn 0.1054 -0.0000 0.9944
vn -0.2915 -0.2841 -0.9134
vn -0.5747 -0.0703 0.8154
vn -0.5873 -0.0706 -0.8063
vn 0.5873 -0.0706 0.8063
vn 0.5747 -0.0703 -0.8154
vn 0.5621 -0.0000 -0.8270
vn 0.5622 -0.0000 -0.8270
vn 0.5621 -0.0000 -0.8271
vn 0.6028 -0.0000 0.7979
vn -0.5622 -0.0000 -0.8270
vn -0.5621 -0.0000 -0.8270
vn -0.5621 -0.0000 -0.8271
vn -0.5620 -0.0000 -0.8271
vn 0.6028 -0.0000 -0.7979
vn -0.5621 -0.0000 0.8270
vn -0.5622 -0.0000 0.8270
vn -0.5621 -0.0000 0.8271
vn -0.6028 -0.0000 -0.7979
vn 0.5622 -0.0000 0.8270
vn 0.5621 -0.0000 0.8270
vn 0.5621 -0.0000 0.8271
vn 0.5620 -0.0000 0.8271
vn 0.5346 -0.3085 -0.7868
vn 0.1016 -0.2764 -0.9557
vn 0.5725 -0.3133 0.7577
vn -0.5347 -0.3085 -0.7867
vn -0.5725 -0.3133 -0.7577
vn 0.5728 -0.3133 -0.7574
vn -0.5346 -0.3085 0.7868
vn 0.5347 -0.3085 0.7867
vn -0.1654 -0.8391 -0.5182
vn -0.3924 -0.8868 -0.2440
vn 0.3871 -0.9205 0.0533
vn 0.3891 -0.9210 0.0178
vn 0.3718 -0.9115 0.1762
vn 0.3871 -0.9157 0.1075
vn 0.3215 -0.8982 0.2998
vn 0.3497 -0.9054 0.2407
vn 0.2505 -0.8822 0.3986
vn 0.2882 -0.8902 0.3528
vn 0.1653 -0.8681 0.4680
vn 0.2094 -0.8746 0.4373
vn 0.0722 -0.8591 0.5067
vn 0.1195 -0.8628 0.4913
vn 0.0119 -0.8613 0.5079
vn 0.0358 -0.8616 0.5063
vn -0.3055 -0.8620 0.4044
vn -0.0768 -0.8441 0.5306
vn -0.4124 -0.9070 0.0853
vn 0.4080 -0.9057 -0.1153
vn 0.2885 -0.8582 -0.4246
vn 0.0568 -0.8429 -0.5350
vt 0.959481 0.495027
vt 0.965385 0.503151
vt 0.964106 0.503286
vt 0.959194 0.495182
vt 0.537437 0.722407
vt 0.549253 0.722407
vt 0.549253 0.955426
vt 0.537437 0.980482
vt 0.956055 0.485259
vt 0.934825 0.484783
vt 0.934892 0.481133
vt 0.956124 0.481682
vt 0.937080 0.442026
vt 0.936276 0.442366
vt 0.936254 0.442167
vt 0.933720 0.503455
vt 0.934097 0.503860
vt 0.932605 0.503949
vt 0.956061 0.492462
vt 0.956011 0.488857
vt 0.956252 0.488855
vt 0.956302 0.492410
vt 0.937304 0.656515
vt 0.935194 0.503918
vt 0.956265 0.502716
vt 0.951898 0.656509
vt 0.935767 0.452154
vt 0.936413 0.452202
vt 0.936144 0.455734
vt 0.935499 0.455687
vt 0.826294 0.233406
vt 0.831418 0.232928
vt 0.831444 0.237904
vt 0.826480 0.237789
vt 0.934226 0.481119
vt 0.934160 0.484773
vt 0.934448 0.473781
vt 0.935112 0.473806
vt 0.934988 0.477453
vt 0.934323 0.477433
vt 0.934789 0.466480
vt 0.935448 0.466516
vt 0.935266 0.470138
vt 0.934604 0.470107
vt 0.935240 0.459266
vt 0.935889 0.459311
vt 0.935657 0.462885
vt 0.935002 0.462845
vt 0.957692 0.443213
vt 0.957260 0.449486
vt 0.936704 0.448595
vt 0.934775 0.492132
vt 0.934785 0.488462
vt 0.956234 0.502960
vt 0.954527 0.656506
vt 0.968066 0.443249
vt 0.960537 0.451114
vt 0.960266 0.450914
vt 0.966622 0.443001
vt 0.957074 0.467318
vt 0.956986 0.470875
vt 0.956639 0.470876
vt 0.956727 0.467300
vt 0.934819 0.495946
vt 0.956121 0.496236
vt 0.956913 0.495943
vt 0.957710 0.503167
vt 0.956472 0.496087
vt 0.959448 0.460342
vt 0.959423 0.463637
vt 0.959150 0.463633
vt 0.959179 0.460342
vt 0.959352 0.467483
vt 0.959283 0.470813
vt 0.959007 0.470806
vt 0.959075 0.467478
vt 0.956380 0.470871
vt 0.956467 0.467294
vt 0.959189 0.474676
vt 0.959111 0.478012
vt 0.958834 0.478005
vt 0.958911 0.474669
vt 0.959017 0.481888
vt 0.958906 0.485224
vt 0.958634 0.485213
vt 0.958739 0.481880
vt 0.958376 0.481861
vt 0.958274 0.485210
vt 0.957916 0.485220
vt 0.958016 0.481829
vt 0.957802 0.488946
vt 0.957812 0.492162
vt 0.956948 0.492283
vt 0.956905 0.488881
vt 0.975269 0.265576
vt 0.963183 0.442733
vt 0.961045 0.442701
vt 0.972158 0.265428
vt 0.956205 0.478070
vt 0.956294 0.474480
vt 0.956555 0.474487
vt 0.956467 0.478075
vt 0.957352 0.495801
vt 0.959192 0.503288
vt 0.956558 0.463716
vt 0.956654 0.460191
vt 0.956904 0.460194
vt 0.956814 0.463719
vt 0.956780 0.456666
vt 0.957008 0.453161
vt 0.957233 0.453235
vt 0.957011 0.456680
vt 0.957672 0.442923
vt 0.957607 0.449681
vt 0.956731 0.481710
vt 0.956651 0.485268
vt 0.956309 0.485267
vt 0.956384 0.481691
vt 0.957238 0.460207
vt 0.957157 0.463715
vt 0.959445 0.453760
vt 0.959412 0.456649
vt 0.959163 0.456648
vt 0.959233 0.453718
vt 0.512381 0.992298
vt 0.549253 0.961926
vt 0.548994 0.965882
vt 0.548534 0.969376
vt 0.547512 0.973190
vt 0.546215 0.976322
vt 0.544241 0.979741
vt 0.542177 0.982430
vt 0.539385 0.985222
vt 0.536696 0.987286
vt 0.533277 0.989260
vt 0.530145 0.990557
vt 0.526331 0.991579
vt 0.522837 0.992039
vt 0.518881 0.992298
vt 0.957540 0.453320
vt 0.957324 0.456689
vt 0.959357 0.442761
vt 0.958045 0.449875
vt 0.799247 0.407229
vt 0.799332 0.411218
vt 0.796459 0.411307
vt 0.796378 0.407247
vt 0.785494 0.406715
vt 0.790522 0.407157
vt 0.790483 0.411533
vt 0.785365 0.411176
vt 0.934118 0.488457
vt 0.934097 0.492132
vt 0.957151 0.656505
vt 0.959775 0.656504
vt 0.956991 0.485257
vt 0.957079 0.481742
vt 0.956627 0.492350
vt 0.956577 0.488862
vt 0.958190 0.474621
vt 0.958108 0.478019
vt 0.957165 0.478061
vt 0.957251 0.474535
vt 0.956816 0.478074
vt 0.956903 0.474505
vt 0.958355 0.467432
vt 0.958281 0.470821
vt 0.957335 0.470861
vt 0.957420 0.467348
vt 0.958477 0.460307
vt 0.958432 0.463654
vt 0.957502 0.463699
vt 0.957573 0.460233
vt 0.958653 0.453586
vt 0.958509 0.456661
vt 0.957640 0.456686
vt 0.957841 0.453411
vt 0.958388 0.495537
vt 0.961075 0.503362
vt 0.959491 0.450444
vt 0.958479 0.450069
vt 0.965026 0.656508
vt 0.962585 0.503366
vt 0.967655 0.656511
vt 0.962401 0.656505
vt 0.958798 0.495369
vt 0.958478 0.488987
vt 0.958436 0.492070
vt 0.958126 0.492112
vt 0.958139 0.488972
vt 0.958713 0.467462
vt 0.958644 0.470807
vt 0.958470 0.478006
vt 0.958548 0.474651
vt 0.958827 0.460331
vt 0.958789 0.463637
vt 0.958945 0.453656
vt 0.958835 0.456650
vt 0.964898 0.442817
vt 0.959888 0.450669
vt 0.936035 0.448555
vt 0.798070 0.238074
vt 0.798096 0.234010
vt 0.800893 0.234025
vt 0.800886 0.238068
vt 0.803717 0.238056
vt 0.803705 0.234028
vt 0.806494 0.234014
vt 0.806519 0.238040
vt 0.809343 0.238017
vt 0.809305 0.233994
vt 0.812092 0.233962
vt 0.812145 0.237990
vt 0.814974 0.237955
vt 0.814903 0.233920
vt 0.817691 0.233853
vt 0.817793 0.237915
vt 0.820649 0.237867
vt 0.820518 0.233762
vt 0.823339 0.233613
vt 0.823525 0.237819
vt 0.958666 0.492042
vt 0.958737 0.488995
vt 0.936036 0.441537
vt 0.936451 0.441912
vt 0.936204 0.441977
vt 0.934091 0.495955
vt 0.804915 0.407162
vt 0.804985 0.411081
vt 0.802156 0.411135
vt 0.802080 0.407194
vt 0.821873 0.411063
vt 0.821855 0.406999
vt 0.824718 0.406910
vt 0.824814 0.411110
vt 0.810531 0.407106
vt 0.810556 0.411008
vt 0.807766 0.411026
vt 0.807716 0.407130
vt 0.816160 0.407066
vt 0.816158 0.411013
vt 0.813330 0.410995
vt 0.813326 0.407084
vt 0.818993 0.411026
vt 0.818984 0.407038
vt 0.827664 0.406750
vt 0.832588 0.406169
vt 0.832954 0.410498
vt 0.827876 0.411074
vt 0.831749 0.232925
vt 0.832142 0.232925
vt 0.848074 0.233045
vt 0.848077 0.237358
vt 0.831820 0.237899
vt 0.845424 0.034547
vt 0.830577 0.035432
vt 0.830879 0.030950
vt 0.845082 0.030714
vt 0.784267 0.233341
vt 0.789477 0.233724
vt 0.789374 0.238123
vt 0.784412 0.238382
vt 0.970287 0.656516
vt 0.279362 0.980482
vt 0.279362 0.722407
vt 0.941940 0.264211
vt 0.944878 0.264316
vt 0.962831 0.264992
vt 0.965941 0.265136
vt 0.978380 0.265726
vt 0.981486 0.265877
vt 0.969049 0.265281
vt 0.984597 0.266029
vt 0.279362 0.992298
vt 0.380976 0.393306
vt 0.380197 0.408057
vt 0.209801 0.408057
vt 0.209801 0.393814
vt 0.934982 0.656519
vt 0.932662 0.656523
vt 0.408057 0.380197
vt 0.393306 0.380976
vt 0.393815 0.209801
vt 0.408057 0.209801
vt 0.767333 0.234166
vt 0.783534 0.233361
vt 0.783932 0.233349
vt 0.784030 0.238388
vt 0.767557 0.238683
vt 0.958576 0.813519
vt 0.958309 0.813343
vt 0.963538 0.805648
vt 0.964777 0.805796
vt 0.537437 0.464331
vt 0.549253 0.489387
vt 0.954458 0.821514
vt 0.954219 0.824329
vt 0.937723 0.825377
vt 0.937191 0.822425
vt 0.781688 0.208412
vt 0.781740 0.203370
vt 0.786722 0.203567
vt 0.786868 0.207966
vt 0.791016 0.030155
vt 0.793925 0.030281
vt 0.793860 0.034332
vt 0.790976 0.034340
vt 0.955094 0.815472
vt 0.955304 0.815546
vt 0.954929 0.818584
vt 0.954728 0.818559
vt 0.955942 0.806104
vt 0.935807 0.805038
vt 0.942917 0.843859
vt 0.942110 0.842130
vt 0.942439 0.841987
vt 0.943222 0.843710
vt 0.944440 0.848332
vt 0.944758 0.848105
vt 0.944917 0.848201
vt 0.937197 0.825479
vt 0.936640 0.822521
vt 0.938432 0.831006
vt 0.937796 0.828325
vt 0.938297 0.828215
vt 0.938907 0.830889
vt 0.939815 0.835940
vt 0.939107 0.833560
vt 0.939555 0.833437
vt 0.940233 0.835811
vt 0.941320 0.840230
vt 0.940555 0.838177
vt 0.940944 0.838043
vt 0.941679 0.840091
vt 0.945296 0.848125
vt 0.944054 0.845307
vt 0.952385 0.843703
vt 0.952408 0.846158
vt 0.936698 0.819314
vt 0.936252 0.816077
vt 0.955913 0.805870
vt 0.955400 0.845888
vt 0.954994 0.845991
vt 0.953512 0.843452
vt 0.953612 0.843417
vt 0.953752 0.834411
vt 0.953535 0.834395
vt 0.953751 0.832092
vt 0.953980 0.832121
vt 0.935877 0.812578
vt 0.955482 0.812109
vt 0.956206 0.812437
vt 0.955802 0.812272
vt 0.957342 0.805687
vt 0.954509 0.838716
vt 0.954360 0.838689
vt 0.954674 0.836819
vt 0.954835 0.836845
vt 0.955186 0.834516
vt 0.955013 0.834491
vt 0.955307 0.832348
vt 0.955489 0.832372
vt 0.953579 0.832076
vt 0.953372 0.834380
vt 0.955823 0.829742
vt 0.955629 0.829718
vt 0.955916 0.827329
vt 0.956120 0.827353
vt 0.956456 0.824439
vt 0.956243 0.824416
vt 0.956512 0.821797
vt 0.956730 0.821818
vt 0.955962 0.824393
vt 0.955683 0.824383
vt 0.955940 0.821717
vt 0.956225 0.821762
vt 0.956230 0.818669
vt 0.955475 0.818628
vt 0.955865 0.815731
vt 0.956614 0.815940
vt 0.963302 0.894879
vt 0.962509 0.895026
vt 0.953398 0.846213
vt 0.954014 0.846149
vt 0.953998 0.827046
vt 0.954191 0.827063
vt 0.953971 0.829634
vt 0.953788 0.829620
vt 0.956608 0.812603
vt 0.958776 0.805586
vt 0.953165 0.836548
vt 0.953315 0.836565
vt 0.953093 0.838566
vt 0.952954 0.838548
vt 0.952748 0.840407
vt 0.952868 0.840422
vt 0.952675 0.842102
vt 0.952570 0.842104
vt 0.952516 0.843658
vt 0.952413 0.846242
vt 0.954688 0.824357
vt 0.954420 0.824343
vt 0.954661 0.821529
vt 0.954934 0.821558
vt 0.953278 0.838585
vt 0.953516 0.836593
vt 0.953732 0.842180
vt 0.953628 0.842162
vt 0.953975 0.840665
vt 0.954106 0.840693
vt 0.512381 0.452515
vt 0.518881 0.452515
vt 0.522837 0.452774
vt 0.526331 0.453234
vt 0.530145 0.454256
vt 0.533277 0.455553
vt 0.536696 0.457527
vt 0.539386 0.459591
vt 0.542177 0.462382
vt 0.544241 0.465072
vt 0.546215 0.468491
vt 0.547512 0.471623
vt 0.548534 0.475437
vt 0.548994 0.478931
vt 0.549253 0.482887
vt 0.952818 0.842103
vt 0.953030 0.840448
vt 0.952907 0.846241
vt 0.952681 0.843619
vt 0.796725 0.034344
vt 0.796799 0.030359
vt 0.540252 0.222069
vt 0.555263 0.221277
vt 0.555323 0.221299
vt 0.555348 0.221358
vt 0.555348 0.225996
vt 0.555159 0.228881
vt 0.554787 0.231707
vt 0.554045 0.234477
vt 0.552956 0.237106
vt 0.551522 0.239590
vt 0.549790 0.241847
vt 0.547762 0.243876
vt 0.545504 0.245608
vt 0.543020 0.247042
vt 0.540392 0.248131
vt 0.537621 0.248873
vt 0.534795 0.249245
vt 0.531910 0.249434
vt 0.527273 0.249434
vt 0.527213 0.249409
vt 0.527191 0.249348
vt 0.527983 0.234338
vt 0.936121 0.819402
vt 0.935641 0.816156
vt 0.954957 0.824362
vt 0.955205 0.821598
vt 0.955201 0.818611
vt 0.955587 0.815635
vt 0.955122 0.829682
vt 0.954460 0.829657
vt 0.954700 0.827131
vt 0.955387 0.827248
vt 0.954215 0.829650
vt 0.954446 0.827092
vt 0.954559 0.834450
vt 0.953970 0.834420
vt 0.954208 0.832158
vt 0.954829 0.832268
vt 0.953970 0.838639
vt 0.953466 0.838599
vt 0.953716 0.836630
vt 0.954256 0.836738
vt 0.953346 0.842130
vt 0.952960 0.842103
vt 0.953192 0.840482
vt 0.953637 0.840584
vt 0.957563 0.812934
vt 0.960599 0.805537
vt 0.952844 0.843581
vt 0.953230 0.843531
vt 0.962063 0.805551
vt 0.957943 0.813129
vt 0.956796 0.818712
vt 0.956512 0.818686
vt 0.956885 0.816025
vt 0.957153 0.816105
vt 0.954786 0.834465
vt 0.955067 0.832312
vt 0.955374 0.829695
vt 0.955650 0.827292
vt 0.954165 0.838659
vt 0.954464 0.836781
vt 0.953488 0.842143
vt 0.953805 0.840626
vt 0.954505 0.846083
vt 0.953374 0.843493
vt 0.943770 0.845494
vt 0.808004 0.034453
vt 0.805186 0.034431
vt 0.805225 0.030535
vt 0.808016 0.030544
vt 0.813650 0.034486
vt 0.810806 0.034472
vt 0.810804 0.030549
vt 0.813640 0.030526
vt 0.819367 0.034545
vt 0.816482 0.034511
vt 0.816481 0.030507
vt 0.819369 0.030455
vt 0.825217 0.034795
vt 0.825417 0.030397
vt 0.830583 0.030925
vt 0.830206 0.035419
vt 0.822326 0.030389
vt 0.822246 0.034632
vt 0.823699 0.208211
vt 0.820733 0.208021
vt 0.820898 0.203811
vt 0.823849 0.203825
vt 0.957352 0.816163
vt 0.957010 0.818737
vt 0.829181 0.208631
vt 0.829177 0.203658
vt 0.845408 0.203918
vt 0.845465 0.208220
vt 0.829574 0.208626
vt 0.935198 0.812631
vt 0.789697 0.203583
vt 0.792567 0.203582
vt 0.792642 0.207702
vt 0.789793 0.207794
vt 0.740487 0.415681
vt 0.724113 0.413012
vt 0.724425 0.409114
vt 0.741170 0.411464
vt 0.799623 0.030436
vt 0.799555 0.034374
vt 0.802452 0.030486
vt 0.802387 0.034403
vt 0.828800 0.203658
vt 0.828851 0.208632
vt 0.661189 0.035153
vt 0.645972 0.033002
vt 0.646643 0.028744
vt 0.661106 0.030777
vt 0.764726 0.208021
vt 0.764833 0.203497
vt 0.781358 0.203369
vt 0.781353 0.208410
vt 0.780954 0.208405
vt 0.279362 0.464331
vt 0.955555 0.896358
vt 0.954859 0.896495
vt 0.960927 0.895325
vt 0.960135 0.895478
vt 0.964094 0.894734
vt 0.964885 0.894592
vt 0.961718 0.895174
vt 0.965678 0.894451
vt 0.279362 0.452515
vt 0.038626 0.393306
vt 0.039405 0.408057
vt 0.934752 0.805115
vt 0.933299 0.805039
vt 0.011545 0.380197
vt 0.011545 0.209801
vt 0.025787 0.209801
vt 0.026296 0.380976
vt 0.944800 0.847910
vt 0.983455 0.023925
vt 0.983154 0.023862
vt 0.984645 0.016987
vt 0.984943 0.017052
vt 0.021286 0.722406
vt 0.021286 0.980482
vt 0.009470 0.955426
vt 0.009470 0.722406
vt 0.977997 0.035516
vt 0.977417 0.039506
vt 0.952920 0.036443
vt 0.953464 0.032224
vt 0.707864 0.235133
vt 0.707901 0.240106
vt 0.702945 0.240004
vt 0.702737 0.235632
vt 0.701454 0.413287
vt 0.698530 0.413234
vt 0.698497 0.409175
vt 0.701374 0.409098
vt 0.979420 0.027449
vt 0.979714 0.027506
vt 0.978942 0.031533
vt 0.978650 0.031482
vt 0.974717 0.969639
vt 0.976574 0.969001
vt 0.983254 0.987552
vt 0.981390 0.988201
vt 0.949173 0.070465
vt 0.949422 0.066168
vt 0.950201 0.066215
vt 0.949968 0.070506
vt 0.946757 0.084357
vt 0.948123 0.083820
vt 0.948553 0.084329
vt 0.952149 0.036347
vt 0.952694 0.032121
vt 0.951172 0.044846
vt 0.951639 0.040612
vt 0.952409 0.040701
vt 0.951943 0.044927
vt 0.950356 0.053356
vt 0.950742 0.049117
vt 0.951514 0.049191
vt 0.951128 0.053423
vt 0.949698 0.061877
vt 0.950007 0.057632
vt 0.950780 0.057692
vt 0.950473 0.061930
vt 0.949868 0.084459
vt 0.949815 0.074997
vt 0.974819 0.076067
vt 0.974774 0.083677
vt 0.954048 0.027971
vt 0.954660 0.023750
vt 0.976901 0.968881
vt 0.983578 0.987439
vt 0.985524 0.084630
vt 0.984005 0.084736
vt 0.978435 0.074865
vt 0.978777 0.074687
vt 0.976328 0.055632
vt 0.975938 0.055609
vt 0.976304 0.051598
vt 0.976691 0.051647
vt 0.955308 0.019472
vt 0.956428 0.012292
vt 0.981724 0.016355
vt 0.980228 0.023323
vt 0.980918 0.023460
vt 0.980525 0.023384
vt 0.982024 0.016419
vt 0.982420 0.016505
vt 0.978249 0.063724
vt 0.977945 0.063700
vt 0.978233 0.059998
vt 0.978539 0.060022
vt 0.978892 0.055724
vt 0.978584 0.055697
vt 0.978928 0.051994
vt 0.979234 0.052024
vt 0.976014 0.051569
vt 0.975645 0.055584
vt 0.979668 0.047744
vt 0.979361 0.047710
vt 0.979785 0.044028
vt 0.980090 0.044065
vt 0.980640 0.039809
vt 0.980335 0.039767
vt 0.980868 0.036107
vt 0.981170 0.036154
vt 0.979934 0.039722
vt 0.979533 0.039692
vt 0.980074 0.035947
vt 0.980470 0.036034
vt 0.980780 0.031753
vt 0.979724 0.031635
vt 0.980490 0.027675
vt 0.981522 0.027914
vt 0.978198 0.084494
vt 0.980417 0.084669
vt 0.976895 0.043531
vt 0.977186 0.043567
vt 0.976726 0.047565
vt 0.976435 0.047534
vt 0.981313 0.023529
vt 0.982815 0.016590
vt 0.975324 0.059625
vt 0.975614 0.059650
vt 0.975346 0.063655
vt 0.975060 0.063634
vt 0.974870 0.067685
vt 0.975141 0.067690
vt 0.975107 0.071702
vt 0.974830 0.071763
vt 0.975233 0.075855
vt 0.974726 0.083957
vt 0.978095 0.039588
vt 0.977707 0.039546
vt 0.978286 0.035561
vt 0.978671 0.035631
vt 0.975728 0.063672
vt 0.976002 0.059692
vt 0.977781 0.071299
vt 0.977522 0.071330
vt 0.977629 0.067902
vt 0.977916 0.067918
vt 0.046343 0.992299
vt 0.039843 0.992298
vt 0.035886 0.992039
vt 0.032392 0.991579
vt 0.028579 0.990557
vt 0.025447 0.989260
vt 0.022028 0.987286
vt 0.019338 0.985222
vt 0.016546 0.982431
vt 0.014483 0.979741
vt 0.012509 0.976322
vt 0.011211 0.973190
vt 0.010189 0.969376
vt 0.009729 0.965882
vt 0.009470 0.961926
vt 0.975478 0.071636
vt 0.975506 0.067707
vt 0.976456 0.084276
vt 0.975750 0.075706
vt 0.695636 0.409226
vt 0.695646 0.413216
vt 0.723876 0.034832
vt 0.709077 0.035746
vt 0.709366 0.031276
vt 0.723548 0.031014
vt 0.953279 0.027862
vt 0.953891 0.023636
vt 0.977226 0.968759
vt 0.977552 0.968637
vt 0.984226 0.987213
vt 0.983902 0.987326
vt 0.978485 0.039617
vt 0.979051 0.035715
vt 0.979330 0.031590
vt 0.980104 0.027587
vt 0.978558 0.047659
vt 0.977505 0.047614
vt 0.977956 0.043697
vt 0.978989 0.043897
vt 0.977114 0.047597
vt 0.977571 0.043626
vt 0.977775 0.055661
vt 0.976720 0.055642
vt 0.977078 0.051709
vt 0.978124 0.051881
vt 0.977147 0.063676
vt 0.976113 0.063676
vt 0.976389 0.059748
vt 0.977430 0.059899
vt 0.976818 0.071433
vt 0.975844 0.071562
vt 0.975872 0.067737
vt 0.976875 0.067836
vt 0.982359 0.023713
vt 0.983858 0.016817
vt 0.976264 0.075556
vt 0.977482 0.075269
vt 0.978204 0.968394
vt 0.978530 0.968272
vt 0.985198 0.986873
vt 0.984874 0.986986
vt 0.977878 0.968515
vt 0.984550 0.987099
vt 0.982757 0.023784
vt 0.984251 0.016902
vt 0.981581 0.031864
vt 0.981180 0.031801
vt 0.981915 0.028003
vt 0.982311 0.028086
vt 0.978178 0.055671
vt 0.978525 0.051945
vt 0.978957 0.047677
vt 0.979385 0.043969
vt 0.977545 0.063680
vt 0.977830 0.059955
vt 0.977173 0.071377
vt 0.977251 0.067875
vt 0.982201 0.084751
vt 0.977967 0.075079
vt 0.948957 0.074964
vt 0.684367 0.409330
vt 0.687181 0.409301
vt 0.687212 0.413194
vt 0.684423 0.413232
vt 0.678731 0.409401
vt 0.681568 0.409363
vt 0.681640 0.413275
vt 0.678813 0.413347
vt 0.673025 0.409462
vt 0.675904 0.409434
vt 0.675987 0.413417
vt 0.673118 0.413525
vt 0.667178 0.409375
vt 0.667140 0.413741
vt 0.662021 0.413439
vt 0.662155 0.408958
vt 0.670192 0.413657
vt 0.670151 0.409450
vt 0.665925 0.235942
vt 0.668903 0.236093
vt 0.668802 0.240315
vt 0.665845 0.240353
vt 0.982611 0.028145
vt 0.981885 0.031919
vt 0.660383 0.235592
vt 0.660495 0.240632
vt 0.644020 0.240959
vt 0.643787 0.236443
vt 0.659985 0.235605
vt 0.954536 0.019353
vt 0.699980 0.240036
vt 0.697117 0.240083
vt 0.696980 0.235973
vt 0.699822 0.235841
vt 0.540252 0.146148
vt 0.527983 0.133879
vt 0.527191 0.118868
vt 0.527213 0.118808
vt 0.527273 0.118782
vt 0.531910 0.118782
vt 0.534795 0.118972
vt 0.537621 0.119344
vt 0.540392 0.120086
vt 0.543020 0.121175
vt 0.545504 0.122609
vt 0.547762 0.124341
vt 0.549790 0.126369
vt 0.551522 0.128626
vt 0.552956 0.131110
vt 0.554045 0.133739
vt 0.554787 0.136510
vt 0.555159 0.139336
vt 0.555348 0.142220
vt 0.555348 0.146858
vt 0.555323 0.146918
vt 0.555263 0.146940
vt 0.692815 0.413194
vt 0.692808 0.409252
vt 0.689984 0.413194
vt 0.689978 0.409278
vt 0.660877 0.240625
vt 0.660719 0.235583
vt 0.832945 0.406155
vt 0.847835 0.406931
vt 0.847514 0.410854
vt 0.833243 0.410472
vt 0.724523 0.235240
vt 0.724521 0.239550
vt 0.708277 0.240101
vt 0.708195 0.235129
vt 0.708588 0.235127
vt 0.985524 0.986759
vt 0.978856 0.968151
vt 0.380976 0.026296
vt 0.209801 0.025787
vt 0.209801 0.011545
vt 0.380197 0.011545
vt 0.974408 0.969749
vt 0.981057 0.988284
vt 0.980753 0.988455
vt 0.974100 0.969859
vt 0.408057 0.039405
vt 0.393306 0.038626
vt 0.948635 0.083230
vt 0.970567 0.948505
vt 0.971558 0.949290
vt 0.971404 0.949360
vt 0.970536 0.948531
vt 0.009470 0.489387
vt 0.021287 0.464331
vt 0.969898 0.947100
vt 0.966452 0.948097
vt 0.966184 0.947513
vt 0.969822 0.946498
vt 0.963269 0.938424
vt 0.963040 0.938759
vt 0.962969 0.938690
vt 0.967525 0.950707
vt 0.967591 0.950739
vt 0.967410 0.950816
vt 0.970067 0.948215
vt 0.969977 0.947674
vt 0.970014 0.947668
vt 0.970100 0.948203
vt 0.967732 0.950694
vt 0.970396 0.949616
vt 0.963784 0.941574
vt 0.963951 0.941522
vt 0.964232 0.942402
vt 0.964076 0.942454
vt 0.665397 0.208275
vt 0.660223 0.208702
vt 0.660283 0.203661
vt 0.665270 0.203864
vt 0.966074 0.947563
vt 0.966349 0.948146
vt 0.965512 0.946285
vt 0.965634 0.946234
vt 0.965910 0.946889
vt 0.965794 0.946939
vt 0.964941 0.944864
vt 0.965076 0.944812
vt 0.965355 0.945538
vt 0.965226 0.945590
vt 0.964365 0.943297
vt 0.964514 0.943245
vt 0.964795 0.944044
vt 0.964652 0.944095
vt 0.969060 0.937782
vt 0.969221 0.939497
vt 0.963675 0.940560
vt 0.966980 0.949173
vt 0.966719 0.948652
vt 0.970402 0.949648
vt 0.971555 0.937244
vt 0.970164 0.939752
vt 0.970080 0.939715
vt 0.971194 0.937264
vt 0.969644 0.943738
vt 0.969713 0.944469
vt 0.969644 0.944478
vt 0.969571 0.943743
vt 0.967246 0.949682
vt 0.970164 0.948750
vt 0.970261 0.948688
vt 0.970597 0.949612
vt 0.970206 0.948720
vt 0.970018 0.942154
vt 0.970070 0.942896
vt 0.970010 0.942900
vt 0.969956 0.942159
vt 0.970126 0.943724
vt 0.970171 0.944407
vt 0.970116 0.944411
vt 0.970067 0.943728
vt 0.969592 0.944484
vt 0.969516 0.943749
vt 0.970225 0.945163
vt 0.970271 0.945784
vt 0.970220 0.945788
vt 0.970172 0.945167
vt 0.970325 0.946471
vt 0.970366 0.947034
vt 0.970321 0.947038
vt 0.970277 0.946475
vt 0.970214 0.946478
vt 0.970262 0.947044
vt 0.970203 0.947052
vt 0.970151 0.946480
vt 0.970258 0.947652
vt 0.970312 0.948141
vt 0.970190 0.948173
vt 0.970117 0.947659
vt 0.970353 0.937385
vt 0.969838 0.937491
vt 0.969745 0.945858
vt 0.969670 0.945190
vt 0.969719 0.945184
vt 0.969793 0.945853
vt 0.970314 0.948657
vt 0.970788 0.949565
vt 0.969441 0.942977
vt 0.969370 0.942179
vt 0.969428 0.942173
vt 0.969497 0.942971
vt 0.969306 0.941339
vt 0.969267 0.940459
vt 0.969330 0.940470
vt 0.969364 0.941337
vt 0.969040 0.937720
vt 0.969319 0.939528
vt 0.969927 0.946488
vt 0.969996 0.947087
vt 0.969940 0.947095
vt 0.969867 0.946493
vt 0.969505 0.942168
vt 0.969573 0.942961
vt 0.969932 0.940552
vt 0.969951 0.941284
vt 0.969891 0.941287
vt 0.969873 0.940545
vt 0.046343 0.452515
vt 0.009470 0.482887
vt 0.009730 0.478931
vt 0.010190 0.475437
vt 0.011212 0.471624
vt 0.012509 0.468491
vt 0.014483 0.465072
vt 0.016547 0.462383
vt 0.019338 0.459591
vt 0.022028 0.457527
vt 0.025447 0.455554
vt 0.028579 0.454256
vt 0.032392 0.453234
vt 0.035886 0.452774
vt 0.039843 0.452515
vt 0.969413 0.940483
vt 0.969441 0.941332
vt 0.969436 0.937594
vt 0.969441 0.939556
vt 0.694985 0.034806
vt 0.694975 0.030800
vt 0.697866 0.030764
vt 0.697859 0.034847
vt 0.708707 0.035733
vt 0.703712 0.035089
vt 0.703904 0.030684
vt 0.709070 0.031252
vt 0.966621 0.948700
vt 0.966887 0.949220
vt 0.970052 0.947078
vt 0.969988 0.946485
vt 0.970145 0.948188
vt 0.970065 0.947663
vt 0.970034 0.945172
vt 0.970089 0.945805
vt 0.969919 0.945833
vt 0.969853 0.945176
vt 0.969856 0.945844
vt 0.969786 0.945179
vt 0.969915 0.943733
vt 0.969971 0.944429
vt 0.969783 0.944458
vt 0.969717 0.943736
vt 0.969794 0.942164
vt 0.969852 0.942919
vt 0.969648 0.942950
vt 0.969583 0.942166
vt 0.969715 0.940522
vt 0.969731 0.941301
vt 0.969519 0.941324
vt 0.969496 0.940497
vt 0.970443 0.948596
vt 0.971028 0.949496
vt 0.969849 0.939633
vt 0.969563 0.939583
vt 0.971217 0.949433
vt 0.970491 0.948564
vt 0.970365 0.947647
vt 0.970401 0.948120
vt 0.970357 0.948130
vt 0.970311 0.947651
vt 0.969991 0.943732
vt 0.970044 0.944418
vt 0.970154 0.945795
vt 0.970102 0.945170
vt 0.969875 0.942163
vt 0.969930 0.942908
vt 0.969794 0.940534
vt 0.969811 0.941293
vt 0.970770 0.937313
vt 0.969966 0.939671
vt 0.963487 0.940610
vt 0.693708 0.204003
vt 0.693624 0.208066
vt 0.690826 0.208011
vt 0.690893 0.203967
vt 0.688061 0.203937
vt 0.688013 0.207967
vt 0.685223 0.207939
vt 0.685258 0.203911
vt 0.682433 0.203892
vt 0.682410 0.207917
vt 0.679622 0.207908
vt 0.679629 0.203877
vt 0.676798 0.203870
vt 0.676810 0.207908
vt 0.674020 0.207935
vt 0.673976 0.203868
vt 0.671116 0.203874
vt 0.671190 0.207987
vt 0.668365 0.208101
vt 0.668234 0.203880
vt 0.970434 0.948114
vt 0.970405 0.947645
vt 0.962543 0.938567
vt 0.962968 0.938506
vt 0.962888 0.938644
vt 0.967151 0.949728
vt 0.689309 0.034771
vt 0.689303 0.030844
vt 0.692140 0.030835
vt 0.692147 0.034789
vt 0.672432 0.030578
vt 0.672360 0.034631
vt 0.669493 0.034653
vt 0.669510 0.030466
vt 0.683687 0.034733
vt 0.683726 0.030829
vt 0.686517 0.030856
vt 0.686504 0.034755
vt 0.678056 0.034675
vt 0.678128 0.030733
vt 0.680953 0.030798
vt 0.680891 0.034707
vt 0.675300 0.030672
vt 0.675232 0.034651
vt 0.666533 0.034735
vt 0.661550 0.035150
vt 0.661399 0.030769
vt 0.666469 0.030411
vt 0.659889 0.208700
vt 0.659490 0.208694
vt 0.643268 0.208300
vt 0.643378 0.203778
vt 0.659901 0.203659
vt 0.707383 0.208899
vt 0.702229 0.208463
vt 0.702394 0.204089
vt 0.707337 0.203927
vt 0.026296 0.038626
vt 0.038626 0.026296
vt 0.039405 0.011545
vt 0.011545 0.039405
vt 0.724001 0.208473
vt 0.708106 0.208893
vt 0.707714 0.208898
vt 0.707713 0.203927
vt 0.723932 0.204173
vt 0.939002 0.264107
vt 0.933333 0.442342
vt 0.954163 0.896633
vt 0.792414 0.233875
vt 0.792342 0.238089
vt 0.795208 0.238079
vt 0.795270 0.233958
vt 0.861562 0.028396
vt 0.862125 0.032333
vt 0.540252 0.273316
vt 0.555263 0.272524
vt 0.555323 0.272546
vt 0.555348 0.272606
vt 0.555348 0.277243
vt 0.555159 0.280128
vt 0.554787 0.282954
vt 0.554045 0.285725
vt 0.552956 0.288353
vt 0.551522 0.290838
vt 0.549790 0.293095
vt 0.547762 0.295123
vt 0.545504 0.296855
vt 0.543020 0.298289
vt 0.540392 0.299378
vt 0.537621 0.300120
vt 0.534795 0.300492
vt 0.531910 0.300682
vt 0.527273 0.300682
vt 0.527213 0.300656
vt 0.527191 0.300596
vt 0.527983 0.285585
vt 0.793548 0.411452
vt 0.793483 0.407246
vt 0.934114 0.502947
vt 0.812278 0.207731
vt 0.809464 0.207690
vt 0.809516 0.203658
vt 0.812346 0.203692
vt 0.806675 0.207658
vt 0.803862 0.207637
vt 0.803886 0.203610
vt 0.806712 0.203632
vt 0.801072 0.207624
vt 0.798260 0.207627
vt 0.798250 0.203584
vt 0.801083 0.203595
vt 0.795465 0.207644
vt 0.795432 0.203581
vt 0.817904 0.207882
vt 0.815071 0.207796
vt 0.815166 0.203729
vt 0.818023 0.203772
vt 0.739965 0.028394
vt 0.740637 0.032610
vt 0.787965 0.030100
vt 0.788027 0.034435
vt 0.783036 0.034870
vt 0.782902 0.030509
vt 0.699301 0.208277
vt 0.699432 0.204075
vt 0.696569 0.204042
vt 0.696450 0.208157
vt 0.709593 0.408297
vt 0.709874 0.412599
vt 0.832771 0.406161
vt 0.833095 0.410466
vt 0.700804 0.030683
vt 0.700756 0.034915
vt 0.967544 0.950627
vt 0.677360 0.236257
vt 0.680172 0.236253
vt 0.680185 0.240282
vt 0.677356 0.240294
vt 0.682959 0.236240
vt 0.685770 0.236214
vt 0.685811 0.240239
vt 0.682987 0.240262
vt 0.688557 0.236183
vt 0.691367 0.236134
vt 0.691442 0.240173
vt 0.688612 0.240208
vt 0.694160 0.236073
vt 0.694256 0.240130
vt 0.671735 0.236192
vt 0.674569 0.236235
vt 0.674537 0.240303
vt 0.671680 0.240307
vt 0.646525 0.411358
vt 0.661785 0.408957
vt 0.661723 0.413434
vt 0.647166 0.415552
vt 0.704522 0.413249
vt 0.704307 0.408921
vt 0.709238 0.408311
vt 0.709585 0.412625
vt 0.742233 0.239480
vt 0.742248 0.235288
vt 0.865816 0.233154
vt 0.865790 0.237344
vt 0.863060 0.203759
vt 0.863128 0.207930
vt 0.741574 0.204051
vt 0.741636 0.208223
vt 0.955613 0.012442
vt 0.955639 0.012238
vt 0.955638 0.012032
vt 0.955905 0.012033
vt 0.782677 0.034873
vt 0.767513 0.032708
vt 0.768191 0.028464
vt 0.782610 0.030517
vt 0.934633 0.805730
vt 0.934395 0.805520
vt 0.934820 0.806008
vt 0.848114 0.294258
vt 0.833215 0.294299
vt 0.795710 0.294585
vt 0.792908 0.294605
vt 0.796067 0.350988
vt 0.793271 0.351009
vt 0.818211 0.294426
vt 0.815408 0.294446
vt 0.818505 0.350846
vt 0.815713 0.350862
vt 0.812584 0.294465
vt 0.809783 0.294485
vt 0.812897 0.350878
vt 0.810104 0.350895
vt 0.806958 0.294505
vt 0.804158 0.294525
vt 0.807288 0.350912
vt 0.804495 0.350930
vt 0.801334 0.294545
vt 0.798534 0.294565
vt 0.801678 0.350949
vt 0.798884 0.350968
vt 0.823841 0.294388
vt 0.821036 0.294407
vt 0.824113 0.350818
vt 0.821320 0.350832
vt 0.790072 0.294626
vt 0.790440 0.351031
vt 0.826940 0.350805
vt 0.826682 0.294368
vt 0.848340 0.350834
vt 0.833430 0.350786
vt 0.785892 0.351089
vt 0.769021 0.351316
vt 0.783941 0.351115
vt 0.785126 0.406714
vt 0.769909 0.409087
vt 0.768718 0.294908
vt 0.783553 0.294672
vt 0.785514 0.294651
vt 0.790259 0.147007
vt 0.793063 0.147028
vt 0.790696 0.090577
vt 0.793492 0.090601
vt 0.812772 0.147173
vt 0.815574 0.147193
vt 0.813144 0.090750
vt 0.815938 0.090769
vt 0.807144 0.147133
vt 0.809946 0.147153
vt 0.807533 0.090710
vt 0.810327 0.090730
vt 0.801516 0.147091
vt 0.804319 0.147112
vt 0.801921 0.090668
vt 0.804716 0.090689
vt 0.795889 0.147050
vt 0.798691 0.147070
vt 0.796309 0.090624
vt 0.799104 0.090646
vt 0.818400 0.147213
vt 0.821205 0.147232
vt 0.818754 0.090787
vt 0.821549 0.090805
vt 0.787419 0.146986
vt 0.787865 0.090553
vt 0.824378 0.090820
vt 0.824045 0.147252
vt 0.845809 0.090697
vt 0.830869 0.090821
vt 0.845494 0.147267
vt 0.830575 0.147298
vt 0.828921 0.090820
vt 0.828610 0.147291
vt 0.780890 0.146960
vt 0.766053 0.146766
vt 0.766470 0.090322
vt 0.781363 0.090491
vt 0.644586 0.147064
vt 0.659420 0.147255
vt 0.696926 0.147497
vt 0.699730 0.147516
vt 0.697268 0.091079
vt 0.700063 0.091096
vt 0.674417 0.147340
vt 0.677219 0.147360
vt 0.674825 0.090920
vt 0.677620 0.090941
vt 0.680044 0.147380
vt 0.682846 0.147400
vt 0.680437 0.090963
vt 0.683231 0.090983
vt 0.685671 0.147420
vt 0.688473 0.147440
vt 0.686048 0.091004
vt 0.688842 0.091023
vt 0.691298 0.147459
vt 0.694100 0.147478
vt 0.691658 0.091043
vt 0.694452 0.091061
vt 0.668788 0.147299
vt 0.671592 0.147319
vt 0.669212 0.090874
vt 0.672008 0.090897
vt 0.702570 0.147535
vt 0.702891 0.091110
vt 0.666381 0.090850
vt 0.665949 0.147279
vt 0.644985 0.090631
vt 0.659880 0.090789
vt 0.707434 0.091110
vt 0.724316 0.090983
vt 0.709381 0.091110
vt 0.724016 0.147547
vt 0.709098 0.147579
vt 0.707134 0.147573
vt 0.700363 0.296584
vt 0.697558 0.296607
vt 0.700698 0.353005
vt 0.697905 0.353022
vt 0.677859 0.296765
vt 0.675059 0.296788
vt 0.678266 0.353162
vt 0.675472 0.353185
vt 0.683483 0.296719
vt 0.680683 0.296742
vt 0.683876 0.353119
vt 0.681082 0.353140
vt 0.689107 0.296674
vt 0.686307 0.296696
vt 0.689484 0.353078
vt 0.686691 0.353099
vt 0.694733 0.296629
vt 0.691932 0.296651
vt 0.695091 0.353040
vt 0.692299 0.353059
vt 0.672236 0.296811
vt 0.669435 0.296835
vt 0.672656 0.353208
vt 0.669860 0.353232
vt 0.703203 0.296561
vt 0.703524 0.352990
vt 0.667030 0.353258
vt 0.666598 0.296858
vt 0.645608 0.353563
vt 0.660531 0.353349
vt 0.645248 0.297164
vt 0.660080 0.296912
vt 0.662482 0.353320
vt 0.662042 0.296889
vt 0.709735 0.296485
vt 0.724633 0.296427
vt 0.724919 0.352997
vt 0.710013 0.352962
vt 0.955584 0.011545
vt 0.741861 0.296401
vt 0.742248 0.353106
vt 0.865341 0.294254
vt 0.865667 0.350962
vt 0.864517 0.409309
vt 0.862674 0.147264
vt 0.863128 0.090558
vt 0.741196 0.147543
vt 0.741636 0.090841
vt 0.707771 0.296512
vt 0.708066 0.352980
vt 0.831250 0.294324
vt 0.831482 0.350802
vt 0.782854 0.146964
vt 0.783315 0.090500
vt 0.661832 0.090799
vt 0.661384 0.147258
vt 0.863938 0.413246
vt 0.933946 0.503237
vt 0.944796 0.848018
vt 0.948412 0.083569
vt 0.967541 0.950670
vt 0.832457 0.350791
vt 0.832232 0.294314
vt 0.831632 0.237903
vt 0.784917 0.351099
vt 0.785314 0.406713
vt 0.784533 0.294664
vt 0.784221 0.238387
vt 0.829895 0.090823
vt 0.830387 0.035427
vt 0.829593 0.147292
vt 0.828988 0.203657
vt 0.782852 0.034873
vt 0.782339 0.090498
vt 0.781873 0.146960
vt 0.781549 0.203368
vt 0.661365 0.035153
vt 0.660856 0.090797
vt 0.660403 0.147253
vt 0.660092 0.203658
vt 0.708407 0.091113
vt 0.708888 0.035741
vt 0.708117 0.147573
vt 0.707525 0.203925
vt 0.661507 0.353332
vt 0.661974 0.408956
vt 0.661061 0.296903
vt 0.660686 0.240630
vt 0.709419 0.408303
vt 0.709040 0.352968
vt 0.708752 0.296501
vt 0.708089 0.240105
vt 0.785219 0.411152
vt 0.785067 0.411170
vt 0.831583 0.232927
vt 0.830728 0.030957
vt 0.784100 0.233345
vt 0.782759 0.030533
vt 0.829016 0.208632
vt 0.661875 0.413416
vt 0.781521 0.208411
vt 0.661256 0.030793
vt 0.709215 0.031284
vt 0.660056 0.208701
vt 0.707549 0.208898
vt 0.709726 0.412593
vt 0.660551 0.235587
vt 0.708029 0.235131
vt 0.770546 0.413267
vt 0.863820 0.413522
vt 0.847490 0.411126
vt 0.793555 0.411618
vt 0.790480 0.411709
vt 0.799337 0.411379
vt 0.796466 0.411470
vt 0.804988 0.411239
vt 0.802159 0.411296
vt 0.810556 0.411164
vt 0.807769 0.411183
vt 0.816158 0.411175
vt 0.813329 0.411153
vt 0.821871 0.411227
vt 0.818992 0.411187
vt 0.827886 0.411248
vt 0.824813 0.411277
vt 0.845058 0.030443
vt 0.861431 0.028096
vt 0.787959 0.029926
vt 0.791022 0.029988
vt 0.793931 0.030118
vt 0.796803 0.030198
vt 0.799627 0.030275
vt 0.802455 0.030328
vt 0.805226 0.030379
vt 0.808016 0.030387
vt 0.810804 0.030391
vt 0.813639 0.030364
vt 0.816479 0.030345
vt 0.819366 0.030291
vt 0.822324 0.030220
vt 0.825426 0.030220
vt 0.740364 0.415954
vt 0.724086 0.413284
vt 0.704533 0.413424
vt 0.701453 0.413455
vt 0.698528 0.413398
vt 0.695645 0.413377
vt 0.692815 0.413355
vt 0.689984 0.413353
vt 0.687213 0.413350
vt 0.684426 0.413390
vt 0.681644 0.413433
vt 0.678817 0.413508
vt 0.675992 0.413578
vt 0.673125 0.413688
vt 0.670199 0.413824
vt 0.667137 0.413915
vt 0.723522 0.030743
vt 0.739829 0.028096
vt 0.700801 0.030514
vt 0.703914 0.030507
vt 0.694973 0.030639
vt 0.697863 0.030600
vt 0.689302 0.030686
vt 0.692139 0.030674
vt 0.683728 0.030673
vt 0.686518 0.030698
vt 0.678131 0.030572
vt 0.680956 0.030640
vt 0.672438 0.030415
vt 0.675305 0.030511
vt 0.666465 0.030237
vt 0.669515 0.030299
vt 0.833105 0.410680
vt 0.833012 0.410692
vt 0.833201 0.410691
vt 0.785319 0.411374
vt 0.785225 0.411368
vt 0.785129 0.411387
vt 0.830642 0.030726
vt 0.830737 0.030738
vt 0.830836 0.030727
vt 0.782764 0.030320
vt 0.782856 0.030314
vt 0.782669 0.030302
vt 0.661260 0.030580
vt 0.661353 0.030573
vt 0.661166 0.030561
vt 0.709129 0.031053
vt 0.709225 0.031066
vt 0.709323 0.031055
vt 0.661976 0.413638
vt 0.661882 0.413633
vt 0.661785 0.413652
vt 0.709736 0.412806
vt 0.709643 0.412818
vt 0.709832 0.412817
vt 0.770658 0.413522
vt 0.768301 0.028211
vt 0.647278 0.415806
vt 0.646753 0.028490
vt 0.527983 0.183090
vt 0.540252 0.170822
vt 0.555263 0.170030
vt 0.555323 0.170052
vt 0.555348 0.170111
vt 0.555348 0.174749
vt 0.555159 0.177633
vt 0.554787 0.180460
vt 0.554045 0.183230
vt 0.552956 0.185859
vt 0.551522 0.188343
vt 0.549790 0.190600
vt 0.547762 0.192628
vt 0.545504 0.194360
vt 0.543020 0.195794
vt 0.540392 0.196883
vt 0.537621 0.197626
vt 0.534795 0.197998
vt 0.531910 0.198187
vt 0.527273 0.198187
vt 0.527213 0.198162
vt 0.527191 0.198101
s 1
usemtl Material.1104
f 18/1/1 2/2/2 16/3/3 109/4/4
f 328/5/5 331/6/2 2/7/2 3/8/5
f 46/9/6 37/10/7 38/11/8 51/12/9
f 145/13/10 973/14/11 975/15/12
f 970/16/13 711/17/14 162/18/15
f 48/19/16 47/20/17 60/21/18 69/22/19
f 327/23/20 147/24/21 5/25/22 329/26/22
f 149/27/23 34/28/23 45/29/24 151/30/24
f 160/31/25 971/32/26 994/33/27 738/34/25
f 156/35/8 38/11/8 37/10/7 159/36/7
f 154/37/28 40/38/28 39/39/29 157/40/29
f 152/41/30 42/42/30 41/43/31 155/44/31
f 150/45/32 44/46/32 43/47/33 153/48/33
f 145/13/10 4/49/34 58/50/35 35/51/35
f 48/19/16 33/52/16 36/53/17 47/20/17
f 329/26/22 5/25/22 9/54/36 332/55/37
f 1/56/38 21/57/39 140/58/40 12/59/41
f 88/60/42 83/61/43 79/62/44 84/63/45
f 32/64/25 49/65/25 5/25/22 147/24/21
f 70/66/46 11/67/47 9/54/36 68/68/48
f 30/69/49 29/70/50 128/71/51 135/72/52
f 28/73/53 27/74/54 122/75/55 129/76/56
f 52/77/57 55/78/58 84/63/45 79/62/44
f 26/79/59 25/80/60 116/81/61 123/82/62
f 24/83/63 23/84/64 104/85/65 117/86/66
f 118/87/67 107/88/68 103/89/69 114/90/70
f 102/91/71 111/92/72 66/93/73 63/94/74
f 509/95/75 13/96/76 6/97/77 508/98/77
f 50/99/78 53/100/79 78/101/80 73/102/81
f 5/25/22 49/65/25 68/68/48 9/54/36
f 67/103/82 10/104/83 11/67/47 70/66/46
f 54/105/84 57/106/85 90/107/86 85/108/87
f 56/109/88 59/110/23 96/111/89 91/112/90
f 58/50/35 4/49/34 7/113/91 97/114/92
f 76/115/93 65/116/94 61/117/95 72/118/96
f 46/9/6 51/12/9 72/118/96 61/117/95
f 94/119/97 89/120/98 85/108/87 90/107/86
f 20/121/99 31/122/100 134/123/101 141/124/102
f 1/125/38 3/8/5 2/7/2 18/126/1 19/127/103 22/128/104 23/129/64 24/130/63 25/131/60 26/132/59 27/133/54 28/134/53 29/135/50 30/136/49 31/137/100 20/138/99 21/139/39
f 100/140/105 95/141/106 91/112/90 96/111/89
f 8/142/107 101/143/108 97/114/92 7/113/91
f 50/99/78 39/39/29 40/38/28 53/100/79
f 52/77/57 41/43/31 42/42/30 55/78/58
f 54/105/84 43/47/33 44/46/32 57/106/85
f 718/144/109 1104/145/110 1103/146/111 747/147/24
f 56/109/88 45/29/24 34/28/23 59/110/23
f 1006/148/112 742/149/35 1095/150/113 1227/151/114
f 158/152/17 36/53/17 33/52/16 161/153/16
f 333/154/115 11/67/47 10/104/83 334/155/116
f 332/55/37 9/54/36 11/67/47 333/154/115
f 114/90/70 103/89/69 62/156/117 75/157/118
f 75/157/118 62/156/117 65/116/94 76/115/93
f 63/94/74 66/93/73 71/158/119 64/159/120
f 64/159/120 71/158/119 69/22/19 60/21/18
f 120/160/121 115/161/122 74/162/123 81/163/124
f 81/163/124 74/162/123 77/164/125 82/165/126
f 126/166/127 121/167/128 80/168/129 87/169/130
f 87/169/130 80/168/129 83/61/43 88/60/42
f 132/170/131 127/171/132 86/172/133 93/173/134
f 93/173/134 86/172/133 89/120/98 94/119/97
f 138/174/135 133/175/136 92/176/137 99/177/138
f 99/177/138 92/176/137 95/141/106 100/140/105
f 110/178/139 15/179/140 10/104/83 67/103/82
f 82/165/126 77/164/125 73/102/81 78/101/80
f 13/96/76 139/180/141 98/181/142 6/97/77
f 6/97/77 98/181/142 101/143/108 8/142/107
f 336/182/2 17/183/143 16/3/3 337/184/144
f 335/185/145 15/179/140 17/183/143 336/182/2
f 109/4/4 16/3/3 17/183/143 112/186/146
f 117/86/66 104/85/65 107/88/68 118/87/67
f 105/187/147 108/188/148 113/189/149 106/190/150
f 106/190/150 113/189/149 111/92/72 102/91/71
f 130/191/151 125/192/152 121/167/128 126/166/127
f 123/82/62 116/81/61 119/193/153 124/194/154
f 136/195/155 131/196/156 127/171/132 132/170/131
f 129/76/56 122/75/55 125/192/152 130/191/151
f 142/197/157 137/198/158 133/175/136 138/174/135
f 135/72/52 128/71/51 131/196/156 136/195/155
f 14/199/159 143/200/160 139/180/141 13/96/76
f 141/124/102 134/123/101 137/198/158 142/197/157
f 112/186/146 17/183/143 15/179/140 110/178/139
f 124/194/154 119/193/153 115/161/122 120/160/121
f 12/59/41 140/58/40 143/200/160 14/199/159
f 49/65/25 32/64/25 33/52/16 48/19/16
f 37/10/7 46/9/6 47/20/17 36/53/17
f 39/39/29 50/99/78 51/12/9 38/11/8
f 41/43/31 52/77/57 53/100/79 40/38/28
f 43/47/33 54/105/84 55/78/58 42/42/30
f 45/29/24 56/109/88 57/106/85 44/46/32
f 35/51/35 58/50/35 59/110/23 34/28/23
f 148/201/35 35/51/35 34/28/23 149/27/23
f 719/202/32 150/203/32 153/204/33 750/205/33
f 723/206/30 152/207/30 155/208/31 754/209/31
f 727/210/28 154/211/28 157/212/29 758/213/29
f 731/214/8 156/215/8 159/216/7 762/217/7
f 735/218/17 158/219/17 161/220/16 766/221/16
f 160/31/25 738/34/25 766/221/16 161/220/16
f 65/116/94 62/156/117 63/94/74 64/159/120
f 67/103/82 70/66/46 71/158/119 66/93/73
f 61/117/95 65/116/94 64/159/120 60/21/18
f 70/66/46 68/68/48 69/22/19 71/158/119
f 77/164/125 74/162/123 75/157/118 76/115/93
f 73/102/81 77/164/125 76/115/93 72/118/96
f 83/61/43 80/168/129 81/163/124 82/165/126
f 79/62/44 83/61/43 82/165/126 78/101/80
f 89/120/98 86/172/133 87/169/130 88/60/42
f 85/108/87 89/120/98 88/60/42 84/63/45
f 95/141/106 92/176/137 93/173/134 94/119/97
f 91/112/90 95/141/106 94/119/97 90/107/86
f 101/143/108 98/181/142 99/177/138 100/140/105
f 97/114/92 101/143/108 100/140/105 96/111/89
f 107/88/68 104/85/65 105/187/147 106/190/150
f 109/4/4 112/186/146 113/189/149 108/188/148
f 103/89/69 107/88/68 106/190/150 102/91/71
f 112/186/146 110/178/139 111/92/72 113/189/149
f 119/193/153 116/81/61 117/86/66 118/87/67
f 115/161/122 119/193/153 118/87/67 114/90/70
f 125/192/152 122/75/55 123/82/62 124/194/154
f 121/167/128 125/192/152 124/194/154 120/160/121
f 131/196/156 128/71/51 129/76/56 130/191/151
f 127/171/132 131/196/156 130/191/151 126/166/127
f 137/198/158 134/123/101 135/72/52 136/195/155
f 133/175/136 137/198/158 136/195/155 132/170/131
f 143/200/160 140/58/40 141/124/102 142/197/157
f 139/180/141 143/200/160 142/197/157 138/174/135
f 138/174/135 99/177/138 98/181/142 139/180/141
f 96/111/89 59/110/23 58/50/35 97/114/92
f 48/19/16 69/22/19 68/68/48 49/65/25
f 66/93/73 111/92/72 110/178/139 67/103/82
f 46/9/6 61/117/95 60/21/18 47/20/17
f 74/162/123 115/161/122 114/90/70 75/157/118
f 102/91/71 63/94/74 62/156/117 103/89/69
f 50/99/78 73/102/81 72/118/96 51/12/9
f 52/77/57 79/62/44 78/101/80 53/100/79
f 80/168/129 121/167/128 120/160/121 81/163/124
f 54/105/84 85/108/87 84/63/45 55/78/58
f 86/172/133 127/171/132 126/166/127 87/169/130
f 56/109/88 91/112/90 90/107/86 57/106/85
f 92/176/137 133/175/136 132/170/131 93/173/134
f 20/121/99 141/124/102 140/58/40 21/57/39
f 108/188/148 19/222/103 18/1/1 109/4/4
f 104/85/65 23/84/64 22/223/104 105/187/147
f 116/81/61 25/80/60 24/83/63 117/86/66
f 122/75/55 27/74/54 26/79/59 123/82/62
f 128/71/51 29/70/50 28/73/53 129/76/56
f 134/123/101 31/122/100 30/69/49 135/72/52
f 22/223/104 19/222/103 108/188/148 105/187/147
f 163/224/161 702/225/162 974/226/163
f 32/64/25 160/227/25 161/153/16 33/52/16
f 36/53/17 158/152/17 159/36/7 37/10/7
f 38/11/8 156/35/8 157/40/29 39/39/29
f 40/38/28 154/37/28 155/44/31 41/43/31
f 42/42/30 152/41/30 153/48/33 43/47/33
f 44/46/32 150/45/32 151/30/24 45/29/24
f 722/228/30 1108/229/164 1107/230/165 751/231/33
f 1120/232/166 734/233/17 767/234/16 1099/235/167
f 726/236/28 1112/237/168 1111/238/169 755/239/31
f 730/240/8 1116/241/170 1115/242/171 759/243/29
f 734/233/17 1120/232/166 1119/244/172 763/245/7
f 739/246/25 998/247/27 1219/248/173 1101/249/174
f 970/250/13 162/251/15 146/252/175 951/253/176 995/254/177
f 959/255/178 1019/256/179 1231/257/180 1123/258/181
f 739/246/25 1101/249/174 1099/235/167 767/234/16
f 973/259/11 148/260/35 743/261/35 1010/262/182
f 2/2/2 331/263/2 337/184/144 16/3/3
f 15/179/140 335/185/145 334/155/116 10/104/83
f 3/8/5 503/264/5 699/265/5 328/5/5
f 702/225/162 703/266/183 504/267/184 145/13/10
f 4/49/34 502/268/34 506/269/185 7/113/91
f 13/96/76 509/95/75 510/270/186 14/199/159
f 14/199/159 510/270/186 511/271/187 12/59/41
f 7/113/91 506/269/185 507/272/188 8/142/107
f 1/56/38 12/59/41 511/271/187 505/273/38
f 8/142/107 507/272/188 508/98/77 6/97/77
f 1/125/38 505/274/38 503/264/5 3/8/5
f 145/13/10 504/267/184 502/268/34 4/49/34
f 146/275/175 162/276/15 338/277/189 330/278/190
f 712/279/191 338/280/189 162/18/15 711/17/14
f 163/281/161 144/282/192 512/283/190 513/284/193
f 144/285/192 163/286/161 974/287/163 1009/288/194 946/289/195
f 181/290/196 272/291/197 179/292/3 165/293/2
f 328/5/5 166/294/5 165/295/2 331/6/2
f 209/296/198 214/297/199 201/298/200 200/299/198
f 980/300/201 1030/301/202 798/302/203 311/303/203
f 1129/304/204 1134/305/205 802/306/206 771/307/207
f 211/308/208 232/309/209 223/310/210 210/311/211
f 327/23/20 329/26/22 168/312/22 310/313/212
f 312/314/213 314/315/206 208/316/206 197/317/213
f 326/318/214 979/319/215 708/320/216
f 319/321/200 322/322/198 200/299/198 201/298/200
f 317/323/217 320/324/218 202/325/218 203/326/217
f 315/327/219 318/328/220 204/329/220 205/330/219
f 313/331/221 316/332/222 206/333/222 207/334/221
f 308/335/223 198/336/203 221/337/203 167/338/224
f 211/308/208 210/311/211 199/339/211 196/340/208
f 329/26/22 332/55/37 172/341/225 168/312/22
f 164/342/226 175/343/91 303/344/227 184/345/228
f 251/346/229 247/347/230 242/348/231 246/349/232
f 195/350/233 310/313/212 168/312/22 212/351/233
f 233/352/234 231/353/235 172/341/225 174/354/47
f 193/355/236 298/356/237 291/357/238 192/358/239
f 191/359/240 292/360/241 285/361/242 190/362/243
f 215/363/244 242/348/231 247/347/230 218/364/245
f 189/365/246 286/366/247 279/367/248 188/368/249
f 187/369/250 280/370/251 267/371/252 186/372/253
f 281/373/254 277/374/255 266/375/256 270/376/257
f 265/377/258 226/378/259 229/379/260 274/380/261
f 695/381/77 694/382/262 169/383/262 176/384/77
f 213/385/263 236/386/264 241/387/265 216/388/266
f 168/312/22 172/341/225 231/353/235 212/351/233
f 230/389/267 233/352/234 174/354/47 173/390/83
f 217/391/268 248/392/269 253/393/270 220/394/271
f 219/395/272 254/396/273 259/397/274 222/398/213
f 221/337/203 260/399/275 170/400/41 167/338/224
f 239/401/276 235/402/277 224/403/278 228/404/279
f 209/296/198 224/403/278 235/402/277 214/297/199
f 257/405/280 253/393/270 248/392/269 252/406/281
f 183/407/282 304/408/283 297/409/284 194/410/285
f 164/411/226 184/412/228 183/413/282 194/414/285 193/415/236 192/416/239 191/417/240 190/418/243 189/419/246 188/420/249 187/421/250 186/422/253 185/423/286 182/424/287 181/425/196 165/295/2 166/294/5
f 263/426/288 259/397/274 254/396/273 258/427/289
f 171/428/159 170/400/41 260/399/275 264/429/290
f 213/385/263 216/388/266 203/326/217 202/325/218
f 215/363/244 218/364/245 205/330/219 204/329/220
f 217/391/268 220/394/271 207/334/221 206/333/222
f 775/430/291 802/306/206 1134/305/205 1137/431/292
f 219/395/272 222/398/213 197/317/213 208/316/206
f 1154/432/293 1242/433/294 1246/434/295 1244/435/296 1164/436/297 1163/437/298 1184/438/299 1183/439/300 1180/440/301 1179/441/302 1176/442/303 1175/443/304 1172/444/305 1171/445/306 1168/446/307 1167/447/308 1160/448/309 1158/449/310 1248/450/311 1252/451/312 1250/452/313 1156/453/314
f 321/454/211 324/455/208 196/340/208 199/339/211
f 333/154/115 334/155/116 173/390/83 174/354/47
f 332/55/37 333/154/115 174/354/47 172/341/225
f 277/374/255 238/456/315 225/457/316 266/375/256
f 238/456/315 239/401/276 228/404/279 225/457/316
f 226/378/259 227/458/317 234/459/318 229/379/260
f 227/458/317 223/310/210 232/309/209 234/459/318
f 283/460/319 244/461/320 237/462/321 278/463/322
f 244/461/320 245/464/323 240/465/324 237/462/321
f 289/466/325 250/467/326 243/468/327 284/469/328
f 250/467/326 251/346/229 246/349/232 243/468/327
f 295/470/329 256/471/330 249/472/331 290/473/332
f 256/471/330 257/405/280 252/406/281 249/472/331
f 301/474/333 262/475/334 255/476/335 296/477/336
f 262/475/334 263/426/288 258/427/289 255/476/335
f 273/478/337 230/389/267 173/390/83 178/479/140
f 245/464/323 241/387/265 236/386/264 240/465/324
f 176/384/77 169/383/262 261/480/338 302/481/339
f 169/383/262 171/428/159 264/429/290 261/480/338
f 336/182/2 337/184/144 179/292/3 180/482/2
f 335/185/145 336/182/2 180/482/2 178/479/140
f 272/291/197 275/483/340 180/482/2 179/292/3
f 280/370/251 281/373/254 270/376/257 267/371/252
f 268/484/341 269/485/342 276/486/343 271/487/344
f 269/485/342 265/377/258 274/380/261 276/486/343
f 293/488/345 289/466/325 284/469/328 288/489/346
f 286/366/247 287/490/347 282/491/348 279/367/248
f 299/492/349 295/470/329 290/473/332 294/493/350
f 292/360/241 293/488/345 288/489/346 285/361/242
f 305/494/351 301/474/333 296/477/336 300/495/352
f 298/356/237 299/492/349 294/493/350 291/357/238
f 177/496/353 176/384/77 302/481/339 306/497/354
f 304/408/283 305/494/351 300/495/352 297/409/284
f 275/483/340 273/478/337 178/479/140 180/482/2
f 287/490/347 283/460/319 278/463/322 282/491/348
f 175/343/91 177/496/353 306/497/354 303/344/227
f 212/351/233 211/308/208 196/340/208 195/350/233
f 200/299/198 199/339/211 210/311/211 209/296/198
f 202/325/218 201/298/200 214/297/199 213/385/263
f 204/329/220 203/326/217 216/388/266 215/363/244
f 206/333/222 205/330/219 218/364/245 217/391/268
f 208/316/206 207/334/221 220/394/271 219/395/272
f 198/336/203 197/317/213 222/398/213 221/337/203
f 311/498/203 312/314/213 197/317/213 198/336/203
f 783/499/217 810/500/220 1142/501/355 1145/502/356
f 787/503/200 814/504/218 1146/505/357 1149/506/358
f 791/507/211 818/508/198 1150/509/359 1153/510/360
f 794/511/233 1133/512/361 1233/513/362 1018/514/363
f 1153/510/360 1130/515/364 822/516/208 791/507/211
f 323/517/233 324/518/208 823/519/208 795/520/233
f 228/404/279 227/458/317 226/378/259 225/457/316
f 230/389/267 229/379/260 234/459/318 233/352/234
f 224/403/278 223/310/210 227/458/317 228/404/279
f 233/352/234 234/459/318 232/309/209 231/353/235
f 240/465/324 239/401/276 238/456/315 237/462/321
f 236/386/264 235/402/277 239/401/276 240/465/324
f 246/349/232 245/464/323 244/461/320 243/468/327
f 242/348/231 241/387/265 245/464/323 246/349/232
f 252/406/281 251/346/229 250/467/326 249/472/331
f 248/392/269 247/347/230 251/346/229 252/406/281
f 258/427/289 257/405/280 256/471/330 255/476/335
f 254/396/273 253/393/270 257/405/280 258/427/289
f 264/429/290 263/426/288 262/475/334 261/480/338
f 260/399/275 259/397/274 263/426/288 264/429/290
f 270/376/257 269/485/342 268/484/341 267/371/252
f 272/291/197 271/487/344 276/486/343 275/483/340
f 266/375/256 265/377/258 269/485/342 270/376/257
f 275/483/340 276/486/343 274/380/261 273/478/337
f 282/491/348 281/373/254 280/370/251 279/367/248
f 278/463/322 277/374/255 281/373/254 282/491/348
f 288/489/346 287/490/347 286/366/247 285/361/242
f 284/469/328 283/460/319 287/490/347 288/489/346
f 294/493/350 293/488/345 292/360/241 291/357/238
f 290/473/332 289/466/325 293/488/345 294/493/350
f 300/495/352 299/492/349 298/356/237 297/409/284
f 296/477/336 295/470/329 299/492/349 300/495/352
f 306/497/354 305/494/351 304/408/283 303/344/227
f 302/481/339 301/474/333 305/494/351 306/497/354
f 301/474/333 302/481/339 261/480/338 262/475/334
f 259/397/274 260/399/275 221/337/203 222/398/213
f 211/308/208 212/351/233 231/353/235 232/309/209
f 229/379/260 230/389/267 273/478/337 274/380/261
f 209/296/198 210/311/211 223/310/210 224/403/278
f 237/462/321 238/456/315 277/374/255 278/463/322
f 265/377/258 266/375/256 225/457/316 226/378/259
f 213/385/263 214/297/199 235/402/277 236/386/264
f 215/363/244 216/388/266 241/387/265 242/348/231
f 243/468/327 244/461/320 283/460/319 284/469/328
f 217/391/268 218/364/245 247/347/230 248/392/269
f 249/472/331 250/467/326 289/466/325 290/473/332
f 219/395/272 220/394/271 253/393/270 254/396/273
f 255/476/335 256/471/330 295/470/329 296/477/336
f 183/407/282 184/345/228 303/344/227 304/408/283
f 271/487/344 272/291/197 181/290/196 182/521/287
f 267/371/252 268/484/341 185/522/286 186/372/253
f 279/367/248 280/370/251 187/369/250 188/368/249
f 285/361/242 286/366/247 189/365/246 190/362/243
f 291/357/238 292/360/241 191/359/240 192/358/239
f 297/409/284 298/356/237 193/355/236 194/410/285
f 185/522/286 268/484/341 271/487/344 182/521/287
f 977/523/365 1021/524/366 958/525/178 309/526/367 325/527/368
f 195/350/233 196/340/208 324/455/208 323/528/233
f 199/339/211 200/299/198 322/322/198 321/454/211
f 201/298/200 202/325/218 320/324/218 319/321/200
f 203/326/217 204/329/220 318/328/220 317/323/217
f 205/330/219 206/333/222 316/332/222 315/327/219
f 207/334/221 208/316/206 314/315/206 313/331/221
f 770/529/213 803/530/206 314/531/206 312/532/213
f 1155/533/369 1157/534/370 938/535/371 943/536/372
f 1137/431/292 1138/537/373 806/538/222 775/430/291
f 1141/539/374 1142/501/355 810/500/220 779/540/219
f 1145/502/356 1146/505/357 814/504/218 783/499/217
f 1149/506/358 1150/509/359 818/508/198 787/503/200
f 323/517/233 795/520/233 1022/541/363 976/542/375
f 1045/543/376 966/544/377 1187/545/378 1257/546/379
f 779/540/219 806/538/222 1138/537/373 1141/539/374
f 307/547/380 955/548/381 1031/549/382 979/550/215 326/551/214
f 165/293/2 179/292/3 337/184/144 331/263/2
f 178/479/140 173/390/83 334/155/116 335/185/145
f 166/294/5 328/5/5 699/265/5 689/552/5
f 708/320/216 308/335/223 690/553/383 709/554/384
f 167/338/224 170/400/41 692/555/187 688/556/224
f 176/384/77 177/496/353 696/557/385 695/381/77
f 177/496/353 175/343/91 697/558/185 696/557/385
f 170/400/41 171/428/159 693/559/386 692/555/187
f 164/342/226 691/560/226 697/558/185 175/343/91
f 171/428/159 169/383/262 694/382/262 693/559/386
f 164/411/226 166/294/5 689/552/5 691/561/226
f 308/335/223 167/338/224 688/556/224 690/553/383
f 309/562/367 330/278/190 338/277/189 325/563/368
f 712/279/191 713/564/387 325/565/368 338/280/189
f 326/566/214 701/567/388 698/568/190 307/569/380
f 308/335/223 980/570/201 311/498/203 198/336/203
f 356/571/389 447/572/390 354/573/225 340/574/115
f 678/575/5 341/576/5 340/577/115 681/578/115
f 384/579/391 389/580/392 376/581/393 375/582/391
f 986/583/394 1078/584/395 910/585/396 486/586/396
f 1161/587/397 1166/588/398 914/589/399 883/590/400
f 386/591/401 407/592/402 398/593/403 385/594/404
f 677/595/405 679/596/406 343/597/406 485/598/407
f 487/599/408 489/600/399 383/601/399 372/602/408
f 501/603/409 985/604/410 704/605/411
f 494/606/393 497/607/391 375/582/391 376/581/393
f 492/608/412 495/609/413 377/610/413 378/611/412
f 490/612/414 493/613/415 379/614/415 380/615/414
f 488/616/416 491/617/417 381/618/417 382/619/416
f 483/620/418 373/621/396 396/622/396 342/623/34
f 386/591/401 385/594/404 374/624/404 371/625/401
f 679/596/406 682/626/144 347/627/3 343/597/406
f 339/628/38 350/629/41 478/630/419 359/631/420
f 426/632/421 422/633/422 417/634/423 421/635/424
f 370/636/425 485/637/407 343/638/406 387/639/425
f 408/640/426 406/641/427 347/642/3 349/643/428
f 368/644/429 473/645/430 466/646/431 367/647/432
f 366/648/433 467/649/434 460/650/435 365/651/436
f 390/652/437 417/634/423 422/633/422 393/653/438
f 364/654/439 461/655/440 454/656/441 363/657/442
f 362/658/443 455/659/444 442/660/445 361/661/446
f 456/662/447 452/663/448 441/664/449 445/665/450
f 440/666/451 401/667/452 404/668/453 449/669/454
f 509/95/75 508/98/77 344/670/77 351/671/262
f 388/672/455 411/673/456 416/674/457 391/675/458
f 343/638/406 347/642/3 406/641/427 387/639/425
f 405/676/459 408/640/426 349/643/428 348/677/140
f 392/678/460 423/679/461 428/680/462 395/681/463
f 394/682/464 429/683/465 434/684/466 397/685/408
f 396/622/396 435/686/467 345/687/91 342/623/34
f 414/688/468 410/689/469 399/690/470 403/691/471
f 384/579/391 399/690/470 410/689/469 389/580/392
f 432/692/472 428/680/462 423/679/461 427/693/473
f 358/694/474 479/695/475 472/696/476 369/697/477
f 339/698/38 359/699/420 358/700/474 369/701/477 368/702/429 367/703/432 366/704/433 365/705/436 364/706/439 363/707/442 362/708/443 361/709/446 360/710/478 357/711/479 356/712/389 340/577/115 341/576/5
f 438/713/480 434/684/466 429/683/465 433/714/481
f 346/715/107 345/687/91 435/686/467 439/716/482
f 388/672/455 391/675/458 378/611/412 377/610/413
f 390/652/437 393/653/438 380/615/414 379/614/415
f 392/678/460 395/681/463 382/619/416 381/618/417
f 887/717/483 914/589/399 1166/588/398 1169/718/484
f 394/682/464 397/685/408 372/602/408 383/601/399
f 963/719/485 1055/720/486 1261/721/487 1189/722/488
f 496/723/404 499/724/401 371/625/401 374/624/404
f 683/725/2 684/726/489 348/727/140 349/728/428
f 682/626/144 683/725/2 349/728/428 347/627/3
f 452/663/448 413/729/490 400/730/491 441/664/449
f 413/729/490 414/688/468 403/691/471 400/730/491
f 401/667/452 402/731/492 409/732/493 404/668/453
f 402/731/492 398/593/403 407/592/402 409/732/493
f 458/733/494 419/734/495 412/735/496 453/736/497
f 419/734/495 420/737/498 415/738/499 412/735/496
f 464/739/500 425/740/501 418/741/502 459/742/503
f 425/740/501 426/632/421 421/635/424 418/741/502
f 470/743/504 431/744/505 424/745/506 465/746/507
f 431/744/505 432/692/472 427/693/473 424/745/506
f 476/747/508 437/748/509 430/749/510 471/750/511
f 437/748/509 438/713/480 433/714/481 430/749/510
f 448/751/512 405/676/459 348/677/140 353/752/83
f 420/737/498 416/674/457 411/673/456 415/738/499
f 351/671/262 344/670/77 436/753/513 477/754/514
f 344/670/77 346/715/107 439/716/482 436/753/513
f 686/755/115 687/756/37 354/757/225 355/758/115
f 685/759/515 686/755/115 355/758/115 353/760/83
f 447/572/390 450/761/516 355/762/115 354/573/225
f 455/659/444 456/662/447 445/665/450 442/660/445
f 443/763/517 444/764/518 451/765/519 446/766/520
f 444/764/518 440/666/451 449/669/454 451/765/519
f 468/767/521 464/739/500 459/742/503 463/768/522
f 461/655/440 462/769/523 457/770/524 454/656/441
f 474/771/525 470/743/504 465/746/507 469/772/526
f 467/649/434 468/767/521 463/768/522 460/650/435
f 480/773/527 476/747/508 471/750/511 475/774/528
f 473/645/430 474/771/525 469/772/526 466/646/431
f 352/775/529 351/671/262 477/754/514 481/776/530
f 479/695/475 480/773/527 475/774/528 472/696/476
f 450/761/516 448/751/512 353/752/83 355/762/115
f 462/769/523 458/733/494 453/736/497 457/770/524
f 350/629/41 352/775/529 481/776/530 478/630/419
f 387/639/425 386/591/401 371/625/401 370/636/425
f 375/582/391 374/624/404 385/594/404 384/579/391
f 377/610/413 376/581/393 389/580/392 388/672/455
f 379/614/415 378/611/412 391/675/458 390/652/437
f 381/618/417 380/615/414 393/653/438 392/678/460
f 383/601/399 382/619/416 395/681/463 394/682/464
f 373/621/396 372/602/408 397/685/408 396/622/396
f 486/777/396 487/599/408 372/602/408 373/621/396
f 895/778/412 922/779/415 1174/780/531 1177/781/532
f 899/782/393 926/783/413 1178/784/533 1181/785/534
f 903/786/404 930/787/391 1182/788/535 1185/789/536
f 906/790/425 1165/791/537 1245/792/538 1066/793/539
f 1185/789/536 1162/794/540 934/795/401 903/786/404
f 498/796/425 499/797/401 935/798/401 907/799/425
f 403/691/471 402/731/492 401/667/452 400/730/491
f 405/676/459 404/668/453 409/732/493 408/640/426
f 399/690/470 398/593/403 402/731/492 403/691/471
f 408/640/426 409/732/493 407/592/402 406/641/427
f 415/738/499 414/688/468 413/729/490 412/735/496
f 411/673/456 410/689/469 414/688/468 415/738/499
f 421/635/424 420/737/498 419/734/495 418/741/502
f 417/634/423 416/674/457 420/737/498 421/635/424
f 427/693/473 426/632/421 425/740/501 424/745/506
f 423/679/461 422/633/422 426/632/421 427/693/473
f 433/714/481 432/692/472 431/744/505 430/749/510
f 429/683/465 428/680/462 432/692/472 433/714/481
f 439/716/482 438/713/480 437/748/509 436/753/513
f 435/686/467 434/684/466 438/713/480 439/716/482
f 445/665/450 444/764/518 443/763/517 442/660/445
f 447/572/390 446/766/520 451/765/519 450/761/516
f 441/664/449 440/666/451 444/764/518 445/665/450
f 450/761/516 451/765/519 449/669/454 448/751/512
f 457/770/524 456/662/447 455/659/444 454/656/441
f 453/736/497 452/663/448 456/662/447 457/770/524
f 463/768/522 462/769/523 461/655/440 460/650/435
f 459/742/503 458/733/494 462/769/523 463/768/522
f 469/772/526 468/767/521 467/649/434 466/646/431
f 465/746/507 464/739/500 468/767/521 469/772/526
f 475/774/528 474/771/525 473/645/430 472/696/476
f 471/750/511 470/743/504 474/771/525 475/774/528
f 481/776/530 480/773/527 479/695/475 478/630/419
f 477/754/514 476/747/508 480/773/527 481/776/530
f 476/747/508 477/754/514 436/753/513 437/748/509
f 434/684/466 435/686/467 396/622/396 397/685/408
f 386/591/401 387/639/425 406/641/427 407/592/402
f 404/668/453 405/676/459 448/751/512 449/669/454
f 384/579/391 385/594/404 398/593/403 399/690/470
f 412/735/496 413/729/490 452/663/448 453/736/497
f 440/666/451 441/664/449 400/730/491 401/667/452
f 388/672/455 389/580/392 410/689/469 411/673/456
f 390/652/437 391/675/458 416/674/457 417/634/423
f 418/741/502 419/734/495 458/733/494 459/742/503
f 392/678/460 393/653/438 422/633/422 423/679/461
f 424/745/506 425/740/501 464/739/500 465/746/507
f 394/682/464 395/681/463 428/680/462 429/683/465
f 430/749/510 431/744/505 470/743/504 471/750/511
f 358/694/474 359/631/420 478/630/419 479/695/475
f 446/766/520 447/572/390 356/571/389 357/800/479
f 442/660/445 443/763/517 360/801/478 361/661/446
f 454/656/441 455/659/444 362/658/443 363/657/442
f 460/650/435 461/655/440 364/654/439 365/651/436
f 466/646/431 467/649/434 366/648/433 367/647/432
f 472/696/476 473/645/430 368/644/429 369/697/477
f 360/801/478 443/763/517 446/766/520 357/800/479
f 983/802/541 1069/803/542 942/804/372 484/805/543 500/806/544
f 370/636/425 371/625/401 499/724/401 498/807/425
f 374/624/404 375/582/391 497/607/391 496/723/404
f 376/581/393 377/610/413 495/609/413 494/606/393
f 378/611/412 379/614/415 493/613/415 492/608/412
f 380/615/414 381/618/417 491/617/417 490/612/414
f 382/619/416 383/601/399 489/600/399 488/616/416
f 882/808/408 915/809/399 489/810/399 487/811/408
f 1186/812/545 1188/813/546 1260/814/547 1264/815/548 1262/816/549 1190/817/550 1193/818/551 1198/819/552 1201/820/553 1202/821/554 1205/822/555 1206/823/556 1209/824/557 1210/825/558 1213/826/559 1214/827/560 1217/828/561 1194/829/562 1196/830/563 1254/831/564 1258/832/565 1256/833/566
f 1169/718/484 1170/834/567 918/835/417 887/717/483
f 1173/836/568 1174/780/531 922/779/415 891/837/414
f 1177/781/532 1178/784/533 926/783/413 895/778/412
f 1181/785/534 1182/788/535 930/787/391 899/782/393
f 498/796/425 907/799/425 1070/838/539 982/839/569
f 997/840/570 950/841/176 1091/842/571 1221/843/572
f 891/837/414 918/835/417 1170/834/567 1173/836/568
f 482/844/573 939/845/371 1079/846/574 985/847/410 501/848/409
f 340/849/115 354/757/225 687/756/37 681/850/115
f 353/760/83 348/727/140 684/726/489 685/759/515
f 341/576/5 678/575/5 699/265/5 503/264/5
f 704/605/411 483/620/418 504/267/184 703/266/183
f 342/623/34 345/687/91 506/269/185 502/268/34
f 351/671/262 352/775/529 510/270/186 509/95/75
f 352/775/529 350/629/41 511/271/187 510/270/186
f 345/687/91 346/715/107 507/272/188 506/269/185
f 339/628/38 505/273/38 511/271/187 350/629/41
f 346/715/107 344/670/77 508/98/77 507/272/188
f 339/698/38 341/576/5 503/264/5 505/274/38
f 483/620/418 342/623/34 502/268/34 504/267/184
f 484/851/543 680/852/190 700/853/575 500/854/544
f 706/855/576 705/856/577 500/857/544 700/858/575
f 501/859/409 513/284/193 512/283/190 482/860/573
f 483/620/418 986/861/394 486/777/396 373/621/396
f 531/862/578 515/863/115 529/864/225 622/865/579
f 678/575/5 681/578/115 515/866/115 516/867/5
f 559/868/580 550/869/581 551/870/582 564/871/583
f 658/872/584 991/873/585 993/874/586
f 988/875/587 707/876/588 675/877/589
f 561/878/590 560/879/591 573/880/592 582/881/593
f 677/595/405 660/882/594 518/883/406 679/596/406
f 662/884/595 547/885/595 558/886/596 664/887/596
f 673/888/597 989/889/598 1042/890/599 850/891/597
f 669/892/582 551/870/582 550/869/581 672/893/581
f 667/894/600 553/895/600 552/896/601 670/897/601
f 665/898/602 555/899/602 554/900/603 668/901/603
f 663/902/604 557/903/604 556/904/605 666/905/605
f 658/872/584 517/906/224 571/907/606 548/908/606
f 561/878/590 546/909/590 549/910/591 560/879/591
f 679/596/406 518/883/406 522/911/607 682/626/144
f 514/912/226 534/913/608 653/914/609 525/915/91
f 601/916/610 596/917/611 592/918/612 597/919/613
f 545/920/597 562/921/597 518/883/406 660/882/594
f 583/922/614 524/923/428 522/911/607 581/924/615
f 543/925/616 542/926/617 641/927/618 648/928/619
f 541/929/620 540/930/621 635/931/622 642/932/623
f 565/933/624 568/934/625 597/919/613 592/918/612
f 539/935/626 538/936/627 629/937/628 636/938/629
f 537/939/630 536/940/631 617/941/632 630/942/633
f 631/943/634 620/944/635 616/945/636 627/946/637
f 615/947/638 624/948/639 579/949/640 576/950/641
f 695/381/77 526/951/642 519/952/262 694/382/262
f 563/953/643 566/954/644 591/955/645 586/956/646
f 518/883/406 562/921/597 581/924/615 522/911/607
f 580/957/647 523/958/140 524/923/428 583/922/614
f 567/959/648 570/960/649 603/961/650 598/962/651
f 569/963/652 572/964/595 609/965/653 604/966/654
f 571/907/606 517/906/224 520/967/41 610/968/655
f 589/969/656 578/970/657 574/971/658 585/972/659
f 559/868/580 564/871/583 585/972/659 574/971/658
f 607/973/660 602/974/661 598/962/651 603/961/650
f 533/975/662 544/976/663 647/977/664 654/978/665
f 514/979/226 516/867/5 515/866/115 531/980/578 532/981/666 535/982/667 536/983/631 537/984/630 538/985/627 539/986/626 540/987/621 541/988/620 542/989/617 543/990/616 544/991/663 533/992/662 534/993/608
f 613/994/668 608/995/669 604/966/654 609/965/653
f 521/996/159 614/997/670 610/968/655 520/967/41
f 563/953/643 552/896/601 553/895/600 566/954/644
f 565/933/624 554/900/603 555/899/602 568/934/625
f 567/959/648 556/904/605 557/903/604 570/960/649
f 830/998/671 1200/999/672 1199/1000/673 859/1001/596
f 569/963/652 558/886/596 547/885/595 572/964/595
f 1054/1002/674 854/1003/606 1191/1004/675 1263/1005/676
f 671/1006/591 549/910/591 546/909/590 674/1007/590
f 683/725/2 524/923/428 523/958/140 684/726/489
f 682/626/144 522/911/607 524/923/428 683/725/2
f 627/946/637 616/945/636 575/1008/677 588/1009/678
f 588/1009/678 575/1008/677 578/970/657 589/969/656
f 576/950/641 579/949/640 584/1010/679 577/1011/680
f 577/1011/680 584/1010/679 582/881/593 573/880/592
f 633/1012/681 628/1013/682 587/1014/683 594/1015/684
f 594/1015/684 587/1014/683 590/1016/685 595/1017/686
f 639/1018/687 634/1019/688 593/1020/689 600/1021/690
f 600/1021/690 593/1020/689 596/917/611 601/916/610
f 645/1022/691 640/1023/692 599/1024/693 606/1025/694
f 606/1025/694 599/1024/693 602/974/661 607/973/660
f 651/1026/695 646/1027/696 605/1028/697 612/1029/698
f 612/1029/698 605/1028/697 608/995/669 613/994/668
f 623/1030/699 528/1031/83 523/958/140 580/957/647
f 595/1017/686 590/1016/685 586/956/646 591/955/645
f 526/951/642 652/1032/700 611/1033/701 519/952/262
f 519/952/262 611/1033/701 614/997/670 521/996/159
f 686/755/115 530/1034/702 529/864/225 687/756/37
f 685/759/515 528/1031/83 530/1034/702 686/755/115
f 622/865/579 529/864/225 530/1034/702 625/1035/703
f 630/942/633 617/941/632 620/944/635 631/943/634
f 618/1036/704 621/1037/705 626/1038/706 619/1039/707
f 619/1039/707 626/1038/706 624/948/639 615/947/638
f 643/1040/708 638/1041/709 634/1019/688 639/1018/687
f 636/938/629 629/937/628 632/1042/710 637/1043/711
f 649/1044/712 644/1045/713 640/1023/692 645/1022/691
f 642/932/623 635/931/622 638/1041/709 643/1040/708
f 655/1046/714 650/1047/715 646/1027/696 651/1026/695
f 648/928/619 641/927/618 644/1045/713 649/1044/712
f 527/1048/107 656/1049/716 652/1032/700 526/951/642
f 654/978/665 647/977/664 650/1047/715 655/1046/714
f 625/1035/703 530/1034/702 528/1031/83 623/1030/699
f 637/1043/711 632/1042/710 628/1013/682 633/1012/681
f 525/915/91 653/914/609 656/1049/716 527/1048/107
f 562/921/597 545/920/597 546/909/590 561/878/590
f 550/869/581 559/868/580 560/879/591 549/910/591
f 552/896/601 563/953/643 564/871/583 551/870/582
f 554/900/603 565/933/624 566/954/644 553/895/600
f 556/904/605 567/959/648 568/934/625 555/899/602
f 558/886/596 569/963/652 570/960/649 557/903/604
f 548/908/606 571/907/606 572/964/595 547/885/595
f 661/1050/606 548/908/606 547/885/595 662/884/595
f 831/1051/604 663/1052/604 666/1053/605 862/1054/605
f 835/1055/602 665/1056/602 668/1057/603 866/1058/603
f 839/1059/600 667/1060/600 670/1061/601 870/1062/601
f 843/1063/582 669/1064/582 672/1065/581 874/1066/581
f 847/1067/591 671/1068/591 674/1069/590 878/1070/590
f 673/888/597 850/891/597 878/1070/590 674/1069/590
f 578/970/657 575/1008/677 576/950/641 577/1011/680
f 580/957/647 583/922/614 584/1010/679 579/949/640
f 574/971/658 578/970/657 577/1011/680 573/880/592
f 583/922/614 581/924/615 582/881/593 584/1010/679
f 590/1016/685 587/1014/683 588/1009/678 589/969/656
f 586/956/646 590/1016/685 589/969/656 585/972/659
f 596/917/611 593/1020/689 594/1015/684 595/1017/686
f 592/918/612 596/917/611 595/1017/686 591/955/645
f 602/974/661 599/1024/693 600/1021/690 601/916/610
f 598/962/651 602/974/661 601/916/610 597/919/613
f 608/995/669 605/1028/697 606/1025/694 607/973/660
f 604/966/654 608/995/669 607/973/660 603/961/650
f 614/997/670 611/1033/701 612/1029/698 613/994/668
f 610/968/655 614/997/670 613/994/668 609/965/653
f 620/944/635 617/941/632 618/1036/704 619/1039/707
f 622/865/579 625/1035/703 626/1038/706 621/1037/705
f 616/945/636 620/944/635 619/1039/707 615/947/638
f 625/1035/703 623/1030/699 624/948/639 626/1038/706
f 632/1042/710 629/937/628 630/942/633 631/943/634
f 628/1013/682 632/1042/710 631/943/634 627/946/637
f 638/1041/709 635/931/622 636/938/629 637/1043/711
f 634/1019/688 638/1041/709 637/1043/711 633/1012/681
f 644/1045/713 641/927/618 642/932/623 643/1040/708
f 640/1023/692 644/1045/713 643/1040/708 639/1018/687
f 650/1047/715 647/977/664 648/928/619 649/1044/712
f 646/1027/696 650/1047/715 649/1044/712 645/1022/691
f 656/1049/716 653/914/609 654/978/665 655/1046/714
f 652/1032/700 656/1049/716 655/1046/714 651/1026/695
f 651/1026/695 612/1029/698 611/1033/701 652/1032/700
f 609/965/653 572/964/595 571/907/606 610/968/655
f 561/878/590 582/881/593 581/924/615 562/921/597
f 579/949/640 624/948/639 623/1030/699 580/957/647
f 559/868/580 574/971/658 573/880/592 560/879/591
f 587/1014/683 628/1013/682 627/946/637 588/1009/678
f 615/947/638 576/950/641 575/1008/677 616/945/636
f 563/953/643 586/956/646 585/972/659 564/871/583
f 565/933/624 592/918/612 591/955/645 566/954/644
f 593/1020/689 634/1019/688 633/1012/681 594/1015/684
f 567/959/648 598/962/651 597/919/613 568/934/625
f 599/1024/693 640/1023/692 639/1018/687 600/1021/690
f 569/963/652 604/966/654 603/961/650 570/960/649
f 605/1028/697 646/1027/696 645/1022/691 606/1025/694
f 533/975/662 654/978/665 653/914/609 534/913/608
f 621/1037/705 532/1071/666 531/862/578 622/865/579
f 617/941/632 536/940/631 535/1072/667 618/1036/704
f 629/937/628 538/936/627 537/939/630 630/942/633
f 635/931/622 540/930/621 539/935/626 636/938/629
f 641/927/618 542/926/617 541/929/620 642/932/623
f 647/977/664 544/976/663 543/925/616 648/928/619
f 535/1072/667 532/1071/666 621/1037/705 618/1036/704
f 676/1073/717 710/1074/718 992/1075/719
f 545/920/597 673/1076/597 674/1007/590 546/909/590
f 549/910/591 671/1006/591 672/893/581 550/869/581
f 551/870/582 669/892/582 670/897/601 552/896/601
f 553/895/600 667/894/600 668/901/603 554/900/603
f 555/899/602 665/898/602 666/905/605 556/904/605
f 557/903/604 663/902/604 664/887/596 558/886/596
f 834/1077/602 1204/1078/720 1203/1079/721 863/1080/605
f 1216/1081/722 846/1082/591 879/1083/590 1195/1084/723
f 838/1085/600 1208/1086/724 1207/1087/725 867/1088/603
f 842/1089/582 1212/1090/726 1211/1091/727 871/1092/601
f 846/1082/591 1216/1081/722 1215/1093/728 875/1094/581
f 851/1095/597 1046/1096/599 1255/1097/729 1197/1098/730
f 988/1099/587 675/1100/589 659/1101/731 967/1102/377 1043/1103/732
f 851/1095/597 1197/1098/730 1195/1084/723 879/1083/590
f 991/1104/585 661/1105/606 855/1106/606 1058/1107/733
f 515/863/115 681/850/115 687/756/37 529/864/225
f 528/1031/83 685/759/515 684/726/489 523/958/140
f 144/282/192 146/275/175 330/278/190 309/562/367 307/569/380 698/568/190 657/1108/734 659/1109/731 680/852/190 484/851/543 482/860/573 512/283/190
f 516/867/5 689/552/5 699/265/5 678/575/5
f 710/1074/718 709/554/384 690/553/383 658/872/584
f 517/906/224 688/556/224 692/555/187 520/967/41
f 526/951/642 695/381/77 696/557/385 527/1048/107
f 527/1048/107 696/557/385 697/558/185 525/915/91
f 520/967/41 692/555/187 693/559/386 521/996/159
f 514/912/226 525/915/91 697/558/185 691/560/226
f 521/996/159 693/559/386 694/382/262 519/952/262
f 514/979/226 691/561/226 689/552/5 516/867/5
f 658/872/584 690/553/383 688/556/224 517/906/224
f 659/1109/731 675/1110/589 700/853/575 680/852/190
f 706/855/576 700/858/575 675/877/589 707/876/588
f 676/1111/717 657/1108/734 698/568/190 701/567/388
f 657/1112/734 676/1113/717 992/1114/719 1057/1115/486 962/1116/485
f 501/603/409 704/605/411 703/266/183 513/1117/193
f 163/1118/161 513/1117/193 703/266/183 702/225/162
f 677/595/405 706/855/576 707/876/588 660/882/594
f 677/595/405 485/598/407 705/856/577 706/855/576
f 676/1073/717 701/1119/388 709/554/384 710/1074/718
f 326/318/214 708/320/216 709/554/384 701/1119/388
f 327/23/20 310/313/212 713/564/387 712/279/191
f 327/23/20 712/279/191 711/17/14 147/24/21
f 743/261/35 148/260/35 149/1120/23 715/1121/23
f 156/215/8 731/214/8 758/213/29 157/212/29
f 154/211/28 727/210/28 754/209/31 155/208/31
f 152/207/30 723/206/30 750/205/33 153/204/33
f 150/203/32 719/202/32 746/1122/24 151/1123/24
f 158/219/17 735/218/17 762/217/7 159/216/7
f 715/1121/23 149/1120/23 151/1123/24 746/1122/24
f 1123/258/181 1125/1124/735 954/1125/381 959/255/178
f 1122/1126/736 1230/1127/737 1234/1128/738 1232/1129/739 1132/1130/740 1131/1131/741 1152/1132/742 1151/1133/743 1148/1134/744 1147/1135/745 1144/1136/746 1143/1137/747 1140/1138/748 1139/1139/749 1136/1140/750 1135/1141/751 1128/1142/752 1126/1143/753 1236/1144/754 1240/1145/755 1238/1146/756 1124/1147/757
f 1116/241/170 730/240/8 763/245/7 1119/244/172
f 1112/237/168 726/236/28 759/243/29 1115/242/171
f 1108/229/164 722/228/30 755/239/31 1111/238/169
f 1104/145/110 718/144/109 751/231/33 1107/230/165
f 1096/1148/758 714/1149/759 747/147/24 1103/146/111
f 32/64/25 147/24/21 971/1150/26 160/227/25
f 798/302/203 770/529/213 312/532/213 311/303/203
f 319/1151/200 320/1152/218 815/1153/218 786/1154/200
f 317/1155/217 318/1156/220 811/1157/220 782/1158/217
f 315/1159/219 316/1160/222 807/1161/222 778/1162/219
f 313/1163/221 314/531/206 803/530/206 774/1164/221
f 321/1165/211 322/1166/198 819/1167/198 790/1168/211
f 794/511/233 822/516/208 1130/515/364 1133/512/361
f 1187/1169/378 966/1170/377 963/719/485 1189/722/488
f 790/1168/211 823/519/208 324/518/208 321/1165/211
f 786/1154/200 819/1167/198 322/1166/198 319/1151/200
f 782/1158/217 815/1153/218 320/1152/218 317/1155/217
f 778/1162/219 811/1157/220 318/1156/220 315/1159/219
f 774/1164/221 807/1161/222 316/1160/222 313/1163/221
f 1127/1171/760 1129/304/204 771/307/207 799/1172/203
f 1034/1173/761 1237/1174/762 1127/1171/760 799/1172/203
f 855/1106/606 661/1105/606 662/1175/595 827/1176/595
f 669/1064/582 843/1063/582 870/1062/601 670/1061/601
f 667/1060/600 839/1059/600 866/1058/603 668/1057/603
f 665/1056/602 835/1055/602 862/1054/605 666/1053/605
f 663/1052/604 831/1051/604 858/1177/596 664/1178/596
f 671/1068/591 847/1067/591 874/1066/581 672/1065/581
f 827/1176/595 662/1175/595 664/1178/596 858/1177/596
f 1081/1179/574 938/535/371 1157/534/370 1251/1180/763
f 1219/248/173 998/247/27 999/1181/764 1223/1182/765
f 1212/1090/726 842/1089/582 875/1094/581 1215/1093/728
f 1208/1086/724 838/1085/600 871/1092/601 1211/1091/727
f 1204/1078/720 834/1077/602 867/1088/603 1207/1087/725
f 1200/999/672 830/998/671 863/1080/605 1203/1079/721
f 1192/1183/766 826/1184/767 859/1001/596 1199/1000/673
f 545/920/597 660/882/594 989/1185/598 673/1076/597
f 910/585/396 882/808/408 487/811/408 486/586/396
f 494/1186/393 495/1187/413 927/1188/413 898/1189/393
f 492/1190/412 493/1191/415 923/1192/415 894/1193/412
f 490/1194/414 491/1195/417 919/1196/417 890/1197/414
f 488/1198/416 489/810/399 915/809/399 886/1199/416
f 496/1200/404 497/1201/391 931/1202/391 902/1203/404
f 906/790/425 934/795/401 1162/794/540 1165/791/537
f 943/1204/372 1067/1205/768 1243/1206/769 1155/1207/369
f 902/1203/404 935/798/401 499/797/401 496/1200/404
f 898/1189/393 931/1202/391 497/1201/391 494/1186/393
f 894/1193/412 927/1188/413 495/1187/413 492/1190/412
f 890/1197/414 923/1192/415 493/1191/415 490/1194/414
f 886/1199/416 919/1196/417 491/1195/417 488/1198/416
f 1159/1208/770 1161/587/397 883/590/400 911/1209/396
f 1082/1210/771 1249/1211/772 1159/1208/770 911/1209/396
f 942/1212/372 939/845/371 482/844/573 484/1213/543
f 951/253/176 146/252/175 144/1214/192 946/1215/195
f 958/525/178 955/1216/381 307/1217/380 309/526/367
f 967/1218/377 659/1219/731 657/1112/734 962/1116/485
f 370/636/425 498/807/425 982/1220/569 485/637/407
f 984/1221/773 983/1222/541 705/1223/577 485/637/407
f 1095/150/113 742/149/35 714/1149/759 1096/1148/758
f 1033/1224/382 954/1225/381 1125/1226/735 1239/1227/774
f 978/1228/775 977/1229/365 713/564/387 310/313/212
f 195/350/233 323/528/233 976/1230/375 310/313/212
f 995/254/177 951/253/176 953/1231/176 1001/1232/570
f 1191/1004/675 854/1003/606 826/1184/767 1192/1183/766
f 715/1121/23 746/1122/24 748/1233/24 717/1234/23
f 717/1234/23 748/1233/24 749/1235/24 716/1236/759
f 716/1236/759 749/1235/24 747/147/24 714/1149/759
f 731/214/8 762/217/7 764/1237/7 733/1238/8
f 733/1238/8 764/1237/7 765/1239/7 732/1240/8
f 732/1240/8 765/1239/7 763/245/7 730/240/8
f 727/210/28 758/213/29 760/1241/29 729/1242/28
f 729/1242/28 760/1241/29 761/1243/29 728/1244/28
f 728/1244/28 761/1243/29 759/243/29 726/236/28
f 723/206/30 754/209/31 756/1245/31 725/1246/30
f 725/1246/30 756/1245/31 757/1247/31 724/1248/30
f 724/1248/30 757/1247/31 755/239/31 722/228/30
f 719/202/32 750/205/33 752/1249/33 721/1250/32
f 721/1250/32 752/1249/33 753/1251/33 720/1252/32
f 720/1252/32 753/1251/33 751/231/33 718/144/109
f 735/218/17 766/221/16 768/1253/16 737/1254/17
f 737/1254/17 768/1253/16 769/1255/16 736/1256/17
f 736/1256/17 769/1255/16 767/234/16 734/233/17
f 743/261/35 715/1121/23 717/1234/23 745/1257/35
f 745/1257/35 717/1234/23 716/1236/759 744/1258/35
f 744/1258/35 716/1236/759 714/1149/759 742/149/35
f 739/246/25 767/234/16 769/1255/16 741/1259/25
f 741/1259/25 769/1255/16 768/1253/16 740/1260/25
f 740/1260/25 768/1253/16 766/221/16 738/34/25
f 734/233/17 763/245/7 765/1239/7 736/1256/17
f 736/1256/17 765/1239/7 764/1237/7 737/1254/17
f 737/1254/17 764/1237/7 762/217/7 735/218/17
f 730/240/8 759/243/29 761/1243/29 732/1240/8
f 732/1240/8 761/1243/29 760/1241/29 733/1238/8
f 733/1238/8 760/1241/29 758/213/29 731/214/8
f 726/236/28 755/239/31 757/1247/31 728/1244/28
f 728/1244/28 757/1247/31 756/1245/31 729/1242/28
f 729/1242/28 756/1245/31 754/209/31 727/210/28
f 722/228/30 751/231/33 753/1251/33 724/1248/30
f 724/1248/30 753/1251/33 752/1249/33 725/1246/30
f 725/1246/30 752/1249/33 750/205/33 723/206/30
f 718/144/109 747/147/24 749/1235/24 720/1252/32
f 720/1252/32 749/1235/24 748/1233/24 721/1250/32
f 721/1250/32 748/1233/24 746/1122/24 719/202/32
f 1001/1232/570 953/1231/176 952/1261/176 1004/1262/570
f 742/149/35 1006/148/112 1013/1263/112 744/1258/35
f 1004/1262/570 952/1261/176 950/841/176 997/840/570
f 949/1264/195 1012/1265/776 1007/1266/194 947/1267/195
f 948/1268/195 1015/1269/777 1012/1265/776 949/1264/195
f 744/1258/35 1013/1263/112 1016/1270/112 745/1257/35
f 803/530/206 770/529/213 772/1271/213 805/1272/206
f 805/1272/206 772/1271/213 773/1273/207 804/1274/206
f 804/1274/206 773/1273/207 771/307/207 802/306/206
f 819/1167/198 786/1154/200 788/1275/200 821/1276/198
f 821/1276/198 788/1275/200 789/1277/200 820/1278/198
f 820/1278/198 789/1277/200 787/503/200 818/508/198
f 815/1153/218 782/1158/217 784/1279/217 817/1280/218
f 817/1280/218 784/1279/217 785/1281/217 816/1282/218
f 816/1282/218 785/1281/217 783/499/217 814/504/218
f 811/1157/220 778/1162/219 780/1283/219 813/1284/220
f 813/1284/220 780/1283/219 781/1285/219 812/1286/220
f 812/1286/220 781/1285/219 779/540/219 810/500/220
f 807/1161/222 774/1164/221 776/1287/221 809/1288/222
f 809/1288/222 776/1287/221 777/1289/221 808/1290/222
f 808/1290/222 777/1289/221 775/430/291 806/538/222
f 823/519/208 790/1168/211 792/1291/211 825/1292/208
f 825/1292/208 792/1291/211 793/1293/211 824/1294/208
f 824/1294/208 793/1293/211 791/507/211 822/516/208
f 770/529/213 798/302/203 800/1295/203 772/1271/213
f 772/1271/213 800/1295/203 801/1296/203 773/1273/207
f 773/1273/207 801/1296/203 799/1172/203 771/307/207
f 822/516/208 794/511/233 796/1297/233 824/1294/208
f 824/1294/208 796/1297/233 797/1298/233 825/1292/208
f 825/1292/208 797/1298/233 795/520/233 823/519/208
f 818/508/198 791/507/211 793/1293/211 820/1278/198
f 820/1278/198 793/1293/211 792/1291/211 821/1276/198
f 821/1276/198 792/1291/211 790/1168/211 819/1167/198
f 814/504/218 787/503/200 789/1277/200 816/1282/218
f 816/1282/218 789/1277/200 788/1275/200 817/1280/218
f 817/1280/218 788/1275/200 786/1154/200 815/1153/218
f 810/500/220 783/499/217 785/1281/217 812/1286/220
f 812/1286/220 785/1281/217 784/1279/217 813/1284/220
f 813/1284/220 784/1279/217 782/1158/217 811/1157/220
f 806/538/222 779/540/219 781/1285/219 808/1290/222
f 808/1290/222 781/1285/219 780/1283/219 809/1288/222
f 809/1288/222 780/1283/219 778/1162/219 807/1161/222
f 802/306/206 775/430/291 777/1289/221 804/1274/206
f 804/1274/206 777/1289/221 776/1287/221 805/1272/206
f 805/1272/206 776/1287/221 774/1164/221 803/530/206
f 1019/256/179 959/255/178 961/1299/178 1024/1300/179
f 1024/1300/179 961/1299/178 960/1301/178 1027/1302/179
f 796/1297/233 1025/1303/363 1028/1304/363 797/1298/233
f 1037/1305/778 957/1306/381 956/1307/381 1040/1308/779
f 969/1309/377 1049/1310/376 1043/1103/732 967/1102/377
f 1040/1308/779 956/1307/381 954/1225/381 1033/1224/382
f 827/1176/595 858/1177/596 860/1311/596 829/1312/595
f 829/1312/595 860/1311/596 861/1313/596 828/1314/767
f 828/1314/767 861/1313/596 859/1001/596 826/1184/767
f 843/1063/582 874/1066/581 876/1315/581 845/1316/582
f 845/1316/582 876/1315/581 877/1317/581 844/1318/582
f 844/1318/582 877/1317/581 875/1094/581 842/1089/582
f 839/1059/600 870/1062/601 872/1319/601 841/1320/600
f 841/1320/600 872/1319/601 873/1321/601 840/1322/600
f 840/1322/600 873/1321/601 871/1092/601 838/1085/600
f 835/1055/602 866/1058/603 868/1323/603 837/1324/602
f 837/1324/602 868/1323/603 869/1325/603 836/1326/602
f 836/1326/602 869/1325/603 867/1088/603 834/1077/602
f 831/1051/604 862/1054/605 864/1327/605 833/1328/604
f 833/1328/604 864/1327/605 865/1329/605 832/1330/604
f 832/1330/604 865/1329/605 863/1080/605 830/998/671
f 847/1067/591 878/1070/590 880/1331/590 849/1332/591
f 849/1332/591 880/1331/590 881/1333/590 848/1334/591
f 848/1334/591 881/1333/590 879/1083/590 846/1082/591
f 855/1106/606 827/1176/595 829/1312/595 857/1335/606
f 857/1335/606 829/1312/595 828/1314/767 856/1336/606
f 856/1336/606 828/1314/767 826/1184/767 854/1003/606
f 851/1095/597 879/1083/590 881/1333/590 853/1337/597
f 853/1337/597 881/1333/590 880/1331/590 852/1338/597
f 852/1338/597 880/1331/590 878/1070/590 850/891/597
f 846/1082/591 875/1094/581 877/1317/581 848/1334/591
f 848/1334/591 877/1317/581 876/1315/581 849/1332/591
f 849/1332/591 876/1315/581 874/1066/581 847/1067/591
f 842/1089/582 871/1092/601 873/1321/601 844/1318/582
f 844/1318/582 873/1321/601 872/1319/601 845/1316/582
f 845/1316/582 872/1319/601 870/1062/601 843/1063/582
f 838/1085/600 867/1088/603 869/1325/603 840/1322/600
f 840/1322/600 869/1325/603 868/1323/603 841/1320/600
f 841/1320/600 868/1323/603 866/1058/603 839/1059/600
f 834/1077/602 863/1080/605 865/1329/605 836/1326/602
f 836/1326/602 865/1329/605 864/1327/605 837/1324/602
f 837/1324/602 864/1327/605 862/1054/605 835/1055/602
f 830/998/671 859/1001/596 861/1313/596 832/1330/604
f 832/1330/604 861/1313/596 860/1311/596 833/1328/604
f 833/1328/604 860/1311/596 858/1177/596 831/1051/604
f 968/1339/377 1052/1340/376 1049/1310/376 969/1309/377
f 854/1003/606 1054/1002/674 1061/1341/674 856/1336/606
f 966/544/377 1045/543/376 1052/1340/376 968/1339/377
f 965/1342/485 1060/1343/780 1055/720/486 963/719/485
f 964/1344/485 1063/1345/781 1060/1343/780 965/1342/485
f 856/1336/606 1061/1341/674 1064/1346/674 857/1335/606
f 915/809/399 882/808/408 884/1347/408 917/1348/399
f 917/1348/399 884/1347/408 885/1349/400 916/1350/399
f 916/1350/399 885/1349/400 883/590/400 914/589/399
f 931/1202/391 898/1189/393 900/1351/393 933/1352/391
f 933/1352/391 900/1351/393 901/1353/393 932/1354/391
f 932/1354/391 901/1353/393 899/782/393 930/787/391
f 927/1188/413 894/1193/412 896/1355/412 929/1356/413
f 929/1356/413 896/1355/412 897/1357/412 928/1358/413
f 928/1358/413 897/1357/412 895/778/412 926/783/413
f 923/1192/415 890/1197/414 892/1359/414 925/1360/415
f 925/1360/415 892/1359/414 893/1361/414 924/1362/415
f 924/1362/415 893/1361/414 891/837/414 922/779/415
f 919/1196/417 886/1199/416 888/1363/416 921/1364/417
f 921/1364/417 888/1363/416 889/1365/416 920/1366/417
f 920/1366/417 889/1365/416 887/717/483 918/835/417
f 935/798/401 902/1203/404 904/1367/404 937/1368/401
f 937/1368/401 904/1367/404 905/1369/404 936/1370/401
f 936/1370/401 905/1369/404 903/786/404 934/795/401
f 882/808/408 910/585/396 912/1371/396 884/1347/408
f 884/1347/408 912/1371/396 913/1372/396 885/1349/400
f 885/1349/400 913/1372/396 911/1209/396 883/590/400
f 934/795/401 906/790/425 908/1373/425 936/1370/401
f 936/1370/401 908/1373/425 909/1374/425 937/1368/401
f 937/1368/401 909/1374/425 907/799/425 935/798/401
f 930/787/391 903/786/404 905/1369/404 932/1354/391
f 932/1354/391 905/1369/404 904/1367/404 933/1352/391
f 933/1352/391 904/1367/404 902/1203/404 931/1202/391
f 926/783/413 899/782/393 901/1353/393 928/1358/413
f 928/1358/413 901/1353/393 900/1351/393 929/1356/413
f 929/1356/413 900/1351/393 898/1189/393 927/1188/413
f 922/779/415 895/778/412 897/1357/412 924/1362/415
f 924/1362/415 897/1357/412 896/1355/412 925/1360/415
f 925/1360/415 896/1355/412 894/1193/412 923/1192/415
f 918/835/417 891/837/414 893/1361/414 920/1366/417
f 920/1366/417 893/1361/414 892/1359/414 921/1364/417
f 921/1364/417 892/1359/414 890/1197/414 919/1196/417
f 914/589/399 887/717/483 889/1365/416 916/1350/399
f 916/1350/399 889/1365/416 888/1363/416 917/1348/399
f 917/1348/399 888/1363/416 886/1199/416 915/809/399
f 1067/1205/768 943/1204/372 945/1375/372 1072/1376/768
f 1072/1376/768 945/1375/372 944/1377/372 1075/1378/768
f 908/1373/425 1073/1379/539 1076/1380/539 909/1374/425
f 1085/1381/782 941/1382/371 940/1383/371 1088/1384/783
f 705/1223/577 983/1222/541 500/1385/544
f 1088/1384/783 940/1383/371 938/535/371 1081/1179/574
f 939/845/371 942/1212/372 944/1386/372 941/1382/371
f 941/1382/371 944/1386/372 945/1387/372 940/1383/371
f 940/1383/371 945/1387/372 943/536/372 938/535/371
f 951/253/176 946/1215/195 948/1388/195 953/1231/176
f 953/1231/176 948/1388/195 949/1389/195 952/1261/176
f 952/1261/176 949/1389/195 947/1390/195 950/841/176
f 955/1216/381 958/525/178 960/1301/178 957/1391/381
f 957/1391/381 960/1301/178 961/1299/178 956/1392/381
f 956/1392/381 961/1299/178 959/255/178 954/1125/381
f 967/1218/377 962/1116/485 964/1344/485 969/1393/377
f 969/1393/377 964/1344/485 965/1342/485 968/1394/377
f 968/1394/377 965/1342/485 963/719/485 966/1170/377
f 1084/1395/771 912/1371/396 910/585/396 1078/584/395
f 1087/1396/771 913/1372/396 912/1371/396 1084/1395/771
f 1082/1210/771 911/1209/396 913/1372/396 1087/1396/771
f 1075/1378/768 944/1377/372 942/804/372 1069/803/542
f 1079/846/574 939/845/371 941/1382/371 1085/1381/782
f 909/1374/425 1076/1380/539 1070/838/539 907/799/425
f 1000/1397/27 740/1260/25 738/34/25 994/33/27
f 1003/1398/27 741/1259/25 740/1260/25 1000/1397/27
f 998/247/27 739/246/25 741/1259/25 1003/1398/27
f 745/1257/35 1016/1270/112 1010/262/182 743/261/35
f 794/511/233 1018/514/363 1025/1303/363 796/1297/233
f 946/289/195 1009/288/194 1015/1269/777 948/1268/195
f 1027/1302/179 960/1301/178 958/525/178 1021/524/366
f 1031/549/382 955/548/381 957/1306/381 1037/1305/778
f 797/1298/233 1028/1304/363 1022/541/363 795/520/233
f 1036/1399/761 800/1295/203 798/302/203 1030/301/202
f 1039/1400/761 801/1296/203 800/1295/203 1036/1399/761
f 1034/1173/761 799/1172/203 801/1296/203 1039/1400/761
f 857/1335/606 1064/1346/674 1058/1107/733 855/1106/606
f 906/790/425 1066/793/539 1073/1379/539 908/1373/425
f 962/1116/485 1057/1115/486 1063/1345/781 964/1344/485
f 1046/1096/599 851/1095/597 853/1337/597 1051/1401/599
f 1051/1401/599 853/1337/597 852/1338/597 1048/1402/599
f 1048/1402/599 852/1338/597 850/891/597 1042/890/599
f 1091/842/571 950/841/176 947/1390/195 1093/1403/784
f 711/17/14 970/16/13 972/1404/785 147/24/21
f 974/226/163 702/225/162 145/13/10 975/15/12
f 973/14/11 145/13/10 35/51/35 148/201/35
f 310/313/212 976/1230/375 978/1228/775
f 971/1150/26 147/24/21 972/1404/785
f 708/320/216 979/319/215 981/1405/786 308/335/223
f 713/564/387 977/1229/365 325/565/368
f 485/637/407 982/1220/569 984/1221/773
f 704/605/411 985/604/410 987/1406/787 483/620/418
f 989/1185/598 660/882/594 990/1407/788
f 991/873/585 658/872/584 548/908/606 661/1050/606
f 980/570/201 308/335/223 981/1405/786
f 1004/1262/570 997/840/570 999/1181/764 1005/1408/764
f 1005/1408/764 999/1181/764 998/247/27 1003/1398/27
f 1001/1232/570 1004/1262/570 1005/1408/764 1002/1409/764
f 1002/1409/764 1005/1408/764 1003/1398/27 1000/1397/27
f 995/254/177 1001/1232/570 1002/1409/764 996/1410/764
f 996/1410/764 1002/1409/764 1000/1397/27 994/33/27
f 1007/1266/194 1012/1265/776 1014/1411/789 1008/1412/790
f 1008/1412/790 1014/1411/789 1013/1263/112 1006/148/112
f 1012/1265/776 1015/1269/777 1017/1413/791 1014/1411/789
f 1014/1411/789 1017/1413/791 1016/1270/112 1013/1263/112
f 1015/1269/777 1009/288/194 1011/1414/789 1017/1413/791
f 1017/1413/791 1011/1414/789 1010/262/182 1016/1270/112
f 1019/256/179 1024/1300/179 1026/1415/792 1020/1416/792
f 1020/1416/792 1026/1415/792 1025/1303/363 1018/514/363
f 1024/1300/179 1027/1302/179 1029/1417/792 1026/1415/792
f 1026/1415/792 1029/1417/792 1028/1304/363 1025/1303/363
f 1027/1302/179 1021/524/366 1023/1418/792 1029/1417/792
f 1029/1417/792 1023/1418/792 1022/541/363 1028/1304/363
f 1040/1308/779 1033/1224/382 1035/1419/793 1041/1420/794
f 1041/1420/794 1035/1419/793 1034/1173/761 1039/1400/761
f 1037/1305/778 1040/1308/779 1041/1420/794 1038/1421/795
f 1038/1421/795 1041/1420/794 1039/1400/761 1036/1399/761
f 1031/549/382 1037/1305/778 1038/1421/795 1032/1422/796
f 1032/1422/796 1038/1421/795 1036/1399/761 1030/301/202
f 1052/1340/376 1045/543/376 1047/1423/797 1053/1424/797
f 1053/1424/797 1047/1423/797 1046/1096/599 1051/1401/599
f 1049/1310/376 1052/1340/376 1053/1424/797 1050/1425/797
f 1050/1425/797 1053/1424/797 1051/1401/599 1048/1402/599
f 1043/1103/732 1049/1310/376 1050/1425/797 1044/1426/797
f 1044/1426/797 1050/1425/797 1048/1402/599 1042/890/599
f 1055/720/486 1060/1343/780 1062/1427/798 1056/1428/799
f 1056/1428/799 1062/1427/798 1061/1341/674 1054/1002/674
f 1060/1343/780 1063/1345/781 1065/1429/800 1062/1427/798
f 1062/1427/798 1065/1429/800 1064/1346/674 1061/1341/674
f 1063/1345/781 1057/1115/486 1059/1430/798 1065/1429/800
f 1065/1429/800 1059/1430/798 1058/1107/733 1064/1346/674
f 1067/1205/768 1072/1376/768 1074/1431/801 1068/1432/801
f 1068/1432/801 1074/1431/801 1073/1379/539 1066/793/539
f 1072/1376/768 1075/1378/768 1077/1433/801 1074/1431/801
f 1074/1431/801 1077/1433/801 1076/1380/539 1073/1379/539
f 1075/1378/768 1069/803/542 1071/1434/801 1077/1433/801
f 1077/1433/801 1071/1434/801 1070/838/539 1076/1380/539
f 1088/1384/783 1081/1179/574 1083/1435/802 1089/1436/803
f 1089/1436/803 1083/1435/802 1082/1210/771 1087/1396/771
f 1085/1381/782 1088/1384/783 1089/1436/803 1086/1437/804
f 1086/1437/804 1089/1436/803 1087/1396/771 1084/1395/771
f 1079/846/574 1085/1381/782 1086/1437/804 1080/1438/805
f 1080/1438/805 1086/1437/804 1084/1395/771 1078/584/395
f 1223/1182/765 999/1181/764 997/840/570 1221/843/572
f 1008/1412/790 1229/1439/806 1225/1440/807 1007/1266/194
f 994/33/27 971/32/26 972/1441/785 996/1410/764
f 996/1410/764 972/1441/785 970/250/13 995/254/177
f 1020/1416/792 1235/1442/808 1231/257/180 1019/256/179
f 1006/148/112 1227/151/114 1229/1439/806 1008/1412/790
f 1009/288/194 974/287/163 975/1443/12 1011/1414/789
f 1011/1414/789 975/1443/12 973/259/11 1010/262/182
f 1237/1174/762 1034/1173/761 1035/1419/793 1241/1444/809
f 1018/514/363 1233/513/362 1235/1442/808 1020/1416/792
f 1021/524/366 977/523/365 978/1445/775 1023/1418/792
f 1023/1418/792 978/1445/775 976/542/375 1022/541/363
f 1241/1444/809 1035/1419/793 1033/1224/382 1239/1227/774
f 1068/1432/801 1247/1446/810 1243/1206/769 1067/1205/768
f 1030/301/202 980/300/201 981/1447/786 1032/1422/796
f 1032/1422/796 981/1447/786 979/550/215 1031/549/382
f 1259/1448/811 1047/1423/797 1045/543/376 1257/546/379
f 1056/1428/799 1265/1449/812 1261/721/487 1055/720/486
f 1042/890/599 989/889/598 990/1450/788 1044/1426/797
f 1044/1426/797 990/1450/788 988/1099/587 1043/1103/732
f 1054/1002/674 1263/1005/676 1265/1449/812 1056/1428/799
f 1057/1115/486 992/1114/719 993/1451/586 1059/1430/798
f 1059/1430/798 993/1451/586 991/1104/585 1058/1107/733
f 1249/1211/772 1082/1210/771 1083/1435/802 1253/1452/813
f 1066/793/539 1245/792/538 1247/1446/810 1068/1432/801
f 1069/803/542 983/802/541 984/1453/773 1071/1434/801
f 1071/1434/801 984/1453/773 982/839/569 1070/838/539
f 1253/1452/813 1083/1435/802 1081/1179/574 1251/1180/763
f 1255/1097/729 1046/1096/599 1047/1423/797 1259/1448/811
f 1078/584/395 986/583/394 987/1454/787 1080/1438/805
f 1080/1438/805 987/1454/787 985/847/410 1079/846/574
f 947/1267/195 1007/1266/194 1225/1440/807 1093/1455/784
f 986/861/394 483/620/418 987/1406/787
f 707/876/588 988/875/587 990/1407/788 660/882/594
f 992/1075/719 710/1074/718 658/872/584 993/874/586
f 1092/1456/814 1090/1457/815 1091/842/571 1093/1403/784
f 1097/1458/816 1094/1459/817 1095/150/113 1096/1148/758
f 1105/1460/818 1102/1461/819 1103/146/111 1104/145/110
f 1109/1462/820 1106/1463/821 1107/230/165 1108/229/164
f 1113/1464/822 1110/1465/823 1111/238/169 1112/237/168
f 1117/1466/824 1114/1467/825 1115/242/171 1116/241/170
f 1121/1468/826 1118/1469/827 1119/244/172 1120/232/166
f 1100/1470/828 1098/1471/829 1099/235/167 1101/249/174
f 1098/1471/829 1121/1468/826 1120/232/166 1099/235/167
f 1102/1461/819 1097/1458/816 1096/1148/758 1103/146/111
f 1118/1469/827 1117/1466/824 1116/241/170 1119/244/172
f 1114/1467/825 1113/1464/822 1112/237/168 1115/242/171
f 1110/1465/823 1109/1462/820 1108/229/164 1111/238/169
f 1106/1463/821 1105/1460/818 1104/145/110 1107/230/165
f 1125/1124/735 1123/258/181 1122/1472/736 1124/1473/757
f 1129/304/204 1127/1171/760 1126/1474/753 1128/1475/752
f 1137/431/292 1134/305/205 1135/1476/751 1136/1477/750
f 1141/539/374 1138/537/373 1139/1478/749 1140/1479/748
f 1145/502/356 1142/501/355 1143/1480/747 1144/1481/746
f 1149/506/358 1146/505/357 1147/1482/745 1148/1483/744
f 1153/510/360 1150/509/359 1151/1484/743 1152/1485/742
f 1133/512/361 1130/515/364 1131/1486/741 1132/1487/740
f 1130/515/364 1153/510/360 1152/1485/742 1131/1486/741
f 1134/305/205 1129/304/204 1128/1475/752 1135/1476/751
f 1150/509/359 1149/506/358 1148/1483/744 1151/1484/743
f 1146/505/357 1145/502/356 1144/1481/746 1147/1482/745
f 1142/501/355 1141/539/374 1140/1479/748 1143/1480/747
f 1138/537/373 1137/431/292 1136/1477/750 1139/1478/749
f 1157/534/370 1155/533/369 1154/1488/293 1156/1489/314
f 1161/587/397 1159/1208/770 1158/1490/310 1160/1491/309
f 1169/718/484 1166/588/398 1167/1492/308 1168/1493/307
f 1173/836/568 1170/834/567 1171/1494/306 1172/1495/305
f 1177/781/532 1174/780/531 1175/1496/304 1176/1497/303
f 1181/785/534 1178/784/533 1179/1498/302 1180/1499/301
f 1185/789/536 1182/788/535 1183/1500/300 1184/1501/299
f 1165/791/537 1162/794/540 1163/1502/298 1164/1503/297
f 1162/794/540 1185/789/536 1184/1501/299 1163/1502/298
f 1166/588/398 1161/587/397 1160/1491/309 1167/1492/308
f 1182/788/535 1181/785/534 1180/1499/301 1183/1500/300
f 1178/784/533 1177/781/532 1176/1497/303 1179/1498/302
f 1174/780/531 1173/836/568 1172/1495/305 1175/1496/304
f 1170/834/567 1169/718/484 1168/1493/307 1171/1494/306
f 1188/1504/546 1186/1505/545 1187/1169/378 1189/722/488
f 1193/1506/551 1190/1507/550 1191/1004/675 1192/1183/766
f 1201/1508/553 1198/1509/552 1199/1000/673 1200/999/672
f 1205/1510/555 1202/1511/554 1203/1079/721 1204/1078/720
f 1209/1512/557 1206/1513/556 1207/1087/725 1208/1086/724
f 1213/1514/559 1210/1515/558 1211/1091/727 1212/1090/726
f 1217/1516/561 1214/1517/560 1215/1093/728 1216/1081/722
f 1196/1518/563 1194/1519/562 1195/1084/723 1197/1098/730
f 1194/1519/562 1217/1516/561 1216/1081/722 1195/1084/723
f 1198/1509/552 1193/1506/551 1192/1183/766 1199/1000/673
f 1214/1517/560 1213/1514/559 1212/1090/726 1215/1093/728
f 1210/1515/558 1209/1512/557 1208/1086/724 1211/1091/727
f 1206/1513/556 1205/1510/555 1204/1078/720 1207/1087/725
f 1202/1511/554 1201/1508/553 1200/999/672 1203/1079/721
f 1222/1520/830 1218/1521/831 1219/248/173 1223/1182/765
f 1220/1522/832 1222/1520/830 1223/1182/765 1221/843/572
f 1226/1523/833 1228/1524/834 1229/1439/806 1227/151/114
f 1228/1524/834 1224/1525/835 1225/1440/807 1229/1439/806
f 1232/1526/739 1234/1527/738 1235/1442/808 1233/513/362
f 1234/1527/738 1230/1528/737 1231/257/180 1235/1442/808
f 1240/1529/755 1236/1530/754 1237/1174/762 1241/1444/809
f 1238/1531/756 1240/1529/755 1241/1444/809 1239/1227/774
f 1258/1532/565 1254/1533/564 1255/1097/729 1259/1448/811
f 1256/1534/566 1258/1532/565 1259/1448/811 1257/546/379
f 1262/1535/549 1264/1536/548 1265/1449/812 1263/1005/676
f 1264/1536/548 1260/1537/547 1261/721/487 1265/1449/812
f 1244/1538/296 1246/1539/295 1247/1446/810 1245/792/538
f 1246/1539/295 1242/1540/294 1243/1206/769 1247/1446/810
f 1252/1541/312 1248/1542/311 1249/1211/772 1253/1452/813
f 1250/1543/313 1252/1541/312 1253/1452/813 1251/1180/763
f 1090/1457/815 1220/1522/832 1221/843/572 1091/842/571
f 1093/1455/784 1225/1440/807 1224/1525/835 1092/1544/814
f 1227/151/114 1095/150/113 1094/1459/817 1226/1523/833
f 1101/249/174 1219/248/173 1218/1521/831 1100/1470/828
f 1230/1528/737 1122/1472/736 1123/258/181 1231/257/180
f 1233/513/362 1133/512/361 1132/1487/740 1232/1526/739
f 1127/1171/760 1237/1174/762 1236/1530/754 1126/1474/753
f 1239/1227/774 1125/1226/735 1124/1545/757 1238/1531/756
f 1242/1540/294 1154/1546/293 1155/1207/369 1243/1206/769
f 1245/792/538 1165/791/537 1164/1503/297 1244/1538/296
f 1159/1208/770 1249/1211/772 1248/1542/311 1158/1490/310
f 1251/1180/763 1157/534/370 1156/1489/314 1250/1543/313
f 1186/1547/545 1256/1534/566 1257/546/379 1187/545/378
f 1189/722/488 1261/721/487 1260/1537/547 1188/1504/546
f 1263/1005/676 1191/1004/675 1190/1507/550 1262/1535/549
f 1197/1098/730 1255/1097/729 1254/1533/564 1196/1518/563
f 1090/1548/815 1092/1549/814 1224/1550/835 1228/1551/834 1226/1552/833 1094/1553/817 1097/1554/816 1102/1555/819 1105/1556/818 1106/1557/821 1109/1558/820 1110/1559/823 1113/1560/822 1114/1561/825 1117/1562/824 1118/1563/827 1121/1564/826 1098/1565/829 1100/1566/828 1218/1567/831 1222/1568/830 1220/1569/832
o Cube.002
v -2.943179 -0.448090 1.356459
v -2.935671 -0.448090 1.370043
v -2.940977 -0.448090 1.363839
v -2.662588 -0.448090 1.565704
v -2.643628 -0.448090 1.571083
v -2.653929 -0.448090 1.569506
v -2.781640 -0.448090 1.262586
v -2.789148 -0.448090 1.249001
v -2.786946 -0.448090 1.256376
v -2.493651 -0.448090 1.460722
v -2.512611 -0.448090 1.455342
v -2.503944 -0.448090 1.459144
v -2.943179 -0.681330 1.356436
v -2.934286 -0.692152 1.350232
v -2.940573 -0.688986 1.354619
v -2.926973 -0.692152 1.363979
v -2.935671 -0.681330 1.370043
v -2.933119 -0.688986 1.368265
v -2.940977 -0.681330 1.363833
v -2.932209 -0.692152 1.357713
v -2.938410 -0.688986 1.362039
v -2.662588 -0.681330 1.565704
v -2.654124 -0.692152 1.559472
v -2.660107 -0.688986 1.563876
v -2.634938 -0.692152 1.564712
v -2.643597 -0.681330 1.571083
v -2.641061 -0.688986 1.569216
v -2.653921 -0.681330 1.569506
v -2.645379 -0.692152 1.563223
v -2.651416 -0.688986 1.567666
v -2.781640 -0.681330 1.262586
v -2.790338 -0.692152 1.268657
v -2.784184 -0.688986 1.264364
v -2.798033 -0.692152 1.255178
v -2.789148 -0.681330 1.248979
v -2.791746 -0.688986 1.250791
v -2.786946 -0.681330 1.256371
v -2.795714 -0.692152 1.262491
v -2.789514 -0.688986 1.258166
v -2.493620 -0.681330 1.460722
v -2.502271 -0.692152 1.467088
v -2.496148 -0.688986 1.462584
v -2.521083 -0.692152 1.461575
v -2.512611 -0.681330 1.455343
v -2.515093 -0.688986 1.457165
v -2.512471 -0.692152 1.465427
v -2.503936 -0.681330 1.459144
v -2.506441 -0.688986 1.460984
v -0.248865 -0.448090 1.460722
v -0.248865 -0.448090 1.571083
v 2.445449 -0.448090 1.356459
v 2.437941 -0.448090 1.370043
v 2.443247 -0.448090 1.363839
v 2.164858 -0.448090 1.565704
v 2.145898 -0.448090 1.571083
v 2.156199 -0.448090 1.569506
v 2.283910 -0.448090 1.262586
v 2.291418 -0.448090 1.249001
v 2.289216 -0.448090 1.256376
v 1.995920 -0.448090 1.460722
v 2.014881 -0.448090 1.455342
v 2.006214 -0.448090 1.459144
v -0.248865 -0.692152 1.467144
v -0.248865 -0.681330 1.460722
v -0.248865 -0.688986 1.462600
v -0.248865 -0.681330 1.571083
v -0.248865 -0.692152 1.564662
v -0.248865 -0.688986 1.569199
v 2.445449 -0.681330 1.356436
v 2.436556 -0.692152 1.350232
v 2.442842 -0.688986 1.354619
v 2.429243 -0.692152 1.363979
v 2.437941 -0.681330 1.370043
v 2.435389 -0.688986 1.368265
v 2.443247 -0.681330 1.363833
v 2.434479 -0.692152 1.357713
v 2.440680 -0.688986 1.362039
v 2.164858 -0.681330 1.565704
v 2.156394 -0.692152 1.559472
v 2.162376 -0.688986 1.563876
v 2.137208 -0.692152 1.564712
v 2.145867 -0.681330 1.571083
v 2.143331 -0.688986 1.569216
v 2.156191 -0.681330 1.569506
v 2.147649 -0.692152 1.563223
v 2.153686 -0.688986 1.567666
v 2.283910 -0.681330 1.262586
v 2.292608 -0.692152 1.268657
v 2.286454 -0.688986 1.264364
v 2.300303 -0.692152 1.255178
v 2.291418 -0.681330 1.248979
v 2.294016 -0.688986 1.250791
v 2.289216 -0.681330 1.256371
v 2.297984 -0.692152 1.262491
v 2.291783 -0.688986 1.258166
v 1.995889 -0.681330 1.460722
v 2.004541 -0.692152 1.467088
v 1.998418 -0.688986 1.462584
v 2.023353 -0.692152 1.461575
v 2.014881 -0.681330 1.455343
v 2.017362 -0.688986 1.457165
v 2.014740 -0.692152 1.465427
v 2.006206 -0.681330 1.459144
v 2.008711 -0.688986 1.460984
v -2.943179 -0.448090 -0.359363
v -2.789148 -0.448090 -0.359363
v -2.943179 -0.448090 -2.075185
v -2.935671 -0.448090 -2.088770
v -2.940977 -0.448090 -2.082566
v -2.662588 -0.448090 -2.284431
v -2.643628 -0.448090 -2.289810
v -2.653929 -0.448090 -2.288232
v -2.781640 -0.448090 -1.981312
v -2.789148 -0.448090 -1.967728
v -2.786946 -0.448090 -1.975103
v -2.493651 -0.448090 -2.179448
v -2.512611 -0.448090 -2.174069
v -2.503944 -0.448090 -2.177871
v -2.934216 -0.692153 -0.359363
v -2.943179 -0.681330 -0.359363
v -2.940549 -0.688986 -0.359363
v -2.789148 -0.681330 -0.359363
v -2.798111 -0.692153 -0.359363
v -2.791770 -0.688986 -0.359363
v -2.943179 -0.681331 -2.075163
v -2.934286 -0.692153 -2.068958
v -2.940573 -0.688987 -2.073345
v -2.926973 -0.692153 -2.082705
v -2.935671 -0.681331 -2.088770
v -2.933119 -0.688987 -2.086991
v -2.940977 -0.681331 -2.082560
v -2.932209 -0.692153 -2.076439
v -2.938410 -0.688987 -2.080765
v -2.662588 -0.681331 -2.284430
v -2.654124 -0.692153 -2.278198
v -2.660107 -0.688987 -2.282602
v -2.634938 -0.692153 -2.283438
v -2.643597 -0.681331 -2.289810
v -2.641061 -0.688987 -2.287942
v -2.653921 -0.681331 -2.288232
v -2.645379 -0.692153 -2.281950
v -2.651416 -0.688987 -2.286392
v -2.781640 -0.681331 -1.981312
v -2.790338 -0.692153 -1.987383
v -2.784184 -0.688987 -1.983090
v -2.798033 -0.692153 -1.973904
v -2.789148 -0.681331 -1.967705
v -2.791746 -0.688987 -1.969517
v -2.786946 -0.681331 -1.975097
v -2.795714 -0.692153 -1.981218
v -2.789514 -0.688987 -1.976892
v -2.493620 -0.681331 -2.179448
v -2.502271 -0.692153 -2.185814
v -2.496148 -0.688987 -2.181310
v -2.521083 -0.692153 -2.180301
v -2.512611 -0.681331 -2.174069
v -2.515093 -0.688987 -2.175892
v -2.512471 -0.692153 -2.184153
v -2.503936 -0.681331 -2.177871
v -2.506441 -0.688987 -2.179710
v 2.445449 -0.448090 -0.359363
v 2.291418 -0.448090 -0.359363
v -0.248865 -0.448090 -2.179448
v -0.248865 -0.448090 -2.289810
v 2.445449 -0.448090 -2.075185
v 2.437941 -0.448090 -2.088770
v 2.443247 -0.448090 -2.082566
v 2.164858 -0.448090 -2.284431
v 2.145898 -0.448090 -2.289810
v 2.156199 -0.448090 -2.288232
v 2.283910 -0.448090 -1.981312
v 2.291418 -0.448090 -1.967728
v 2.289216 -0.448090 -1.975103
v 1.995920 -0.448090 -2.179448
v 2.014881 -0.448090 -2.174069
v 2.006214 -0.448090 -2.177871
v 2.436486 -0.692153 -0.359363
v 2.445449 -0.681330 -0.359363
v 2.442819 -0.688986 -0.359363
v 2.291418 -0.681330 -0.359363
v 2.300380 -0.692153 -0.359363
v 2.294039 -0.688986 -0.359363
v -0.248865 -0.692153 -2.185870
v -0.248865 -0.681331 -2.179448
v -0.248865 -0.688987 -2.181327
v -0.248865 -0.681331 -2.289810
v -0.248865 -0.692153 -2.283388
v -0.248865 -0.688987 -2.287925
v 2.445449 -0.681331 -2.075163
v 2.436556 -0.692153 -2.068958
v 2.442842 -0.688987 -2.073345
v 2.429243 -0.692153 -2.082705
v 2.437941 -0.681331 -2.088770
v 2.435389 -0.688987 -2.086991
v 2.443247 -0.681331 -2.082560
v 2.434479 -0.692153 -2.076439
v 2.440680 -0.688987 -2.080765
v 2.164858 -0.681331 -2.284430
v 2.156394 -0.692153 -2.278198
v 2.162376 -0.688987 -2.282602
v 2.137208 -0.692153 -2.283438
v 2.145867 -0.681331 -2.289810
v 2.143331 -0.688987 -2.287942
v 2.156191 -0.681331 -2.288232
v 2.147649 -0.692153 -2.281950
v 2.153686 -0.688987 -2.286392
v 2.283910 -0.681331 -1.981312
v 2.292608 -0.692153 -1.987383
v 2.286454 -0.688987 -1.983090
v 2.300303 -0.692153 -1.973904
v 2.291418 -0.681331 -1.967705
v 2.294016 -0.688987 -1.969517
v 2.289216 -0.681331 -1.975097
v 2.297984 -0.692153 -1.981218
v 2.291783 -0.688987 -1.976892
v 1.995889 -0.681331 -2.179448
v 2.004541 -0.692153 -2.185814
v 1.998418 -0.688987 -2.181310
v 2.023353 -0.692153 -2.180301
v 2.014881 -0.681331 -2.174069
v 2.017362 -0.688987 -2.175892
v 2.014740 -0.692153 -2.184153
v 2.006206 -0.681331 -2.177871
v 2.008711 -0.688987 -2.179710
vn 0.0685 -0.1283 -0.9894
vn 0.0752 -0.0000 -0.9972
vn -0.0000 -0.0000 -1.0000
vn -0.0000 -0.1180 -0.9930
vn -0.9865 -0.1637 -0.0000
vn -0.9723 -0.1762 0.1538
vn -0.9893 -0.0000 0.1458
vn -1.0000 -0.0000 -0.0000
vn -0.2336 -0.9721 0.0187
vn 0.1921 -0.9805 -0.0402
vn 0.1508 -0.9841 -0.0942
vn -0.1996 -0.9754 0.0939
vn -0.1146 -0.9714 0.2079
vn 0.1019 -0.9789 -0.1772
vn 0.0669 -0.9757 -0.2087
vn -0.0662 -0.9594 0.2740
vn -0.6727 -0.0000 0.7399
vn -0.6605 -0.1826 0.7283
vn -0.4854 -0.1698 0.8576
vn -0.4917 -0.0000 0.8708
vn 0.9755 -0.1765 -0.1316
vn 0.9894 -0.0000 -0.1454
vn 0.8736 -0.0000 -0.4867
vn 0.8617 -0.1948 -0.4685
vn -0.0131 -0.9480 0.3180
vn 0.0283 -0.9643 -0.2632
vn -0.0000 -0.9495 -0.3137
vn -0.0000 -0.9495 0.3139
vn -0.0000 -0.1183 0.9930
vn -0.0000 -0.0000 1.0000
vn -0.0754 -0.0000 0.9972
vn -0.0803 -0.1283 0.9885
vn -0.1496 -0.9756 0.1606
vn 0.1270 -0.9816 -0.1424
vn 0.6728 -0.0000 -0.7398
vn 0.6618 -0.1884 -0.7257
vn 0.2656 -0.1541 -0.9517
vn 0.2750 -0.0000 -0.9614
vn 0.4916 -0.0000 -0.8708
vn 0.4830 -0.1750 -0.8580
vn -0.8538 -0.1880 0.4855
vn -0.8737 -0.0000 0.4865
vn -0.2770 -0.1497 0.9491
vn -0.2751 -0.0000 0.9614
vn 0.9865 -0.1636 -0.0000
vn 1.0000 -0.0000 -0.0000
vn -0.5039 -0.6645 0.5518
vn -0.6465 -0.6770 0.3518
vn -0.7372 -0.6676 0.1039
vn -0.0606 -0.5433 0.8373
vn -0.2180 -0.5853 0.7809
vn -0.3781 -0.6361 0.6726
vn 0.7180 -0.6883 -0.1037
vn 0.6085 -0.7175 -0.3392
vn 0.4829 -0.6953 -0.5324
vn 0.2136 -0.6304 -0.7463
vn 0.0610 -0.5651 -0.8228
vn 0.3665 -0.6680 -0.6476
vn -0.2305 -0.9731 -0.0000
vn -0.7534 -0.6576 -0.0000
vn 0.7536 -0.6573 -0.0000
vn 0.2303 -0.9731 -0.0000
vn -0.0000 -0.5302 0.8479
vn -0.0000 -0.5300 -0.8480
vn -0.0686 -0.1281 -0.9894
vn -0.0752 -0.0000 -0.9972
vn 0.9865 -0.1637 -0.0000
vn 0.9893 -0.0000 0.1458
vn 0.9723 -0.1762 0.1538
vn 0.2336 -0.9721 0.0187
vn 0.1999 -0.9753 0.0941
vn -0.1508 -0.9841 -0.0942
vn -0.1918 -0.9806 -0.0402
vn 0.1146 -0.9714 0.2079
vn 0.0664 -0.9593 0.2746
vn -0.0669 -0.9757 -0.2087
vn -0.1020 -0.9788 -0.1774
vn 0.6727 -0.0000 0.7399
vn 0.4917 -0.0000 0.8708
vn 0.4854 -0.1698 0.8576
vn 0.6605 -0.1826 0.7283
vn -0.9755 -0.1762 -0.1318
vn -0.8617 -0.1948 -0.4685
vn -0.8736 -0.0000 -0.4867
vn -0.9894 -0.0000 -0.1454
vn 0.0131 -0.9479 0.3184
vn -0.0283 -0.9643 -0.2632
vn 0.0803 -0.1283 0.9885
vn 0.0754 -0.0000 0.9972
vn -0.1273 -0.9815 -0.1427
vn 0.1496 -0.9756 0.1606
vn -0.6618 -0.1884 -0.7257
vn -0.6728 -0.0000 -0.7398
vn -0.2750 -0.0000 -0.9614
vn -0.2656 -0.1541 -0.9517
vn -0.4830 -0.1750 -0.8580
vn -0.4916 -0.0000 -0.8708
vn 0.8538 -0.1880 0.4855
vn 0.8735 -0.0000 0.4869
vn 0.2770 -0.1497 0.9491
vn 0.2751 -0.0000 0.9614
vn -0.9865 -0.1636 -0.0000
vn 0.6465 -0.6770 0.3518
vn 0.5036 -0.6649 0.5516
vn 0.7372 -0.6676 0.1039
vn 0.2181 -0.5857 0.7806
vn 0.0606 -0.5429 0.8376
vn 0.3781 -0.6361 0.6726
vn -0.6085 -0.7175 -0.3392
vn -0.7180 -0.6883 -0.1037
vn -0.4829 -0.6953 -0.5324
vn -0.0610 -0.5651 -0.8228
vn -0.2136 -0.6305 -0.7463
vn -0.3665 -0.6680 -0.6476
vn 0.2305 -0.9731 -0.0000
vn 0.7534 -0.6576 -0.0000
vn -0.7536 -0.6573 -0.0000
vn -0.2303 -0.9731 -0.0000
vn 0.0686 -0.1281 0.9894
vn -0.0000 -0.1180 0.9930
vn 0.0752 -0.0000 0.9972
vn -0.9893 -0.0000 -0.1458
vn -0.9723 -0.1762 -0.1538
vn -0.2336 -0.9721 -0.0187
vn -0.1999 -0.9753 -0.0941
vn 0.1508 -0.9841 0.0942
vn 0.1918 -0.9806 0.0402
vn -0.1146 -0.9714 -0.2079
vn -0.0664 -0.9593 -0.2746
vn 0.0669 -0.9757 0.2087
vn 0.1020 -0.9788 0.1774
vn -0.6727 -0.0000 -0.7399
vn -0.4917 -0.0000 -0.8708
vn -0.4854 -0.1698 -0.8576
vn -0.6605 -0.1826 -0.7283
vn 0.9755 -0.1762 0.1318
vn 0.8617 -0.1948 0.4685
vn 0.8736 -0.0000 0.4867
vn 0.9894 -0.0000 0.1454
vn -0.0131 -0.9479 -0.3184
vn -0.0000 -0.9495 -0.3138
vn -0.0000 -0.9495 0.3137
vn 0.0283 -0.9643 0.2632
vn -0.0000 -0.1183 -0.9930
vn -0.0803 -0.1283 -0.9885
vn -0.0754 -0.0000 -0.9972
vn 0.1273 -0.9815 0.1427
vn -0.1496 -0.9756 -0.1606
vn 0.6618 -0.1884 0.7257
vn 0.6728 -0.0000 0.7398
vn 0.2750 -0.0000 0.9614
vn 0.2656 -0.1541 0.9517
vn 0.4830 -0.1750 0.8580
vn 0.4916 -0.0000 0.8708
vn -0.8538 -0.1880 -0.4855
vn -0.8735 -0.0000 -0.4869
vn -0.2770 -0.1498 -0.9491
vn -0.2751 -0.0000 -0.9614
vn -0.6465 -0.6770 -0.3518
vn -0.5036 -0.6649 -0.5516
vn -0.7372 -0.6676 -0.1039
vn -0.2181 -0.5857 -0.7806
vn -0.0606 -0.5429 -0.8376
vn -0.3781 -0.6361 -0.6726
vn 0.6085 -0.7175 0.3392
vn 0.7180 -0.6883 0.1037
vn 0.4829 -0.6953 0.5324
vn 0.0610 -0.5651 0.8228
vn 0.2136 -0.6304 0.7463
vn 0.3665 -0.6680 0.6476
vn -0.0000 -0.5300 0.8480
vn -0.0685 -0.1283 0.9894
vn -0.0752 -0.0000 0.9972
vn 0.9723 -0.1762 -0.1538
vn 0.9893 -0.0000 -0.1458
vn 0.2336 -0.9721 -0.0187
vn -0.1921 -0.9805 0.0402
vn -0.1508 -0.9841 0.0942
vn 0.1996 -0.9754 -0.0939
vn 0.1146 -0.9714 -0.2079
vn -0.1019 -0.9789 0.1772
vn -0.0669 -0.9757 0.2087
vn 0.0662 -0.9594 -0.2740
vn 0.6727 -0.0000 -0.7399
vn 0.6605 -0.1826 -0.7283
vn 0.4854 -0.1698 -0.8576
vn 0.4917 -0.0000 -0.8708
vn -0.9755 -0.1765 0.1316
vn -0.9894 -0.0000 0.1454
vn -0.8736 -0.0000 0.4867
vn -0.8617 -0.1948 0.4685
vn 0.0131 -0.9480 -0.3180
vn -0.0283 -0.9643 0.2632
vn 0.0754 -0.0000 -0.9972
vn 0.0803 -0.1283 -0.9885
vn 0.1496 -0.9756 -0.1606
vn -0.1270 -0.9816 0.1424
vn -0.6728 -0.0000 0.7398
vn -0.6618 -0.1884 0.7257
vn -0.2656 -0.1541 0.9517
vn -0.2750 -0.0000 0.9614
vn -0.4916 -0.0000 0.8708
vn -0.4830 -0.1750 0.8580
vn 0.8538 -0.1880 -0.4855
vn 0.8735 -0.0000 -0.4869
vn 0.2770 -0.1497 -0.9491
vn 0.2751 -0.0000 -0.9614
vn 0.5039 -0.6645 -0.5518
vn 0.6465 -0.6770 -0.3518
vn 0.7372 -0.6676 -0.1039
vn 0.0606 -0.5433 -0.8373
vn 0.2180 -0.5853 -0.7809
vn 0.3781 -0.6361 -0.6726
vn -0.7180 -0.6883 0.1037
vn -0.6085 -0.7175 0.3392
vn -0.4829 -0.6953 0.5324
vn -0.2136 -0.6304 0.7463
vn -0.0610 -0.5651 0.8228
vn -0.3665 -0.6680 0.6476
vt 0.623595 0.472872
vt 0.643704 0.473849
vt 0.635697 0.627918
vt 0.619800 0.627214
vt 0.781341 0.626723
vt 0.777128 0.795734
vt 0.758382 0.800276
vt 0.764340 0.626270
vt 0.778777 0.794951
vt 0.791772 0.785344
vt 0.791875 0.786331
vt 0.778725 0.795996
vt 0.791227 0.826118
vt 0.806127 0.819742
vt 0.806610 0.820460
vt 0.791723 0.826835
vt 0.758788 0.801986
vt 0.777576 0.797497
vt 0.789866 0.826674
vt 0.770867 0.835000
vt 0.793559 0.784532
vt 0.813705 0.780924
vt 0.813877 0.781812
vt 0.793546 0.785607
vt 0.610025 0.456258
vt 0.621360 0.471723
vt 0.614465 0.626993
vt 0.605098 0.626611
vt 0.599116 0.626370
vt 0.582151 0.625834
vt 0.586922 0.453489
vt 0.607722 0.454928
vt 0.778974 0.796873
vt 0.792198 0.787217
vt 0.814044 0.782673
vt 0.793727 0.786551
vt 0.610190 0.454764
vt 0.621719 0.470498
vt 0.623643 0.471728
vt 0.643759 0.472941
vt 0.825122 0.811250
vt 0.807580 0.819128
vt 0.825461 0.812001
vt 0.807982 0.819898
vt 0.777331 0.796670
vt 0.758588 0.801149
vt 0.790283 0.827463
vt 0.771237 0.835843
vt 0.586977 0.452546
vt 0.607857 0.453755
vt 0.802076 0.627488
vt 0.818023 0.628126
vt 0.778252 0.797228
vt 0.778017 0.796404
vt 0.777961 0.795464
vt 0.608904 0.455410
vt 0.609032 0.453956
vt 0.790972 0.827139
vt 0.790514 0.826397
vt 0.792619 0.784726
vt 0.792685 0.785858
vt 0.792971 0.786834
vt 0.622623 0.471251
vt 0.622415 0.472625
vt 0.806888 0.819430
vt 0.807336 0.820188
vt 0.787337 0.626941
vt 0.784369 0.626830
vt 0.799395 0.627385
vt 0.796728 0.627286
vt 0.602137 0.626489
vt 0.617125 0.627102
vt 0.610829 0.783877
vt 0.630802 0.780163
vt 0.871510 0.626723
vt 0.854509 0.626270
vt 0.858580 0.453491
vt 0.879435 0.454848
vt 0.881750 0.456172
vt 0.881909 0.454674
vt 0.893529 0.470396
vt 0.893174 0.471626
vt 0.596240 0.796232
vt 0.595989 0.795341
vt 0.609133 0.785677
vt 0.609449 0.786573
vt 0.587621 0.834489
vt 0.575730 0.801481
vt 0.594813 0.796853
vt 0.606514 0.826728
vt 0.895419 0.472768
vt 0.895463 0.471622
vt 0.915630 0.472755
vt 0.915579 0.473665
vt 0.596046 0.794285
vt 0.609033 0.784687
vt 0.594368 0.795066
vt 0.575315 0.799743
vt 0.623418 0.819976
vt 0.607898 0.826202
vt 0.608382 0.826944
vt 0.623901 0.820724
vt 0.625327 0.820163
vt 0.624913 0.819359
vt 0.643401 0.811026
vt 0.643759 0.811817
vt 0.630978 0.781042
vt 0.610817 0.784951
vt 0.611006 0.785896
vt 0.631149 0.781896
vt 0.879566 0.453672
vt 0.858631 0.452546
vt 0.606911 0.827526
vt 0.587965 0.835326
vt 0.594570 0.796016
vt 0.575526 0.800630
vt 0.908192 0.628126
vt 0.892245 0.627488
vt 0.607613 0.827224
vt 0.607175 0.826464
vt 0.880622 0.455327
vt 0.880745 0.453869
vt 0.595266 0.795752
vt 0.595217 0.794797
vt 0.595497 0.796589
vt 0.894438 0.471148
vt 0.894235 0.472526
vt 0.624198 0.819667
vt 0.624653 0.820455
vt 0.609886 0.784069
vt 0.609951 0.785204
vt 0.610242 0.786186
vt 0.877506 0.626941
vt 0.874538 0.626830
vt 0.889564 0.627385
vt 0.886897 0.627286
vt 0.702362 0.783877
vt 0.711333 0.627214
vt 0.727231 0.627918
vt 0.722336 0.780163
vt 0.768412 0.453491
vt 0.789267 0.454848
vt 0.791581 0.456172
vt 0.791740 0.454674
vt 0.803360 0.470396
vt 0.803005 0.471626
vt 0.687773 0.796232
vt 0.687522 0.795341
vt 0.700666 0.785677
vt 0.700983 0.786573
vt 0.679154 0.834489
vt 0.667264 0.801481
vt 0.686346 0.796853
vt 0.698047 0.826728
vt 0.805250 0.472768
vt 0.805294 0.471622
vt 0.825461 0.472755
vt 0.825410 0.473665
vt 0.687580 0.794285
vt 0.696632 0.626611
vt 0.705998 0.626993
vt 0.700567 0.784687
vt 0.690650 0.626370
vt 0.685901 0.795066
vt 0.666849 0.799743
vt 0.673685 0.625834
vt 0.714952 0.819976
vt 0.699431 0.826202
vt 0.699916 0.826944
vt 0.715434 0.820724
vt 0.716861 0.820163
vt 0.716447 0.819359
vt 0.734934 0.811026
vt 0.735292 0.811817
vt 0.722511 0.781042
vt 0.702351 0.784951
vt 0.702540 0.785897
vt 0.722683 0.781896
vt 0.789397 0.453672
vt 0.768462 0.452546
vt 0.698444 0.827526
vt 0.679499 0.835326
vt 0.686104 0.796016
vt 0.667060 0.800630
vt 0.699147 0.827224
vt 0.698709 0.826464
vt 0.790453 0.455327
vt 0.790576 0.453869
vt 0.686800 0.795752
vt 0.686751 0.794797
vt 0.687031 0.796589
vt 0.804269 0.471148
vt 0.804066 0.472526
vt 0.715731 0.819667
vt 0.716186 0.820455
vt 0.701420 0.784069
vt 0.701485 0.785204
vt 0.701775 0.786186
vt 0.693671 0.626489
vt 0.708659 0.627102
vt 0.715128 0.472872
vt 0.735237 0.473849
vt 0.867297 0.795734
vt 0.848551 0.800276
vt 0.868945 0.794951
vt 0.881941 0.785344
vt 0.882044 0.786331
vt 0.868894 0.795996
vt 0.881396 0.826118
vt 0.896295 0.819742
vt 0.896778 0.820460
vt 0.881891 0.826835
vt 0.848957 0.801986
vt 0.867745 0.797497
vt 0.880034 0.826674
vt 0.861036 0.835000
vt 0.883728 0.784532
vt 0.903874 0.780924
vt 0.904046 0.781812
vt 0.883715 0.785607
vt 0.701558 0.456258
vt 0.712893 0.471723
vt 0.678456 0.453489
vt 0.699255 0.454928
vt 0.869143 0.796873
vt 0.882367 0.787217
vt 0.904213 0.782673
vt 0.883896 0.786551
vt 0.701724 0.454764
vt 0.713253 0.470498
vt 0.715177 0.471728
vt 0.735292 0.472941
vt 0.915291 0.811250
vt 0.897748 0.819128
vt 0.915630 0.812001
vt 0.898151 0.819898
vt 0.867500 0.796670
vt 0.848757 0.801149
vt 0.880452 0.827463
vt 0.861406 0.835843
vt 0.678510 0.452546
vt 0.699390 0.453755
vt 0.868420 0.797228
vt 0.868185 0.796404
vt 0.868130 0.795463
vt 0.700437 0.455410
vt 0.700566 0.453956
vt 0.881141 0.827139
vt 0.880683 0.826397
vt 0.882788 0.784726
vt 0.882854 0.785858
vt 0.883140 0.786834
vt 0.714156 0.471251
vt 0.713948 0.472625
vt 0.897057 0.819430
vt 0.897505 0.820188
s 1
usemtl Material.1104
f 1305/1570/836 1275/1571/837 1314/1572/838 1329/1573/839
f 1385/1574/840 1278/1575/841 1266/1576/842 1370/1577/843
f 1279/1578/844 1299/1579/845 1303/1580/846 1285/1581/847
f 1288/1582/848 1308/1583/849 1311/1584/850 1294/1585/851
f 1267/1586/852 1282/1587/853 1287/1588/854 1269/1589/855
f 1300/1590/856 1273/1591/857 1274/1592/858 1302/1593/859
f 1290/1594/860 1306/1595/861 1328/1596/862 1332/1597/863
f 1331/1598/864 1315/1599/865 1270/1600/866 1291/1601/867
f 1288/1582/848 1281/1602/868 1297/1603/869 1308/1583/849
f 1285/1581/847 1303/1580/846 1297/1603/869 1281/1602/868
f 1302/1593/859 1274/1592/858 1272/1604/870 1296/1605/871
f 1294/1606/851 1311/1607/850 1306/1595/861 1290/1594/860
f 1275/1571/837 1305/1570/836 1312/1608/872 1277/1609/873
f 1272/1604/870 1276/1610/874 1309/1611/875 1296/1605/871
f 1277/1612/873 1312/1613/872 1309/1611/875 1276/1610/874
f 1284/1614/876 1268/1615/877 1266/1576/842 1278/1575/841
f 1282/1587/853 1267/1586/852 1268/1615/877 1284/1614/876
f 1293/1616/878 1271/1617/879 1269/1589/855 1287/1588/854
f 1291/1601/867 1270/1600/866 1271/1618/879 1293/1619/878
f 1300/1590/856 1387/1620/880 1371/1621/881 1273/1591/857
f 1285/1581/847 1281/1602/868 1283/1622/882 1286/1623/883
f 1286/1623/883 1283/1622/882 1282/1587/853 1284/1614/876
f 1279/1578/844 1285/1581/847 1286/1623/883 1280/1624/884
f 1280/1624/884 1286/1623/883 1284/1614/876 1278/1575/841
f 1294/1606/851 1290/1594/860 1292/1625/885 1295/1626/886
f 1295/1626/886 1292/1625/885 1291/1601/867 1293/1619/878
f 1288/1582/848 1294/1585/851 1295/1627/886 1289/1628/887
f 1289/1628/887 1295/1627/886 1293/1616/878 1287/1588/854
f 1303/1580/846 1299/1579/845 1301/1629/888 1304/1630/889
f 1304/1630/889 1301/1629/888 1300/1590/856 1302/1593/859
f 1297/1603/869 1303/1580/846 1304/1630/889 1298/1631/890
f 1298/1631/890 1304/1630/889 1302/1593/859 1296/1605/871
f 1306/1595/861 1311/1607/850 1313/1632/891 1307/1633/892
f 1307/1633/892 1313/1632/891 1312/1608/872 1305/1570/836
f 1311/1584/850 1308/1583/849 1310/1634/893 1313/1635/891
f 1313/1635/891 1310/1634/893 1309/1611/875 1312/1613/872
f 1384/1636/894 1279/1578/844 1280/1624/884 1386/1637/895
f 1386/1637/895 1280/1624/884 1278/1575/841 1385/1574/840
f 1281/1602/868 1288/1582/848 1289/1628/887 1283/1622/882
f 1283/1622/882 1289/1628/887 1287/1588/854 1282/1587/853
f 1387/1620/880 1300/1590/856 1301/1629/888 1389/1638/896
f 1389/1638/896 1301/1629/888 1299/1579/845 1388/1639/897
f 1296/1605/871 1309/1611/875 1310/1634/893 1298/1631/890
f 1298/1631/890 1310/1634/893 1308/1583/849 1297/1603/869
f 1290/1594/860 1332/1597/863 1333/1640/898 1292/1625/885
f 1292/1625/885 1333/1640/898 1331/1598/864 1291/1601/867
f 1305/1570/836 1329/1573/839 1330/1641/899 1307/1633/892
f 1307/1633/892 1330/1641/899 1328/1596/862 1306/1595/861
f 1299/1579/845 1279/1578/844 1384/1636/894 1388/1639/897
f 1361/1642/900 1329/1573/839 1314/1572/838 1325/1643/901
f 1443/1644/902 1426/1645/881 1316/1646/903 1334/1647/904
f 1335/1648/905 1341/1649/906 1359/1650/907 1355/1651/908
f 1344/1652/909 1350/1653/910 1367/1654/911 1364/1655/912
f 1317/1656/913 1319/1657/914 1343/1658/915 1338/1659/916
f 1356/1660/917 1358/1661/918 1324/1662/919 1323/1663/920
f 1346/1664/921 1332/1597/863 1328/1596/862 1362/1665/922
f 1331/1598/864 1347/1666/923 1320/1667/924 1315/1599/865
f 1344/1652/909 1364/1655/912 1353/1668/925 1337/1669/926
f 1341/1670/906 1337/1669/926 1353/1668/925 1359/1671/907
f 1358/1672/918 1352/1673/927 1322/1674/928 1324/1675/919
f 1350/1653/910 1346/1664/921 1362/1665/922 1367/1654/911
f 1325/1643/901 1327/1676/929 1368/1677/930 1361/1642/900
f 1322/1674/928 1352/1673/927 1365/1678/931 1326/1679/932
f 1327/1676/929 1326/1679/932 1365/1678/931 1368/1677/930
f 1340/1680/933 1334/1647/904 1316/1646/903 1318/1681/934
f 1338/1659/916 1340/1682/933 1318/1683/934 1317/1656/913
f 1349/1684/935 1343/1658/915 1319/1657/914 1321/1685/936
f 1347/1666/923 1349/1684/935 1321/1685/936 1320/1667/924
f 1356/1660/917 1323/1663/920 1427/1686/843 1445/1687/937
f 1341/1670/906 1342/1688/938 1339/1689/939 1337/1669/926
f 1342/1688/938 1340/1682/933 1338/1659/916 1339/1689/939
f 1335/1648/905 1336/1690/940 1342/1691/938 1341/1649/906
f 1336/1690/940 1334/1647/904 1340/1680/933 1342/1691/938
f 1350/1653/910 1351/1692/941 1348/1693/942 1346/1664/921
f 1351/1692/941 1349/1684/935 1347/1666/923 1348/1693/942
f 1344/1652/909 1345/1694/943 1351/1692/941 1350/1653/910
f 1345/1694/943 1343/1658/915 1349/1684/935 1351/1692/941
f 1359/1650/907 1360/1695/944 1357/1696/945 1355/1651/908
f 1360/1695/944 1358/1661/918 1356/1660/917 1357/1696/945
f 1353/1668/925 1354/1697/946 1360/1698/944 1359/1671/907
f 1354/1697/946 1352/1673/927 1358/1672/918 1360/1698/944
f 1362/1665/922 1363/1699/947 1369/1700/948 1367/1654/911
f 1363/1699/947 1361/1642/900 1368/1677/930 1369/1700/948
f 1367/1654/911 1369/1700/948 1366/1701/949 1364/1655/912
f 1369/1700/948 1368/1677/930 1365/1678/931 1366/1701/949
f 1442/1702/950 1444/1703/951 1336/1690/940 1335/1648/905
f 1444/1703/951 1443/1644/902 1334/1647/904 1336/1690/940
f 1337/1669/926 1339/1689/939 1345/1694/943 1344/1652/909
f 1339/1689/939 1338/1659/916 1343/1658/915 1345/1694/943
f 1445/1687/937 1447/1704/952 1357/1696/945 1356/1660/917
f 1447/1704/952 1446/1705/953 1355/1651/908 1357/1696/945
f 1352/1673/927 1354/1697/946 1366/1701/949 1365/1678/931
f 1354/1697/946 1353/1668/925 1364/1655/912 1366/1701/949
f 1346/1664/921 1348/1693/942 1333/1640/898 1332/1597/863
f 1348/1693/942 1347/1666/923 1331/1598/864 1333/1640/898
f 1361/1642/900 1363/1699/947 1330/1641/899 1329/1573/839
f 1363/1699/947 1362/1665/922 1328/1596/862 1330/1641/899
f 1355/1651/908 1446/1705/953 1442/1702/950 1335/1648/905
f 1417/1706/954 1449/1707/955 1428/1708/865 1381/1709/956
f 1385/1574/840 1370/1577/843 1372/1710/957 1390/1711/958
f 1391/1712/959 1397/1713/960 1415/1714/961 1411/1715/962
f 1400/1716/963 1406/1717/964 1423/1718/965 1420/1719/966
f 1373/1720/967 1375/1721/968 1399/1722/969 1394/1723/970
f 1412/1724/971 1414/1725/972 1380/1726/973 1379/1727/974
f 1402/1728/975 1452/1729/976 1448/1730/977 1418/1731/978
f 1451/1732/979 1403/1733/980 1376/1734/981 1429/1735/838
f 1400/1716/963 1420/1719/966 1409/1736/982 1393/1737/983
f 1397/1738/960 1393/1737/983 1409/1736/982 1415/1739/961
f 1414/1740/972 1408/1741/984 1378/1742/985 1380/1743/973
f 1406/1717/964 1402/1728/975 1418/1731/978 1423/1718/965
f 1381/1709/956 1383/1744/986 1424/1745/987 1417/1706/954
f 1378/1742/985 1408/1741/984 1421/1746/988 1382/1747/989
f 1383/1744/986 1382/1747/989 1421/1746/988 1424/1745/987
f 1396/1748/990 1390/1711/958 1372/1710/957 1374/1749/991
f 1394/1723/970 1396/1750/990 1374/1751/991 1373/1720/967
f 1405/1752/992 1399/1722/969 1375/1721/968 1377/1753/993
f 1403/1733/980 1405/1752/992 1377/1753/993 1376/1734/981
f 1412/1724/971 1379/1727/974 1371/1621/881 1387/1620/880
f 1397/1738/960 1398/1754/994 1395/1755/995 1393/1737/983
f 1398/1754/994 1396/1750/990 1394/1723/970 1395/1755/995
f 1391/1712/959 1392/1756/996 1398/1757/994 1397/1713/960
f 1392/1756/996 1390/1711/958 1396/1748/990 1398/1757/994
f 1406/1717/964 1407/1758/997 1404/1759/998 1402/1728/975
f 1407/1758/997 1405/1752/992 1403/1733/980 1404/1759/998
f 1400/1716/963 1401/1760/999 1407/1758/997 1406/1717/964
f 1401/1760/999 1399/1722/969 1405/1752/992 1407/1758/997
f 1415/1714/961 1416/1761/1000 1413/1762/1001 1411/1715/962
f 1416/1761/1000 1414/1725/972 1412/1724/971 1413/1762/1001
f 1409/1736/982 1410/1763/1002 1416/1764/1000 1415/1739/961
f 1410/1763/1002 1408/1741/984 1414/1740/972 1416/1764/1000
f 1418/1731/978 1419/1765/1003 1425/1766/1004 1423/1718/965
f 1419/1765/1003 1417/1706/954 1424/1745/987 1425/1766/1004
f 1423/1718/965 1425/1766/1004 1422/1767/1005 1420/1719/966
f 1425/1766/1004 1424/1745/987 1421/1746/988 1422/1767/1005
f 1384/1636/894 1386/1637/895 1392/1756/996 1391/1712/959
f 1386/1637/895 1385/1574/840 1390/1711/958 1392/1756/996
f 1393/1737/983 1395/1755/995 1401/1760/999 1400/1716/963
f 1395/1755/995 1394/1723/970 1399/1722/969 1401/1760/999
f 1387/1620/880 1389/1638/896 1413/1762/1001 1412/1724/971
f 1389/1638/896 1388/1639/897 1411/1715/962 1413/1762/1001
f 1408/1741/984 1410/1763/1002 1422/1767/1005 1421/1746/988
f 1410/1763/1002 1409/1736/982 1420/1719/966 1422/1767/1005
f 1402/1728/975 1404/1759/998 1453/1768/899 1452/1729/976
f 1404/1759/998 1403/1733/980 1451/1732/979 1453/1768/899
f 1417/1706/954 1419/1765/1003 1450/1769/1006 1449/1707/955
f 1419/1765/1003 1418/1731/978 1448/1730/977 1450/1769/1006
f 1411/1715/962 1388/1639/897 1384/1636/894 1391/1712/959
f 1481/1770/1007 1439/1771/1008 1428/1708/865 1449/1707/955
f 1443/1644/902 1454/1772/1009 1430/1773/1010 1426/1645/881
f 1455/1774/1011 1475/1775/1012 1479/1776/1013 1461/1777/1014
f 1464/1778/1015 1484/1779/1016 1487/1780/1017 1470/1781/1018
f 1431/1782/1019 1458/1783/1020 1463/1784/1021 1433/1785/1022
f 1476/1786/1023 1437/1787/1024 1438/1788/1025 1478/1789/1026
f 1466/1790/1027 1482/1791/1028 1448/1730/977 1452/1729/976
f 1451/1732/979 1429/1735/838 1434/1792/1029 1467/1793/1030
f 1464/1778/1015 1457/1794/1031 1473/1795/1032 1484/1779/1016
f 1461/1777/1014 1479/1776/1013 1473/1795/1032 1457/1794/1031
f 1478/1789/1026 1438/1788/1025 1436/1796/1033 1472/1797/1034
f 1470/1798/1018 1487/1799/1017 1482/1791/1028 1466/1790/1027
f 1439/1771/1008 1481/1770/1007 1488/1800/1035 1441/1801/1036
f 1436/1796/1033 1440/1802/1037 1485/1803/1038 1472/1797/1034
f 1441/1804/1036 1488/1805/1035 1485/1803/1038 1440/1802/1037
f 1460/1806/1039 1432/1807/1040 1430/1773/1010 1454/1772/1009
f 1458/1783/1020 1431/1782/1019 1432/1807/1040 1460/1806/1039
f 1469/1808/1041 1435/1809/1042 1433/1785/1022 1463/1784/1021
f 1467/1793/1030 1434/1792/1029 1435/1810/1042 1469/1811/1041
f 1476/1786/1023 1445/1687/937 1427/1686/843 1437/1787/1024
f 1461/1777/1014 1457/1794/1031 1459/1812/1043 1462/1813/1044
f 1462/1813/1044 1459/1812/1043 1458/1783/1020 1460/1806/1039
f 1455/1774/1011 1461/1777/1014 1462/1813/1044 1456/1814/1045
f 1456/1814/1045 1462/1813/1044 1460/1806/1039 1454/1772/1009
f 1470/1798/1018 1466/1790/1027 1468/1815/1046 1471/1816/1047
f 1471/1816/1047 1468/1815/1046 1467/1793/1030 1469/1811/1041
f 1464/1778/1015 1470/1781/1018 1471/1817/1047 1465/1818/1048
f 1465/1818/1048 1471/1817/1047 1469/1808/1041 1463/1784/1021
f 1479/1776/1013 1475/1775/1012 1477/1819/1049 1480/1820/1050
f 1480/1820/1050 1477/1819/1049 1476/1786/1023 1478/1789/1026
f 1473/1795/1032 1479/1776/1013 1480/1820/1050 1474/1821/1051
f 1474/1821/1051 1480/1820/1050 1478/1789/1026 1472/1797/1034
f 1482/1791/1028 1487/1799/1017 1489/1822/1052 1483/1823/1053
f 1483/1823/1053 1489/1822/1052 1488/1800/1035 1481/1770/1007
f 1487/1780/1017 1484/1779/1016 1486/1824/1054 1489/1825/1052
f 1489/1825/1052 1486/1824/1054 1485/1803/1038 1488/1805/1035
f 1442/1702/950 1455/1774/1011 1456/1814/1045 1444/1703/951
f 1444/1703/951 1456/1814/1045 1454/1772/1009 1443/1644/902
f 1457/1794/1031 1464/1778/1015 1465/1818/1048 1459/1812/1043
f 1459/1812/1043 1465/1818/1048 1463/1784/1021 1458/1783/1020
f 1445/1687/937 1476/1786/1023 1477/1819/1049 1447/1704/952
f 1447/1704/952 1477/1819/1049 1475/1775/1012 1446/1705/953
f 1472/1797/1034 1485/1803/1038 1486/1824/1054 1474/1821/1051
f 1474/1821/1051 1486/1824/1054 1484/1779/1016 1473/1795/1032
f 1466/1790/1027 1452/1729/976 1453/1768/899 1468/1815/1046
f 1468/1815/1046 1453/1768/899 1451/1732/979 1467/1793/1030
f 1481/1770/1007 1449/1707/955 1450/1769/1006 1483/1823/1053
f 1483/1823/1053 1450/1769/1006 1448/1730/977 1482/1791/1028
f 1475/1775/1012 1455/1774/1011 1442/1702/950 1446/1705/953
o Plane.002
v -8.325727 -3.077475 8.194759
v 9.009081 -3.077475 8.134019
v -8.386468 -3.077476 -9.140051
v 8.948339 -3.077477 -9.200790
vn -0.0000 1.0000 -0.0000
vt 0.000000 0.000000
vt 1.000000 0.000000
vt 1.000000 1.000000
vt 0.000000 1.000000
s 1
usemtl Material.1107
f 1490/1826/1055 1491/1827/1055 1493/1828/1055 1492/1829/1055
